2025-04-23 13:04:50 [main] INFO  %alogger - Connecting to broker...
2025-04-23 13:04:50 [main] INFO  %alogger - Connected to broker!
2025-04-23 13:04:50 [main] INFO  %alogger - Subscribed to topic: data/#
2025-04-23 13:04:50 [main] INFO  %alogger - Connected to broker and subscribed to topic: data/#
2025-04-23 13:04:50 [MQTT Call: JavaClientExample] INFO  %alogger - Topic: data/s/nhnacademy/b/gyeongnam_campus/p/campus/d/gem3500_1/n/강의실a_바닥1/e/power_meter
Message Data:
time: 1745381090818
type: 1
leakageCurrent: 0
current: 282
activePower: 431
reactivePower: -331
tapparentPower: 585
powerFactor: 73.77
currentUnbalance: 0
lines: 

2025-04-23 13:04:50 [MQTT Call: JavaClientExample] WARN  %alogger - No 'value' field found in message, skipping InfluxDB write.
2025-04-23 13:04:51 [MQTT Call: JavaClientExample] INFO  %alogger - Topic: data/s/nhnacademy/b/gyeongnam_campus/p/campus/d/gem3500_1/n/강의실a_바닥2/e/power_meter
Message Data:
time: 1745381090919
type: 2
leakageCurrent: 0
current: 172
activePower: 299
reactivePower: -172
tapparentPower: 369
powerFactor: 81.16
currentUnbalance: 0
lines: 

2025-04-23 13:04:51 [MQTT Call: JavaClientExample] WARN  %alogger - No 'value' field found in message, skipping InfluxDB write.
2025-04-23 13:04:51 [MQTT Call: JavaClientExample] INFO  %alogger - Topic: data/s/nhnacademy/b/gyeongnam_campus/p/pair_room/d/24e124617d159573/n/2/e/distance
Message Data:
time: 1745381090717
value: 2237

2025-04-23 13:04:51 [MQTT Call: JavaClientExample] INFO  %alogger - Extracted tagkey -> location: pair_room, kind: 2, data: distance
Value into InfluxDB: 2237.0
2025-04-23 13:04:51 [MQTT Call: JavaClientExample] INFO  %alogger - Data sent to InfluxDBService: data/s/nhnacademy/b/gyeongnam_campus/p/pair_room/d/24e124617d159573/n/2/e/distance -> 2237.0
2025-04-23 13:04:51 [MQTT Call: JavaClientExample] INFO  %alogger - Topic: data/s/nhnacademy/b/gyeongnam_campus/p/pair_room/d/24e124617d159573/n/2/e/occupancy
Message Data:
time: 1745381090717
value: 0

2025-04-23 13:04:51 [MQTT Call: JavaClientExample] INFO  %alogger - Extracted tagkey -> location: pair_room, kind: 2, data: occupancy
Value into InfluxDB: 0.0
2025-04-23 13:04:51 [MQTT Call: JavaClientExample] INFO  %alogger - Data sent to InfluxDBService: data/s/nhnacademy/b/gyeongnam_campus/p/pair_room/d/24e124617d159573/n/2/e/occupancy -> 0.0
2025-04-23 13:04:51 [MQTT Call: JavaClientExample] INFO  %alogger - Topic: data/s/nhnacademy/b/gyeongnam_campus/p/pair_room/d/24e124617d159573/n/2/g/24e124fffef79304/e/lora
Message Data:
time: 1745381090717
value: 

2025-04-23 13:04:51 [MQTT Call: JavaClientExample] INFO  %alogger - Extracted tagkey -> location: pair_room, kind: 2, data: lora
Value into InfluxDB: 0.0
2025-04-23 13:04:51 [MQTT Call: JavaClientExample] INFO  %alogger - Data sent to InfluxDBService: data/s/nhnacademy/b/gyeongnam_campus/p/pair_room/d/24e124617d159573/n/2/g/24e124fffef79304/e/lora -> 0.0
2025-04-23 13:04:51 [MQTT Call: JavaClientExample] INFO  %alogger - Topic: data/s/nhnacademy/b/gyeongnam_campus/p/pair_room/d/24e124617d159573/n/2/g/24e124fffef5dccc/e/lora
Message Data:
time: 1745381090717
value: 

2025-04-23 13:04:51 [MQTT Call: JavaClientExample] INFO  %alogger - Extracted tagkey -> location: pair_room, kind: 2, data: lora
Value into InfluxDB: 0.0
2025-04-23 13:04:51 [MQTT Call: JavaClientExample] INFO  %alogger - Data sent to InfluxDBService: data/s/nhnacademy/b/gyeongnam_campus/p/pair_room/d/24e124617d159573/n/2/g/24e124fffef5dccc/e/lora -> 0.0
2025-04-23 13:04:51 [MQTT Call: JavaClientExample] INFO  %alogger - Topic: data/s/nhnacademy/b/gyeongnam_campus/p/campus/d/gem3500_1/n/프로젝터1/e/power_meter
Message Data:
time: 1745381091027
type: 3
leakageCurrent: 0
current: 101
activePower: 131
reactivePower: -151
tapparentPower: 218
powerFactor: 60.43
currentUnbalance: 0
lines: 

2025-04-23 13:04:51 [MQTT Call: JavaClientExample] WARN  %alogger - No 'value' field found in message, skipping InfluxDB write.
2025-04-23 13:04:51 [MQTT Call: JavaClientExample] INFO  %alogger - Topic: data/s/nhnacademy/b/gyeongnam_campus/p/campus/d/gem3500_1/n/프로젝터2/e/power_meter
Message Data:
time: 1745381091122
type: 1
leakageCurrent: 0
current: 43
activePower: 50
reactivePower: -67
tapparentPower: 91
powerFactor: 55.26
currentUnbalance: 0
lines: 

2025-04-23 13:04:51 [MQTT Call: JavaClientExample] WARN  %alogger - No 'value' field found in message, skipping InfluxDB write.
2025-04-23 13:04:51 [MQTT Call: JavaClientExample] INFO  %alogger - Topic: data/s/nhnacademy/b/gyeongnam_campus/p/campus/d/gem3500_1/n/회의실/e/power_meter
Message Data:
time: 1745381091222
type: 2
leakageCurrent: 0
current: 13
activePower: 4
reactivePower: -28
tapparentPower: 31
powerFactor: 15.38
currentUnbalance: 0
lines: 

2025-04-23 13:04:51 [MQTT Call: JavaClientExample] WARN  %alogger - No 'value' field found in message, skipping InfluxDB write.
2025-04-23 13:04:51 [MQTT Call: JavaClientExample] INFO  %alogger - Topic: data/s/nhnacademy/b/gyeongnam_campus/p/campus/d/gem3500_1/n/서버실/e/power_meter
Message Data:
time: 1745381091325
type: 3
leakageCurrent: 0
current: 201
activePower: 390
reactivePower: -107
tapparentPower: 438
powerFactor: 89.07
currentUnbalance: 0
lines: 

2025-04-23 13:04:51 [MQTT Call: JavaClientExample] WARN  %alogger - No 'value' field found in message, skipping InfluxDB write.
2025-04-23 13:04:51 [MQTT Call: JavaClientExample] INFO  %alogger - Topic: data/s/nhnacademy/b/gyeongnam_campus/p/campus/d/gem3500_1/n/간판/e/power_meter
Message Data:
time: 1745381091424
type: 1
leakageCurrent: 0
current: 0
activePower: 0
reactivePower: 0
tapparentPower: 0
powerFactor: 0
currentUnbalance: 0
lines: 

2025-04-23 13:04:51 [MQTT Call: JavaClientExample] WARN  %alogger - No 'value' field found in message, skipping InfluxDB write.
2025-04-23 13:04:51 [MQTT Call: JavaClientExample] INFO  %alogger - Topic: data/s/nhnacademy/b/gyeongnam_campus/p/campus/d/gem3500_1/n/페어룸/e/power_meter
Message Data:
time: 1745381091526
type: 2
leakageCurrent: 0
current: 0
activePower: 0
reactivePower: 0
tapparentPower: 0
powerFactor: 0
currentUnbalance: 0
lines: 

2025-04-23 13:04:51 [MQTT Call: JavaClientExample] WARN  %alogger - No 'value' field found in message, skipping InfluxDB write.
2025-04-23 13:04:51 [MQTT Call: JavaClientExample] INFO  %alogger - Topic: data/s/nhnacademy/b/gyeongnam_campus/p/campus/d/gem3500_1/n/사무실_전열1/e/power_meter
Message Data:
time: 1745381091630
type: 3
leakageCurrent: 0
current: 85
activePower: 103
reactivePower: -55
tapparentPower: 184
powerFactor: 55.84
currentUnbalance: 0
lines: 

2025-04-23 13:04:51 [MQTT Call: JavaClientExample] WARN  %alogger - No 'value' field found in message, skipping InfluxDB write.
2025-04-23 13:04:51 [MQTT Call: JavaClientExample] INFO  %alogger - Topic: data/s/nhnacademy/b/gyeongnam_campus/p/campus/d/gem3500_1/n/사무실_전열2/e/power_meter
Message Data:
time: 1745381091729
type: 3
leakageCurrent: 0
current: 80
activePower: 79
reactivePower: -57
tapparentPower: 175
powerFactor: 45.2
currentUnbalance: 0
lines: 

2025-04-23 13:04:51 [MQTT Call: JavaClientExample] WARN  %alogger - No 'value' field found in message, skipping InfluxDB write.
2025-04-23 13:04:51 [MQTT Call: JavaClientExample] INFO  %alogger - Topic: data/s/nhnacademy/b/gyeongnam_campus/p/campus/d/gem3500_1/n/사무실_복사기/e/power_meter
Message Data:
time: 1745381091830
type: 1
leakageCurrent: 0
current: 6
activePower: 7
reactivePower: 0
tapparentPower: 14
powerFactor: 50
currentUnbalance: 0
lines: 

2025-04-23 13:04:51 [MQTT Call: JavaClientExample] WARN  %alogger - No 'value' field found in message, skipping InfluxDB write.
2025-04-23 13:04:51 [MQTT Call: JavaClientExample] INFO  %alogger - Topic: data/s/nhnacademy/b/gyeongnam_campus/p/campus/d/gem3500_1/n/빌트인_전열/e/power_meter
Message Data:
time: 1745381091930
type: 2
leakageCurrent: 0
current: 5
activePower: 2
reactivePower: -7
tapparentPower: 11
powerFactor: 19.99
currentUnbalance: 0
lines: 

2025-04-23 13:04:51 [MQTT Call: JavaClientExample] WARN  %alogger - No 'value' field found in message, skipping InfluxDB write.
2025-04-23 13:04:52 [MQTT Call: JavaClientExample] INFO  %alogger - Topic: data/s/nhnacademy/b/gyeongnam_campus/p/campus/d/gem3500_1/n/사무실_전열3/e/power_meter
Message Data:
time: 1745381092033
type: 3
leakageCurrent: 0
current: 0
activePower: 0
reactivePower: 0
tapparentPower: 0
powerFactor: 0
currentUnbalance: 0
lines: 

2025-04-23 13:04:52 [MQTT Call: JavaClientExample] WARN  %alogger - No 'value' field found in message, skipping InfluxDB write.
2025-04-23 13:04:52 [MQTT Call: JavaClientExample] INFO  %alogger - Topic: data/s/nhnacademy/b/gyeongnam_campus/p/campus/d/gem3500_1/n/정수기/e/power_meter
Message Data:
time: 1745381092134
type: 1
leakageCurrent: 0
current: 69
activePower: 91
reactivePower: 117
tapparentPower: 151
powerFactor: 60.31
currentUnbalance: 0
lines: 

2025-04-23 13:04:52 [MQTT Call: JavaClientExample] WARN  %alogger - No 'value' field found in message, skipping InfluxDB write.
2025-04-23 13:04:52 [MQTT Call: JavaClientExample] INFO  %alogger - Topic: data/s/nhnacademy/b/gyeongnam_campus/p/campus/d/gem3500_1/n/하이브_전열/e/power_meter
Message Data:
time: 1745381092235
type: 2
leakageCurrent: 0
current: 65
activePower: 124
reactivePower: -45
tapparentPower: 141
powerFactor: 88.13
currentUnbalance: 0
lines: 

2025-04-23 13:04:52 [MQTT Call: JavaClientExample] WARN  %alogger - No 'value' field found in message, skipping InfluxDB write.
2025-04-23 13:04:52 [MQTT Call: JavaClientExample] INFO  %alogger - Topic: data/s/nhnacademy/b/gyeongnam_campus/p/campus/d/gem3500_1/n/바텐_전열/e/power_meter
Message Data:
time: 1745381092339
type: 3
leakageCurrent: 0
current: 0
activePower: 0
reactivePower: 0
tapparentPower: 0
powerFactor: 0
currentUnbalance: 0
lines: 

2025-04-23 13:04:52 [MQTT Call: JavaClientExample] WARN  %alogger - No 'value' field found in message, skipping InfluxDB write.
2025-04-23 13:04:52 [MQTT Call: JavaClientExample] INFO  %alogger - Topic: data/s/nhnacademy/b/gyeongnam_campus/p/campus/d/gem3500_1/n/S_P/e/power_meter
Message Data:
time: 1745381092440
type: 1
leakageCurrent: 0
current: 0
activePower: 0
reactivePower: 0
tapparentPower: 0
powerFactor: 0
currentUnbalance: 0
lines: 

2025-04-23 13:04:52 [MQTT Call: JavaClientExample] WARN  %alogger - No 'value' field found in message, skipping InfluxDB write.
2025-04-23 13:04:52 [MQTT Call: JavaClientExample] INFO  %alogger - Topic: data/s/nhnacademy/b/gyeongnam_campus/p/campus/d/gem3500_1/n/공조기/e/power_meter
Message Data:
time: 1745381092541
type: 2
leakageCurrent: 0
current: 196
activePower: 223
reactivePower: -23
tapparentPower: 426
powerFactor: 52.24
currentUnbalance: 0
lines: 

2025-04-23 13:04:52 [MQTT Call: JavaClientExample] WARN  %alogger - No 'value' field found in message, skipping InfluxDB write.
2025-04-23 13:04:52 [MQTT Call: JavaClientExample] INFO  %alogger - Topic: data/s/nhnacademy/b/gyeongnam_campus/p/campus/d/gem3500_1/n/AC/e/power_meter
Message Data:
time: 1745381092643
type: 3
leakageCurrent: 0
current: 16
activePower: 11
reactivePower: -26
tapparentPower: 35
powerFactor: 33.33
currentUnbalance: 0
lines: 

2025-04-23 13:04:52 [MQTT Call: JavaClientExample] WARN  %alogger - No 'value' field found in message, skipping InfluxDB write.
2025-04-23 13:04:54 [MQTT Rec: JavaClientExample] ERROR %alogger - Connection lost: 연결 유실
org.eclipse.paho.client.mqttv3.MqttException: 연결 유실
	at org.eclipse.paho.client.mqttv3.internal.CommsReceiver.run(CommsReceiver.java:197) ~[org.eclipse.paho.client.mqttv3-1.2.5.jar:?]
	at java.lang.Thread.run(Thread.java:1583) [?:?]
Caused by: java.io.EOFException
	at java.io.DataInputStream.readUnsignedByte(DataInputStream.java:297) ~[?:?]
	at java.io.DataInputStream.readByte(DataInputStream.java:275) ~[?:?]
	at org.eclipse.paho.client.mqttv3.internal.wire.MqttInputStream.readMqttWireMessage(MqttInputStream.java:92) ~[org.eclipse.paho.client.mqttv3-1.2.5.jar:?]
	at org.eclipse.paho.client.mqttv3.internal.CommsReceiver.run(CommsReceiver.java:137) ~[org.eclipse.paho.client.mqttv3-1.2.5.jar:?]
	... 1 more
2025-04-23 13:04:54 [Thread-5] INFO  %alogger - Exiting and disconnecting...
2025-04-23 13:05:11 [main] INFO  %alogger - Connecting to broker...
2025-04-23 13:05:12 [main] INFO  %alogger - Connected to broker!
2025-04-23 13:05:13 [main] INFO  %alogger - Subscribed to topic: data/#
2025-04-23 13:05:13 [main] INFO  %alogger - Connected to broker and subscribed to topic: data/#
2025-04-23 13:05:14 [MQTT Call: JavaClientExample] INFO  %alogger - Topic: data/s/nhnacademy/b/gyeongnam_campus/p/hive/d/24e124725d081175/sp/8인 책상/n/8인 책상/e/battery
Message Data:
time: 1745381114251
value: 76

2025-04-23 13:05:14 [MQTT Call: JavaClientExample] INFO  %alogger - Extracted tagkey -> location: hive, kind: 8인 책상, data: battery
Value into InfluxDB: 76.0
2025-04-23 13:05:14 [MQTT Call: JavaClientExample] INFO  %alogger - Data sent to InfluxDBService: data/s/nhnacademy/b/gyeongnam_campus/p/hive/d/24e124725d081175/sp/8인 책상/n/8인 책상/e/battery -> 76.0
2025-04-23 13:05:14 [MQTT Call: JavaClientExample] INFO  %alogger - Topic: data/s/nhnacademy/b/gyeongnam_campus/p/hive/d/24e124725d081175/sp/8인 책상/n/8인 책상/e/temperature
Message Data:
time: 1745381114251
value: 24.2

2025-04-23 13:05:14 [MQTT Call: JavaClientExample] INFO  %alogger - Extracted tagkey -> location: hive, kind: 8인 책상, data: temperature
Value into InfluxDB: 24.2
2025-04-23 13:05:14 [MQTT Rec: JavaClientExample] ERROR %alogger - Connection lost: 연결 유실
org.eclipse.paho.client.mqttv3.MqttException: 연결 유실
	at org.eclipse.paho.client.mqttv3.internal.CommsReceiver.run(CommsReceiver.java:197) ~[org.eclipse.paho.client.mqttv3-1.2.5.jar:?]
	at java.lang.Thread.run(Thread.java:1583) [?:?]
Caused by: java.io.EOFException
	at java.io.DataInputStream.readUnsignedByte(DataInputStream.java:297) ~[?:?]
	at java.io.DataInputStream.readByte(DataInputStream.java:275) ~[?:?]
	at org.eclipse.paho.client.mqttv3.internal.wire.MqttInputStream.readMqttWireMessage(MqttInputStream.java:92) ~[org.eclipse.paho.client.mqttv3-1.2.5.jar:?]
	at org.eclipse.paho.client.mqttv3.internal.CommsReceiver.run(CommsReceiver.java:137) ~[org.eclipse.paho.client.mqttv3-1.2.5.jar:?]
	... 1 more
2025-04-23 13:05:14 [MQTT Call: JavaClientExample] INFO  %alogger - Data sent to InfluxDBService: data/s/nhnacademy/b/gyeongnam_campus/p/hive/d/24e124725d081175/sp/8인 책상/n/8인 책상/e/temperature -> 24.2
2025-04-23 13:05:14 [Thread-5] INFO  %alogger - Exiting and disconnecting...
2025-04-23 13:07:39 [main] INFO  %alogger - Connecting to broker...
2025-04-23 13:07:39 [main] ERROR %alogger - Error connecting to broker: MqttException
2025-04-23 13:07:44 [main] INFO  %alogger - Connecting to broker...
2025-04-23 13:07:44 [main] ERROR %alogger - Error connecting to broker: MqttException
2025-04-23 13:07:49 [main] INFO  %alogger - Connecting to broker...
2025-04-23 13:07:49 [main] ERROR %alogger - Error connecting to broker: MqttException
2025-04-23 13:07:54 [main] INFO  %alogger - Connecting to broker...
2025-04-23 13:07:54 [main] ERROR %alogger - Error connecting to broker: MqttException
2025-04-23 13:07:59 [main] INFO  %alogger - Connecting to broker...
2025-04-23 13:07:59 [main] ERROR %alogger - Error connecting to broker: MqttException
2025-04-23 13:08:04 [main] INFO  %alogger - Connecting to broker...
2025-04-23 13:08:04 [main] ERROR %alogger - Error connecting to broker: MqttException
2025-04-23 13:13:30 [main] INFO  com.example.mqtt.ConnectService - Connecting to broker...
2025-04-23 13:13:31 [main] ERROR com.example.mqtt.ConnectService - Error connecting to broker: MqttException
2025-04-23 13:13:36 [main] INFO  com.example.mqtt.ConnectService - Connecting to broker...
2025-04-23 13:13:36 [main] ERROR com.example.mqtt.ConnectService - Error connecting to broker: MqttException
2025-04-23 13:13:41 [main] INFO  com.example.mqtt.ConnectService - Connecting to broker...
2025-04-23 13:13:41 [main] ERROR com.example.mqtt.ConnectService - Error connecting to broker: MqttException
2025-04-23 13:13:46 [main] INFO  com.example.mqtt.ConnectService - Connecting to broker...
2025-04-23 13:13:46 [main] ERROR com.example.mqtt.ConnectService - Error connecting to broker: MqttException
2025-04-23 13:13:51 [main] INFO  com.example.mqtt.ConnectService - Connecting to broker...
2025-04-23 13:13:51 [main] ERROR com.example.mqtt.ConnectService - Error connecting to broker: MqttException
2025-04-23 13:13:56 [main] INFO  com.example.mqtt.ConnectService - Connecting to broker...
2025-04-23 13:13:56 [main] ERROR com.example.mqtt.ConnectService - Error connecting to broker: MqttException
2025-04-23 13:14:01 [main] INFO  com.example.mqtt.ConnectService - Connecting to broker...
2025-04-23 13:14:01 [main] ERROR com.example.mqtt.ConnectService - Error connecting to broker: MqttException
2025-04-23 13:14:06 [main] INFO  com.example.mqtt.ConnectService - Connecting to broker...
2025-04-23 13:14:06 [main] ERROR com.example.mqtt.ConnectService - Error connecting to broker: MqttException
2025-04-23 13:14:11 [main] INFO  com.example.mqtt.ConnectService - Connecting to broker...
2025-04-23 13:14:11 [main] ERROR com.example.mqtt.ConnectService - Error connecting to broker: MqttException
2025-04-23 13:14:16 [main] INFO  com.example.mqtt.ConnectService - Connecting to broker...
2025-04-23 13:14:16 [main] ERROR com.example.mqtt.ConnectService - Error connecting to broker: MqttException
2025-04-23 13:14:21 [main] INFO  com.example.mqtt.ConnectService - Connecting to broker...
2025-04-23 13:14:21 [main] ERROR com.example.mqtt.ConnectService - Error connecting to broker: MqttException
2025-04-23 13:14:26 [main] INFO  com.example.mqtt.ConnectService - Connecting to broker...
2025-04-23 13:14:26 [main] ERROR com.example.mqtt.ConnectService - Error connecting to broker: MqttException
2025-04-23 13:14:31 [main] INFO  com.example.mqtt.ConnectService - Connecting to broker...
2025-04-23 13:14:31 [main] ERROR com.example.mqtt.ConnectService - Error connecting to broker: MqttException
2025-04-23 13:14:36 [main] INFO  com.example.mqtt.ConnectService - Connecting to broker...
2025-04-23 13:14:36 [main] ERROR com.example.mqtt.ConnectService - Error connecting to broker: MqttException
2025-04-23 13:14:41 [main] INFO  com.example.mqtt.ConnectService - Connecting to broker...
2025-04-23 13:14:41 [main] ERROR com.example.mqtt.ConnectService - Error connecting to broker: MqttException
2025-04-23 13:14:46 [main] INFO  com.example.mqtt.ConnectService - Connecting to broker...
2025-04-23 13:14:46 [main] ERROR com.example.mqtt.ConnectService - Error connecting to broker: MqttException
2025-04-23 13:14:51 [main] INFO  com.example.mqtt.ConnectService - Connecting to broker...
2025-04-23 13:14:51 [main] ERROR com.example.mqtt.ConnectService - Error connecting to broker: MqttException
2025-04-23 13:14:56 [main] INFO  com.example.mqtt.ConnectService - Connecting to broker...
2025-04-23 13:14:56 [main] ERROR com.example.mqtt.ConnectService - Error connecting to broker: MqttException
2025-04-23 13:15:01 [main] INFO  com.example.mqtt.ConnectService - Connecting to broker...
2025-04-23 13:15:01 [main] ERROR com.example.mqtt.ConnectService - Error connecting to broker: MqttException
2025-04-23 13:15:06 [main] INFO  com.example.mqtt.ConnectService - Connecting to broker...
2025-04-23 13:15:06 [main] ERROR com.example.mqtt.ConnectService - Error connecting to broker: MqttException
2025-04-23 13:15:11 [main] INFO  com.example.mqtt.ConnectService - Connecting to broker...
2025-04-23 13:15:11 [main] ERROR com.example.mqtt.ConnectService - Error connecting to broker: MqttException
2025-04-23 13:15:16 [main] INFO  com.example.mqtt.ConnectService - Connecting to broker...
2025-04-23 13:15:16 [main] ERROR com.example.mqtt.ConnectService - Error connecting to broker: MqttException
2025-04-23 13:15:21 [main] INFO  com.example.mqtt.ConnectService - Connecting to broker...
2025-04-23 13:15:21 [main] ERROR com.example.mqtt.ConnectService - Error connecting to broker: MqttException
2025-04-23 13:15:26 [main] INFO  com.example.mqtt.ConnectService - Connecting to broker...
2025-04-23 13:15:26 [main] ERROR com.example.mqtt.ConnectService - Error connecting to broker: MqttException
2025-04-23 13:15:31 [main] INFO  com.example.mqtt.ConnectService - Connecting to broker...
2025-04-23 13:15:31 [main] ERROR com.example.mqtt.ConnectService - Error connecting to broker: MqttException
2025-04-23 13:15:36 [main] INFO  com.example.mqtt.ConnectService - Connecting to broker...
2025-04-23 13:15:36 [main] ERROR com.example.mqtt.ConnectService - Error connecting to broker: MqttException
2025-04-23 13:15:41 [main] INFO  com.example.mqtt.ConnectService - Connecting to broker...
2025-04-23 13:15:41 [main] ERROR com.example.mqtt.ConnectService - Error connecting to broker: MqttException
2025-04-23 13:15:46 [main] INFO  com.example.mqtt.ConnectService - Connecting to broker...
2025-04-23 13:15:46 [main] ERROR com.example.mqtt.ConnectService - Error connecting to broker: MqttException
2025-04-23 13:15:51 [main] INFO  com.example.mqtt.ConnectService - Connecting to broker...
2025-04-23 13:15:51 [main] ERROR com.example.mqtt.ConnectService - Error connecting to broker: MqttException
2025-04-23 13:15:58 [main] INFO  com.example.mqtt.ConnectService - Connecting to broker...
2025-04-23 13:15:59 [main] INFO  com.example.mqtt.ConnectService - Connected to broker!
2025-04-23 13:15:59 [main] INFO  com.example.mqtt.ConnectService - Subscribed to topic: data/#
2025-04-23 13:15:59 [main] INFO  com.example.Main - Connected to broker and subscribed to topic: data/#
2025-04-23 13:16:11 [MQTT Call: ygw] INFO  com.example.mqtt.MessageData - Topic: data/s/nhnacademy/b/gyeongnam_campus/p/hive/d/24e124785c389010/n/정수기 위/e/battery
Message Data:
time: 1745381770179
value: 85

2025-04-23 13:16:11 [MQTT Call: ygw] INFO  com.example.mqtt.InfluxDBService - Extracted tagkey -> location: hive, kind: 정수기 위, data: battery
Value into InfluxDB: 85.0
2025-04-23 13:16:11 [MQTT Call: ygw] INFO  com.example.mqtt.MessageData - Data sent to InfluxDBService: data/s/nhnacademy/b/gyeongnam_campus/p/hive/d/24e124785c389010/n/정수기 위/e/battery -> 85.0
2025-04-23 13:16:11 [MQTT Call: ygw] INFO  com.example.mqtt.MessageData - Topic: data/s/nhnacademy/b/gyeongnam_campus/p/hive/d/24e124785c389010/n/정수기 위/e/temperature
Message Data:
time: 1745381770179
value: 23.5

2025-04-23 13:16:11 [MQTT Call: ygw] INFO  com.example.mqtt.InfluxDBService - Extracted tagkey -> location: hive, kind: 정수기 위, data: temperature
Value into InfluxDB: 23.5
2025-04-23 13:16:11 [MQTT Call: ygw] INFO  com.example.mqtt.MessageData - Data sent to InfluxDBService: data/s/nhnacademy/b/gyeongnam_campus/p/hive/d/24e124785c389010/n/정수기 위/e/temperature -> 23.5
2025-04-23 13:16:11 [MQTT Call: ygw] INFO  com.example.mqtt.MessageData - Topic: data/s/nhnacademy/b/gyeongnam_campus/p/hive/d/24e124785c389010/n/정수기 위/e/humidity
Message Data:
time: 1745381770179
value: 44.5

2025-04-23 13:16:11 [MQTT Call: ygw] INFO  com.example.mqtt.InfluxDBService - Extracted tagkey -> location: hive, kind: 정수기 위, data: humidity
Value into InfluxDB: 44.5
2025-04-23 13:16:11 [MQTT Call: ygw] INFO  com.example.mqtt.MessageData - Data sent to InfluxDBService: data/s/nhnacademy/b/gyeongnam_campus/p/hive/d/24e124785c389010/n/정수기 위/e/humidity -> 44.5
2025-04-23 13:16:11 [MQTT Call: ygw] INFO  com.example.mqtt.MessageData - Topic: data/s/nhnacademy/b/gyeongnam_campus/p/hive/d/24e124785c389010/n/정수기 위/g/24e124fffef5dccc/e/lora
Message Data:
time: 1745381770179
value: 

2025-04-23 13:16:11 [MQTT Call: ygw] INFO  com.example.mqtt.InfluxDBService - Extracted tagkey -> location: hive, kind: 정수기 위, data: lora
Value into InfluxDB: 0.0
2025-04-23 13:16:11 [MQTT Call: ygw] INFO  com.example.mqtt.MessageData - Data sent to InfluxDBService: data/s/nhnacademy/b/gyeongnam_campus/p/hive/d/24e124785c389010/n/정수기 위/g/24e124fffef5dccc/e/lora -> 0.0
2025-04-23 13:16:11 [MQTT Call: ygw] INFO  com.example.mqtt.MessageData - Topic: data/s/nhnacademy/b/gyeongnam_campus/p/hive/d/24e124785c389010/n/정수기 위/g/24e124fffef79304/e/lora
Message Data:
time: 1745381770179
value: 

2025-04-23 13:16:11 [MQTT Call: ygw] INFO  com.example.mqtt.InfluxDBService - Extracted tagkey -> location: hive, kind: 정수기 위, data: lora
Value into InfluxDB: 0.0
2025-04-23 13:16:11 [MQTT Call: ygw] INFO  com.example.mqtt.MessageData - Data sent to InfluxDBService: data/s/nhnacademy/b/gyeongnam_campus/p/hive/d/24e124785c389010/n/정수기 위/g/24e124fffef79304/e/lora -> 0.0
2025-04-23 13:16:11 [MQTT Call: ygw] INFO  com.example.mqtt.MessageData - Topic: data/s/nhnacademy/b/gyeongnam_campus/p/hive/d/24e124725d081175/sp/8인 책상/n/8인 책상/e/battery
Message Data:
time: 1745381770773
value: 76

2025-04-23 13:16:11 [MQTT Call: ygw] INFO  com.example.mqtt.InfluxDBService - Extracted tagkey -> location: hive, kind: 8인 책상, data: battery
Value into InfluxDB: 76.0
2025-04-23 13:16:11 [MQTT Call: ygw] INFO  com.example.mqtt.MessageData - Data sent to InfluxDBService: data/s/nhnacademy/b/gyeongnam_campus/p/hive/d/24e124725d081175/sp/8인 책상/n/8인 책상/e/battery -> 76.0
2025-04-23 13:16:11 [MQTT Call: ygw] INFO  com.example.mqtt.MessageData - Topic: data/s/nhnacademy/b/gyeongnam_campus/p/hive/d/24e124725d081175/sp/8인 책상/n/8인 책상/e/temperature
Message Data:
time: 1745381770773
value: 24.1

2025-04-23 13:16:11 [MQTT Call: ygw] INFO  com.example.mqtt.InfluxDBService - Extracted tagkey -> location: hive, kind: 8인 책상, data: temperature
Value into InfluxDB: 24.1
2025-04-23 13:16:11 [MQTT Call: ygw] INFO  com.example.mqtt.MessageData - Data sent to InfluxDBService: data/s/nhnacademy/b/gyeongnam_campus/p/hive/d/24e124725d081175/sp/8인 책상/n/8인 책상/e/temperature -> 24.1
2025-04-23 13:16:11 [MQTT Call: ygw] INFO  com.example.mqtt.MessageData - Topic: data/s/nhnacademy/b/gyeongnam_campus/p/hive/d/24e124725d081175/sp/8인 책상/n/8인 책상/e/humidity
Message Data:
time: 1745381770773
value: 43

2025-04-23 13:16:11 [MQTT Call: ygw] INFO  com.example.mqtt.InfluxDBService - Extracted tagkey -> location: hive, kind: 8인 책상, data: humidity
Value into InfluxDB: 43.0
2025-04-23 13:16:11 [MQTT Call: ygw] INFO  com.example.mqtt.MessageData - Data sent to InfluxDBService: data/s/nhnacademy/b/gyeongnam_campus/p/hive/d/24e124725d081175/sp/8인 책상/n/8인 책상/e/humidity -> 43.0
2025-04-23 13:16:11 [MQTT Call: ygw] INFO  com.example.mqtt.MessageData - Topic: data/s/nhnacademy/b/gyeongnam_campus/p/hive/d/24e124725d081175/sp/8인 책상/n/8인 책상/e/co2
Message Data:
time: 1745381770773
value: 550

2025-04-23 13:16:11 [MQTT Call: ygw] INFO  com.example.mqtt.InfluxDBService - Extracted tagkey -> location: hive, kind: 8인 책상, data: co2
Value into InfluxDB: 550.0
2025-04-23 13:16:11 [MQTT Call: ygw] INFO  com.example.mqtt.MessageData - Data sent to InfluxDBService: data/s/nhnacademy/b/gyeongnam_campus/p/hive/d/24e124725d081175/sp/8인 책상/n/8인 책상/e/co2 -> 550.0
2025-04-23 13:16:11 [MQTT Call: ygw] INFO  com.example.mqtt.MessageData - Topic: data/s/nhnacademy/b/gyeongnam_campus/p/hive/d/24e124725d081175/sp/8인 책상/n/8인 책상/g/24e124fffef5dccc/e/lora
Message Data:
time: 1745381770773
value: 

2025-04-23 13:16:11 [MQTT Call: ygw] INFO  com.example.mqtt.InfluxDBService - Extracted tagkey -> location: hive, kind: 8인 책상, data: lora
Value into InfluxDB: 0.0
2025-04-23 13:16:11 [MQTT Call: ygw] INFO  com.example.mqtt.MessageData - Data sent to InfluxDBService: data/s/nhnacademy/b/gyeongnam_campus/p/hive/d/24e124725d081175/sp/8인 책상/n/8인 책상/g/24e124fffef5dccc/e/lora -> 0.0
2025-04-23 13:16:11 [MQTT Call: ygw] INFO  com.example.mqtt.MessageData - Topic: data/s/nhnacademy/b/gyeongnam_campus/p/hive/d/24e124725d081175/sp/8인 책상/n/8인 책상/g/24e124fffef79304/e/lora
Message Data:
time: 1745381770773
value: 

2025-04-23 13:16:11 [MQTT Call: ygw] INFO  com.example.mqtt.InfluxDBService - Extracted tagkey -> location: hive, kind: 8인 책상, data: lora
Value into InfluxDB: 0.0
2025-04-23 13:16:11 [MQTT Call: ygw] INFO  com.example.mqtt.MessageData - Data sent to InfluxDBService: data/s/nhnacademy/b/gyeongnam_campus/p/hive/d/24e124725d081175/sp/8인 책상/n/8인 책상/g/24e124fffef79304/e/lora -> 0.0
2025-04-23 13:16:18 [MQTT Call: ygw] INFO  com.example.mqtt.MessageData - Topic: data/s/nhnacademy/b/gyeongnam_campus/p/class_a/d/24e124128c067999/sp/입구/n/입구/e/co2
Message Data:
time: 1745381777934
value: 986

2025-04-23 13:16:18 [MQTT Call: ygw] INFO  com.example.mqtt.InfluxDBService - Extracted tagkey -> location: class_a, kind: 입구, data: co2
Value into InfluxDB: 986.0
2025-04-23 13:16:18 [MQTT Call: ygw] INFO  com.example.mqtt.MessageData - Data sent to InfluxDBService: data/s/nhnacademy/b/gyeongnam_campus/p/class_a/d/24e124128c067999/sp/입구/n/입구/e/co2 -> 986.0
2025-04-23 13:16:18 [MQTT Call: ygw] INFO  com.example.mqtt.MessageData - Topic: data/s/nhnacademy/b/gyeongnam_campus/p/class_a/d/24e124128c067999/sp/입구/n/입구/e/infrared_and_visible
Message Data:
time: 1745381777934
value: 46

2025-04-23 13:16:18 [MQTT Call: ygw] INFO  com.example.mqtt.InfluxDBService - Extracted tagkey -> location: class_a, kind: 입구, data: infrared_and_visible
Value into InfluxDB: 46.0
2025-04-23 13:16:18 [MQTT Call: ygw] INFO  com.example.mqtt.MessageData - Data sent to InfluxDBService: data/s/nhnacademy/b/gyeongnam_campus/p/class_a/d/24e124128c067999/sp/입구/n/입구/e/infrared_and_visible -> 46.0
2025-04-23 13:16:18 [MQTT Call: ygw] INFO  com.example.mqtt.MessageData - Topic: data/s/nhnacademy/b/gyeongnam_campus/p/class_a/d/24e124128c067999/sp/입구/n/입구/e/activity
Message Data:
time: 1745381777934
value: 9

2025-04-23 13:16:18 [MQTT Call: ygw] INFO  com.example.mqtt.InfluxDBService - Extracted tagkey -> location: class_a, kind: 입구, data: activity
Value into InfluxDB: 9.0
2025-04-23 13:16:18 [MQTT Call: ygw] INFO  com.example.mqtt.MessageData - Data sent to InfluxDBService: data/s/nhnacademy/b/gyeongnam_campus/p/class_a/d/24e124128c067999/sp/입구/n/입구/e/activity -> 9.0
2025-04-23 13:16:18 [MQTT Call: ygw] INFO  com.example.mqtt.MessageData - Topic: data/s/nhnacademy/b/gyeongnam_campus/p/class_a/d/24e124128c067999/sp/입구/n/입구/e/pressure
Message Data:
time: 1745381777934
value: 997.7

2025-04-23 13:16:18 [MQTT Call: ygw] INFO  com.example.mqtt.InfluxDBService - Extracted tagkey -> location: class_a, kind: 입구, data: pressure
Value into InfluxDB: 997.7
2025-04-23 13:16:18 [MQTT Call: ygw] INFO  com.example.mqtt.MessageData - Data sent to InfluxDBService: data/s/nhnacademy/b/gyeongnam_campus/p/class_a/d/24e124128c067999/sp/입구/n/입구/e/pressure -> 997.7
2025-04-23 13:16:18 [MQTT Call: ygw] INFO  com.example.mqtt.MessageData - Topic: data/s/nhnacademy/b/gyeongnam_campus/p/class_a/d/24e124128c067999/sp/입구/n/입구/e/illumination
Message Data:
time: 1745381777934
value: 67

2025-04-23 13:16:18 [MQTT Call: ygw] INFO  com.example.mqtt.InfluxDBService - Extracted tagkey -> location: class_a, kind: 입구, data: illumination
Value into InfluxDB: 67.0
2025-04-23 13:16:18 [MQTT Call: ygw] INFO  com.example.mqtt.MessageData - Data sent to InfluxDBService: data/s/nhnacademy/b/gyeongnam_campus/p/class_a/d/24e124128c067999/sp/입구/n/입구/e/illumination -> 67.0
2025-04-23 13:16:18 [MQTT Call: ygw] INFO  com.example.mqtt.MessageData - Topic: data/s/nhnacademy/b/gyeongnam_campus/p/class_a/d/24e124128c067999/sp/입구/n/입구/e/tvoc
Message Data:
time: 1745381777934
value: 298

2025-04-23 13:16:18 [MQTT Call: ygw] INFO  com.example.mqtt.InfluxDBService - Extracted tagkey -> location: class_a, kind: 입구, data: tvoc
Value into InfluxDB: 298.0
2025-04-23 13:16:18 [MQTT Call: ygw] INFO  com.example.mqtt.MessageData - Data sent to InfluxDBService: data/s/nhnacademy/b/gyeongnam_campus/p/class_a/d/24e124128c067999/sp/입구/n/입구/e/tvoc -> 298.0
2025-04-23 13:16:18 [MQTT Call: ygw] INFO  com.example.mqtt.MessageData - Topic: data/s/nhnacademy/b/gyeongnam_campus/p/class_a/d/24e124128c067999/sp/입구/n/입구/e/temperature
Message Data:
time: 1745381777934
value: 24

2025-04-23 13:16:18 [MQTT Call: ygw] INFO  com.example.mqtt.InfluxDBService - Extracted tagkey -> location: class_a, kind: 입구, data: temperature
Value into InfluxDB: 24.0
2025-04-23 13:16:18 [MQTT Call: ygw] INFO  com.example.mqtt.MessageData - Data sent to InfluxDBService: data/s/nhnacademy/b/gyeongnam_campus/p/class_a/d/24e124128c067999/sp/입구/n/입구/e/temperature -> 24.0
2025-04-23 13:16:18 [MQTT Call: ygw] INFO  com.example.mqtt.MessageData - Topic: data/s/nhnacademy/b/gyeongnam_campus/p/class_a/d/24e124128c067999/sp/입구/n/입구/e/infrared
Message Data:
time: 1745381777934
value: 7

2025-04-23 13:16:18 [MQTT Call: ygw] INFO  com.example.mqtt.InfluxDBService - Extracted tagkey -> location: class_a, kind: 입구, data: infrared
Value into InfluxDB: 7.0
2025-04-23 13:16:18 [MQTT Call: ygw] INFO  com.example.mqtt.MessageData - Data sent to InfluxDBService: data/s/nhnacademy/b/gyeongnam_campus/p/class_a/d/24e124128c067999/sp/입구/n/입구/e/infrared -> 7.0
2025-04-23 13:16:18 [MQTT Call: ygw] INFO  com.example.mqtt.MessageData - Topic: data/s/nhnacademy/b/gyeongnam_campus/p/class_a/d/24e124128c067999/sp/입구/n/입구/e/humidity
Message Data:
time: 1745381777934
value: 46.5

2025-04-23 13:16:18 [MQTT Call: ygw] INFO  com.example.mqtt.InfluxDBService - Extracted tagkey -> location: class_a, kind: 입구, data: humidity
Value into InfluxDB: 46.5
2025-04-23 13:16:18 [MQTT Call: ygw] INFO  com.example.mqtt.MessageData - Data sent to InfluxDBService: data/s/nhnacademy/b/gyeongnam_campus/p/class_a/d/24e124128c067999/sp/입구/n/입구/e/humidity -> 46.5
2025-04-23 13:16:18 [MQTT Call: ygw] INFO  com.example.mqtt.MessageData - Topic: data/s/nhnacademy/b/gyeongnam_campus/p/class_a/d/24e124128c067999/sp/입구/n/입구/g/24e124fffef79304/e/lora
Message Data:
time: 1745381777934
value: 

2025-04-23 13:16:18 [MQTT Call: ygw] INFO  com.example.mqtt.InfluxDBService - Extracted tagkey -> location: class_a, kind: 입구, data: lora
Value into InfluxDB: 0.0
2025-04-23 13:16:18 [MQTT Call: ygw] INFO  com.example.mqtt.MessageData - Data sent to InfluxDBService: data/s/nhnacademy/b/gyeongnam_campus/p/class_a/d/24e124128c067999/sp/입구/n/입구/g/24e124fffef79304/e/lora -> 0.0
2025-04-23 13:16:18 [MQTT Call: ygw] INFO  com.example.mqtt.MessageData - Topic: data/s/nhnacademy/b/gyeongnam_campus/p/class_a/d/24e124128c067999/sp/입구/n/입구/g/24e124fffef5dccc/e/lora
Message Data:
time: 1745381777934
value: 

2025-04-23 13:16:18 [MQTT Call: ygw] INFO  com.example.mqtt.InfluxDBService - Extracted tagkey -> location: class_a, kind: 입구, data: lora
Value into InfluxDB: 0.0
2025-04-23 13:16:18 [MQTT Call: ygw] INFO  com.example.mqtt.MessageData - Data sent to InfluxDBService: data/s/nhnacademy/b/gyeongnam_campus/p/class_a/d/24e124128c067999/sp/입구/n/입구/g/24e124fffef5dccc/e/lora -> 0.0
2025-04-23 13:16:23 [MQTT Call: ygw] INFO  com.example.mqtt.MessageData - Topic: data/s/nhnacademy/b/gyeongnam_campus/p/hive/d/24e124126c452091/sp/farm/n/스마트팜/e/temperature
Message Data:
time: 1745381783522
value: 23.2

2025-04-23 13:16:23 [MQTT Call: ygw] INFO  com.example.mqtt.InfluxDBService - Extracted tagkey -> location: hive, kind: 스마트팜, data: temperature
Value into InfluxDB: 23.2
2025-04-23 13:16:24 [MQTT Call: ygw] INFO  com.example.mqtt.MessageData - Data sent to InfluxDBService: data/s/nhnacademy/b/gyeongnam_campus/p/hive/d/24e124126c452091/sp/farm/n/스마트팜/e/temperature -> 23.2
2025-04-23 13:16:24 [MQTT Call: ygw] INFO  com.example.mqtt.MessageData - Topic: data/s/nhnacademy/b/gyeongnam_campus/p/hive/d/24e124126c452091/sp/farm/n/스마트팜/g/24e124fffef79304/e/lora
Message Data:
time: 1745381783522
value: 

2025-04-23 13:16:24 [MQTT Call: ygw] INFO  com.example.mqtt.InfluxDBService - Extracted tagkey -> location: hive, kind: 스마트팜, data: lora
Value into InfluxDB: 0.0
2025-04-23 13:16:24 [MQTT Call: ygw] INFO  com.example.mqtt.MessageData - Data sent to InfluxDBService: data/s/nhnacademy/b/gyeongnam_campus/p/hive/d/24e124126c452091/sp/farm/n/스마트팜/g/24e124fffef79304/e/lora -> 0.0
2025-04-23 13:16:24 [MQTT Call: ygw] INFO  com.example.mqtt.MessageData - Topic: data/s/nhnacademy/b/gyeongnam_campus/p/hive/d/24e124126c452091/sp/farm/n/스마트팜/g/24e124fffef5dccc/e/lora
Message Data:
time: 1745381783522
value: 

2025-04-23 13:16:24 [MQTT Call: ygw] INFO  com.example.mqtt.InfluxDBService - Extracted tagkey -> location: hive, kind: 스마트팜, data: lora
Value into InfluxDB: 0.0
2025-04-23 13:16:24 [MQTT Call: ygw] INFO  com.example.mqtt.MessageData - Data sent to InfluxDBService: data/s/nhnacademy/b/gyeongnam_campus/p/hive/d/24e124126c452091/sp/farm/n/스마트팜/g/24e124fffef5dccc/e/lora -> 0.0
2025-04-23 13:16:24 [MQTT Call: ygw] INFO  com.example.mqtt.MessageData - Topic: data/s/nhnacademy/b/gyeongnam_campus/p/server_room/d/24e124136d151368/n/입구/e/temperature
Message Data:
time: 1745381783722
value: 23.8

2025-04-23 13:16:24 [MQTT Call: ygw] INFO  com.example.mqtt.InfluxDBService - Extracted tagkey -> location: server_room, kind: 입구, data: temperature
Value into InfluxDB: 23.8
2025-04-23 13:16:24 [MQTT Call: ygw] INFO  com.example.mqtt.MessageData - Data sent to InfluxDBService: data/s/nhnacademy/b/gyeongnam_campus/p/server_room/d/24e124136d151368/n/입구/e/temperature -> 23.8
2025-04-23 13:16:24 [MQTT Call: ygw] INFO  com.example.mqtt.MessageData - Topic: data/s/nhnacademy/b/gyeongnam_campus/p/server_room/d/24e124136d151368/n/입구/e/humidity
Message Data:
time: 1745381783722
value: 47.5

2025-04-23 13:16:24 [MQTT Call: ygw] INFO  com.example.mqtt.InfluxDBService - Extracted tagkey -> location: server_room, kind: 입구, data: humidity
Value into InfluxDB: 47.5
2025-04-23 13:16:24 [MQTT Call: ygw] INFO  com.example.mqtt.MessageData - Data sent to InfluxDBService: data/s/nhnacademy/b/gyeongnam_campus/p/server_room/d/24e124136d151368/n/입구/e/humidity -> 47.5
2025-04-23 13:16:24 [MQTT Call: ygw] INFO  com.example.mqtt.MessageData - Topic: data/s/nhnacademy/b/gyeongnam_campus/p/server_room/d/24e124136d151368/n/입구/g/24e124fffef79304/e/lora
Message Data:
time: 1745381783722
value: 

2025-04-23 13:16:24 [MQTT Call: ygw] INFO  com.example.mqtt.InfluxDBService - Extracted tagkey -> location: server_room, kind: 입구, data: lora
Value into InfluxDB: 0.0
2025-04-23 13:16:24 [MQTT Call: ygw] INFO  com.example.mqtt.MessageData - Data sent to InfluxDBService: data/s/nhnacademy/b/gyeongnam_campus/p/server_room/d/24e124136d151368/n/입구/g/24e124fffef79304/e/lora -> 0.0
2025-04-23 13:16:24 [MQTT Call: ygw] INFO  com.example.mqtt.MessageData - Topic: data/s/nhnacademy/b/gyeongnam_campus/p/server_room/d/24e124136d151368/n/입구/g/24e124fffef5dccc/e/lora
Message Data:
time: 1745381783722
value: 

2025-04-23 13:16:24 [MQTT Call: ygw] INFO  com.example.mqtt.InfluxDBService - Extracted tagkey -> location: server_room, kind: 입구, data: lora
Value into InfluxDB: 0.0
2025-04-23 13:16:24 [MQTT Call: ygw] INFO  com.example.mqtt.MessageData - Data sent to InfluxDBService: data/s/nhnacademy/b/gyeongnam_campus/p/server_room/d/24e124136d151368/n/입구/g/24e124fffef5dccc/e/lora -> 0.0
2025-04-23 13:16:26 [MQTT Call: ygw] INFO  com.example.mqtt.MessageData - Topic: data/s/nhnacademy/b/gyeongnam_campus/p/hive/d/24e124126d111937/sp/farm/n/스마트팜/e/illumination
Message Data:
time: 1745381785980
value: 320

2025-04-23 13:16:26 [MQTT Call: ygw] INFO  com.example.mqtt.InfluxDBService - Extracted tagkey -> location: hive, kind: 스마트팜, data: illumination
Value into InfluxDB: 320.0
2025-04-23 13:16:26 [MQTT Call: ygw] INFO  com.example.mqtt.MessageData - Data sent to InfluxDBService: data/s/nhnacademy/b/gyeongnam_campus/p/hive/d/24e124126d111937/sp/farm/n/스마트팜/e/illumination -> 320.0
2025-04-23 13:16:30 [MQTT Call: ygw] INFO  com.example.mqtt.MessageData - Topic: data/s/nhnacademy/b/gyeongnam_campus/p/hive/d/24e124126d111937/sp/farm/n/스마트팜/g/24e124fffef79304/e/lora
Message Data:
time: 1745381785980
value: 

2025-04-23 13:16:30 [MQTT Call: ygw] INFO  com.example.mqtt.InfluxDBService - Extracted tagkey -> location: hive, kind: 스마트팜, data: lora
Value into InfluxDB: 0.0
2025-04-23 13:16:30 [MQTT Call: ygw] INFO  com.example.mqtt.MessageData - Data sent to InfluxDBService: data/s/nhnacademy/b/gyeongnam_campus/p/hive/d/24e124126d111937/sp/farm/n/스마트팜/g/24e124fffef79304/e/lora -> 0.0
2025-04-23 13:16:30 [MQTT Call: ygw] INFO  com.example.mqtt.MessageData - Topic: data/s/nhnacademy/b/gyeongnam_campus/p/hive/d/24e124126d111937/sp/farm/n/스마트팜/g/24e124fffef5dccc/e/lora
Message Data:
time: 1745381785980
value: 

2025-04-23 13:16:30 [MQTT Call: ygw] INFO  com.example.mqtt.InfluxDBService - Extracted tagkey -> location: hive, kind: 스마트팜, data: lora
Value into InfluxDB: 0.0
2025-04-23 13:16:30 [MQTT Call: ygw] INFO  com.example.mqtt.MessageData - Data sent to InfluxDBService: data/s/nhnacademy/b/gyeongnam_campus/p/hive/d/24e124126d111937/sp/farm/n/스마트팜/g/24e124fffef5dccc/e/lora -> 0.0
2025-04-23 13:16:44 [MQTT Call: ygw] INFO  com.example.mqtt.MessageData - Topic: data/s/nhnacademy/b/gyeongnam_campus/p/storage/d/24e124136d151547/n/입구/e/battery
Message Data:
time: 1745381802836
value: 1

2025-04-23 13:16:44 [MQTT Call: ygw] INFO  com.example.mqtt.InfluxDBService - Extracted tagkey -> location: storage, kind: 입구, data: battery
Value into InfluxDB: 1.0
2025-04-23 13:16:44 [MQTT Call: ygw] INFO  com.example.mqtt.MessageData - Data sent to InfluxDBService: data/s/nhnacademy/b/gyeongnam_campus/p/storage/d/24e124136d151547/n/입구/e/battery -> 1.0
2025-04-23 13:16:45 [MQTT Call: ygw] INFO  com.example.mqtt.MessageData - Topic: data/s/nhnacademy/b/gyeongnam_campus/p/storage/d/24e124136d151547/n/입구/e/humidity
Message Data:
time: 1745381802836
value: 127.5

2025-04-23 13:16:45 [MQTT Call: ygw] INFO  com.example.mqtt.InfluxDBService - Extracted tagkey -> location: storage, kind: 입구, data: humidity
Value into InfluxDB: 127.5
2025-04-23 13:16:45 [MQTT Call: ygw] INFO  com.example.mqtt.MessageData - Data sent to InfluxDBService: data/s/nhnacademy/b/gyeongnam_campus/p/storage/d/24e124136d151547/n/입구/e/humidity -> 127.5
2025-04-23 13:16:45 [MQTT Call: ygw] INFO  com.example.mqtt.MessageData - Topic: data/s/nhnacademy/b/gyeongnam_campus/p/storage/d/24e124136d151547/n/입구/e/temperature
Message Data:
time: 1745381802836
value: -0.1

2025-04-23 13:16:45 [MQTT Call: ygw] INFO  com.example.mqtt.InfluxDBService - Extracted tagkey -> location: storage, kind: 입구, data: temperature
Value into InfluxDB: -0.1
2025-04-23 13:16:45 [MQTT Call: ygw] INFO  com.example.mqtt.MessageData - Data sent to InfluxDBService: data/s/nhnacademy/b/gyeongnam_campus/p/storage/d/24e124136d151547/n/입구/e/temperature -> -0.1
2025-04-23 13:16:45 [MQTT Call: ygw] INFO  com.example.mqtt.MessageData - Topic: data/s/nhnacademy/b/gyeongnam_campus/p/storage/d/24e124136d151547/n/입구/g/24e124fffef79304/e/lora
Message Data:
time: 1745381802836
value: 

2025-04-23 13:16:45 [MQTT Call: ygw] INFO  com.example.mqtt.InfluxDBService - Extracted tagkey -> location: storage, kind: 입구, data: lora
Value into InfluxDB: 0.0
2025-04-23 13:16:45 [MQTT Call: ygw] INFO  com.example.mqtt.MessageData - Data sent to InfluxDBService: data/s/nhnacademy/b/gyeongnam_campus/p/storage/d/24e124136d151547/n/입구/g/24e124fffef79304/e/lora -> 0.0
2025-04-23 13:16:45 [MQTT Call: ygw] INFO  com.example.mqtt.MessageData - Topic: data/s/nhnacademy/b/gyeongnam_campus/p/storage/d/24e124136d151547/n/입구/g/24e124fffef5dccc/e/lora
Message Data:
time: 1745381802836
value: 

2025-04-23 13:16:45 [MQTT Call: ygw] INFO  com.example.mqtt.InfluxDBService - Extracted tagkey -> location: storage, kind: 입구, data: lora
Value into InfluxDB: 0.0
2025-04-23 13:16:45 [MQTT Call: ygw] INFO  com.example.mqtt.MessageData - Data sent to InfluxDBService: data/s/nhnacademy/b/gyeongnam_campus/p/storage/d/24e124136d151547/n/입구/g/24e124fffef5dccc/e/lora -> 0.0
2025-04-23 13:16:45 [MQTT Call: ygw] INFO  com.example.mqtt.MessageData - Topic: data/s/nhnacademy/b/gyeongnam_campus/p/storage/d/24e124136d151547/n/입구/e/battery
Message Data:
time: 1745381802835
value: 1

2025-04-23 13:16:45 [MQTT Call: ygw] INFO  com.example.mqtt.InfluxDBService - Extracted tagkey -> location: storage, kind: 입구, data: battery
Value into InfluxDB: 1.0
2025-04-23 13:16:45 [MQTT Call: ygw] INFO  com.example.mqtt.MessageData - Data sent to InfluxDBService: data/s/nhnacademy/b/gyeongnam_campus/p/storage/d/24e124136d151547/n/입구/e/battery -> 1.0
2025-04-23 13:16:45 [MQTT Call: ygw] INFO  com.example.mqtt.MessageData - Topic: data/s/nhnacademy/b/gyeongnam_campus/p/storage/d/24e124136d151547/n/입구/e/temperature
Message Data:
time: 1745381802835
value: -0.1

2025-04-23 13:16:45 [MQTT Call: ygw] INFO  com.example.mqtt.InfluxDBService - Extracted tagkey -> location: storage, kind: 입구, data: temperature
Value into InfluxDB: -0.1
2025-04-23 13:16:45 [MQTT Call: ygw] INFO  com.example.mqtt.MessageData - Data sent to InfluxDBService: data/s/nhnacademy/b/gyeongnam_campus/p/storage/d/24e124136d151547/n/입구/e/temperature -> -0.1
2025-04-23 13:16:45 [MQTT Call: ygw] INFO  com.example.mqtt.MessageData - Topic: data/s/nhnacademy/b/gyeongnam_campus/p/storage/d/24e124136d151547/n/입구/e/humidity
Message Data:
time: 1745381802835
value: 127.5

2025-04-23 13:16:45 [MQTT Call: ygw] INFO  com.example.mqtt.InfluxDBService - Extracted tagkey -> location: storage, kind: 입구, data: humidity
Value into InfluxDB: 127.5
2025-04-23 13:16:45 [MQTT Call: ygw] INFO  com.example.mqtt.MessageData - Data sent to InfluxDBService: data/s/nhnacademy/b/gyeongnam_campus/p/storage/d/24e124136d151547/n/입구/e/humidity -> 127.5
2025-04-23 13:16:45 [MQTT Call: ygw] INFO  com.example.mqtt.MessageData - Topic: data/s/nhnacademy/b/gyeongnam_campus/p/storage/d/24e124136d151547/n/입구/g/24e124fffef5dccc/e/lora
Message Data:
time: 1745381802835
value: 

2025-04-23 13:16:45 [MQTT Call: ygw] INFO  com.example.mqtt.InfluxDBService - Extracted tagkey -> location: storage, kind: 입구, data: lora
Value into InfluxDB: 0.0
2025-04-23 13:16:45 [MQTT Call: ygw] INFO  com.example.mqtt.MessageData - Data sent to InfluxDBService: data/s/nhnacademy/b/gyeongnam_campus/p/storage/d/24e124136d151547/n/입구/g/24e124fffef5dccc/e/lora -> 0.0
2025-04-23 13:16:50 [MQTT Call: ygw] INFO  com.example.mqtt.MessageData - Topic: data/s/nhnacademy/b/gyeongnam_campus/p/pair_room/d/24e124136d151485/n/안쪽 분리벽/e/humidity
Message Data:
time: 1745381807691
value: 44

2025-04-23 13:16:50 [MQTT Call: ygw] INFO  com.example.mqtt.InfluxDBService - Extracted tagkey -> location: pair_room, kind: 안쪽 분리벽, data: humidity
Value into InfluxDB: 44.0
2025-04-23 13:16:50 [MQTT Call: ygw] INFO  com.example.mqtt.MessageData - Data sent to InfluxDBService: data/s/nhnacademy/b/gyeongnam_campus/p/pair_room/d/24e124136d151485/n/안쪽 분리벽/e/humidity -> 44.0
2025-04-23 13:16:50 [MQTT Call: ygw] INFO  com.example.mqtt.MessageData - Topic: data/s/nhnacademy/b/gyeongnam_campus/p/pair_room/d/24e124136d151485/n/안쪽 분리벽/e/temperature
Message Data:
time: 1745381807691
value: 23.4

2025-04-23 13:16:50 [MQTT Call: ygw] INFO  com.example.mqtt.InfluxDBService - Extracted tagkey -> location: pair_room, kind: 안쪽 분리벽, data: temperature
Value into InfluxDB: 23.4
2025-04-23 13:16:50 [MQTT Call: ygw] INFO  com.example.mqtt.MessageData - Data sent to InfluxDBService: data/s/nhnacademy/b/gyeongnam_campus/p/pair_room/d/24e124136d151485/n/안쪽 분리벽/e/temperature -> 23.4
2025-04-23 13:16:50 [MQTT Call: ygw] INFO  com.example.mqtt.MessageData - Topic: data/s/nhnacademy/b/gyeongnam_campus/p/pair_room/d/24e124136d151485/n/안쪽 분리벽/g/24e124fffef79304/e/lora
Message Data:
time: 1745381807691
value: 

2025-04-23 13:16:50 [MQTT Call: ygw] INFO  com.example.mqtt.InfluxDBService - Extracted tagkey -> location: pair_room, kind: 안쪽 분리벽, data: lora
Value into InfluxDB: 0.0
2025-04-23 13:16:50 [MQTT Call: ygw] INFO  com.example.mqtt.MessageData - Data sent to InfluxDBService: data/s/nhnacademy/b/gyeongnam_campus/p/pair_room/d/24e124136d151485/n/안쪽 분리벽/g/24e124fffef79304/e/lora -> 0.0
2025-04-23 13:16:50 [MQTT Call: ygw] INFO  com.example.mqtt.MessageData - Topic: data/s/nhnacademy/b/gyeongnam_campus/p/pair_room/d/24e124136d151485/n/안쪽 분리벽/g/24e124fffef5dccc/e/lora
Message Data:
time: 1745381807691
value: 

2025-04-23 13:16:50 [MQTT Call: ygw] INFO  com.example.mqtt.InfluxDBService - Extracted tagkey -> location: pair_room, kind: 안쪽 분리벽, data: lora
Value into InfluxDB: 0.0
2025-04-23 13:16:50 [MQTT Call: ygw] INFO  com.example.mqtt.MessageData - Data sent to InfluxDBService: data/s/nhnacademy/b/gyeongnam_campus/p/pair_room/d/24e124136d151485/n/안쪽 분리벽/g/24e124fffef5dccc/e/lora -> 0.0
2025-04-23 13:16:50 [MQTT Call: ygw] INFO  com.example.mqtt.MessageData - Topic: data/s/nhnacademy/b/gyeongnam_campus/p/campus/d/gem3500_1/n/캠퍼스_LL/e/voltage
Message Data:
time: 1745381810220
value: 379.65

2025-04-23 13:16:50 [MQTT Call: ygw] INFO  com.example.mqtt.InfluxDBService - Extracted tagkey -> location: campus, kind: 캠퍼스_LL, data: voltage
Value into InfluxDB: 379.65
2025-04-23 13:16:50 [MQTT Call: ygw] INFO  com.example.mqtt.MessageData - Data sent to InfluxDBService: data/s/nhnacademy/b/gyeongnam_campus/p/campus/d/gem3500_1/n/캠퍼스_LL/e/voltage -> 379.65
2025-04-23 13:16:50 [MQTT Call: ygw] INFO  com.example.mqtt.MessageData - Topic: data/s/nhnacademy/b/gyeongnam_campus/p/campus/d/gem3500_1/n/캠퍼스_LN/e/voltage
Message Data:
time: 1745381810220
value: 219.19

2025-04-23 13:16:50 [MQTT Call: ygw] INFO  com.example.mqtt.InfluxDBService - Extracted tagkey -> location: campus, kind: 캠퍼스_LN, data: voltage
Value into InfluxDB: 219.19
2025-04-23 13:16:50 [MQTT Call: ygw] INFO  com.example.mqtt.MessageData - Data sent to InfluxDBService: data/s/nhnacademy/b/gyeongnam_campus/p/campus/d/gem3500_1/n/캠퍼스_LN/e/voltage -> 219.19
2025-04-23 13:16:50 [MQTT Call: ygw] INFO  com.example.mqtt.MessageData - Topic: data/s/nhnacademy/b/gyeongnam_campus/p/campus/d/gem3500_1/n/캠퍼스1/e/power_meter
Message Data:
time: 1745381810321
type: 5
leakageCurrent: 0
current: 3019
activePower: 5693
reactivePower: -1909
tapparentPower: 6617
powerFactor: 86.04
currentUnbalance: 56.74
lines: 

2025-04-23 13:16:50 [MQTT Call: ygw] WARN  com.example.mqtt.MessageData - No 'value' field found in message, skipping InfluxDB write.
2025-04-23 13:16:50 [MQTT Call: ygw] INFO  com.example.mqtt.MessageData - Topic: data/s/nhnacademy/b/gyeongnam_campus/p/campus/d/gem3500_1/n/전등1/e/power_meter
Message Data:
time: 1745381810422
type: 3
leakageCurrent: 0
current: 697
activePower: 1307
reactivePower: -326
tapparentPower: 1528
powerFactor: 85.55
currentUnbalance: 0
lines: 

2025-04-23 13:16:50 [MQTT Call: ygw] WARN  com.example.mqtt.MessageData - No 'value' field found in message, skipping InfluxDB write.
2025-04-23 13:16:50 [MQTT Call: ygw] INFO  com.example.mqtt.MessageData - Topic: data/s/nhnacademy/b/gyeongnam_campus/p/campus/d/gem3500_1/n/전등2/e/power_meter
Message Data:
time: 1745381810524
type: 1
leakageCurrent: 0
current: 660
activePower: 1341
reactivePower: -331
tapparentPower: 1456
powerFactor: 92.09
currentUnbalance: 0
lines: 

2025-04-23 13:16:50 [MQTT Call: ygw] WARN  com.example.mqtt.MessageData - No 'value' field found in message, skipping InfluxDB write.
2025-04-23 13:16:50 [MQTT Call: ygw] INFO  com.example.mqtt.MessageData - Topic: data/s/nhnacademy/b/gyeongnam_campus/p/campus/d/gem3500_1/n/전등3/e/power_meter
Message Data:
time: 1745381810627
type: 2
leakageCurrent: 0
current: 0
activePower: 0
reactivePower: 0
tapparentPower: 0
powerFactor: 0
currentUnbalance: 0
lines: 

2025-04-23 13:16:50 [MQTT Call: ygw] WARN  com.example.mqtt.MessageData - No 'value' field found in message, skipping InfluxDB write.
2025-04-23 13:16:50 [MQTT Call: ygw] INFO  com.example.mqtt.MessageData - Topic: data/s/nhnacademy/b/gyeongnam_campus/p/campus/d/gem3500_1/n/강의실b_바닥/e/power_meter
Message Data:
time: 1745381810727
type: 3
leakageCurrent: 0
current: 255
activePower: 424
reactivePower: -244
tapparentPower: 549
powerFactor: 77.29
currentUnbalance: 0
lines: 

2025-04-23 13:16:50 [MQTT Call: ygw] WARN  com.example.mqtt.MessageData - No 'value' field found in message, skipping InfluxDB write.
2025-04-23 13:16:51 [MQTT Call: ygw] INFO  com.example.mqtt.MessageData - Topic: data/s/nhnacademy/b/gyeongnam_campus/p/campus/d/gem3500_1/n/강의실a_바닥1/e/power_meter
Message Data:
time: 1745381810827
type: 1
leakageCurrent: 0
current: 300
activePower: 513
reactivePower: -355
tapparentPower: 674
powerFactor: 76.15
currentUnbalance: 0
lines: 

2025-04-23 13:16:51 [MQTT Call: ygw] WARN  com.example.mqtt.MessageData - No 'value' field found in message, skipping InfluxDB write.
2025-04-23 13:16:51 [MQTT Call: ygw] INFO  com.example.mqtt.MessageData - Topic: data/s/nhnacademy/b/gyeongnam_campus/p/campus/d/gem3500_1/n/강의실a_바닥2/e/power_meter
Message Data:
time: 1745381810928
type: 2
leakageCurrent: 0
current: 204
activePower: 364
reactivePower: -189
tapparentPower: 441
powerFactor: 82.6
currentUnbalance: 0
lines: 

2025-04-23 13:16:51 [MQTT Call: ygw] WARN  com.example.mqtt.MessageData - No 'value' field found in message, skipping InfluxDB write.
2025-04-23 13:16:51 [MQTT Call: ygw] INFO  com.example.mqtt.MessageData - Topic: data/s/nhnacademy/b/gyeongnam_campus/p/campus/d/gem3500_1/n/프로젝터1/e/power_meter
Message Data:
time: 1745381811031
type: 3
leakageCurrent: 0
current: 101
activePower: 136
reactivePower: -153
tapparentPower: 225
powerFactor: 60.63
currentUnbalance: 0
lines: 

2025-04-23 13:16:51 [MQTT Call: ygw] WARN  com.example.mqtt.MessageData - No 'value' field found in message, skipping InfluxDB write.
2025-04-23 13:16:51 [MQTT Call: ygw] INFO  com.example.mqtt.MessageData - Topic: data/s/nhnacademy/b/gyeongnam_campus/p/campus/d/gem3500_1/n/프로젝터2/e/power_meter
Message Data:
time: 1745381811132
type: 1
leakageCurrent: 0
current: 39
activePower: 45
reactivePower: -69
tapparentPower: 86
powerFactor: 52.77
currentUnbalance: 0
lines: 

2025-04-23 13:16:51 [MQTT Call: ygw] WARN  com.example.mqtt.MessageData - No 'value' field found in message, skipping InfluxDB write.
2025-04-23 13:16:51 [MQTT Call: ygw] INFO  com.example.mqtt.MessageData - Topic: data/s/nhnacademy/b/gyeongnam_campus/p/campus/d/gem3500_1/n/회의실/e/power_meter
Message Data:
time: 1745381811233
type: 2
leakageCurrent: 0
current: 14
activePower: 4
reactivePower: -28
tapparentPower: 31
powerFactor: 15.38
currentUnbalance: 0
lines: 

2025-04-23 13:16:51 [MQTT Call: ygw] WARN  com.example.mqtt.MessageData - No 'value' field found in message, skipping InfluxDB write.
2025-04-23 13:16:52 [MQTT Call: ygw] INFO  com.example.mqtt.MessageData - Topic: data/s/nhnacademy/b/gyeongnam_campus/p/campus/d/gem3500_1/n/서버실/e/power_meter
Message Data:
time: 1745381811335
type: 3
leakageCurrent: 0
current: 200
activePower: 388
reactivePower: -112
tapparentPower: 439
powerFactor: 88.52
currentUnbalance: 0
lines: 

2025-04-23 13:16:52 [MQTT Call: ygw] WARN  com.example.mqtt.MessageData - No 'value' field found in message, skipping InfluxDB write.
2025-04-23 13:16:52 [MQTT Call: ygw] INFO  com.example.mqtt.MessageData - Topic: data/s/nhnacademy/b/gyeongnam_campus/p/campus/d/gem3500_1/n/간판/e/power_meter
Message Data:
time: 1745381811432
type: 1
leakageCurrent: 0
current: 0
activePower: 0
reactivePower: 0
tapparentPower: 0
powerFactor: 0
currentUnbalance: 0
lines: 

2025-04-23 13:16:52 [MQTT Call: ygw] WARN  com.example.mqtt.MessageData - No 'value' field found in message, skipping InfluxDB write.
2025-04-23 13:16:52 [MQTT Call: ygw] INFO  com.example.mqtt.MessageData - Topic: data/s/nhnacademy/b/gyeongnam_campus/p/campus/d/gem3500_1/n/페어룸/e/power_meter
Message Data:
time: 1745381811534
type: 2
leakageCurrent: 0
current: 0
activePower: 0
reactivePower: 0
tapparentPower: 0
powerFactor: 0
currentUnbalance: 0
lines: 

2025-04-23 13:16:52 [MQTT Call: ygw] WARN  com.example.mqtt.MessageData - No 'value' field found in message, skipping InfluxDB write.
2025-04-23 13:16:52 [MQTT Call: ygw] INFO  com.example.mqtt.MessageData - Topic: data/s/nhnacademy/b/gyeongnam_campus/p/campus/d/gem3500_1/n/사무실_전열1/e/power_meter
Message Data:
time: 1745381811636
type: 3
leakageCurrent: 0
current: 81
activePower: 98
reactivePower: -52
tapparentPower: 179
powerFactor: 54.66
currentUnbalance: 0
lines: 

2025-04-23 13:16:52 [MQTT Call: ygw] WARN  com.example.mqtt.MessageData - No 'value' field found in message, skipping InfluxDB write.
2025-04-23 13:16:52 [MQTT Call: ygw] INFO  com.example.mqtt.MessageData - Topic: data/s/nhnacademy/b/gyeongnam_campus/p/campus/d/gem3500_1/n/사무실_전열2/e/power_meter
Message Data:
time: 1745381811737
type: 3
leakageCurrent: 0
current: 114
activePower: 110
reactivePower: -62
tapparentPower: 218
powerFactor: 50.54
currentUnbalance: 0
lines: 

2025-04-23 13:16:52 [MQTT Call: ygw] WARN  com.example.mqtt.MessageData - No 'value' field found in message, skipping InfluxDB write.
2025-04-23 13:16:52 [MQTT Call: ygw] INFO  com.example.mqtt.MessageData - Topic: data/s/nhnacademy/b/gyeongnam_campus/p/campus/d/gem3500_1/n/사무실_복사기/e/power_meter
Message Data:
time: 1745381811838
type: 1
leakageCurrent: 0
current: 6
activePower: 9
reactivePower: -2
tapparentPower: 14
powerFactor: 66.67
currentUnbalance: 0
lines: 

2025-04-23 13:16:52 [MQTT Call: ygw] WARN  com.example.mqtt.MessageData - No 'value' field found in message, skipping InfluxDB write.
2025-04-23 13:16:52 [MQTT Call: ygw] INFO  com.example.mqtt.MessageData - Topic: data/s/nhnacademy/b/gyeongnam_campus/p/campus/d/gem3500_1/n/빌트인_전열/e/power_meter
Message Data:
time: 1745381811940
type: 2
leakageCurrent: 0
current: 5
activePower: 4
reactivePower: -7
tapparentPower: 14
powerFactor: 33.33
currentUnbalance: 0
lines: 

2025-04-23 13:16:52 [MQTT Call: ygw] WARN  com.example.mqtt.MessageData - No 'value' field found in message, skipping InfluxDB write.
2025-04-23 13:16:52 [MQTT Call: ygw] INFO  com.example.mqtt.MessageData - Topic: data/s/nhnacademy/b/gyeongnam_campus/p/campus/d/gem3500_1/n/사무실_전열3/e/power_meter
Message Data:
time: 1745381812043
type: 3
leakageCurrent: 0
current: 0
activePower: 0
reactivePower: 0
tapparentPower: 0
powerFactor: 0
currentUnbalance: 0
lines: 

2025-04-23 13:16:52 [MQTT Call: ygw] WARN  com.example.mqtt.MessageData - No 'value' field found in message, skipping InfluxDB write.
2025-04-23 13:16:52 [MQTT Call: ygw] INFO  com.example.mqtt.MessageData - Topic: data/s/nhnacademy/b/gyeongnam_campus/p/campus/d/gem3500_1/n/정수기/e/power_meter
Message Data:
time: 1745381812142
type: 1
leakageCurrent: 0
current: 268
activePower: 580
reactivePower: 117
tapparentPower: 592
powerFactor: 97.97
currentUnbalance: 0
lines: 

2025-04-23 13:16:52 [MQTT Call: ygw] WARN  com.example.mqtt.MessageData - No 'value' field found in message, skipping InfluxDB write.
2025-04-23 13:16:52 [MQTT Call: ygw] INFO  com.example.mqtt.MessageData - Topic: data/s/nhnacademy/b/gyeongnam_campus/p/campus/d/gem3500_1/n/하이브_전열/e/power_meter
Message Data:
time: 1745381812243
type: 2
leakageCurrent: 0
current: 65
activePower: 124
reactivePower: -45
tapparentPower: 143
powerFactor: 86.66
currentUnbalance: 0
lines: 

2025-04-23 13:16:52 [MQTT Call: ygw] WARN  com.example.mqtt.MessageData - No 'value' field found in message, skipping InfluxDB write.
2025-04-23 13:16:52 [MQTT Call: ygw] INFO  com.example.mqtt.MessageData - Topic: data/s/nhnacademy/b/gyeongnam_campus/p/campus/d/gem3500_1/n/바텐_전열/e/power_meter
Message Data:
time: 1745381812343
type: 3
leakageCurrent: 0
current: 0
activePower: 0
reactivePower: 0
tapparentPower: 0
powerFactor: 0
currentUnbalance: 0
lines: 

2025-04-23 13:16:52 [MQTT Call: ygw] WARN  com.example.mqtt.MessageData - No 'value' field found in message, skipping InfluxDB write.
2025-04-23 13:16:52 [MQTT Call: ygw] INFO  com.example.mqtt.MessageData - Topic: data/s/nhnacademy/b/gyeongnam_campus/p/campus/d/gem3500_1/n/S_P/e/power_meter
Message Data:
time: 1745381812446
type: 1
leakageCurrent: 0
current: 0
activePower: 0
reactivePower: 0
tapparentPower: 0
powerFactor: 0
currentUnbalance: 0
lines: 

2025-04-23 13:16:52 [MQTT Call: ygw] WARN  com.example.mqtt.MessageData - No 'value' field found in message, skipping InfluxDB write.
2025-04-23 13:16:52 [MQTT Call: ygw] INFO  com.example.mqtt.MessageData - Topic: data/s/nhnacademy/b/gyeongnam_campus/p/campus/d/gem3500_1/n/공조기/e/power_meter
Message Data:
time: 1745381812545
type: 2
leakageCurrent: 0
current: 200
activePower: 223
reactivePower: -21
tapparentPower: 439
powerFactor: 50.81
currentUnbalance: 0
lines: 

2025-04-23 13:16:52 [MQTT Call: ygw] WARN  com.example.mqtt.MessageData - No 'value' field found in message, skipping InfluxDB write.
2025-04-23 13:16:53 [MQTT Call: ygw] INFO  com.example.mqtt.MessageData - Topic: data/s/nhnacademy/b/gyeongnam_campus/p/campus/d/gem3500_1/n/AC/e/power_meter
Message Data:
time: 1745381812646
type: 3
leakageCurrent: 0
current: 16
activePower: 14
reactivePower: -23
tapparentPower: 35
powerFactor: 40
currentUnbalance: 0
lines: 

2025-04-23 13:16:53 [MQTT Call: ygw] WARN  com.example.mqtt.MessageData - No 'value' field found in message, skipping InfluxDB write.
2025-04-23 13:16:54 [MQTT Call: ygw] INFO  com.example.mqtt.MessageData - Topic: data/s/nhnacademy/b/gyeongnam_campus/p/office/d/24e124126d152919/n/보드/e/temperature
Message Data:
time: 1745381813477
value: 24.5

2025-04-23 13:16:54 [MQTT Call: ygw] INFO  com.example.mqtt.InfluxDBService - Extracted tagkey -> location: office, kind: 보드, data: temperature
Value into InfluxDB: 24.5
2025-04-23 13:16:54 [MQTT Call: ygw] INFO  com.example.mqtt.MessageData - Data sent to InfluxDBService: data/s/nhnacademy/b/gyeongnam_campus/p/office/d/24e124126d152919/n/보드/e/temperature -> 24.5
2025-04-23 13:16:55 [MQTT Call: ygw] INFO  com.example.mqtt.MessageData - Topic: data/s/nhnacademy/b/gyeongnam_campus/p/office/d/24e124126d152919/n/보드/e/co2
Message Data:
time: 1745381813477
value: 735

2025-04-23 13:16:55 [MQTT Call: ygw] INFO  com.example.mqtt.InfluxDBService - Extracted tagkey -> location: office, kind: 보드, data: co2
Value into InfluxDB: 735.0
2025-04-23 13:16:55 [MQTT Call: ygw] INFO  com.example.mqtt.MessageData - Data sent to InfluxDBService: data/s/nhnacademy/b/gyeongnam_campus/p/office/d/24e124126d152919/n/보드/e/co2 -> 735.0
2025-04-23 13:16:55 [MQTT Call: ygw] INFO  com.example.mqtt.MessageData - Topic: data/s/nhnacademy/b/gyeongnam_campus/p/office/d/24e124126d152919/n/보드/e/humidity
Message Data:
time: 1745381813477
value: 49

2025-04-23 13:16:55 [MQTT Call: ygw] INFO  com.example.mqtt.InfluxDBService - Extracted tagkey -> location: office, kind: 보드, data: humidity
Value into InfluxDB: 49.0
2025-04-23 13:16:55 [MQTT Call: ygw] INFO  com.example.mqtt.MessageData - Data sent to InfluxDBService: data/s/nhnacademy/b/gyeongnam_campus/p/office/d/24e124126d152919/n/보드/e/humidity -> 49.0
2025-04-23 13:16:55 [MQTT Call: ygw] INFO  com.example.mqtt.MessageData - Topic: data/s/nhnacademy/b/gyeongnam_campus/p/office/d/24e124126d152919/n/보드/e/pressure
Message Data:
time: 1745381813477
value: 1005

2025-04-23 13:16:55 [MQTT Call: ygw] INFO  com.example.mqtt.InfluxDBService - Extracted tagkey -> location: office, kind: 보드, data: pressure
Value into InfluxDB: 1005.0
2025-04-23 13:16:55 [MQTT Call: ygw] INFO  com.example.mqtt.MessageData - Data sent to InfluxDBService: data/s/nhnacademy/b/gyeongnam_campus/p/office/d/24e124126d152919/n/보드/e/pressure -> 1005.0
2025-04-23 13:16:55 [MQTT Call: ygw] INFO  com.example.mqtt.MessageData - Topic: data/s/nhnacademy/b/gyeongnam_campus/p/office/d/24e124126d152919/n/보드/g/24e124fffef79304/e/lora
Message Data:
time: 1745381813477
value: 

2025-04-23 13:16:55 [MQTT Call: ygw] INFO  com.example.mqtt.InfluxDBService - Extracted tagkey -> location: office, kind: 보드, data: lora
Value into InfluxDB: 0.0
2025-04-23 13:16:55 [MQTT Call: ygw] INFO  com.example.mqtt.MessageData - Data sent to InfluxDBService: data/s/nhnacademy/b/gyeongnam_campus/p/office/d/24e124126d152919/n/보드/g/24e124fffef79304/e/lora -> 0.0
2025-04-23 13:16:55 [MQTT Call: ygw] INFO  com.example.mqtt.MessageData - Topic: data/s/nhnacademy/b/gyeongnam_campus/p/office/d/24e124126d152919/n/보드/g/24e124fffef5dccc/e/lora
Message Data:
time: 1745381813477
value: 

2025-04-23 13:16:55 [MQTT Call: ygw] INFO  com.example.mqtt.InfluxDBService - Extracted tagkey -> location: office, kind: 보드, data: lora
Value into InfluxDB: 0.0
2025-04-23 13:16:55 [MQTT Call: ygw] INFO  com.example.mqtt.MessageData - Data sent to InfluxDBService: data/s/nhnacademy/b/gyeongnam_campus/p/office/d/24e124126d152919/n/보드/g/24e124fffef5dccc/e/lora -> 0.0
2025-04-23 13:16:55 [MQTT Call: ygw] INFO  com.example.mqtt.MessageData - Topic: data/s/nhnacademy/b/gyeongnam_campus/p/pair_room/d/24e124617d159573/n/2/e/battery
Message Data:
time: 1745381814035
value: 32

2025-04-23 13:16:55 [MQTT Call: ygw] INFO  com.example.mqtt.InfluxDBService - Extracted tagkey -> location: pair_room, kind: 2, data: battery
Value into InfluxDB: 32.0
2025-04-23 13:16:55 [MQTT Call: ygw] INFO  com.example.mqtt.MessageData - Data sent to InfluxDBService: data/s/nhnacademy/b/gyeongnam_campus/p/pair_room/d/24e124617d159573/n/2/e/battery -> 32.0
2025-04-23 13:16:55 [MQTT Call: ygw] INFO  com.example.mqtt.MessageData - Topic: data/s/nhnacademy/b/gyeongnam_campus/p/pair_room/d/24e124617d159573/n/2/e/distance
Message Data:
time: 1745381814035
value: 2234

2025-04-23 13:16:55 [MQTT Call: ygw] INFO  com.example.mqtt.InfluxDBService - Extracted tagkey -> location: pair_room, kind: 2, data: distance
Value into InfluxDB: 2234.0
2025-04-23 13:16:55 [MQTT Call: ygw] INFO  com.example.mqtt.MessageData - Data sent to InfluxDBService: data/s/nhnacademy/b/gyeongnam_campus/p/pair_room/d/24e124617d159573/n/2/e/distance -> 2234.0
2025-04-23 13:16:55 [MQTT Call: ygw] INFO  com.example.mqtt.MessageData - Topic: data/s/nhnacademy/b/gyeongnam_campus/p/pair_room/d/24e124617d159573/n/2/e/occupancy
Message Data:
time: 1745381814035
value: 0

2025-04-23 13:16:55 [MQTT Call: ygw] INFO  com.example.mqtt.InfluxDBService - Extracted tagkey -> location: pair_room, kind: 2, data: occupancy
Value into InfluxDB: 0.0
2025-04-23 13:16:55 [MQTT Call: ygw] INFO  com.example.mqtt.MessageData - Data sent to InfluxDBService: data/s/nhnacademy/b/gyeongnam_campus/p/pair_room/d/24e124617d159573/n/2/e/occupancy -> 0.0
2025-04-23 13:16:55 [MQTT Call: ygw] INFO  com.example.mqtt.MessageData - Topic: data/s/nhnacademy/b/gyeongnam_campus/p/pair_room/d/24e124617d159573/n/2/g/24e124fffef79304/e/lora
Message Data:
time: 1745381814035
value: 

2025-04-23 13:16:55 [MQTT Call: ygw] INFO  com.example.mqtt.InfluxDBService - Extracted tagkey -> location: pair_room, kind: 2, data: lora
Value into InfluxDB: 0.0
2025-04-23 13:16:55 [MQTT Call: ygw] INFO  com.example.mqtt.MessageData - Data sent to InfluxDBService: data/s/nhnacademy/b/gyeongnam_campus/p/pair_room/d/24e124617d159573/n/2/g/24e124fffef79304/e/lora -> 0.0
2025-04-23 13:17:10 [MQTT Call: ygw] INFO  com.example.mqtt.MessageData - Topic: data/s/nhnacademy/b/gyeongnam_campus/p/hive/d/24e124785c389010/n/정수기 위/e/temperature
Message Data:
time: 1745381830187
value: 23.5

2025-04-23 13:17:10 [MQTT Call: ygw] INFO  com.example.mqtt.InfluxDBService - Extracted tagkey -> location: hive, kind: 정수기 위, data: temperature
Value into InfluxDB: 23.5
2025-04-23 13:17:10 [MQTT Call: ygw] INFO  com.example.mqtt.MessageData - Data sent to InfluxDBService: data/s/nhnacademy/b/gyeongnam_campus/p/hive/d/24e124785c389010/n/정수기 위/e/temperature -> 23.5
2025-04-23 13:17:11 [MQTT Call: ygw] INFO  com.example.mqtt.MessageData - Topic: data/s/nhnacademy/b/gyeongnam_campus/p/hive/d/24e124785c389010/n/정수기 위/e/humidity
Message Data:
time: 1745381830187
value: 44.5

2025-04-23 13:17:11 [MQTT Call: ygw] INFO  com.example.mqtt.InfluxDBService - Extracted tagkey -> location: hive, kind: 정수기 위, data: humidity
Value into InfluxDB: 44.5
2025-04-23 13:17:11 [MQTT Call: ygw] INFO  com.example.mqtt.MessageData - Data sent to InfluxDBService: data/s/nhnacademy/b/gyeongnam_campus/p/hive/d/24e124785c389010/n/정수기 위/e/humidity -> 44.5
2025-04-23 13:17:11 [MQTT Call: ygw] INFO  com.example.mqtt.MessageData - Topic: data/s/nhnacademy/b/gyeongnam_campus/p/hive/d/24e124785c389010/n/정수기 위/e/battery
Message Data:
time: 1745381830187
value: 85

2025-04-23 13:17:11 [MQTT Call: ygw] INFO  com.example.mqtt.InfluxDBService - Extracted tagkey -> location: hive, kind: 정수기 위, data: battery
Value into InfluxDB: 85.0
2025-04-23 13:17:11 [MQTT Call: ygw] INFO  com.example.mqtt.MessageData - Data sent to InfluxDBService: data/s/nhnacademy/b/gyeongnam_campus/p/hive/d/24e124785c389010/n/정수기 위/e/battery -> 85.0
2025-04-23 13:17:11 [MQTT Call: ygw] INFO  com.example.mqtt.MessageData - Topic: data/s/nhnacademy/b/gyeongnam_campus/p/hive/d/24e124785c389010/n/정수기 위/g/24e124fffef5dccc/e/lora
Message Data:
time: 1745381830187
value: 

2025-04-23 13:17:11 [MQTT Call: ygw] INFO  com.example.mqtt.InfluxDBService - Extracted tagkey -> location: hive, kind: 정수기 위, data: lora
Value into InfluxDB: 0.0
2025-04-23 13:17:11 [MQTT Call: ygw] INFO  com.example.mqtt.MessageData - Data sent to InfluxDBService: data/s/nhnacademy/b/gyeongnam_campus/p/hive/d/24e124785c389010/n/정수기 위/g/24e124fffef5dccc/e/lora -> 0.0
2025-04-23 13:17:11 [MQTT Call: ygw] INFO  com.example.mqtt.MessageData - Topic: data/s/nhnacademy/b/gyeongnam_campus/p/hive/d/24e124785c389010/n/정수기 위/g/24e124fffef79304/e/lora
Message Data:
time: 1745381830187
value: 

2025-04-23 13:17:11 [MQTT Call: ygw] INFO  com.example.mqtt.InfluxDBService - Extracted tagkey -> location: hive, kind: 정수기 위, data: lora
Value into InfluxDB: 0.0
2025-04-23 13:17:11 [MQTT Call: ygw] INFO  com.example.mqtt.MessageData - Data sent to InfluxDBService: data/s/nhnacademy/b/gyeongnam_campus/p/hive/d/24e124785c389010/n/정수기 위/g/24e124fffef79304/e/lora -> 0.0
2025-04-23 13:17:15 [MQTT Call: ygw] INFO  com.example.mqtt.MessageData - Topic: data/s/nhnacademy/b/gyeongnam_campus/p/hive/d/24e124725d081175/sp/8인 책상/n/8인 책상/e/humidity
Message Data:
time: 1745381834659
value: 43

2025-04-23 13:17:15 [MQTT Call: ygw] INFO  com.example.mqtt.InfluxDBService - Extracted tagkey -> location: hive, kind: 8인 책상, data: humidity
Value into InfluxDB: 43.0
2025-04-23 13:17:15 [MQTT Call: ygw] INFO  com.example.mqtt.MessageData - Data sent to InfluxDBService: data/s/nhnacademy/b/gyeongnam_campus/p/hive/d/24e124725d081175/sp/8인 책상/n/8인 책상/e/humidity -> 43.0
2025-04-23 13:17:18 [MQTT Call: ygw] INFO  com.example.mqtt.MessageData - Topic: data/s/nhnacademy/b/gyeongnam_campus/p/hive/d/24e124725d081175/sp/8인 책상/n/8인 책상/e/battery
Message Data:
time: 1745381834659
value: 76

2025-04-23 13:17:18 [MQTT Call: ygw] INFO  com.example.mqtt.InfluxDBService - Extracted tagkey -> location: hive, kind: 8인 책상, data: battery
Value into InfluxDB: 76.0
2025-04-23 13:17:18 [MQTT Call: ygw] INFO  com.example.mqtt.MessageData - Data sent to InfluxDBService: data/s/nhnacademy/b/gyeongnam_campus/p/hive/d/24e124725d081175/sp/8인 책상/n/8인 책상/e/battery -> 76.0
2025-04-23 13:17:18 [MQTT Call: ygw] INFO  com.example.mqtt.MessageData - Topic: data/s/nhnacademy/b/gyeongnam_campus/p/hive/d/24e124725d081175/sp/8인 책상/n/8인 책상/e/co2
Message Data:
time: 1745381834659
value: 544

2025-04-23 13:17:18 [MQTT Call: ygw] INFO  com.example.mqtt.InfluxDBService - Extracted tagkey -> location: hive, kind: 8인 책상, data: co2
Value into InfluxDB: 544.0
2025-04-23 13:17:18 [MQTT Call: ygw] INFO  com.example.mqtt.MessageData - Data sent to InfluxDBService: data/s/nhnacademy/b/gyeongnam_campus/p/hive/d/24e124725d081175/sp/8인 책상/n/8인 책상/e/co2 -> 544.0
2025-04-23 13:17:18 [MQTT Call: ygw] INFO  com.example.mqtt.MessageData - Topic: data/s/nhnacademy/b/gyeongnam_campus/p/hive/d/24e124725d081175/sp/8인 책상/n/8인 책상/e/temperature
Message Data:
time: 1745381834659
value: 24.1

2025-04-23 13:17:18 [MQTT Call: ygw] INFO  com.example.mqtt.InfluxDBService - Extracted tagkey -> location: hive, kind: 8인 책상, data: temperature
Value into InfluxDB: 24.1
2025-04-23 13:17:18 [MQTT Call: ygw] INFO  com.example.mqtt.MessageData - Data sent to InfluxDBService: data/s/nhnacademy/b/gyeongnam_campus/p/hive/d/24e124725d081175/sp/8인 책상/n/8인 책상/e/temperature -> 24.1
2025-04-23 13:17:18 [MQTT Call: ygw] INFO  com.example.mqtt.MessageData - Topic: data/s/nhnacademy/b/gyeongnam_campus/p/hive/d/24e124725d081175/sp/8인 책상/n/8인 책상/g/24e124fffef79304/e/lora
Message Data:
time: 1745381834659
value: 

2025-04-23 13:17:18 [MQTT Call: ygw] INFO  com.example.mqtt.InfluxDBService - Extracted tagkey -> location: hive, kind: 8인 책상, data: lora
Value into InfluxDB: 0.0
2025-04-23 13:17:18 [MQTT Call: ygw] INFO  com.example.mqtt.MessageData - Data sent to InfluxDBService: data/s/nhnacademy/b/gyeongnam_campus/p/hive/d/24e124725d081175/sp/8인 책상/n/8인 책상/g/24e124fffef79304/e/lora -> 0.0
2025-04-23 13:17:18 [MQTT Call: ygw] INFO  com.example.mqtt.MessageData - Topic: data/s/nhnacademy/b/gyeongnam_campus/p/hive/d/24e124725d081175/sp/8인 책상/n/8인 책상/g/24e124fffef5dccc/e/lora
Message Data:
time: 1745381834659
value: 

2025-04-23 13:17:18 [MQTT Call: ygw] INFO  com.example.mqtt.InfluxDBService - Extracted tagkey -> location: hive, kind: 8인 책상, data: lora
Value into InfluxDB: 0.0
2025-04-23 13:17:18 [MQTT Call: ygw] INFO  com.example.mqtt.MessageData - Data sent to InfluxDBService: data/s/nhnacademy/b/gyeongnam_campus/p/hive/d/24e124725d081175/sp/8인 책상/n/8인 책상/g/24e124fffef5dccc/e/lora -> 0.0
2025-04-23 13:17:22 [MQTT Call: ygw] INFO  com.example.mqtt.MessageData - Topic: data/s/nhnacademy/b/gyeongnam_campus/p/class_a/d/24e124128c067999/sp/입구/n/입구/e/humidity
Message Data:
time: 1745381837928
value: 46.5

2025-04-23 13:17:22 [MQTT Call: ygw] INFO  com.example.mqtt.InfluxDBService - Extracted tagkey -> location: class_a, kind: 입구, data: humidity
Value into InfluxDB: 46.5
2025-04-23 13:17:22 [MQTT Call: ygw] INFO  com.example.mqtt.MessageData - Data sent to InfluxDBService: data/s/nhnacademy/b/gyeongnam_campus/p/class_a/d/24e124128c067999/sp/입구/n/입구/e/humidity -> 46.5
2025-04-23 13:17:22 [MQTT Call: ygw] INFO  com.example.mqtt.MessageData - Topic: data/s/nhnacademy/b/gyeongnam_campus/p/class_a/d/24e124128c067999/sp/입구/n/입구/e/tvoc
Message Data:
time: 1745381837928
value: 297

2025-04-23 13:17:22 [MQTT Call: ygw] INFO  com.example.mqtt.InfluxDBService - Extracted tagkey -> location: class_a, kind: 입구, data: tvoc
Value into InfluxDB: 297.0
2025-04-23 13:17:22 [MQTT Call: ygw] INFO  com.example.mqtt.MessageData - Data sent to InfluxDBService: data/s/nhnacademy/b/gyeongnam_campus/p/class_a/d/24e124128c067999/sp/입구/n/입구/e/tvoc -> 297.0
2025-04-23 13:17:22 [MQTT Call: ygw] INFO  com.example.mqtt.MessageData - Topic: data/s/nhnacademy/b/gyeongnam_campus/p/class_a/d/24e124128c067999/sp/입구/n/입구/e/illumination
Message Data:
time: 1745381837928
value: 63

2025-04-23 13:17:22 [MQTT Call: ygw] INFO  com.example.mqtt.InfluxDBService - Extracted tagkey -> location: class_a, kind: 입구, data: illumination
Value into InfluxDB: 63.0
2025-04-23 13:17:22 [MQTT Call: ygw] INFO  com.example.mqtt.MessageData - Data sent to InfluxDBService: data/s/nhnacademy/b/gyeongnam_campus/p/class_a/d/24e124128c067999/sp/입구/n/입구/e/illumination -> 63.0
2025-04-23 13:17:22 [MQTT Call: ygw] INFO  com.example.mqtt.MessageData - Topic: data/s/nhnacademy/b/gyeongnam_campus/p/class_a/d/24e124128c067999/sp/입구/n/입구/e/infrared_and_visible
Message Data:
time: 1745381837928
value: 46

2025-04-23 13:17:22 [MQTT Call: ygw] INFO  com.example.mqtt.InfluxDBService - Extracted tagkey -> location: class_a, kind: 입구, data: infrared_and_visible
Value into InfluxDB: 46.0
2025-04-23 13:17:22 [MQTT Call: ygw] INFO  com.example.mqtt.MessageData - Data sent to InfluxDBService: data/s/nhnacademy/b/gyeongnam_campus/p/class_a/d/24e124128c067999/sp/입구/n/입구/e/infrared_and_visible -> 46.0
2025-04-23 13:17:22 [MQTT Call: ygw] INFO  com.example.mqtt.MessageData - Topic: data/s/nhnacademy/b/gyeongnam_campus/p/class_a/d/24e124128c067999/sp/입구/n/입구/e/activity
Message Data:
time: 1745381837928
value: 0

2025-04-23 13:17:22 [MQTT Call: ygw] INFO  com.example.mqtt.InfluxDBService - Extracted tagkey -> location: class_a, kind: 입구, data: activity
Value into InfluxDB: 0.0
2025-04-23 13:17:22 [MQTT Call: ygw] INFO  com.example.mqtt.MessageData - Data sent to InfluxDBService: data/s/nhnacademy/b/gyeongnam_campus/p/class_a/d/24e124128c067999/sp/입구/n/입구/e/activity -> 0.0
2025-04-23 13:17:22 [MQTT Call: ygw] INFO  com.example.mqtt.MessageData - Topic: data/s/nhnacademy/b/gyeongnam_campus/p/class_a/d/24e124128c067999/sp/입구/n/입구/e/co2
Message Data:
time: 1745381837928
value: 986

2025-04-23 13:17:22 [MQTT Call: ygw] INFO  com.example.mqtt.InfluxDBService - Extracted tagkey -> location: class_a, kind: 입구, data: co2
Value into InfluxDB: 986.0
2025-04-23 13:17:22 [MQTT Call: ygw] INFO  com.example.mqtt.MessageData - Data sent to InfluxDBService: data/s/nhnacademy/b/gyeongnam_campus/p/class_a/d/24e124128c067999/sp/입구/n/입구/e/co2 -> 986.0
2025-04-23 13:17:22 [MQTT Call: ygw] INFO  com.example.mqtt.MessageData - Topic: data/s/nhnacademy/b/gyeongnam_campus/p/class_a/d/24e124128c067999/sp/입구/n/입구/e/pressure
Message Data:
time: 1745381837928
value: 997.7

2025-04-23 13:17:22 [MQTT Call: ygw] INFO  com.example.mqtt.InfluxDBService - Extracted tagkey -> location: class_a, kind: 입구, data: pressure
Value into InfluxDB: 997.7
2025-04-23 13:17:22 [MQTT Call: ygw] INFO  com.example.mqtt.MessageData - Data sent to InfluxDBService: data/s/nhnacademy/b/gyeongnam_campus/p/class_a/d/24e124128c067999/sp/입구/n/입구/e/pressure -> 997.7
2025-04-23 13:17:22 [MQTT Call: ygw] INFO  com.example.mqtt.MessageData - Topic: data/s/nhnacademy/b/gyeongnam_campus/p/class_a/d/24e124128c067999/sp/입구/n/입구/e/infrared
Message Data:
time: 1745381837928
value: 8

2025-04-23 13:17:22 [MQTT Call: ygw] INFO  com.example.mqtt.InfluxDBService - Extracted tagkey -> location: class_a, kind: 입구, data: infrared
Value into InfluxDB: 8.0
2025-04-23 13:17:22 [MQTT Call: ygw] INFO  com.example.mqtt.MessageData - Data sent to InfluxDBService: data/s/nhnacademy/b/gyeongnam_campus/p/class_a/d/24e124128c067999/sp/입구/n/입구/e/infrared -> 8.0
2025-04-23 13:17:22 [MQTT Call: ygw] INFO  com.example.mqtt.MessageData - Topic: data/s/nhnacademy/b/gyeongnam_campus/p/class_a/d/24e124128c067999/sp/입구/n/입구/e/temperature
Message Data:
time: 1745381837928
value: 24

2025-04-23 13:17:22 [MQTT Call: ygw] INFO  com.example.mqtt.InfluxDBService - Extracted tagkey -> location: class_a, kind: 입구, data: temperature
Value into InfluxDB: 24.0
2025-04-23 13:17:22 [MQTT Call: ygw] INFO  com.example.mqtt.MessageData - Data sent to InfluxDBService: data/s/nhnacademy/b/gyeongnam_campus/p/class_a/d/24e124128c067999/sp/입구/n/입구/e/temperature -> 24.0
2025-04-23 13:17:22 [MQTT Call: ygw] INFO  com.example.mqtt.MessageData - Topic: data/s/nhnacademy/b/gyeongnam_campus/p/class_a/d/24e124128c067999/sp/입구/n/입구/g/24e124fffef79304/e/lora
Message Data:
time: 1745381837928
value: 

2025-04-23 13:17:22 [MQTT Call: ygw] INFO  com.example.mqtt.InfluxDBService - Extracted tagkey -> location: class_a, kind: 입구, data: lora
Value into InfluxDB: 0.0
2025-04-23 13:17:22 [MQTT Call: ygw] INFO  com.example.mqtt.MessageData - Data sent to InfluxDBService: data/s/nhnacademy/b/gyeongnam_campus/p/class_a/d/24e124128c067999/sp/입구/n/입구/g/24e124fffef79304/e/lora -> 0.0
2025-04-23 13:17:22 [MQTT Call: ygw] INFO  com.example.mqtt.MessageData - Topic: data/s/nhnacademy/b/gyeongnam_campus/p/class_a/d/24e124128c067999/sp/입구/n/입구/g/24e124fffef5dccc/e/lora
Message Data:
time: 1745381837928
value: 

2025-04-23 13:17:22 [MQTT Call: ygw] INFO  com.example.mqtt.InfluxDBService - Extracted tagkey -> location: class_a, kind: 입구, data: lora
Value into InfluxDB: 0.0
2025-04-23 13:17:22 [MQTT Call: ygw] INFO  com.example.mqtt.MessageData - Data sent to InfluxDBService: data/s/nhnacademy/b/gyeongnam_campus/p/class_a/d/24e124128c067999/sp/입구/n/입구/g/24e124fffef5dccc/e/lora -> 0.0
2025-04-23 13:17:24 [MQTT Call: ygw] INFO  com.example.mqtt.MessageData - Topic: data/s/nhnacademy/b/gyeongnam_campus/p/server_room/d/24e124136d151368/n/입구/e/temperature
Message Data:
time: 1745381843725
value: 23.9

2025-04-23 13:17:24 [MQTT Call: ygw] INFO  com.example.mqtt.InfluxDBService - Extracted tagkey -> location: server_room, kind: 입구, data: temperature
Value into InfluxDB: 23.9
2025-04-23 13:17:24 [MQTT Call: ygw] INFO  com.example.mqtt.MessageData - Data sent to InfluxDBService: data/s/nhnacademy/b/gyeongnam_campus/p/server_room/d/24e124136d151368/n/입구/e/temperature -> 23.9
2025-04-23 13:17:25 [MQTT Call: ygw] INFO  com.example.mqtt.MessageData - Topic: data/s/nhnacademy/b/gyeongnam_campus/p/server_room/d/24e124136d151368/n/입구/e/humidity
Message Data:
time: 1745381843725
value: 47

2025-04-23 13:17:25 [MQTT Call: ygw] INFO  com.example.mqtt.InfluxDBService - Extracted tagkey -> location: server_room, kind: 입구, data: humidity
Value into InfluxDB: 47.0
2025-04-23 13:17:25 [MQTT Call: ygw] INFO  com.example.mqtt.MessageData - Data sent to InfluxDBService: data/s/nhnacademy/b/gyeongnam_campus/p/server_room/d/24e124136d151368/n/입구/e/humidity -> 47.0
2025-04-23 13:17:25 [MQTT Call: ygw] INFO  com.example.mqtt.MessageData - Topic: data/s/nhnacademy/b/gyeongnam_campus/p/server_room/d/24e124136d151368/n/입구/g/24e124fffef79304/e/lora
Message Data:
time: 1745381843725
value: 

2025-04-23 13:17:25 [MQTT Call: ygw] INFO  com.example.mqtt.InfluxDBService - Extracted tagkey -> location: server_room, kind: 입구, data: lora
Value into InfluxDB: 0.0
2025-04-23 13:17:25 [MQTT Call: ygw] INFO  com.example.mqtt.MessageData - Data sent to InfluxDBService: data/s/nhnacademy/b/gyeongnam_campus/p/server_room/d/24e124136d151368/n/입구/g/24e124fffef79304/e/lora -> 0.0
2025-04-23 13:17:25 [MQTT Call: ygw] INFO  com.example.mqtt.MessageData - Topic: data/s/nhnacademy/b/gyeongnam_campus/p/server_room/d/24e124136d151368/n/입구/g/24e124fffef5dccc/e/lora
Message Data:
time: 1745381843725
value: 

2025-04-23 13:17:25 [MQTT Call: ygw] INFO  com.example.mqtt.InfluxDBService - Extracted tagkey -> location: server_room, kind: 입구, data: lora
Value into InfluxDB: 0.0
2025-04-23 13:17:25 [MQTT Call: ygw] INFO  com.example.mqtt.MessageData - Data sent to InfluxDBService: data/s/nhnacademy/b/gyeongnam_campus/p/server_room/d/24e124136d151368/n/입구/g/24e124fffef5dccc/e/lora -> 0.0
2025-04-23 13:17:27 [MQTT Call: ygw] INFO  com.example.mqtt.MessageData - Topic: data/s/nhnacademy/b/gyeongnam_campus/p/hive/d/24e124126c452091/sp/farm/n/스마트팜/e/temperature
Message Data:
time: 1745381844172
value: 23.2

2025-04-23 13:17:27 [MQTT Call: ygw] INFO  com.example.mqtt.InfluxDBService - Extracted tagkey -> location: hive, kind: 스마트팜, data: temperature
Value into InfluxDB: 23.2
2025-04-23 13:17:27 [MQTT Call: ygw] INFO  com.example.mqtt.MessageData - Data sent to InfluxDBService: data/s/nhnacademy/b/gyeongnam_campus/p/hive/d/24e124126c452091/sp/farm/n/스마트팜/e/temperature -> 23.2
2025-04-23 13:17:27 [MQTT Call: ygw] INFO  com.example.mqtt.MessageData - Topic: data/s/nhnacademy/b/gyeongnam_campus/p/hive/d/24e124126c452091/sp/farm/n/스마트팜/g/24e124fffef5dccc/e/lora
Message Data:
time: 1745381844172
value: 

2025-04-23 13:17:27 [MQTT Call: ygw] INFO  com.example.mqtt.InfluxDBService - Extracted tagkey -> location: hive, kind: 스마트팜, data: lora
Value into InfluxDB: 0.0
2025-04-23 13:17:27 [MQTT Call: ygw] INFO  com.example.mqtt.MessageData - Data sent to InfluxDBService: data/s/nhnacademy/b/gyeongnam_campus/p/hive/d/24e124126c452091/sp/farm/n/스마트팜/g/24e124fffef5dccc/e/lora -> 0.0
2025-04-23 13:17:27 [MQTT Call: ygw] INFO  com.example.mqtt.MessageData - Topic: data/s/nhnacademy/b/gyeongnam_campus/p/hive/d/24e124126c452091/sp/farm/n/스마트팜/g/24e124fffef79304/e/lora
Message Data:
time: 1745381844172
value: 

2025-04-23 13:17:27 [MQTT Call: ygw] INFO  com.example.mqtt.InfluxDBService - Extracted tagkey -> location: hive, kind: 스마트팜, data: lora
Value into InfluxDB: 0.0
2025-04-23 13:17:27 [MQTT Call: ygw] INFO  com.example.mqtt.MessageData - Data sent to InfluxDBService: data/s/nhnacademy/b/gyeongnam_campus/p/hive/d/24e124126c452091/sp/farm/n/스마트팜/g/24e124fffef79304/e/lora -> 0.0
2025-04-23 13:17:28 [MQTT Call: ygw] INFO  com.example.mqtt.MessageData - Topic: data/s/nhnacademy/b/gyeongnam_campus/p/hive/d/24e124126d111937/sp/farm/n/스마트팜/e/illumination
Message Data:
time: 1745381847527
value: 320

2025-04-23 13:17:28 [MQTT Call: ygw] INFO  com.example.mqtt.InfluxDBService - Extracted tagkey -> location: hive, kind: 스마트팜, data: illumination
Value into InfluxDB: 320.0
2025-04-23 13:17:28 [MQTT Call: ygw] INFO  com.example.mqtt.MessageData - Data sent to InfluxDBService: data/s/nhnacademy/b/gyeongnam_campus/p/hive/d/24e124126d111937/sp/farm/n/스마트팜/e/illumination -> 320.0
2025-04-23 13:17:31 [MQTT Call: ygw] INFO  com.example.mqtt.MessageData - Topic: data/s/nhnacademy/b/gyeongnam_campus/p/hive/d/24e124126d111937/sp/farm/n/스마트팜/g/24e124fffef5dccc/e/lora
Message Data:
time: 1745381847527
value: 

2025-04-23 13:17:31 [MQTT Call: ygw] INFO  com.example.mqtt.InfluxDBService - Extracted tagkey -> location: hive, kind: 스마트팜, data: lora
Value into InfluxDB: 0.0
2025-04-23 13:17:31 [MQTT Call: ygw] INFO  com.example.mqtt.MessageData - Data sent to InfluxDBService: data/s/nhnacademy/b/gyeongnam_campus/p/hive/d/24e124126d111937/sp/farm/n/스마트팜/g/24e124fffef5dccc/e/lora -> 0.0
2025-04-23 13:17:31 [MQTT Call: ygw] INFO  com.example.mqtt.MessageData - Topic: data/s/nhnacademy/b/gyeongnam_campus/p/hive/d/24e124126d111937/sp/farm/n/스마트팜/g/24e124fffef79304/e/lora
Message Data:
time: 1745381847527
value: 

2025-04-23 13:17:31 [MQTT Call: ygw] INFO  com.example.mqtt.InfluxDBService - Extracted tagkey -> location: hive, kind: 스마트팜, data: lora
Value into InfluxDB: 0.0
2025-04-23 13:17:31 [MQTT Call: ygw] INFO  com.example.mqtt.MessageData - Data sent to InfluxDBService: data/s/nhnacademy/b/gyeongnam_campus/p/hive/d/24e124126d111937/sp/farm/n/스마트팜/g/24e124fffef79304/e/lora -> 0.0
2025-04-23 13:17:35 [MQTT Call: ygw] INFO  com.example.mqtt.MessageData - Topic: data/s/nhnacademy/b/gyeongnam_campus/p/class_a/d/24e124126d152969/n/왼쪽 뒤/e/co2
Message Data:
time: 1745381853637
value: 1095

2025-04-23 13:17:35 [MQTT Call: ygw] INFO  com.example.mqtt.InfluxDBService - Extracted tagkey -> location: class_a, kind: 왼쪽 뒤, data: co2
Value into InfluxDB: 1095.0
2025-04-23 13:17:35 [MQTT Call: ygw] INFO  com.example.mqtt.MessageData - Data sent to InfluxDBService: data/s/nhnacademy/b/gyeongnam_campus/p/class_a/d/24e124126d152969/n/왼쪽 뒤/e/co2 -> 1095.0
2025-04-23 13:17:35 [MQTT Call: ygw] INFO  com.example.mqtt.MessageData - Topic: data/s/nhnacademy/b/gyeongnam_campus/p/class_a/d/24e124126d152969/n/왼쪽 뒤/e/humidity
Message Data:
time: 1745381853637
value: 51.5

2025-04-23 13:17:35 [MQTT Call: ygw] INFO  com.example.mqtt.InfluxDBService - Extracted tagkey -> location: class_a, kind: 왼쪽 뒤, data: humidity
Value into InfluxDB: 51.5
2025-04-23 13:17:35 [MQTT Call: ygw] INFO  com.example.mqtt.MessageData - Data sent to InfluxDBService: data/s/nhnacademy/b/gyeongnam_campus/p/class_a/d/24e124126d152969/n/왼쪽 뒤/e/humidity -> 51.5
2025-04-23 13:17:35 [MQTT Call: ygw] INFO  com.example.mqtt.MessageData - Topic: data/s/nhnacademy/b/gyeongnam_campus/p/class_a/d/24e124126d152969/n/왼쪽 뒤/e/temperature
Message Data:
time: 1745381853637
value: 23.5

2025-04-23 13:17:35 [MQTT Call: ygw] INFO  com.example.mqtt.InfluxDBService - Extracted tagkey -> location: class_a, kind: 왼쪽 뒤, data: temperature
Value into InfluxDB: 23.5
2025-04-23 13:17:35 [MQTT Call: ygw] INFO  com.example.mqtt.MessageData - Data sent to InfluxDBService: data/s/nhnacademy/b/gyeongnam_campus/p/class_a/d/24e124126d152969/n/왼쪽 뒤/e/temperature -> 23.5
2025-04-23 13:17:35 [MQTT Call: ygw] INFO  com.example.mqtt.MessageData - Topic: data/s/nhnacademy/b/gyeongnam_campus/p/class_a/d/24e124126d152969/n/왼쪽 뒤/e/pressure
Message Data:
time: 1745381853637
value: 1005

2025-04-23 13:17:35 [MQTT Call: ygw] INFO  com.example.mqtt.InfluxDBService - Extracted tagkey -> location: class_a, kind: 왼쪽 뒤, data: pressure
Value into InfluxDB: 1005.0
2025-04-23 13:17:35 [MQTT Call: ygw] INFO  com.example.mqtt.MessageData - Data sent to InfluxDBService: data/s/nhnacademy/b/gyeongnam_campus/p/class_a/d/24e124126d152969/n/왼쪽 뒤/e/pressure -> 1005.0
2025-04-23 13:17:35 [MQTT Call: ygw] INFO  com.example.mqtt.MessageData - Topic: data/s/nhnacademy/b/gyeongnam_campus/p/class_a/d/24e124126d152969/n/왼쪽 뒤/g/24e124fffef79304/e/lora
Message Data:
time: 1745381853637
value: 

2025-04-23 13:17:35 [MQTT Call: ygw] INFO  com.example.mqtt.InfluxDBService - Extracted tagkey -> location: class_a, kind: 왼쪽 뒤, data: lora
Value into InfluxDB: 0.0
2025-04-23 13:17:35 [MQTT Call: ygw] INFO  com.example.mqtt.MessageData - Data sent to InfluxDBService: data/s/nhnacademy/b/gyeongnam_campus/p/class_a/d/24e124126d152969/n/왼쪽 뒤/g/24e124fffef79304/e/lora -> 0.0
2025-04-23 13:17:35 [MQTT Call: ygw] INFO  com.example.mqtt.MessageData - Topic: data/s/nhnacademy/b/gyeongnam_campus/p/class_a/d/24e124126d152969/n/왼쪽 뒤/g/24e124fffef5dccc/e/lora
Message Data:
time: 1745381853637
value: 

2025-04-23 13:17:35 [MQTT Call: ygw] INFO  com.example.mqtt.InfluxDBService - Extracted tagkey -> location: class_a, kind: 왼쪽 뒤, data: lora
Value into InfluxDB: 0.0
2025-04-23 13:17:35 [MQTT Call: ygw] INFO  com.example.mqtt.MessageData - Data sent to InfluxDBService: data/s/nhnacademy/b/gyeongnam_campus/p/class_a/d/24e124126d152969/n/왼쪽 뒤/g/24e124fffef5dccc/e/lora -> 0.0
2025-04-23 13:17:43 [MQTT Call: ygw] INFO  com.example.mqtt.MessageData - Topic: data/s/nhnacademy/b/gyeongnam_campus/p/storage/d/24e124136d151547/n/입구/e/battery
Message Data:
time: 1745381862836
value: 1

2025-04-23 13:17:43 [MQTT Call: ygw] INFO  com.example.mqtt.InfluxDBService - Extracted tagkey -> location: storage, kind: 입구, data: battery
Value into InfluxDB: 1.0
2025-04-23 13:17:43 [MQTT Call: ygw] INFO  com.example.mqtt.MessageData - Data sent to InfluxDBService: data/s/nhnacademy/b/gyeongnam_campus/p/storage/d/24e124136d151547/n/입구/e/battery -> 1.0
2025-04-23 13:17:43 [MQTT Call: ygw] INFO  com.example.mqtt.MessageData - Topic: data/s/nhnacademy/b/gyeongnam_campus/p/storage/d/24e124136d151547/n/입구/e/temperature
Message Data:
time: 1745381862836
value: -0.1

2025-04-23 13:17:43 [MQTT Call: ygw] INFO  com.example.mqtt.InfluxDBService - Extracted tagkey -> location: storage, kind: 입구, data: temperature
Value into InfluxDB: -0.1
2025-04-23 13:17:43 [MQTT Call: ygw] INFO  com.example.mqtt.MessageData - Data sent to InfluxDBService: data/s/nhnacademy/b/gyeongnam_campus/p/storage/d/24e124136d151547/n/입구/e/temperature -> -0.1
2025-04-23 13:17:43 [MQTT Call: ygw] INFO  com.example.mqtt.MessageData - Topic: data/s/nhnacademy/b/gyeongnam_campus/p/storage/d/24e124136d151547/n/입구/e/humidity
Message Data:
time: 1745381862836
value: 127.5

2025-04-23 13:17:43 [MQTT Call: ygw] INFO  com.example.mqtt.InfluxDBService - Extracted tagkey -> location: storage, kind: 입구, data: humidity
Value into InfluxDB: 127.5
2025-04-23 13:17:43 [MQTT Call: ygw] INFO  com.example.mqtt.MessageData - Data sent to InfluxDBService: data/s/nhnacademy/b/gyeongnam_campus/p/storage/d/24e124136d151547/n/입구/e/humidity -> 127.5
2025-04-23 13:17:43 [MQTT Call: ygw] INFO  com.example.mqtt.MessageData - Topic: data/s/nhnacademy/b/gyeongnam_campus/p/storage/d/24e124136d151547/n/입구/g/24e124fffef79304/e/lora
Message Data:
time: 1745381862836
value: 

2025-04-23 13:17:43 [MQTT Call: ygw] INFO  com.example.mqtt.InfluxDBService - Extracted tagkey -> location: storage, kind: 입구, data: lora
Value into InfluxDB: 0.0
2025-04-23 13:17:43 [MQTT Call: ygw] INFO  com.example.mqtt.MessageData - Data sent to InfluxDBService: data/s/nhnacademy/b/gyeongnam_campus/p/storage/d/24e124136d151547/n/입구/g/24e124fffef79304/e/lora -> 0.0
2025-04-23 13:17:43 [MQTT Call: ygw] INFO  com.example.mqtt.MessageData - Topic: data/s/nhnacademy/b/gyeongnam_campus/p/storage/d/24e124136d151547/n/입구/g/24e124fffef5dccc/e/lora
Message Data:
time: 1745381862836
value: 

2025-04-23 13:17:43 [MQTT Call: ygw] INFO  com.example.mqtt.InfluxDBService - Extracted tagkey -> location: storage, kind: 입구, data: lora
Value into InfluxDB: 0.0
2025-04-23 13:17:43 [MQTT Call: ygw] INFO  com.example.mqtt.MessageData - Data sent to InfluxDBService: data/s/nhnacademy/b/gyeongnam_campus/p/storage/d/24e124136d151547/n/입구/g/24e124fffef5dccc/e/lora -> 0.0
2025-04-23 13:17:50 [MQTT Call: ygw] INFO  com.example.mqtt.MessageData - Topic: data/s/nhnacademy/b/gyeongnam_campus/p/campus/d/gem3500_1/n/캠퍼스_LL/e/voltage
Message Data:
time: 1745381870224
value: 379.43

2025-04-23 13:17:50 [MQTT Call: ygw] INFO  com.example.mqtt.InfluxDBService - Extracted tagkey -> location: campus, kind: 캠퍼스_LL, data: voltage
Value into InfluxDB: 379.43
2025-04-23 13:17:50 [MQTT Call: ygw] INFO  com.example.mqtt.MessageData - Data sent to InfluxDBService: data/s/nhnacademy/b/gyeongnam_campus/p/campus/d/gem3500_1/n/캠퍼스_LL/e/voltage -> 379.43
2025-04-23 13:17:50 [MQTT Call: ygw] INFO  com.example.mqtt.MessageData - Topic: data/s/nhnacademy/b/gyeongnam_campus/p/campus/d/gem3500_1/n/캠퍼스_LN/e/voltage
Message Data:
time: 1745381870224
value: 219.06

2025-04-23 13:17:50 [MQTT Call: ygw] INFO  com.example.mqtt.InfluxDBService - Extracted tagkey -> location: campus, kind: 캠퍼스_LN, data: voltage
Value into InfluxDB: 219.06
2025-04-23 13:17:50 [MQTT Call: ygw] INFO  com.example.mqtt.MessageData - Data sent to InfluxDBService: data/s/nhnacademy/b/gyeongnam_campus/p/campus/d/gem3500_1/n/캠퍼스_LN/e/voltage -> 219.06
2025-04-23 13:17:50 [MQTT Call: ygw] INFO  com.example.mqtt.MessageData - Topic: data/s/nhnacademy/b/gyeongnam_campus/p/campus/d/gem3500_1/n/캠퍼스1/e/power_meter
Message Data:
time: 1745381870326
type: 5
leakageCurrent: 0
current: 2991
activePower: 5647
reactivePower: -1910
tapparentPower: 6571
powerFactor: 85.93
currentUnbalance: 57.39
lines: 

2025-04-23 13:17:50 [MQTT Call: ygw] WARN  com.example.mqtt.MessageData - No 'value' field found in message, skipping InfluxDB write.
2025-04-23 13:17:50 [MQTT Call: ygw] INFO  com.example.mqtt.MessageData - Topic: data/s/nhnacademy/b/gyeongnam_campus/p/campus/d/gem3500_1/n/전등1/e/power_meter
Message Data:
time: 1745381870427
type: 3
leakageCurrent: 0
current: 699
activePower: 1308
reactivePower: -326
tapparentPower: 1531
powerFactor: 85.42
currentUnbalance: 0
lines: 

2025-04-23 13:17:50 [MQTT Call: ygw] WARN  com.example.mqtt.MessageData - No 'value' field found in message, skipping InfluxDB write.
2025-04-23 13:17:50 [MQTT Call: ygw] INFO  com.example.mqtt.MessageData - Topic: data/s/nhnacademy/b/gyeongnam_campus/p/campus/d/gem3500_1/n/전등2/e/power_meter
Message Data:
time: 1745381870529
type: 1
leakageCurrent: 0
current: 661
activePower: 1339
reactivePower: -333
tapparentPower: 1454
powerFactor: 92.07
currentUnbalance: 0
lines: 

2025-04-23 13:17:50 [MQTT Call: ygw] WARN  com.example.mqtt.MessageData - No 'value' field found in message, skipping InfluxDB write.
2025-04-23 13:17:50 [MQTT Call: ygw] INFO  com.example.mqtt.MessageData - Topic: data/s/nhnacademy/b/gyeongnam_campus/p/campus/d/gem3500_1/n/전등3/e/power_meter
Message Data:
time: 1745381870629
type: 2
leakageCurrent: 0
current: 0
activePower: 0
reactivePower: 0
tapparentPower: 0
powerFactor: 0
currentUnbalance: 0
lines: 

2025-04-23 13:17:50 [MQTT Call: ygw] WARN  com.example.mqtt.MessageData - No 'value' field found in message, skipping InfluxDB write.
2025-04-23 13:17:50 [MQTT Call: ygw] INFO  com.example.mqtt.MessageData - Topic: data/s/nhnacademy/b/gyeongnam_campus/p/campus/d/gem3500_1/n/강의실b_바닥/e/power_meter
Message Data:
time: 1745381870730
type: 3
leakageCurrent: 0
current: 243
activePower: 417
reactivePower: -244
tapparentPower: 542
powerFactor: 76.99
currentUnbalance: 0
lines: 

2025-04-23 13:17:50 [MQTT Call: ygw] WARN  com.example.mqtt.MessageData - No 'value' field found in message, skipping InfluxDB write.
2025-04-23 13:17:51 [MQTT Call: ygw] INFO  com.example.mqtt.MessageData - Topic: data/s/nhnacademy/b/gyeongnam_campus/p/campus/d/gem3500_1/n/강의실a_바닥1/e/power_meter
Message Data:
time: 1745381870831
type: 1
leakageCurrent: 0
current: 297
activePower: 491
reactivePower: -355
tapparentPower: 655
powerFactor: 75.09
currentUnbalance: 0
lines: 

2025-04-23 13:17:51 [MQTT Call: ygw] WARN  com.example.mqtt.MessageData - No 'value' field found in message, skipping InfluxDB write.
2025-04-23 13:17:51 [MQTT Call: ygw] INFO  com.example.mqtt.MessageData - Topic: data/s/nhnacademy/b/gyeongnam_campus/p/campus/d/gem3500_1/n/강의실a_바닥2/e/power_meter
Message Data:
time: 1745381870932
type: 2
leakageCurrent: 0
current: 192
activePower: 343
reactivePower: -187
tapparentPower: 424
powerFactor: 80.79
currentUnbalance: 0
lines: 

2025-04-23 13:17:51 [MQTT Call: ygw] WARN  com.example.mqtt.MessageData - No 'value' field found in message, skipping InfluxDB write.
2025-04-23 13:17:51 [MQTT Call: ygw] INFO  com.example.mqtt.MessageData - Topic: data/s/nhnacademy/b/gyeongnam_campus/p/campus/d/gem3500_1/n/프로젝터1/e/power_meter
Message Data:
time: 1745381871033
type: 3
leakageCurrent: 0
current: 100
activePower: 132
reactivePower: -153
tapparentPower: 220
powerFactor: 59.78
currentUnbalance: 0
lines: 

2025-04-23 13:17:51 [MQTT Call: ygw] WARN  com.example.mqtt.MessageData - No 'value' field found in message, skipping InfluxDB write.
2025-04-23 13:17:51 [MQTT Call: ygw] INFO  com.example.mqtt.MessageData - Topic: data/s/nhnacademy/b/gyeongnam_campus/p/campus/d/gem3500_1/n/프로젝터2/e/power_meter
Message Data:
time: 1745381871134
type: 1
leakageCurrent: 0
current: 40
activePower: 45
reactivePower: -69
tapparentPower: 88
powerFactor: 51.35
currentUnbalance: 0
lines: 

2025-04-23 13:17:51 [MQTT Call: ygw] WARN  com.example.mqtt.MessageData - No 'value' field found in message, skipping InfluxDB write.
2025-04-23 13:17:51 [MQTT Call: ygw] INFO  com.example.mqtt.MessageData - Topic: data/s/nhnacademy/b/gyeongnam_campus/p/campus/d/gem3500_1/n/회의실/e/power_meter
Message Data:
time: 1745381871239
type: 2
leakageCurrent: 0
current: 14
activePower: 4
reactivePower: -28
tapparentPower: 31
powerFactor: 15.38
currentUnbalance: 0
lines: 

2025-04-23 13:17:51 [MQTT Call: ygw] WARN  com.example.mqtt.MessageData - No 'value' field found in message, skipping InfluxDB write.
2025-04-23 13:17:51 [MQTT Call: ygw] INFO  com.example.mqtt.MessageData - Topic: data/s/nhnacademy/b/gyeongnam_campus/p/campus/d/gem3500_1/n/서버실/e/power_meter
Message Data:
time: 1745381871337
type: 3
leakageCurrent: 0
current: 198
activePower: 391
reactivePower: -110
tapparentPower: 441
powerFactor: 88.58
currentUnbalance: 0
lines: 

2025-04-23 13:17:51 [MQTT Call: ygw] WARN  com.example.mqtt.MessageData - No 'value' field found in message, skipping InfluxDB write.
2025-04-23 13:17:51 [MQTT Call: ygw] INFO  com.example.mqtt.MessageData - Topic: data/s/nhnacademy/b/gyeongnam_campus/p/campus/d/gem3500_1/n/간판/e/power_meter
Message Data:
time: 1745381871437
type: 1
leakageCurrent: 0
current: 0
activePower: 0
reactivePower: 0
tapparentPower: 0
powerFactor: 0
currentUnbalance: 0
lines: 

2025-04-23 13:17:51 [MQTT Call: ygw] WARN  com.example.mqtt.MessageData - No 'value' field found in message, skipping InfluxDB write.
2025-04-23 13:17:51 [MQTT Call: ygw] INFO  com.example.mqtt.MessageData - Topic: data/s/nhnacademy/b/gyeongnam_campus/p/campus/d/gem3500_1/n/페어룸/e/power_meter
Message Data:
time: 1745381871537
type: 2
leakageCurrent: 0
current: 0
activePower: 0
reactivePower: 0
tapparentPower: 0
powerFactor: 0
currentUnbalance: 0
lines: 

2025-04-23 13:17:51 [MQTT Call: ygw] WARN  com.example.mqtt.MessageData - No 'value' field found in message, skipping InfluxDB write.
2025-04-23 13:17:51 [MQTT Call: ygw] INFO  com.example.mqtt.MessageData - Topic: data/s/nhnacademy/b/gyeongnam_campus/p/campus/d/gem3500_1/n/사무실_전열1/e/power_meter
Message Data:
time: 1745381871636
type: 3
leakageCurrent: 0
current: 80
activePower: 95
reactivePower: -52
tapparentPower: 177
powerFactor: 54.05
currentUnbalance: 0
lines: 

2025-04-23 13:17:51 [MQTT Call: ygw] WARN  com.example.mqtt.MessageData - No 'value' field found in message, skipping InfluxDB write.
2025-04-23 13:17:51 [MQTT Call: ygw] INFO  com.example.mqtt.MessageData - Topic: data/s/nhnacademy/b/gyeongnam_campus/p/campus/d/gem3500_1/n/사무실_전열2/e/power_meter
Message Data:
time: 1745381871739
type: 3
leakageCurrent: 0
current: 96
activePower: 105
reactivePower: -59
tapparentPower: 208
powerFactor: 50.57
currentUnbalance: 0
lines: 

2025-04-23 13:17:51 [MQTT Call: ygw] WARN  com.example.mqtt.MessageData - No 'value' field found in message, skipping InfluxDB write.
2025-04-23 13:17:52 [MQTT Call: ygw] INFO  com.example.mqtt.MessageData - Topic: data/s/nhnacademy/b/gyeongnam_campus/p/campus/d/gem3500_1/n/사무실_복사기/e/power_meter
Message Data:
time: 1745381871838
type: 1
leakageCurrent: 0
current: 7
activePower: 7
reactivePower: 0
tapparentPower: 14
powerFactor: 50
currentUnbalance: 0
lines: 

2025-04-23 13:17:52 [MQTT Call: ygw] WARN  com.example.mqtt.MessageData - No 'value' field found in message, skipping InfluxDB write.
2025-04-23 13:17:52 [MQTT Call: ygw] INFO  com.example.mqtt.MessageData - Topic: data/s/nhnacademy/b/gyeongnam_campus/p/campus/d/gem3500_1/n/빌트인_전열/e/power_meter
Message Data:
time: 1745381871942
type: 2
leakageCurrent: 0
current: 5
activePower: 4
reactivePower: -4
tapparentPower: 14
powerFactor: 33.33
currentUnbalance: 0
lines: 

2025-04-23 13:17:52 [MQTT Call: ygw] WARN  com.example.mqtt.MessageData - No 'value' field found in message, skipping InfluxDB write.
2025-04-23 13:17:52 [MQTT Call: ygw] INFO  com.example.mqtt.MessageData - Topic: data/s/nhnacademy/b/gyeongnam_campus/p/campus/d/gem3500_1/n/사무실_전열3/e/power_meter
Message Data:
time: 1745381872043
type: 3
leakageCurrent: 0
current: 0
activePower: 0
reactivePower: 0
tapparentPower: 0
powerFactor: 0
currentUnbalance: 0
lines: 

2025-04-23 13:17:52 [MQTT Call: ygw] WARN  com.example.mqtt.MessageData - No 'value' field found in message, skipping InfluxDB write.
2025-04-23 13:17:52 [MQTT Call: ygw] INFO  com.example.mqtt.MessageData - Topic: data/s/nhnacademy/b/gyeongnam_campus/p/campus/d/gem3500_1/n/정수기/e/power_meter
Message Data:
time: 1745381872144
type: 1
leakageCurrent: 0
current: 268
activePower: 580
reactivePower: 115
tapparentPower: 592
powerFactor: 97.97
currentUnbalance: 0
lines: 

2025-04-23 13:17:52 [MQTT Call: ygw] WARN  com.example.mqtt.MessageData - No 'value' field found in message, skipping InfluxDB write.
2025-04-23 13:17:52 [MQTT Call: ygw] INFO  com.example.mqtt.MessageData - Topic: data/s/nhnacademy/b/gyeongnam_campus/p/campus/d/gem3500_1/n/하이브_전열/e/power_meter
Message Data:
time: 1745381872247
type: 2
leakageCurrent: 0
current: 65
activePower: 124
reactivePower: -45
tapparentPower: 144
powerFactor: 86.66
currentUnbalance: 0
lines: 

2025-04-23 13:17:52 [MQTT Call: ygw] WARN  com.example.mqtt.MessageData - No 'value' field found in message, skipping InfluxDB write.
2025-04-23 13:17:52 [MQTT Call: ygw] INFO  com.example.mqtt.MessageData - Topic: data/s/nhnacademy/b/gyeongnam_campus/p/campus/d/gem3500_1/n/바텐_전열/e/power_meter
Message Data:
time: 1745381872346
type: 3
leakageCurrent: 0
current: 0
activePower: 0
reactivePower: 0
tapparentPower: 0
powerFactor: 0
currentUnbalance: 0
lines: 

2025-04-23 13:17:52 [MQTT Call: ygw] WARN  com.example.mqtt.MessageData - No 'value' field found in message, skipping InfluxDB write.
2025-04-23 13:17:52 [MQTT Call: ygw] INFO  com.example.mqtt.MessageData - Topic: data/s/nhnacademy/b/gyeongnam_campus/p/campus/d/gem3500_1/n/S_P/e/power_meter
Message Data:
time: 1745381872446
type: 1
leakageCurrent: 0
current: 0
activePower: 0
reactivePower: 0
tapparentPower: 0
powerFactor: 0
currentUnbalance: 0
lines: 

2025-04-23 13:17:52 [MQTT Call: ygw] WARN  com.example.mqtt.MessageData - No 'value' field found in message, skipping InfluxDB write.
2025-04-23 13:17:52 [MQTT Call: ygw] INFO  com.example.mqtt.MessageData - Topic: data/s/nhnacademy/b/gyeongnam_campus/p/campus/d/gem3500_1/n/공조기/e/power_meter
Message Data:
time: 1745381872548
type: 2
leakageCurrent: 0
current: 199
activePower: 223
reactivePower: -24
tapparentPower: 436
powerFactor: 51.09
currentUnbalance: 0
lines: 

2025-04-23 13:17:52 [MQTT Call: ygw] WARN  com.example.mqtt.MessageData - No 'value' field found in message, skipping InfluxDB write.
2025-04-23 13:17:52 [MQTT Call: ygw] INFO  com.example.mqtt.MessageData - Topic: data/s/nhnacademy/b/gyeongnam_campus/p/campus/d/gem3500_1/n/AC/e/power_meter
Message Data:
time: 1745381872649
type: 3
leakageCurrent: 0
current: 16
activePower: 11
reactivePower: -23
tapparentPower: 36
powerFactor: 33.33
currentUnbalance: 0
lines: 

2025-04-23 13:17:52 [MQTT Call: ygw] WARN  com.example.mqtt.MessageData - No 'value' field found in message, skipping InfluxDB write.
2025-04-23 13:18:00 [MQTT Call: ygw] INFO  com.example.mqtt.MessageData - Topic: data/s/nhnacademy/b/gyeongnam_campus/p/pair_room/d/24e124617d159573/n/2/e/battery
Message Data:
time: 1745381879037
value: 32

2025-04-23 13:18:00 [MQTT Call: ygw] INFO  com.example.mqtt.InfluxDBService - Extracted tagkey -> location: pair_room, kind: 2, data: battery
Value into InfluxDB: 32.0
2025-04-23 13:18:00 [MQTT Call: ygw] INFO  com.example.mqtt.MessageData - Data sent to InfluxDBService: data/s/nhnacademy/b/gyeongnam_campus/p/pair_room/d/24e124617d159573/n/2/e/battery -> 32.0
2025-04-23 13:18:02 [MQTT Call: ygw] INFO  com.example.mqtt.MessageData - Topic: data/s/nhnacademy/b/gyeongnam_campus/p/pair_room/d/24e124617d159573/n/2/e/occupancy
Message Data:
time: 1745381879037
value: 0

2025-04-23 13:18:02 [MQTT Call: ygw] INFO  com.example.mqtt.InfluxDBService - Extracted tagkey -> location: pair_room, kind: 2, data: occupancy
Value into InfluxDB: 0.0
2025-04-23 13:18:02 [MQTT Call: ygw] INFO  com.example.mqtt.MessageData - Data sent to InfluxDBService: data/s/nhnacademy/b/gyeongnam_campus/p/pair_room/d/24e124617d159573/n/2/e/occupancy -> 0.0
2025-04-23 13:18:02 [MQTT Call: ygw] INFO  com.example.mqtt.MessageData - Topic: data/s/nhnacademy/b/gyeongnam_campus/p/pair_room/d/24e124617d159573/n/2/e/distance
Message Data:
time: 1745381879037
value: 2234

2025-04-23 13:18:02 [MQTT Call: ygw] INFO  com.example.mqtt.InfluxDBService - Extracted tagkey -> location: pair_room, kind: 2, data: distance
Value into InfluxDB: 2234.0
2025-04-23 13:18:02 [MQTT Call: ygw] INFO  com.example.mqtt.MessageData - Data sent to InfluxDBService: data/s/nhnacademy/b/gyeongnam_campus/p/pair_room/d/24e124617d159573/n/2/e/distance -> 2234.0
2025-04-23 13:18:02 [MQTT Call: ygw] INFO  com.example.mqtt.MessageData - Topic: data/s/nhnacademy/b/gyeongnam_campus/p/pair_room/d/24e124617d159573/n/2/g/24e124fffef5dccc/e/lora
Message Data:
time: 1745381879037
value: 

2025-04-23 13:18:02 [MQTT Call: ygw] INFO  com.example.mqtt.InfluxDBService - Extracted tagkey -> location: pair_room, kind: 2, data: lora
Value into InfluxDB: 0.0
2025-04-23 13:18:02 [MQTT Call: ygw] INFO  com.example.mqtt.MessageData - Data sent to InfluxDBService: data/s/nhnacademy/b/gyeongnam_campus/p/pair_room/d/24e124617d159573/n/2/g/24e124fffef5dccc/e/lora -> 0.0
2025-04-23 13:18:02 [MQTT Call: ygw] INFO  com.example.mqtt.MessageData - Topic: data/s/nhnacademy/b/gyeongnam_campus/p/pair_room/d/24e124617d159573/n/2/g/24e124fffef79304/e/lora
Message Data:
time: 1745381879037
value: 

2025-04-23 13:18:02 [MQTT Call: ygw] INFO  com.example.mqtt.InfluxDBService - Extracted tagkey -> location: pair_room, kind: 2, data: lora
Value into InfluxDB: 0.0
2025-04-23 13:18:02 [MQTT Call: ygw] INFO  com.example.mqtt.MessageData - Data sent to InfluxDBService: data/s/nhnacademy/b/gyeongnam_campus/p/pair_room/d/24e124617d159573/n/2/g/24e124fffef79304/e/lora -> 0.0
2025-04-23 13:18:10 [MQTT Call: ygw] INFO  com.example.mqtt.MessageData - Topic: data/s/nhnacademy/b/gyeongnam_campus/p/hive/d/24e124785c389010/n/정수기 위/e/battery
Message Data:
time: 1745381890178
value: 85

2025-04-23 13:18:10 [MQTT Call: ygw] INFO  com.example.mqtt.InfluxDBService - Extracted tagkey -> location: hive, kind: 정수기 위, data: battery
Value into InfluxDB: 85.0
2025-04-23 13:18:10 [MQTT Call: ygw] INFO  com.example.mqtt.MessageData - Data sent to InfluxDBService: data/s/nhnacademy/b/gyeongnam_campus/p/hive/d/24e124785c389010/n/정수기 위/e/battery -> 85.0
2025-04-23 13:18:10 [MQTT Call: ygw] INFO  com.example.mqtt.MessageData - Topic: data/s/nhnacademy/b/gyeongnam_campus/p/hive/d/24e124785c389010/n/정수기 위/e/humidity
Message Data:
time: 1745381890178
value: 44.5

2025-04-23 13:18:10 [MQTT Call: ygw] INFO  com.example.mqtt.InfluxDBService - Extracted tagkey -> location: hive, kind: 정수기 위, data: humidity
Value into InfluxDB: 44.5
2025-04-23 13:18:10 [MQTT Call: ygw] INFO  com.example.mqtt.MessageData - Data sent to InfluxDBService: data/s/nhnacademy/b/gyeongnam_campus/p/hive/d/24e124785c389010/n/정수기 위/e/humidity -> 44.5
2025-04-23 13:18:10 [MQTT Call: ygw] INFO  com.example.mqtt.MessageData - Topic: data/s/nhnacademy/b/gyeongnam_campus/p/hive/d/24e124785c389010/n/정수기 위/e/temperature
Message Data:
time: 1745381890178
value: 23.4

2025-04-23 13:18:10 [MQTT Call: ygw] INFO  com.example.mqtt.InfluxDBService - Extracted tagkey -> location: hive, kind: 정수기 위, data: temperature
Value into InfluxDB: 23.4
2025-04-23 13:18:10 [MQTT Call: ygw] INFO  com.example.mqtt.MessageData - Data sent to InfluxDBService: data/s/nhnacademy/b/gyeongnam_campus/p/hive/d/24e124785c389010/n/정수기 위/e/temperature -> 23.4
2025-04-23 13:18:10 [MQTT Call: ygw] INFO  com.example.mqtt.MessageData - Topic: data/s/nhnacademy/b/gyeongnam_campus/p/hive/d/24e124785c389010/n/정수기 위/g/24e124fffef5dccc/e/lora
Message Data:
time: 1745381890178
value: 

2025-04-23 13:18:10 [MQTT Call: ygw] INFO  com.example.mqtt.InfluxDBService - Extracted tagkey -> location: hive, kind: 정수기 위, data: lora
Value into InfluxDB: 0.0
2025-04-23 13:18:10 [MQTT Call: ygw] INFO  com.example.mqtt.MessageData - Data sent to InfluxDBService: data/s/nhnacademy/b/gyeongnam_campus/p/hive/d/24e124785c389010/n/정수기 위/g/24e124fffef5dccc/e/lora -> 0.0
2025-04-23 13:18:10 [MQTT Call: ygw] INFO  com.example.mqtt.MessageData - Topic: data/s/nhnacademy/b/gyeongnam_campus/p/hive/d/24e124785c389010/n/정수기 위/g/24e124fffef79304/e/lora
Message Data:
time: 1745381890178
value: 

2025-04-23 13:18:10 [MQTT Call: ygw] INFO  com.example.mqtt.InfluxDBService - Extracted tagkey -> location: hive, kind: 정수기 위, data: lora
Value into InfluxDB: 0.0
2025-04-23 13:18:10 [MQTT Call: ygw] INFO  com.example.mqtt.MessageData - Data sent to InfluxDBService: data/s/nhnacademy/b/gyeongnam_campus/p/hive/d/24e124785c389010/n/정수기 위/g/24e124fffef79304/e/lora -> 0.0
2025-04-23 13:18:10 [MQTT Call: ygw] INFO  com.example.mqtt.MessageData - Topic: data/s/nhnacademy/b/gyeongnam_campus/p/hive/d/24e124725d081175/sp/8인 책상/n/8인 책상/e/humidity
Message Data:
time: 1745381890691
value: 42.5

2025-04-23 13:18:10 [MQTT Call: ygw] INFO  com.example.mqtt.InfluxDBService - Extracted tagkey -> location: hive, kind: 8인 책상, data: humidity
Value into InfluxDB: 42.5
2025-04-23 13:18:10 [MQTT Call: ygw] INFO  com.example.mqtt.MessageData - Data sent to InfluxDBService: data/s/nhnacademy/b/gyeongnam_campus/p/hive/d/24e124725d081175/sp/8인 책상/n/8인 책상/e/humidity -> 42.5
2025-04-23 13:18:10 [MQTT Call: ygw] INFO  com.example.mqtt.MessageData - Topic: data/s/nhnacademy/b/gyeongnam_campus/p/hive/d/24e124725d081175/sp/8인 책상/n/8인 책상/e/battery
Message Data:
time: 1745381890691
value: 76

2025-04-23 13:18:10 [MQTT Call: ygw] INFO  com.example.mqtt.InfluxDBService - Extracted tagkey -> location: hive, kind: 8인 책상, data: battery
Value into InfluxDB: 76.0
2025-04-23 13:18:10 [MQTT Call: ygw] INFO  com.example.mqtt.MessageData - Data sent to InfluxDBService: data/s/nhnacademy/b/gyeongnam_campus/p/hive/d/24e124725d081175/sp/8인 책상/n/8인 책상/e/battery -> 76.0
2025-04-23 13:18:10 [MQTT Call: ygw] INFO  com.example.mqtt.MessageData - Topic: data/s/nhnacademy/b/gyeongnam_campus/p/hive/d/24e124725d081175/sp/8인 책상/n/8인 책상/e/temperature
Message Data:
time: 1745381890691
value: 24

2025-04-23 13:18:10 [MQTT Call: ygw] INFO  com.example.mqtt.InfluxDBService - Extracted tagkey -> location: hive, kind: 8인 책상, data: temperature
Value into InfluxDB: 24.0
2025-04-23 13:18:10 [MQTT Call: ygw] INFO  com.example.mqtt.MessageData - Data sent to InfluxDBService: data/s/nhnacademy/b/gyeongnam_campus/p/hive/d/24e124725d081175/sp/8인 책상/n/8인 책상/e/temperature -> 24.0
2025-04-23 13:18:10 [MQTT Call: ygw] INFO  com.example.mqtt.MessageData - Topic: data/s/nhnacademy/b/gyeongnam_campus/p/hive/d/24e124725d081175/sp/8인 책상/n/8인 책상/e/co2
Message Data:
time: 1745381890691
value: 544

2025-04-23 13:18:10 [MQTT Call: ygw] INFO  com.example.mqtt.InfluxDBService - Extracted tagkey -> location: hive, kind: 8인 책상, data: co2
Value into InfluxDB: 544.0
2025-04-23 13:18:10 [MQTT Call: ygw] INFO  com.example.mqtt.MessageData - Data sent to InfluxDBService: data/s/nhnacademy/b/gyeongnam_campus/p/hive/d/24e124725d081175/sp/8인 책상/n/8인 책상/e/co2 -> 544.0
2025-04-23 13:18:10 [MQTT Call: ygw] INFO  com.example.mqtt.MessageData - Topic: data/s/nhnacademy/b/gyeongnam_campus/p/hive/d/24e124725d081175/sp/8인 책상/n/8인 책상/g/24e124fffef5dccc/e/lora
Message Data:
time: 1745381890691
value: 

2025-04-23 13:18:10 [MQTT Call: ygw] INFO  com.example.mqtt.InfluxDBService - Extracted tagkey -> location: hive, kind: 8인 책상, data: lora
Value into InfluxDB: 0.0
2025-04-23 13:18:10 [MQTT Call: ygw] INFO  com.example.mqtt.MessageData - Data sent to InfluxDBService: data/s/nhnacademy/b/gyeongnam_campus/p/hive/d/24e124725d081175/sp/8인 책상/n/8인 책상/g/24e124fffef5dccc/e/lora -> 0.0
2025-04-23 13:18:10 [MQTT Call: ygw] INFO  com.example.mqtt.MessageData - Topic: data/s/nhnacademy/b/gyeongnam_campus/p/hive/d/24e124725d081175/sp/8인 책상/n/8인 책상/g/24e124fffef79304/e/lora
Message Data:
time: 1745381890691
value: 

2025-04-23 13:18:10 [MQTT Call: ygw] INFO  com.example.mqtt.InfluxDBService - Extracted tagkey -> location: hive, kind: 8인 책상, data: lora
Value into InfluxDB: 0.0
2025-04-23 13:18:10 [MQTT Call: ygw] INFO  com.example.mqtt.MessageData - Data sent to InfluxDBService: data/s/nhnacademy/b/gyeongnam_campus/p/hive/d/24e124725d081175/sp/8인 책상/n/8인 책상/g/24e124fffef79304/e/lora -> 0.0
2025-04-23 13:18:18 [MQTT Call: ygw] INFO  com.example.mqtt.MessageData - Topic: data/s/nhnacademy/b/gyeongnam_campus/p/class_a/d/24e124128c067999/sp/입구/n/입구/e/co2
Message Data:
time: 1745381897929
value: 983

2025-04-23 13:18:18 [MQTT Call: ygw] INFO  com.example.mqtt.InfluxDBService - Extracted tagkey -> location: class_a, kind: 입구, data: co2
Value into InfluxDB: 983.0
2025-04-23 13:18:18 [MQTT Call: ygw] INFO  com.example.mqtt.MessageData - Data sent to InfluxDBService: data/s/nhnacademy/b/gyeongnam_campus/p/class_a/d/24e124128c067999/sp/입구/n/입구/e/co2 -> 983.0
2025-04-23 13:18:18 [MQTT Call: ygw] INFO  com.example.mqtt.MessageData - Topic: data/s/nhnacademy/b/gyeongnam_campus/p/class_a/d/24e124128c067999/sp/입구/n/입구/e/infrared_and_visible
Message Data:
time: 1745381897929
value: 41

2025-04-23 13:18:18 [MQTT Call: ygw] INFO  com.example.mqtt.InfluxDBService - Extracted tagkey -> location: class_a, kind: 입구, data: infrared_and_visible
Value into InfluxDB: 41.0
2025-04-23 13:18:18 [MQTT Call: ygw] INFO  com.example.mqtt.MessageData - Data sent to InfluxDBService: data/s/nhnacademy/b/gyeongnam_campus/p/class_a/d/24e124128c067999/sp/입구/n/입구/e/infrared_and_visible -> 41.0
2025-04-23 13:18:18 [MQTT Call: ygw] INFO  com.example.mqtt.MessageData - Topic: data/s/nhnacademy/b/gyeongnam_campus/p/class_a/d/24e124128c067999/sp/입구/n/입구/e/tvoc
Message Data:
time: 1745381897929
value: 302

2025-04-23 13:18:18 [MQTT Call: ygw] INFO  com.example.mqtt.InfluxDBService - Extracted tagkey -> location: class_a, kind: 입구, data: tvoc
Value into InfluxDB: 302.0
2025-04-23 13:18:18 [MQTT Call: ygw] INFO  com.example.mqtt.MessageData - Data sent to InfluxDBService: data/s/nhnacademy/b/gyeongnam_campus/p/class_a/d/24e124128c067999/sp/입구/n/입구/e/tvoc -> 302.0
2025-04-23 13:18:18 [MQTT Call: ygw] INFO  com.example.mqtt.MessageData - Topic: data/s/nhnacademy/b/gyeongnam_campus/p/class_a/d/24e124128c067999/sp/입구/n/입구/e/humidity
Message Data:
time: 1745381897929
value: 46.5

2025-04-23 13:18:18 [MQTT Call: ygw] INFO  com.example.mqtt.InfluxDBService - Extracted tagkey -> location: class_a, kind: 입구, data: humidity
Value into InfluxDB: 46.5
2025-04-23 13:18:18 [MQTT Call: ygw] INFO  com.example.mqtt.MessageData - Data sent to InfluxDBService: data/s/nhnacademy/b/gyeongnam_campus/p/class_a/d/24e124128c067999/sp/입구/n/입구/e/humidity -> 46.5
2025-04-23 13:18:18 [MQTT Call: ygw] INFO  com.example.mqtt.MessageData - Topic: data/s/nhnacademy/b/gyeongnam_campus/p/class_a/d/24e124128c067999/sp/입구/n/입구/e/illumination
Message Data:
time: 1745381897929
value: 57

2025-04-23 13:18:18 [MQTT Call: ygw] INFO  com.example.mqtt.InfluxDBService - Extracted tagkey -> location: class_a, kind: 입구, data: illumination
Value into InfluxDB: 57.0
2025-04-23 13:18:18 [MQTT Call: ygw] INFO  com.example.mqtt.MessageData - Data sent to InfluxDBService: data/s/nhnacademy/b/gyeongnam_campus/p/class_a/d/24e124128c067999/sp/입구/n/입구/e/illumination -> 57.0
2025-04-23 13:18:18 [MQTT Call: ygw] INFO  com.example.mqtt.MessageData - Topic: data/s/nhnacademy/b/gyeongnam_campus/p/class_a/d/24e124128c067999/sp/입구/n/입구/e/infrared
Message Data:
time: 1745381897929
value: 7

2025-04-23 13:18:18 [MQTT Call: ygw] INFO  com.example.mqtt.InfluxDBService - Extracted tagkey -> location: class_a, kind: 입구, data: infrared
Value into InfluxDB: 7.0
2025-04-23 13:18:18 [MQTT Call: ygw] INFO  com.example.mqtt.MessageData - Data sent to InfluxDBService: data/s/nhnacademy/b/gyeongnam_campus/p/class_a/d/24e124128c067999/sp/입구/n/입구/e/infrared -> 7.0
2025-04-23 13:18:18 [MQTT Call: ygw] INFO  com.example.mqtt.MessageData - Topic: data/s/nhnacademy/b/gyeongnam_campus/p/class_a/d/24e124128c067999/sp/입구/n/입구/e/pressure
Message Data:
time: 1745381897929
value: 997.7

2025-04-23 13:18:18 [MQTT Call: ygw] INFO  com.example.mqtt.InfluxDBService - Extracted tagkey -> location: class_a, kind: 입구, data: pressure
Value into InfluxDB: 997.7
2025-04-23 13:18:18 [MQTT Call: ygw] INFO  com.example.mqtt.MessageData - Data sent to InfluxDBService: data/s/nhnacademy/b/gyeongnam_campus/p/class_a/d/24e124128c067999/sp/입구/n/입구/e/pressure -> 997.7
2025-04-23 13:18:18 [MQTT Call: ygw] INFO  com.example.mqtt.MessageData - Topic: data/s/nhnacademy/b/gyeongnam_campus/p/class_a/d/24e124128c067999/sp/입구/n/입구/e/activity
Message Data:
time: 1745381897929
value: 9

2025-04-23 13:18:18 [MQTT Call: ygw] INFO  com.example.mqtt.InfluxDBService - Extracted tagkey -> location: class_a, kind: 입구, data: activity
Value into InfluxDB: 9.0
2025-04-23 13:18:18 [MQTT Call: ygw] INFO  com.example.mqtt.MessageData - Data sent to InfluxDBService: data/s/nhnacademy/b/gyeongnam_campus/p/class_a/d/24e124128c067999/sp/입구/n/입구/e/activity -> 9.0
2025-04-23 13:18:18 [MQTT Call: ygw] INFO  com.example.mqtt.MessageData - Topic: data/s/nhnacademy/b/gyeongnam_campus/p/class_a/d/24e124128c067999/sp/입구/n/입구/e/temperature
Message Data:
time: 1745381897929
value: 24

2025-04-23 13:18:18 [MQTT Call: ygw] INFO  com.example.mqtt.InfluxDBService - Extracted tagkey -> location: class_a, kind: 입구, data: temperature
Value into InfluxDB: 24.0
2025-04-23 13:18:18 [MQTT Call: ygw] INFO  com.example.mqtt.MessageData - Data sent to InfluxDBService: data/s/nhnacademy/b/gyeongnam_campus/p/class_a/d/24e124128c067999/sp/입구/n/입구/e/temperature -> 24.0
2025-04-23 13:18:18 [MQTT Call: ygw] INFO  com.example.mqtt.MessageData - Topic: data/s/nhnacademy/b/gyeongnam_campus/p/class_a/d/24e124128c067999/sp/입구/n/입구/g/24e124fffef79304/e/lora
Message Data:
time: 1745381897929
value: 

2025-04-23 13:18:18 [MQTT Call: ygw] INFO  com.example.mqtt.InfluxDBService - Extracted tagkey -> location: class_a, kind: 입구, data: lora
Value into InfluxDB: 0.0
2025-04-23 13:18:18 [MQTT Call: ygw] INFO  com.example.mqtt.MessageData - Data sent to InfluxDBService: data/s/nhnacademy/b/gyeongnam_campus/p/class_a/d/24e124128c067999/sp/입구/n/입구/g/24e124fffef79304/e/lora -> 0.0
2025-04-23 13:18:18 [MQTT Call: ygw] INFO  com.example.mqtt.MessageData - Topic: data/s/nhnacademy/b/gyeongnam_campus/p/class_a/d/24e124128c067999/sp/입구/n/입구/e/humidity
Message Data:
time: 1745381897929
value: 46.5

2025-04-23 13:18:18 [MQTT Call: ygw] INFO  com.example.mqtt.InfluxDBService - Extracted tagkey -> location: class_a, kind: 입구, data: humidity
Value into InfluxDB: 46.5
2025-04-23 13:18:18 [MQTT Call: ygw] INFO  com.example.mqtt.MessageData - Data sent to InfluxDBService: data/s/nhnacademy/b/gyeongnam_campus/p/class_a/d/24e124128c067999/sp/입구/n/입구/e/humidity -> 46.5
2025-04-23 13:18:18 [MQTT Call: ygw] INFO  com.example.mqtt.MessageData - Topic: data/s/nhnacademy/b/gyeongnam_campus/p/class_a/d/24e124128c067999/sp/입구/n/입구/e/tvoc
Message Data:
time: 1745381897929
value: 302

2025-04-23 13:18:18 [MQTT Call: ygw] INFO  com.example.mqtt.InfluxDBService - Extracted tagkey -> location: class_a, kind: 입구, data: tvoc
Value into InfluxDB: 302.0
2025-04-23 13:18:18 [MQTT Call: ygw] INFO  com.example.mqtt.MessageData - Data sent to InfluxDBService: data/s/nhnacademy/b/gyeongnam_campus/p/class_a/d/24e124128c067999/sp/입구/n/입구/e/tvoc -> 302.0
2025-04-23 13:18:18 [MQTT Call: ygw] INFO  com.example.mqtt.MessageData - Topic: data/s/nhnacademy/b/gyeongnam_campus/p/class_a/d/24e124128c067999/sp/입구/n/입구/e/temperature
Message Data:
time: 1745381897929
value: 24

2025-04-23 13:18:18 [MQTT Call: ygw] INFO  com.example.mqtt.InfluxDBService - Extracted tagkey -> location: class_a, kind: 입구, data: temperature
Value into InfluxDB: 24.0
2025-04-23 13:18:18 [MQTT Call: ygw] INFO  com.example.mqtt.MessageData - Data sent to InfluxDBService: data/s/nhnacademy/b/gyeongnam_campus/p/class_a/d/24e124128c067999/sp/입구/n/입구/e/temperature -> 24.0
2025-04-23 13:18:18 [MQTT Call: ygw] INFO  com.example.mqtt.MessageData - Topic: data/s/nhnacademy/b/gyeongnam_campus/p/class_a/d/24e124128c067999/sp/입구/n/입구/e/illumination
Message Data:
time: 1745381897929
value: 57

2025-04-23 13:18:18 [MQTT Call: ygw] INFO  com.example.mqtt.InfluxDBService - Extracted tagkey -> location: class_a, kind: 입구, data: illumination
Value into InfluxDB: 57.0
2025-04-23 13:18:18 [MQTT Call: ygw] INFO  com.example.mqtt.MessageData - Data sent to InfluxDBService: data/s/nhnacademy/b/gyeongnam_campus/p/class_a/d/24e124128c067999/sp/입구/n/입구/e/illumination -> 57.0
2025-04-23 13:18:18 [MQTT Call: ygw] INFO  com.example.mqtt.MessageData - Topic: data/s/nhnacademy/b/gyeongnam_campus/p/class_a/d/24e124128c067999/sp/입구/n/입구/e/activity
Message Data:
time: 1745381897929
value: 9

2025-04-23 13:18:18 [MQTT Call: ygw] INFO  com.example.mqtt.InfluxDBService - Extracted tagkey -> location: class_a, kind: 입구, data: activity
Value into InfluxDB: 9.0
2025-04-23 13:18:18 [MQTT Call: ygw] INFO  com.example.mqtt.MessageData - Data sent to InfluxDBService: data/s/nhnacademy/b/gyeongnam_campus/p/class_a/d/24e124128c067999/sp/입구/n/입구/e/activity -> 9.0
2025-04-23 13:18:18 [MQTT Call: ygw] INFO  com.example.mqtt.MessageData - Topic: data/s/nhnacademy/b/gyeongnam_campus/p/class_a/d/24e124128c067999/sp/입구/n/입구/e/infrared
Message Data:
time: 1745381897929
value: 7

2025-04-23 13:18:18 [MQTT Call: ygw] INFO  com.example.mqtt.InfluxDBService - Extracted tagkey -> location: class_a, kind: 입구, data: infrared
Value into InfluxDB: 7.0
2025-04-23 13:18:18 [MQTT Call: ygw] INFO  com.example.mqtt.MessageData - Data sent to InfluxDBService: data/s/nhnacademy/b/gyeongnam_campus/p/class_a/d/24e124128c067999/sp/입구/n/입구/e/infrared -> 7.0
2025-04-23 13:18:18 [MQTT Call: ygw] INFO  com.example.mqtt.MessageData - Topic: data/s/nhnacademy/b/gyeongnam_campus/p/class_a/d/24e124128c067999/sp/입구/n/입구/e/infrared_and_visible
Message Data:
time: 1745381897929
value: 41

2025-04-23 13:18:18 [MQTT Call: ygw] INFO  com.example.mqtt.InfluxDBService - Extracted tagkey -> location: class_a, kind: 입구, data: infrared_and_visible
Value into InfluxDB: 41.0
2025-04-23 13:18:18 [MQTT Call: ygw] INFO  com.example.mqtt.MessageData - Data sent to InfluxDBService: data/s/nhnacademy/b/gyeongnam_campus/p/class_a/d/24e124128c067999/sp/입구/n/입구/e/infrared_and_visible -> 41.0
2025-04-23 13:18:18 [MQTT Call: ygw] INFO  com.example.mqtt.MessageData - Topic: data/s/nhnacademy/b/gyeongnam_campus/p/class_a/d/24e124128c067999/sp/입구/n/입구/e/co2
Message Data:
time: 1745381897929
value: 983

2025-04-23 13:18:18 [MQTT Call: ygw] INFO  com.example.mqtt.InfluxDBService - Extracted tagkey -> location: class_a, kind: 입구, data: co2
Value into InfluxDB: 983.0
2025-04-23 13:18:18 [MQTT Call: ygw] INFO  com.example.mqtt.MessageData - Data sent to InfluxDBService: data/s/nhnacademy/b/gyeongnam_campus/p/class_a/d/24e124128c067999/sp/입구/n/입구/e/co2 -> 983.0
2025-04-23 13:18:18 [MQTT Call: ygw] INFO  com.example.mqtt.MessageData - Topic: data/s/nhnacademy/b/gyeongnam_campus/p/class_a/d/24e124128c067999/sp/입구/n/입구/e/pressure
Message Data:
time: 1745381897929
value: 997.7

2025-04-23 13:18:18 [MQTT Call: ygw] INFO  com.example.mqtt.InfluxDBService - Extracted tagkey -> location: class_a, kind: 입구, data: pressure
Value into InfluxDB: 997.7
2025-04-23 13:18:18 [MQTT Call: ygw] INFO  com.example.mqtt.MessageData - Data sent to InfluxDBService: data/s/nhnacademy/b/gyeongnam_campus/p/class_a/d/24e124128c067999/sp/입구/n/입구/e/pressure -> 997.7
2025-04-23 13:18:18 [MQTT Call: ygw] INFO  com.example.mqtt.MessageData - Topic: data/s/nhnacademy/b/gyeongnam_campus/p/class_a/d/24e124128c067999/sp/입구/n/입구/g/24e124fffef79304/e/lora
Message Data:
time: 1745381897929
value: 

2025-04-23 13:18:18 [MQTT Call: ygw] INFO  com.example.mqtt.InfluxDBService - Extracted tagkey -> location: class_a, kind: 입구, data: lora
Value into InfluxDB: 0.0
2025-04-23 13:18:18 [MQTT Call: ygw] INFO  com.example.mqtt.MessageData - Data sent to InfluxDBService: data/s/nhnacademy/b/gyeongnam_campus/p/class_a/d/24e124128c067999/sp/입구/n/입구/g/24e124fffef79304/e/lora -> 0.0
2025-04-23 13:18:18 [MQTT Call: ygw] INFO  com.example.mqtt.MessageData - Topic: data/s/nhnacademy/b/gyeongnam_campus/p/class_a/d/24e124128c067999/sp/입구/n/입구/g/24e124fffef5dccc/e/lora
Message Data:
time: 1745381897929
value: 

2025-04-23 13:18:18 [MQTT Call: ygw] INFO  com.example.mqtt.InfluxDBService - Extracted tagkey -> location: class_a, kind: 입구, data: lora
Value into InfluxDB: 0.0
2025-04-23 13:18:18 [MQTT Call: ygw] INFO  com.example.mqtt.MessageData - Data sent to InfluxDBService: data/s/nhnacademy/b/gyeongnam_campus/p/class_a/d/24e124128c067999/sp/입구/n/입구/g/24e124fffef5dccc/e/lora -> 0.0
2025-04-23 13:18:23 [MQTT Call: ygw] INFO  com.example.mqtt.MessageData - Topic: data/s/nhnacademy/b/gyeongnam_campus/p/server_room/d/24e124136d151368/n/입구/e/temperature
Message Data:
time: 1745381903722
value: 23.9

2025-04-23 13:18:23 [MQTT Call: ygw] INFO  com.example.mqtt.InfluxDBService - Extracted tagkey -> location: server_room, kind: 입구, data: temperature
Value into InfluxDB: 23.9
2025-04-23 13:18:23 [MQTT Call: ygw] INFO  com.example.mqtt.MessageData - Data sent to InfluxDBService: data/s/nhnacademy/b/gyeongnam_campus/p/server_room/d/24e124136d151368/n/입구/e/temperature -> 23.9
2025-04-23 13:18:24 [MQTT Call: ygw] INFO  com.example.mqtt.MessageData - Topic: data/s/nhnacademy/b/gyeongnam_campus/p/server_room/d/24e124136d151368/n/입구/e/humidity
Message Data:
time: 1745381903722
value: 47

2025-04-23 13:18:24 [MQTT Call: ygw] INFO  com.example.mqtt.InfluxDBService - Extracted tagkey -> location: server_room, kind: 입구, data: humidity
Value into InfluxDB: 47.0
2025-04-23 13:18:24 [MQTT Call: ygw] INFO  com.example.mqtt.MessageData - Data sent to InfluxDBService: data/s/nhnacademy/b/gyeongnam_campus/p/server_room/d/24e124136d151368/n/입구/e/humidity -> 47.0
2025-04-23 13:18:24 [MQTT Call: ygw] INFO  com.example.mqtt.MessageData - Topic: data/s/nhnacademy/b/gyeongnam_campus/p/server_room/d/24e124136d151368/n/입구/g/24e124fffef5dccc/e/lora
Message Data:
time: 1745381903722
value: 

2025-04-23 13:18:24 [MQTT Call: ygw] INFO  com.example.mqtt.InfluxDBService - Extracted tagkey -> location: server_room, kind: 입구, data: lora
Value into InfluxDB: 0.0
2025-04-23 13:18:24 [MQTT Call: ygw] INFO  com.example.mqtt.MessageData - Data sent to InfluxDBService: data/s/nhnacademy/b/gyeongnam_campus/p/server_room/d/24e124136d151368/n/입구/g/24e124fffef5dccc/e/lora -> 0.0
2025-04-23 13:18:24 [MQTT Call: ygw] INFO  com.example.mqtt.MessageData - Topic: data/s/nhnacademy/b/gyeongnam_campus/p/server_room/d/24e124136d151368/n/입구/g/24e124fffef79304/e/lora
Message Data:
time: 1745381903722
value: 

2025-04-23 13:18:24 [MQTT Call: ygw] INFO  com.example.mqtt.InfluxDBService - Extracted tagkey -> location: server_room, kind: 입구, data: lora
Value into InfluxDB: 0.0
2025-04-23 13:18:24 [MQTT Call: ygw] INFO  com.example.mqtt.MessageData - Data sent to InfluxDBService: data/s/nhnacademy/b/gyeongnam_campus/p/server_room/d/24e124136d151368/n/입구/g/24e124fffef79304/e/lora -> 0.0
2025-04-23 13:18:25 [MQTT Call: ygw] INFO  com.example.mqtt.MessageData - Topic: data/s/nhnacademy/b/gyeongnam_campus/p/hive/d/24e124126c452091/sp/farm/n/스마트팜/e/temperature
Message Data:
time: 1745381904827
value: 23.2

2025-04-23 13:18:25 [MQTT Call: ygw] INFO  com.example.mqtt.InfluxDBService - Extracted tagkey -> location: hive, kind: 스마트팜, data: temperature
Value into InfluxDB: 23.2
2025-04-23 13:18:25 [MQTT Call: ygw] INFO  com.example.mqtt.MessageData - Data sent to InfluxDBService: data/s/nhnacademy/b/gyeongnam_campus/p/hive/d/24e124126c452091/sp/farm/n/스마트팜/e/temperature -> 23.2
2025-04-23 13:18:25 [MQTT Call: ygw] INFO  com.example.mqtt.MessageData - Topic: data/s/nhnacademy/b/gyeongnam_campus/p/hive/d/24e124126c452091/sp/farm/n/스마트팜/g/24e124fffef79304/e/lora
Message Data:
time: 1745381904827
value: 

2025-04-23 13:18:25 [MQTT Call: ygw] INFO  com.example.mqtt.InfluxDBService - Extracted tagkey -> location: hive, kind: 스마트팜, data: lora
Value into InfluxDB: 0.0
2025-04-23 13:18:25 [MQTT Call: ygw] INFO  com.example.mqtt.MessageData - Data sent to InfluxDBService: data/s/nhnacademy/b/gyeongnam_campus/p/hive/d/24e124126c452091/sp/farm/n/스마트팜/g/24e124fffef79304/e/lora -> 0.0
2025-04-23 13:18:25 [MQTT Call: ygw] INFO  com.example.mqtt.MessageData - Topic: data/s/nhnacademy/b/gyeongnam_campus/p/hive/d/24e124126c452091/sp/farm/n/스마트팜/g/24e124fffef5dccc/e/lora
Message Data:
time: 1745381904827
value: 

2025-04-23 13:18:25 [MQTT Call: ygw] INFO  com.example.mqtt.InfluxDBService - Extracted tagkey -> location: hive, kind: 스마트팜, data: lora
Value into InfluxDB: 0.0
2025-04-23 13:18:25 [MQTT Call: ygw] INFO  com.example.mqtt.MessageData - Data sent to InfluxDBService: data/s/nhnacademy/b/gyeongnam_campus/p/hive/d/24e124126c452091/sp/farm/n/스마트팜/g/24e124fffef5dccc/e/lora -> 0.0
2025-04-23 13:18:29 [MQTT Call: ygw] INFO  com.example.mqtt.MessageData - Topic: data/s/nhnacademy/b/gyeongnam_campus/p/hive/d/24e124126d111937/sp/farm/n/스마트팜/e/illumination
Message Data:
time: 1745381909065
value: 320

2025-04-23 13:18:29 [MQTT Call: ygw] INFO  com.example.mqtt.InfluxDBService - Extracted tagkey -> location: hive, kind: 스마트팜, data: illumination
Value into InfluxDB: 320.0
2025-04-23 13:18:29 [MQTT Call: ygw] INFO  com.example.mqtt.MessageData - Data sent to InfluxDBService: data/s/nhnacademy/b/gyeongnam_campus/p/hive/d/24e124126d111937/sp/farm/n/스마트팜/e/illumination -> 320.0
2025-04-23 13:18:29 [MQTT Call: ygw] INFO  com.example.mqtt.MessageData - Topic: data/s/nhnacademy/b/gyeongnam_campus/p/hive/d/24e124126d111937/sp/farm/n/스마트팜/g/24e124fffef79304/e/lora
Message Data:
time: 1745381909065
value: 

2025-04-23 13:18:29 [MQTT Call: ygw] INFO  com.example.mqtt.InfluxDBService - Extracted tagkey -> location: hive, kind: 스마트팜, data: lora
Value into InfluxDB: 0.0
2025-04-23 13:18:29 [MQTT Call: ygw] INFO  com.example.mqtt.MessageData - Data sent to InfluxDBService: data/s/nhnacademy/b/gyeongnam_campus/p/hive/d/24e124126d111937/sp/farm/n/스마트팜/g/24e124fffef79304/e/lora -> 0.0
2025-04-23 13:18:29 [MQTT Call: ygw] INFO  com.example.mqtt.MessageData - Topic: data/s/nhnacademy/b/gyeongnam_campus/p/hive/d/24e124126d111937/sp/farm/n/스마트팜/g/24e124fffef5dccc/e/lora
Message Data:
time: 1745381909065
value: 

2025-04-23 13:18:29 [MQTT Call: ygw] INFO  com.example.mqtt.InfluxDBService - Extracted tagkey -> location: hive, kind: 스마트팜, data: lora
Value into InfluxDB: 0.0
2025-04-23 13:18:29 [MQTT Call: ygw] INFO  com.example.mqtt.MessageData - Data sent to InfluxDBService: data/s/nhnacademy/b/gyeongnam_campus/p/hive/d/24e124126d111937/sp/farm/n/스마트팜/g/24e124fffef5dccc/e/lora -> 0.0
2025-04-23 13:18:43 [MQTT Call: ygw] INFO  com.example.mqtt.MessageData - Topic: data/s/nhnacademy/b/gyeongnam_campus/p/storage/d/24e124136d151547/n/입구/e/humidity
Message Data:
time: 1745381922835
value: 127.5

2025-04-23 13:18:43 [MQTT Call: ygw] INFO  com.example.mqtt.InfluxDBService - Extracted tagkey -> location: storage, kind: 입구, data: humidity
Value into InfluxDB: 127.5
2025-04-23 13:18:43 [MQTT Call: ygw] INFO  com.example.mqtt.MessageData - Data sent to InfluxDBService: data/s/nhnacademy/b/gyeongnam_campus/p/storage/d/24e124136d151547/n/입구/e/humidity -> 127.5
2025-04-23 13:18:45 [MQTT Call: ygw] INFO  com.example.mqtt.MessageData - Topic: data/s/nhnacademy/b/gyeongnam_campus/p/storage/d/24e124136d151547/n/입구/e/battery
Message Data:
time: 1745381922835
value: 1

2025-04-23 13:18:45 [MQTT Call: ygw] INFO  com.example.mqtt.InfluxDBService - Extracted tagkey -> location: storage, kind: 입구, data: battery
Value into InfluxDB: 1.0
2025-04-23 13:18:45 [MQTT Call: ygw] INFO  com.example.mqtt.MessageData - Data sent to InfluxDBService: data/s/nhnacademy/b/gyeongnam_campus/p/storage/d/24e124136d151547/n/입구/e/battery -> 1.0
2025-04-23 13:18:45 [MQTT Call: ygw] INFO  com.example.mqtt.MessageData - Topic: data/s/nhnacademy/b/gyeongnam_campus/p/storage/d/24e124136d151547/n/입구/e/temperature
Message Data:
time: 1745381922835
value: -0.1

2025-04-23 13:18:45 [MQTT Call: ygw] INFO  com.example.mqtt.InfluxDBService - Extracted tagkey -> location: storage, kind: 입구, data: temperature
Value into InfluxDB: -0.1
2025-04-23 13:18:45 [MQTT Call: ygw] INFO  com.example.mqtt.MessageData - Data sent to InfluxDBService: data/s/nhnacademy/b/gyeongnam_campus/p/storage/d/24e124136d151547/n/입구/e/temperature -> -0.1
2025-04-23 13:18:45 [MQTT Call: ygw] INFO  com.example.mqtt.MessageData - Topic: data/s/nhnacademy/b/gyeongnam_campus/p/storage/d/24e124136d151547/n/입구/g/24e124fffef79304/e/lora
Message Data:
time: 1745381922835
value: 

2025-04-23 13:18:45 [MQTT Call: ygw] INFO  com.example.mqtt.InfluxDBService - Extracted tagkey -> location: storage, kind: 입구, data: lora
Value into InfluxDB: 0.0
2025-04-23 13:18:45 [MQTT Call: ygw] INFO  com.example.mqtt.MessageData - Data sent to InfluxDBService: data/s/nhnacademy/b/gyeongnam_campus/p/storage/d/24e124136d151547/n/입구/g/24e124fffef79304/e/lora -> 0.0
2025-04-23 13:18:45 [MQTT Call: ygw] INFO  com.example.mqtt.MessageData - Topic: data/s/nhnacademy/b/gyeongnam_campus/p/storage/d/24e124136d151547/n/입구/e/temperature
Message Data:
time: 1745381922835
value: -0.1

2025-04-23 13:18:45 [MQTT Call: ygw] INFO  com.example.mqtt.InfluxDBService - Extracted tagkey -> location: storage, kind: 입구, data: temperature
Value into InfluxDB: -0.1
2025-04-23 13:18:45 [MQTT Call: ygw] INFO  com.example.mqtt.MessageData - Data sent to InfluxDBService: data/s/nhnacademy/b/gyeongnam_campus/p/storage/d/24e124136d151547/n/입구/e/temperature -> -0.1
2025-04-23 13:18:45 [MQTT Call: ygw] INFO  com.example.mqtt.MessageData - Topic: data/s/nhnacademy/b/gyeongnam_campus/p/storage/d/24e124136d151547/n/입구/e/battery
Message Data:
time: 1745381922835
value: 1

2025-04-23 13:18:45 [MQTT Call: ygw] INFO  com.example.mqtt.InfluxDBService - Extracted tagkey -> location: storage, kind: 입구, data: battery
Value into InfluxDB: 1.0
2025-04-23 13:18:45 [MQTT Call: ygw] INFO  com.example.mqtt.MessageData - Data sent to InfluxDBService: data/s/nhnacademy/b/gyeongnam_campus/p/storage/d/24e124136d151547/n/입구/e/battery -> 1.0
2025-04-23 13:18:45 [MQTT Call: ygw] INFO  com.example.mqtt.MessageData - Topic: data/s/nhnacademy/b/gyeongnam_campus/p/storage/d/24e124136d151547/n/입구/e/humidity
Message Data:
time: 1745381922835
value: 127.5

2025-04-23 13:18:45 [MQTT Call: ygw] INFO  com.example.mqtt.InfluxDBService - Extracted tagkey -> location: storage, kind: 입구, data: humidity
Value into InfluxDB: 127.5
2025-04-23 13:18:45 [MQTT Call: ygw] INFO  com.example.mqtt.MessageData - Data sent to InfluxDBService: data/s/nhnacademy/b/gyeongnam_campus/p/storage/d/24e124136d151547/n/입구/e/humidity -> 127.5
2025-04-23 13:18:45 [MQTT Call: ygw] INFO  com.example.mqtt.MessageData - Topic: data/s/nhnacademy/b/gyeongnam_campus/p/storage/d/24e124136d151547/n/입구/g/24e124fffef79304/e/lora
Message Data:
time: 1745381922835
value: 

2025-04-23 13:18:45 [MQTT Call: ygw] INFO  com.example.mqtt.InfluxDBService - Extracted tagkey -> location: storage, kind: 입구, data: lora
Value into InfluxDB: 0.0
2025-04-23 13:18:45 [MQTT Call: ygw] INFO  com.example.mqtt.MessageData - Data sent to InfluxDBService: data/s/nhnacademy/b/gyeongnam_campus/p/storage/d/24e124136d151547/n/입구/g/24e124fffef79304/e/lora -> 0.0
2025-04-23 13:18:45 [MQTT Call: ygw] INFO  com.example.mqtt.MessageData - Topic: data/s/nhnacademy/b/gyeongnam_campus/p/storage/d/24e124136d151547/n/입구/g/24e124fffef5dccc/e/lora
Message Data:
time: 1745381922835
value: 

2025-04-23 13:18:45 [MQTT Call: ygw] INFO  com.example.mqtt.InfluxDBService - Extracted tagkey -> location: storage, kind: 입구, data: lora
Value into InfluxDB: 0.0
2025-04-23 13:18:45 [MQTT Call: ygw] INFO  com.example.mqtt.MessageData - Data sent to InfluxDBService: data/s/nhnacademy/b/gyeongnam_campus/p/storage/d/24e124136d151547/n/입구/g/24e124fffef5dccc/e/lora -> 0.0
2025-04-23 13:18:50 [MQTT Call: ygw] INFO  com.example.mqtt.MessageData - Topic: data/s/nhnacademy/b/gyeongnam_campus/p/campus/d/gem3500_1/n/캠퍼스_LL/e/voltage
Message Data:
time: 1745381930227
value: 380.2

2025-04-23 13:18:50 [MQTT Call: ygw] INFO  com.example.mqtt.InfluxDBService - Extracted tagkey -> location: campus, kind: 캠퍼스_LL, data: voltage
Value into InfluxDB: 380.2
2025-04-23 13:18:50 [MQTT Call: ygw] INFO  com.example.mqtt.MessageData - Data sent to InfluxDBService: data/s/nhnacademy/b/gyeongnam_campus/p/campus/d/gem3500_1/n/캠퍼스_LL/e/voltage -> 380.2
2025-04-23 13:18:50 [MQTT Call: ygw] INFO  com.example.mqtt.MessageData - Topic: data/s/nhnacademy/b/gyeongnam_campus/p/campus/d/gem3500_1/n/캠퍼스_LN/e/voltage
Message Data:
time: 1745381930227
value: 219.51

2025-04-23 13:18:50 [MQTT Call: ygw] INFO  com.example.mqtt.InfluxDBService - Extracted tagkey -> location: campus, kind: 캠퍼스_LN, data: voltage
Value into InfluxDB: 219.51
2025-04-23 13:18:50 [MQTT Call: ygw] INFO  com.example.mqtt.MessageData - Data sent to InfluxDBService: data/s/nhnacademy/b/gyeongnam_campus/p/campus/d/gem3500_1/n/캠퍼스_LN/e/voltage -> 219.51
2025-04-23 13:18:50 [MQTT Call: ygw] INFO  com.example.mqtt.MessageData - Topic: data/s/nhnacademy/b/gyeongnam_campus/p/campus/d/gem3500_1/n/캠퍼스1/e/power_meter
Message Data:
time: 1745381930326
type: 5
leakageCurrent: 0
current: 2992
activePower: 5640
reactivePower: -1900
tapparentPower: 6564
powerFactor: 85.92
currentUnbalance: 56.57
lines: 

2025-04-23 13:18:50 [MQTT Call: ygw] WARN  com.example.mqtt.MessageData - No 'value' field found in message, skipping InfluxDB write.
2025-04-23 13:18:50 [MQTT Call: ygw] INFO  com.example.mqtt.MessageData - Topic: data/s/nhnacademy/b/gyeongnam_campus/p/campus/d/gem3500_1/n/전등1/e/power_meter
Message Data:
time: 1745381930427
type: 3
leakageCurrent: 0
current: 699
activePower: 1308
reactivePower: -324
tapparentPower: 1528
powerFactor: 85.55
currentUnbalance: 0
lines: 

2025-04-23 13:18:50 [MQTT Call: ygw] WARN  com.example.mqtt.MessageData - No 'value' field found in message, skipping InfluxDB write.
2025-04-23 13:18:50 [MQTT Call: ygw] INFO  com.example.mqtt.MessageData - Topic: data/s/nhnacademy/b/gyeongnam_campus/p/campus/d/gem3500_1/n/전등2/e/power_meter
Message Data:
time: 1745381930529
type: 1
leakageCurrent: 0
current: 661
activePower: 1339
reactivePower: -331
tapparentPower: 1456
powerFactor: 91.92
currentUnbalance: 0
lines: 

2025-04-23 13:18:50 [MQTT Call: ygw] WARN  com.example.mqtt.MessageData - No 'value' field found in message, skipping InfluxDB write.
2025-04-23 13:18:50 [MQTT Call: ygw] INFO  com.example.mqtt.MessageData - Topic: data/s/nhnacademy/b/gyeongnam_campus/p/campus/d/gem3500_1/n/전등3/e/power_meter
Message Data:
time: 1745381930631
type: 2
leakageCurrent: 0
current: 0
activePower: 0
reactivePower: 0
tapparentPower: 0
powerFactor: 0
currentUnbalance: 0
lines: 

2025-04-23 13:18:50 [MQTT Call: ygw] WARN  com.example.mqtt.MessageData - No 'value' field found in message, skipping InfluxDB write.
2025-04-23 13:18:50 [MQTT Call: ygw] INFO  com.example.mqtt.MessageData - Topic: data/s/nhnacademy/b/gyeongnam_campus/p/campus/d/gem3500_1/n/강의실b_바닥/e/power_meter
Message Data:
time: 1745381930732
type: 3
leakageCurrent: 0
current: 247
activePower: 415
reactivePower: -242
tapparentPower: 542
powerFactor: 76.54
currentUnbalance: 0
lines: 

2025-04-23 13:18:50 [MQTT Call: ygw] WARN  com.example.mqtt.MessageData - No 'value' field found in message, skipping InfluxDB write.
2025-04-23 13:18:50 [MQTT Call: ygw] INFO  com.example.mqtt.MessageData - Topic: data/s/nhnacademy/b/gyeongnam_campus/p/campus/d/gem3500_1/n/강의실a_바닥1/e/power_meter
Message Data:
time: 1745381930833
type: 1
leakageCurrent: 0
current: 293
activePower: 487
reactivePower: -352
tapparentPower: 650
powerFactor: 74.9
currentUnbalance: 0
lines: 

2025-04-23 13:18:50 [MQTT Call: ygw] WARN  com.example.mqtt.MessageData - No 'value' field found in message, skipping InfluxDB write.
2025-04-23 13:18:51 [MQTT Call: ygw] INFO  com.example.mqtt.MessageData - Topic: data/s/nhnacademy/b/gyeongnam_campus/p/campus/d/gem3500_1/n/강의실a_바닥2/e/power_meter
Message Data:
time: 1745381930936
type: 2
leakageCurrent: 0
current: 195
activePower: 345
reactivePower: -187
tapparentPower: 424
powerFactor: 81.35
currentUnbalance: 0
lines: 

2025-04-23 13:18:51 [MQTT Call: ygw] WARN  com.example.mqtt.MessageData - No 'value' field found in message, skipping InfluxDB write.
2025-04-23 13:18:51 [MQTT Call: ygw] INFO  com.example.mqtt.MessageData - Topic: data/s/nhnacademy/b/gyeongnam_campus/p/campus/d/gem3500_1/n/프로젝터1/e/power_meter
Message Data:
time: 1745381931035
type: 3
leakageCurrent: 0
current: 99
activePower: 129
reactivePower: -151
tapparentPower: 218
powerFactor: 59.34
currentUnbalance: 0
lines: 

2025-04-23 13:18:51 [MQTT Call: ygw] WARN  com.example.mqtt.MessageData - No 'value' field found in message, skipping InfluxDB write.
2025-04-23 13:18:51 [MQTT Call: ygw] INFO  com.example.mqtt.MessageData - Topic: data/s/nhnacademy/b/gyeongnam_campus/p/campus/d/gem3500_1/n/프로젝터2/e/power_meter
Message Data:
time: 1745381931136
type: 1
leakageCurrent: 0
current: 40
activePower: 45
reactivePower: -69
tapparentPower: 88
powerFactor: 51.35
currentUnbalance: 0
lines: 

2025-04-23 13:18:51 [MQTT Call: ygw] WARN  com.example.mqtt.MessageData - No 'value' field found in message, skipping InfluxDB write.
2025-04-23 13:18:51 [MQTT Call: ygw] INFO  com.example.mqtt.MessageData - Topic: data/s/nhnacademy/b/gyeongnam_campus/p/campus/d/gem3500_1/n/회의실/e/power_meter
Message Data:
time: 1745381931236
type: 2
leakageCurrent: 0
current: 14
activePower: 4
reactivePower: -28
tapparentPower: 31
powerFactor: 15.38
currentUnbalance: 0
lines: 

2025-04-23 13:18:51 [MQTT Call: ygw] WARN  com.example.mqtt.MessageData - No 'value' field found in message, skipping InfluxDB write.
2025-04-23 13:18:51 [MQTT Call: ygw] INFO  com.example.mqtt.MessageData - Topic: data/s/nhnacademy/b/gyeongnam_campus/p/campus/d/gem3500_1/n/서버실/e/power_meter
Message Data:
time: 1745381931340
type: 3
leakageCurrent: 0
current: 202
activePower: 391
reactivePower: -108
tapparentPower: 441
powerFactor: 88.58
currentUnbalance: 0
lines: 

2025-04-23 13:18:51 [MQTT Call: ygw] WARN  com.example.mqtt.MessageData - No 'value' field found in message, skipping InfluxDB write.
2025-04-23 13:18:51 [MQTT Call: ygw] INFO  com.example.mqtt.MessageData - Topic: data/s/nhnacademy/b/gyeongnam_campus/p/campus/d/gem3500_1/n/간판/e/power_meter
Message Data:
time: 1745381931440
type: 1
leakageCurrent: 0
current: 0
activePower: 0
reactivePower: 0
tapparentPower: 0
powerFactor: 0
currentUnbalance: 0
lines: 

2025-04-23 13:18:51 [MQTT Call: ygw] WARN  com.example.mqtt.MessageData - No 'value' field found in message, skipping InfluxDB write.
2025-04-23 13:18:51 [MQTT Call: ygw] INFO  com.example.mqtt.MessageData - Topic: data/s/nhnacademy/b/gyeongnam_campus/p/campus/d/gem3500_1/n/페어룸/e/power_meter
Message Data:
time: 1745381931543
type: 2
leakageCurrent: 0
current: 0
activePower: 0
reactivePower: 0
tapparentPower: 0
powerFactor: 0
currentUnbalance: 0
lines: 

2025-04-23 13:18:51 [MQTT Call: ygw] WARN  com.example.mqtt.MessageData - No 'value' field found in message, skipping InfluxDB write.
2025-04-23 13:18:51 [MQTT Call: ygw] INFO  com.example.mqtt.MessageData - Topic: data/s/nhnacademy/b/gyeongnam_campus/p/campus/d/gem3500_1/n/사무실_전열1/e/power_meter
Message Data:
time: 1745381931645
type: 3
leakageCurrent: 0
current: 82
activePower: 103
reactivePower: -52
tapparentPower: 187
powerFactor: 55.12
currentUnbalance: 0
lines: 

2025-04-23 13:18:51 [MQTT Call: ygw] WARN  com.example.mqtt.MessageData - No 'value' field found in message, skipping InfluxDB write.
2025-04-23 13:18:51 [MQTT Call: ygw] INFO  com.example.mqtt.MessageData - Topic: data/s/nhnacademy/b/gyeongnam_campus/p/campus/d/gem3500_1/n/사무실_전열2/e/power_meter
Message Data:
time: 1745381931744
type: 3
leakageCurrent: 0
current: 90
activePower: 98
reactivePower: -60
tapparentPower: 201
powerFactor: 48.8
currentUnbalance: 0
lines: 

2025-04-23 13:18:51 [MQTT Call: ygw] WARN  com.example.mqtt.MessageData - No 'value' field found in message, skipping InfluxDB write.
2025-04-23 13:18:51 [MQTT Call: ygw] INFO  com.example.mqtt.MessageData - Topic: data/s/nhnacademy/b/gyeongnam_campus/p/campus/d/gem3500_1/n/사무실_복사기/e/power_meter
Message Data:
time: 1745381931845
type: 1
leakageCurrent: 0
current: 7
activePower: 7
reactivePower: 0
tapparentPower: 16
powerFactor: 42.85
currentUnbalance: 0
lines: 

2025-04-23 13:18:51 [MQTT Call: ygw] WARN  com.example.mqtt.MessageData - No 'value' field found in message, skipping InfluxDB write.
2025-04-23 13:18:51 [MQTT Call: ygw] INFO  com.example.mqtt.MessageData - Topic: data/s/nhnacademy/b/gyeongnam_campus/p/campus/d/gem3500_1/n/빌트인_전열/e/power_meter
Message Data:
time: 1745381931949
type: 2
leakageCurrent: 0
current: 5
activePower: 2
reactivePower: -7
tapparentPower: 12
powerFactor: 20
currentUnbalance: 0
lines: 

2025-04-23 13:18:51 [MQTT Call: ygw] WARN  com.example.mqtt.MessageData - No 'value' field found in message, skipping InfluxDB write.
2025-04-23 13:18:51 [MQTT Call: ygw] INFO  com.example.mqtt.MessageData - Topic: data/s/nhnacademy/b/gyeongnam_campus/p/campus/d/gem3500_1/n/사무실_전열3/e/power_meter
Message Data:
time: 1745381932051
type: 3
leakageCurrent: 0
current: 0
activePower: 0
reactivePower: 0
tapparentPower: 0
powerFactor: 0
currentUnbalance: 0
lines: 

2025-04-23 13:18:51 [MQTT Call: ygw] WARN  com.example.mqtt.MessageData - No 'value' field found in message, skipping InfluxDB write.
2025-04-23 13:18:52 [MQTT Call: ygw] INFO  com.example.mqtt.MessageData - Topic: data/s/nhnacademy/b/gyeongnam_campus/p/campus/d/gem3500_1/n/정수기/e/power_meter
Message Data:
time: 1745381932148
type: 1
leakageCurrent: 0
current: 269
activePower: 580
reactivePower: 115
tapparentPower: 590
powerFactor: 98.37
currentUnbalance: 0
lines: 

2025-04-23 13:18:52 [MQTT Call: ygw] WARN  com.example.mqtt.MessageData - No 'value' field found in message, skipping InfluxDB write.
2025-04-23 13:18:52 [MQTT Call: ygw] INFO  com.example.mqtt.MessageData - Topic: data/s/nhnacademy/b/gyeongnam_campus/p/campus/d/gem3500_1/n/하이브_전열/e/power_meter
Message Data:
time: 1745381932251
type: 2
leakageCurrent: 0
current: 65
activePower: 124
reactivePower: -45
tapparentPower: 141
powerFactor: 88.13
currentUnbalance: 0
lines: 

2025-04-23 13:18:52 [MQTT Call: ygw] WARN  com.example.mqtt.MessageData - No 'value' field found in message, skipping InfluxDB write.
2025-04-23 13:18:52 [MQTT Call: ygw] INFO  com.example.mqtt.MessageData - Topic: data/s/nhnacademy/b/gyeongnam_campus/p/campus/d/gem3500_1/n/바텐_전열/e/power_meter
Message Data:
time: 1745381932353
type: 3
leakageCurrent: 0
current: 0
activePower: 0
reactivePower: 0
tapparentPower: 0
powerFactor: 0
currentUnbalance: 0
lines: 

2025-04-23 13:18:52 [MQTT Call: ygw] WARN  com.example.mqtt.MessageData - No 'value' field found in message, skipping InfluxDB write.
2025-04-23 13:18:52 [MQTT Call: ygw] INFO  com.example.mqtt.MessageData - Topic: data/s/nhnacademy/b/gyeongnam_campus/p/campus/d/gem3500_1/n/S_P/e/power_meter
Message Data:
time: 1745381932458
type: 1
leakageCurrent: 0
current: 0
activePower: 0
reactivePower: 0
tapparentPower: 0
powerFactor: 0
currentUnbalance: 0
lines: 

2025-04-23 13:18:52 [MQTT Call: ygw] WARN  com.example.mqtt.MessageData - No 'value' field found in message, skipping InfluxDB write.
2025-04-23 13:18:52 [MQTT Call: ygw] INFO  com.example.mqtt.MessageData - Topic: data/s/nhnacademy/b/gyeongnam_campus/p/campus/d/gem3500_1/n/공조기/e/power_meter
Message Data:
time: 1745381932555
type: 2
leakageCurrent: 0
current: 204
activePower: 225
reactivePower: -21
tapparentPower: 448
powerFactor: 50.26
currentUnbalance: 0
lines: 

2025-04-23 13:18:52 [MQTT Call: ygw] WARN  com.example.mqtt.MessageData - No 'value' field found in message, skipping InfluxDB write.
2025-04-23 13:18:53 [MQTT Call: ygw] INFO  com.example.mqtt.MessageData - Topic: data/s/nhnacademy/b/gyeongnam_campus/p/campus/d/gem3500_1/n/AC/e/power_meter
Message Data:
time: 1745381932656
type: 3
leakageCurrent: 0
current: 16
activePower: 14
reactivePower: -23
tapparentPower: 38
powerFactor: 37.5
currentUnbalance: 0
lines: 

2025-04-23 13:18:53 [MQTT Call: ygw] WARN  com.example.mqtt.MessageData - No 'value' field found in message, skipping InfluxDB write.
2025-04-23 13:18:55 [MQTT Call: ygw] INFO  com.example.mqtt.MessageData - Topic: data/s/nhnacademy/b/gyeongnam_campus/p/office/d/24e124126d152919/n/보드/e/temperature
Message Data:
time: 1745381935307
value: 24.5

2025-04-23 13:18:55 [MQTT Call: ygw] INFO  com.example.mqtt.InfluxDBService - Extracted tagkey -> location: office, kind: 보드, data: temperature
Value into InfluxDB: 24.5
2025-04-23 13:18:55 [MQTT Call: ygw] INFO  com.example.mqtt.MessageData - Data sent to InfluxDBService: data/s/nhnacademy/b/gyeongnam_campus/p/office/d/24e124126d152919/n/보드/e/temperature -> 24.5
2025-04-23 13:18:55 [MQTT Call: ygw] INFO  com.example.mqtt.MessageData - Topic: data/s/nhnacademy/b/gyeongnam_campus/p/office/d/24e124126d152919/n/보드/e/humidity
Message Data:
time: 1745381935307
value: 49

2025-04-23 13:18:55 [MQTT Call: ygw] INFO  com.example.mqtt.InfluxDBService - Extracted tagkey -> location: office, kind: 보드, data: humidity
Value into InfluxDB: 49.0
2025-04-23 13:18:55 [MQTT Call: ygw] INFO  com.example.mqtt.MessageData - Data sent to InfluxDBService: data/s/nhnacademy/b/gyeongnam_campus/p/office/d/24e124126d152919/n/보드/e/humidity -> 49.0
2025-04-23 13:18:55 [MQTT Call: ygw] INFO  com.example.mqtt.MessageData - Topic: data/s/nhnacademy/b/gyeongnam_campus/p/office/d/24e124126d152919/n/보드/e/pressure
Message Data:
time: 1745381935307
value: 1005

2025-04-23 13:18:55 [MQTT Call: ygw] INFO  com.example.mqtt.InfluxDBService - Extracted tagkey -> location: office, kind: 보드, data: pressure
Value into InfluxDB: 1005.0
2025-04-23 13:18:55 [MQTT Call: ygw] INFO  com.example.mqtt.MessageData - Data sent to InfluxDBService: data/s/nhnacademy/b/gyeongnam_campus/p/office/d/24e124126d152919/n/보드/e/pressure -> 1005.0
2025-04-23 13:18:55 [MQTT Call: ygw] INFO  com.example.mqtt.MessageData - Topic: data/s/nhnacademy/b/gyeongnam_campus/p/office/d/24e124126d152919/n/보드/e/co2
Message Data:
time: 1745381935307
value: 738

2025-04-23 13:18:55 [MQTT Call: ygw] INFO  com.example.mqtt.InfluxDBService - Extracted tagkey -> location: office, kind: 보드, data: co2
Value into InfluxDB: 738.0
2025-04-23 13:18:55 [MQTT Call: ygw] INFO  com.example.mqtt.MessageData - Data sent to InfluxDBService: data/s/nhnacademy/b/gyeongnam_campus/p/office/d/24e124126d152919/n/보드/e/co2 -> 738.0
2025-04-23 13:18:55 [MQTT Call: ygw] INFO  com.example.mqtt.MessageData - Topic: data/s/nhnacademy/b/gyeongnam_campus/p/office/d/24e124126d152919/n/보드/g/24e124fffef79304/e/lora
Message Data:
time: 1745381935307
value: 

2025-04-23 13:18:55 [MQTT Call: ygw] INFO  com.example.mqtt.InfluxDBService - Extracted tagkey -> location: office, kind: 보드, data: lora
Value into InfluxDB: 0.0
2025-04-23 13:18:55 [MQTT Call: ygw] INFO  com.example.mqtt.MessageData - Data sent to InfluxDBService: data/s/nhnacademy/b/gyeongnam_campus/p/office/d/24e124126d152919/n/보드/g/24e124fffef79304/e/lora -> 0.0
2025-04-23 13:18:55 [MQTT Call: ygw] INFO  com.example.mqtt.MessageData - Topic: data/s/nhnacademy/b/gyeongnam_campus/p/office/d/24e124126d152919/n/보드/g/24e124fffef5dccc/e/lora
Message Data:
time: 1745381935307
value: 

2025-04-23 13:18:55 [MQTT Call: ygw] INFO  com.example.mqtt.InfluxDBService - Extracted tagkey -> location: office, kind: 보드, data: lora
Value into InfluxDB: 0.0
2025-04-23 13:18:55 [MQTT Call: ygw] INFO  com.example.mqtt.MessageData - Data sent to InfluxDBService: data/s/nhnacademy/b/gyeongnam_campus/p/office/d/24e124126d152919/n/보드/g/24e124fffef5dccc/e/lora -> 0.0
2025-04-23 13:18:55 [MQTT Call: ygw] INFO  com.example.mqtt.MessageData - Topic: data/s/nhnacademy/b/gyeongnam_campus/p/office/d/24e124126d152919/n/보드/e/co2
Message Data:
time: 1745381935316
value: 738

2025-04-23 13:18:55 [MQTT Call: ygw] INFO  com.example.mqtt.InfluxDBService - Extracted tagkey -> location: office, kind: 보드, data: co2
Value into InfluxDB: 738.0
2025-04-23 13:18:55 [MQTT Call: ygw] INFO  com.example.mqtt.MessageData - Data sent to InfluxDBService: data/s/nhnacademy/b/gyeongnam_campus/p/office/d/24e124126d152919/n/보드/e/co2 -> 738.0
2025-04-23 13:18:55 [MQTT Call: ygw] INFO  com.example.mqtt.MessageData - Topic: data/s/nhnacademy/b/gyeongnam_campus/p/office/d/24e124126d152919/n/보드/e/pressure
Message Data:
time: 1745381935316
value: 1005

2025-04-23 13:18:55 [MQTT Call: ygw] INFO  com.example.mqtt.InfluxDBService - Extracted tagkey -> location: office, kind: 보드, data: pressure
Value into InfluxDB: 1005.0
2025-04-23 13:18:55 [MQTT Call: ygw] INFO  com.example.mqtt.MessageData - Data sent to InfluxDBService: data/s/nhnacademy/b/gyeongnam_campus/p/office/d/24e124126d152919/n/보드/e/pressure -> 1005.0
2025-04-23 13:18:55 [MQTT Call: ygw] INFO  com.example.mqtt.MessageData - Topic: data/s/nhnacademy/b/gyeongnam_campus/p/office/d/24e124126d152919/n/보드/e/humidity
Message Data:
time: 1745381935316
value: 49

2025-04-23 13:18:55 [MQTT Call: ygw] INFO  com.example.mqtt.InfluxDBService - Extracted tagkey -> location: office, kind: 보드, data: humidity
Value into InfluxDB: 49.0
2025-04-23 13:18:55 [MQTT Call: ygw] INFO  com.example.mqtt.MessageData - Data sent to InfluxDBService: data/s/nhnacademy/b/gyeongnam_campus/p/office/d/24e124126d152919/n/보드/e/humidity -> 49.0
2025-04-23 13:18:55 [MQTT Call: ygw] INFO  com.example.mqtt.MessageData - Topic: data/s/nhnacademy/b/gyeongnam_campus/p/office/d/24e124126d152919/n/보드/e/temperature
Message Data:
time: 1745381935316
value: 24.5

2025-04-23 13:18:55 [MQTT Call: ygw] INFO  com.example.mqtt.InfluxDBService - Extracted tagkey -> location: office, kind: 보드, data: temperature
Value into InfluxDB: 24.5
2025-04-23 13:18:55 [MQTT Call: ygw] INFO  com.example.mqtt.MessageData - Data sent to InfluxDBService: data/s/nhnacademy/b/gyeongnam_campus/p/office/d/24e124126d152919/n/보드/e/temperature -> 24.5
2025-04-23 13:18:55 [MQTT Call: ygw] INFO  com.example.mqtt.MessageData - Topic: data/s/nhnacademy/b/gyeongnam_campus/p/office/d/24e124126d152919/n/보드/g/24e124fffef5dccc/e/lora
Message Data:
time: 1745381935316
value: 

2025-04-23 13:18:55 [MQTT Call: ygw] INFO  com.example.mqtt.InfluxDBService - Extracted tagkey -> location: office, kind: 보드, data: lora
Value into InfluxDB: 0.0
2025-04-23 13:18:55 [MQTT Call: ygw] INFO  com.example.mqtt.MessageData - Data sent to InfluxDBService: data/s/nhnacademy/b/gyeongnam_campus/p/office/d/24e124126d152919/n/보드/g/24e124fffef5dccc/e/lora -> 0.0
2025-04-23 13:18:55 [MQTT Call: ygw] INFO  com.example.mqtt.MessageData - Topic: data/s/nhnacademy/b/gyeongnam_campus/p/office/d/24e124126d152919/n/보드/g/24e124fffef79304/e/lora
Message Data:
time: 1745381935316
value: 

2025-04-23 13:18:55 [MQTT Call: ygw] INFO  com.example.mqtt.InfluxDBService - Extracted tagkey -> location: office, kind: 보드, data: lora
Value into InfluxDB: 0.0
2025-04-23 13:18:55 [MQTT Call: ygw] INFO  com.example.mqtt.MessageData - Data sent to InfluxDBService: data/s/nhnacademy/b/gyeongnam_campus/p/office/d/24e124126d152919/n/보드/g/24e124fffef79304/e/lora -> 0.0
2025-04-23 13:19:04 [MQTT Call: ygw] INFO  com.example.mqtt.MessageData - Topic: data/s/nhnacademy/b/gyeongnam_campus/p/pair_room/d/24e124617d159573/n/2/e/distance
Message Data:
time: 1745381944069
value: 2235

2025-04-23 13:19:04 [MQTT Call: ygw] INFO  com.example.mqtt.InfluxDBService - Extracted tagkey -> location: pair_room, kind: 2, data: distance
Value into InfluxDB: 2235.0
2025-04-23 13:19:04 [MQTT Call: ygw] INFO  com.example.mqtt.MessageData - Data sent to InfluxDBService: data/s/nhnacademy/b/gyeongnam_campus/p/pair_room/d/24e124617d159573/n/2/e/distance -> 2235.0
2025-04-23 13:19:04 [MQTT Call: ygw] INFO  com.example.mqtt.MessageData - Topic: data/s/nhnacademy/b/gyeongnam_campus/p/pair_room/d/24e124617d159573/n/2/e/occupancy
Message Data:
time: 1745381944069
value: 0

2025-04-23 13:19:04 [MQTT Call: ygw] INFO  com.example.mqtt.InfluxDBService - Extracted tagkey -> location: pair_room, kind: 2, data: occupancy
Value into InfluxDB: 0.0
2025-04-23 13:19:04 [MQTT Call: ygw] INFO  com.example.mqtt.MessageData - Data sent to InfluxDBService: data/s/nhnacademy/b/gyeongnam_campus/p/pair_room/d/24e124617d159573/n/2/e/occupancy -> 0.0
2025-04-23 13:19:04 [MQTT Call: ygw] INFO  com.example.mqtt.MessageData - Topic: data/s/nhnacademy/b/gyeongnam_campus/p/pair_room/d/24e124617d159573/n/2/e/battery
Message Data:
time: 1745381944069
value: 32

2025-04-23 13:19:04 [MQTT Call: ygw] INFO  com.example.mqtt.InfluxDBService - Extracted tagkey -> location: pair_room, kind: 2, data: battery
Value into InfluxDB: 32.0
2025-04-23 13:19:04 [MQTT Call: ygw] INFO  com.example.mqtt.MessageData - Data sent to InfluxDBService: data/s/nhnacademy/b/gyeongnam_campus/p/pair_room/d/24e124617d159573/n/2/e/battery -> 32.0
2025-04-23 13:19:04 [MQTT Call: ygw] INFO  com.example.mqtt.MessageData - Topic: data/s/nhnacademy/b/gyeongnam_campus/p/pair_room/d/24e124617d159573/n/2/g/24e124fffef79304/e/lora
Message Data:
time: 1745381944069
value: 

2025-04-23 13:19:04 [MQTT Call: ygw] INFO  com.example.mqtt.InfluxDBService - Extracted tagkey -> location: pair_room, kind: 2, data: lora
Value into InfluxDB: 0.0
2025-04-23 13:19:04 [MQTT Call: ygw] INFO  com.example.mqtt.MessageData - Data sent to InfluxDBService: data/s/nhnacademy/b/gyeongnam_campus/p/pair_room/d/24e124617d159573/n/2/g/24e124fffef79304/e/lora -> 0.0
2025-04-23 13:19:04 [MQTT Call: ygw] INFO  com.example.mqtt.MessageData - Topic: data/s/nhnacademy/b/gyeongnam_campus/p/pair_room/d/24e124617d159573/n/2/g/24e124fffef5dccc/e/lora
Message Data:
time: 1745381944069
value: 

2025-04-23 13:19:04 [MQTT Call: ygw] INFO  com.example.mqtt.InfluxDBService - Extracted tagkey -> location: pair_room, kind: 2, data: lora
Value into InfluxDB: 0.0
2025-04-23 13:19:04 [MQTT Call: ygw] INFO  com.example.mqtt.MessageData - Data sent to InfluxDBService: data/s/nhnacademy/b/gyeongnam_campus/p/pair_room/d/24e124617d159573/n/2/g/24e124fffef5dccc/e/lora -> 0.0
2025-04-23 13:19:10 [MQTT Call: ygw] INFO  com.example.mqtt.MessageData - Topic: data/s/nhnacademy/b/gyeongnam_campus/p/hive/d/24e124785c389010/n/정수기 위/e/battery
Message Data:
time: 1745381950187
value: 85

2025-04-23 13:19:10 [MQTT Call: ygw] INFO  com.example.mqtt.InfluxDBService - Extracted tagkey -> location: hive, kind: 정수기 위, data: battery
Value into InfluxDB: 85.0
2025-04-23 13:19:10 [MQTT Call: ygw] INFO  com.example.mqtt.MessageData - Data sent to InfluxDBService: data/s/nhnacademy/b/gyeongnam_campus/p/hive/d/24e124785c389010/n/정수기 위/e/battery -> 85.0
2025-04-23 13:19:10 [MQTT Call: ygw] INFO  com.example.mqtt.MessageData - Topic: data/s/nhnacademy/b/gyeongnam_campus/p/hive/d/24e124785c389010/n/정수기 위/e/temperature
Message Data:
time: 1745381950187
value: 23.4

2025-04-23 13:19:10 [MQTT Call: ygw] INFO  com.example.mqtt.InfluxDBService - Extracted tagkey -> location: hive, kind: 정수기 위, data: temperature
Value into InfluxDB: 23.4
2025-04-23 13:19:10 [MQTT Call: ygw] INFO  com.example.mqtt.MessageData - Data sent to InfluxDBService: data/s/nhnacademy/b/gyeongnam_campus/p/hive/d/24e124785c389010/n/정수기 위/e/temperature -> 23.4
2025-04-23 13:19:10 [MQTT Call: ygw] INFO  com.example.mqtt.MessageData - Topic: data/s/nhnacademy/b/gyeongnam_campus/p/hive/d/24e124785c389010/n/정수기 위/e/humidity
Message Data:
time: 1745381950187
value: 44

2025-04-23 13:19:10 [MQTT Call: ygw] INFO  com.example.mqtt.InfluxDBService - Extracted tagkey -> location: hive, kind: 정수기 위, data: humidity
Value into InfluxDB: 44.0
2025-04-23 13:19:10 [MQTT Call: ygw] INFO  com.example.mqtt.MessageData - Data sent to InfluxDBService: data/s/nhnacademy/b/gyeongnam_campus/p/hive/d/24e124785c389010/n/정수기 위/e/humidity -> 44.0
2025-04-23 13:19:10 [MQTT Call: ygw] INFO  com.example.mqtt.MessageData - Topic: data/s/nhnacademy/b/gyeongnam_campus/p/hive/d/24e124785c389010/n/정수기 위/g/24e124fffef79304/e/lora
Message Data:
time: 1745381950187
value: 

2025-04-23 13:19:10 [MQTT Call: ygw] INFO  com.example.mqtt.InfluxDBService - Extracted tagkey -> location: hive, kind: 정수기 위, data: lora
Value into InfluxDB: 0.0
2025-04-23 13:19:10 [MQTT Call: ygw] INFO  com.example.mqtt.MessageData - Data sent to InfluxDBService: data/s/nhnacademy/b/gyeongnam_campus/p/hive/d/24e124785c389010/n/정수기 위/g/24e124fffef79304/e/lora -> 0.0
2025-04-23 13:19:10 [MQTT Call: ygw] INFO  com.example.mqtt.MessageData - Topic: data/s/nhnacademy/b/gyeongnam_campus/p/hive/d/24e124785c389010/n/정수기 위/g/24e124fffef5dccc/e/lora
Message Data:
time: 1745381950187
value: 

2025-04-23 13:19:10 [MQTT Call: ygw] INFO  com.example.mqtt.InfluxDBService - Extracted tagkey -> location: hive, kind: 정수기 위, data: lora
Value into InfluxDB: 0.0
2025-04-23 13:19:10 [MQTT Call: ygw] INFO  com.example.mqtt.MessageData - Data sent to InfluxDBService: data/s/nhnacademy/b/gyeongnam_campus/p/hive/d/24e124785c389010/n/정수기 위/g/24e124fffef5dccc/e/lora -> 0.0
2025-04-23 13:19:13 [MQTT Call: ygw] INFO  com.example.mqtt.MessageData - Topic: data/s/nhnacademy/b/gyeongnam_campus/p/hive/d/24e124725d081175/sp/8인 책상/n/8인 책상/e/temperature
Message Data:
time: 1745381953078
value: 24

2025-04-23 13:19:13 [MQTT Call: ygw] INFO  com.example.mqtt.InfluxDBService - Extracted tagkey -> location: hive, kind: 8인 책상, data: temperature
Value into InfluxDB: 24.0
2025-04-23 13:19:13 [MQTT Call: ygw] INFO  com.example.mqtt.MessageData - Data sent to InfluxDBService: data/s/nhnacademy/b/gyeongnam_campus/p/hive/d/24e124725d081175/sp/8인 책상/n/8인 책상/e/temperature -> 24.0
2025-04-23 13:19:14 [MQTT Call: ygw] INFO  com.example.mqtt.MessageData - Topic: data/s/nhnacademy/b/gyeongnam_campus/p/hive/d/24e124725d081175/sp/8인 책상/n/8인 책상/e/battery
Message Data:
time: 1745381953078
value: 76

2025-04-23 13:19:14 [MQTT Call: ygw] INFO  com.example.mqtt.InfluxDBService - Extracted tagkey -> location: hive, kind: 8인 책상, data: battery
Value into InfluxDB: 76.0
2025-04-23 13:19:14 [MQTT Call: ygw] INFO  com.example.mqtt.MessageData - Data sent to InfluxDBService: data/s/nhnacademy/b/gyeongnam_campus/p/hive/d/24e124725d081175/sp/8인 책상/n/8인 책상/e/battery -> 76.0
2025-04-23 13:19:14 [MQTT Call: ygw] INFO  com.example.mqtt.MessageData - Topic: data/s/nhnacademy/b/gyeongnam_campus/p/hive/d/24e124725d081175/sp/8인 책상/n/8인 책상/e/co2
Message Data:
time: 1745381953078
value: 534

2025-04-23 13:19:14 [MQTT Call: ygw] INFO  com.example.mqtt.InfluxDBService - Extracted tagkey -> location: hive, kind: 8인 책상, data: co2
Value into InfluxDB: 534.0
2025-04-23 13:19:14 [MQTT Call: ygw] INFO  com.example.mqtt.MessageData - Data sent to InfluxDBService: data/s/nhnacademy/b/gyeongnam_campus/p/hive/d/24e124725d081175/sp/8인 책상/n/8인 책상/e/co2 -> 534.0
2025-04-23 13:19:14 [MQTT Call: ygw] INFO  com.example.mqtt.MessageData - Topic: data/s/nhnacademy/b/gyeongnam_campus/p/hive/d/24e124725d081175/sp/8인 책상/n/8인 책상/e/humidity
Message Data:
time: 1745381953078
value: 42.5

2025-04-23 13:19:14 [MQTT Call: ygw] INFO  com.example.mqtt.InfluxDBService - Extracted tagkey -> location: hive, kind: 8인 책상, data: humidity
Value into InfluxDB: 42.5
2025-04-23 13:19:14 [MQTT Call: ygw] INFO  com.example.mqtt.MessageData - Data sent to InfluxDBService: data/s/nhnacademy/b/gyeongnam_campus/p/hive/d/24e124725d081175/sp/8인 책상/n/8인 책상/e/humidity -> 42.5
2025-04-23 13:19:14 [MQTT Call: ygw] INFO  com.example.mqtt.MessageData - Topic: data/s/nhnacademy/b/gyeongnam_campus/p/hive/d/24e124725d081175/sp/8인 책상/n/8인 책상/g/24e124fffef79304/e/lora
Message Data:
time: 1745381953078
value: 

2025-04-23 13:19:14 [MQTT Call: ygw] INFO  com.example.mqtt.InfluxDBService - Extracted tagkey -> location: hive, kind: 8인 책상, data: lora
Value into InfluxDB: 0.0
2025-04-23 13:19:14 [MQTT Call: ygw] INFO  com.example.mqtt.MessageData - Data sent to InfluxDBService: data/s/nhnacademy/b/gyeongnam_campus/p/hive/d/24e124725d081175/sp/8인 책상/n/8인 책상/g/24e124fffef79304/e/lora -> 0.0
2025-04-23 13:19:14 [MQTT Call: ygw] INFO  com.example.mqtt.MessageData - Topic: data/s/nhnacademy/b/gyeongnam_campus/p/hive/d/24e124725d081175/sp/8인 책상/n/8인 책상/g/24e124fffef5dccc/e/lora
Message Data:
time: 1745381953078
value: 

2025-04-23 13:19:14 [MQTT Call: ygw] INFO  com.example.mqtt.InfluxDBService - Extracted tagkey -> location: hive, kind: 8인 책상, data: lora
Value into InfluxDB: 0.0
2025-04-23 13:19:14 [MQTT Call: ygw] INFO  com.example.mqtt.MessageData - Data sent to InfluxDBService: data/s/nhnacademy/b/gyeongnam_campus/p/hive/d/24e124725d081175/sp/8인 책상/n/8인 책상/g/24e124fffef5dccc/e/lora -> 0.0
2025-04-23 13:19:18 [MQTT Call: ygw] INFO  com.example.mqtt.MessageData - Topic: data/s/nhnacademy/b/gyeongnam_campus/p/class_a/d/24e124128c067999/sp/입구/n/입구/e/illumination
Message Data:
time: 1745381957856
value: 67

2025-04-23 13:19:18 [MQTT Call: ygw] INFO  com.example.mqtt.InfluxDBService - Extracted tagkey -> location: class_a, kind: 입구, data: illumination
Value into InfluxDB: 67.0
2025-04-23 13:19:18 [MQTT Call: ygw] INFO  com.example.mqtt.MessageData - Data sent to InfluxDBService: data/s/nhnacademy/b/gyeongnam_campus/p/class_a/d/24e124128c067999/sp/입구/n/입구/e/illumination -> 67.0
2025-04-23 13:19:18 [MQTT Call: ygw] INFO  com.example.mqtt.MessageData - Topic: data/s/nhnacademy/b/gyeongnam_campus/p/class_a/d/24e124128c067999/sp/입구/n/입구/e/tvoc
Message Data:
time: 1745381957856
value: 302

2025-04-23 13:19:18 [MQTT Call: ygw] INFO  com.example.mqtt.InfluxDBService - Extracted tagkey -> location: class_a, kind: 입구, data: tvoc
Value into InfluxDB: 302.0
2025-04-23 13:19:18 [MQTT Call: ygw] INFO  com.example.mqtt.MessageData - Data sent to InfluxDBService: data/s/nhnacademy/b/gyeongnam_campus/p/class_a/d/24e124128c067999/sp/입구/n/입구/e/tvoc -> 302.0
2025-04-23 13:19:18 [MQTT Call: ygw] INFO  com.example.mqtt.MessageData - Topic: data/s/nhnacademy/b/gyeongnam_campus/p/class_a/d/24e124128c067999/sp/입구/n/입구/e/infrared_and_visible
Message Data:
time: 1745381957856
value: 46

2025-04-23 13:19:18 [MQTT Call: ygw] INFO  com.example.mqtt.InfluxDBService - Extracted tagkey -> location: class_a, kind: 입구, data: infrared_and_visible
Value into InfluxDB: 46.0
2025-04-23 13:19:18 [MQTT Call: ygw] INFO  com.example.mqtt.MessageData - Data sent to InfluxDBService: data/s/nhnacademy/b/gyeongnam_campus/p/class_a/d/24e124128c067999/sp/입구/n/입구/e/infrared_and_visible -> 46.0
2025-04-23 13:19:18 [MQTT Call: ygw] INFO  com.example.mqtt.MessageData - Topic: data/s/nhnacademy/b/gyeongnam_campus/p/class_a/d/24e124128c067999/sp/입구/n/입구/e/activity
Message Data:
time: 1745381957856
value: 3

2025-04-23 13:19:18 [MQTT Call: ygw] INFO  com.example.mqtt.InfluxDBService - Extracted tagkey -> location: class_a, kind: 입구, data: activity
Value into InfluxDB: 3.0
2025-04-23 13:19:18 [MQTT Call: ygw] INFO  com.example.mqtt.MessageData - Data sent to InfluxDBService: data/s/nhnacademy/b/gyeongnam_campus/p/class_a/d/24e124128c067999/sp/입구/n/입구/e/activity -> 3.0
2025-04-23 13:19:18 [MQTT Call: ygw] INFO  com.example.mqtt.MessageData - Topic: data/s/nhnacademy/b/gyeongnam_campus/p/class_a/d/24e124128c067999/sp/입구/n/입구/e/temperature
Message Data:
time: 1745381957856
value: 24

2025-04-23 13:19:18 [MQTT Call: ygw] INFO  com.example.mqtt.InfluxDBService - Extracted tagkey -> location: class_a, kind: 입구, data: temperature
Value into InfluxDB: 24.0
2025-04-23 13:19:18 [MQTT Call: ygw] INFO  com.example.mqtt.MessageData - Data sent to InfluxDBService: data/s/nhnacademy/b/gyeongnam_campus/p/class_a/d/24e124128c067999/sp/입구/n/입구/e/temperature -> 24.0
2025-04-23 13:19:18 [MQTT Call: ygw] INFO  com.example.mqtt.MessageData - Topic: data/s/nhnacademy/b/gyeongnam_campus/p/class_a/d/24e124128c067999/sp/입구/n/입구/e/co2
Message Data:
time: 1745381957856
value: 983

2025-04-23 13:19:18 [MQTT Call: ygw] INFO  com.example.mqtt.InfluxDBService - Extracted tagkey -> location: class_a, kind: 입구, data: co2
Value into InfluxDB: 983.0
2025-04-23 13:19:18 [MQTT Call: ygw] INFO  com.example.mqtt.MessageData - Data sent to InfluxDBService: data/s/nhnacademy/b/gyeongnam_campus/p/class_a/d/24e124128c067999/sp/입구/n/입구/e/co2 -> 983.0
2025-04-23 13:19:18 [MQTT Call: ygw] INFO  com.example.mqtt.MessageData - Topic: data/s/nhnacademy/b/gyeongnam_campus/p/class_a/d/24e124128c067999/sp/입구/n/입구/e/infrared
Message Data:
time: 1745381957856
value: 7

2025-04-23 13:19:18 [MQTT Call: ygw] INFO  com.example.mqtt.InfluxDBService - Extracted tagkey -> location: class_a, kind: 입구, data: infrared
Value into InfluxDB: 7.0
2025-04-23 13:19:18 [MQTT Call: ygw] INFO  com.example.mqtt.MessageData - Data sent to InfluxDBService: data/s/nhnacademy/b/gyeongnam_campus/p/class_a/d/24e124128c067999/sp/입구/n/입구/e/infrared -> 7.0
2025-04-23 13:19:18 [MQTT Call: ygw] INFO  com.example.mqtt.MessageData - Topic: data/s/nhnacademy/b/gyeongnam_campus/p/class_a/d/24e124128c067999/sp/입구/n/입구/e/humidity
Message Data:
time: 1745381957856
value: 47

2025-04-23 13:19:18 [MQTT Call: ygw] INFO  com.example.mqtt.InfluxDBService - Extracted tagkey -> location: class_a, kind: 입구, data: humidity
Value into InfluxDB: 47.0
2025-04-23 13:19:18 [MQTT Call: ygw] INFO  com.example.mqtt.MessageData - Data sent to InfluxDBService: data/s/nhnacademy/b/gyeongnam_campus/p/class_a/d/24e124128c067999/sp/입구/n/입구/e/humidity -> 47.0
2025-04-23 13:19:18 [MQTT Call: ygw] INFO  com.example.mqtt.MessageData - Topic: data/s/nhnacademy/b/gyeongnam_campus/p/class_a/d/24e124128c067999/sp/입구/n/입구/e/pressure
Message Data:
time: 1745381957856
value: 997.7

2025-04-23 13:19:18 [MQTT Call: ygw] INFO  com.example.mqtt.InfluxDBService - Extracted tagkey -> location: class_a, kind: 입구, data: pressure
Value into InfluxDB: 997.7
2025-04-23 13:19:18 [MQTT Call: ygw] INFO  com.example.mqtt.MessageData - Data sent to InfluxDBService: data/s/nhnacademy/b/gyeongnam_campus/p/class_a/d/24e124128c067999/sp/입구/n/입구/e/pressure -> 997.7
2025-04-23 13:19:18 [MQTT Call: ygw] INFO  com.example.mqtt.MessageData - Topic: data/s/nhnacademy/b/gyeongnam_campus/p/class_a/d/24e124128c067999/sp/입구/n/입구/g/24e124fffef79304/e/lora
Message Data:
time: 1745381957856
value: 

2025-04-23 13:19:18 [MQTT Call: ygw] INFO  com.example.mqtt.InfluxDBService - Extracted tagkey -> location: class_a, kind: 입구, data: lora
Value into InfluxDB: 0.0
2025-04-23 13:19:18 [MQTT Call: ygw] INFO  com.example.mqtt.MessageData - Data sent to InfluxDBService: data/s/nhnacademy/b/gyeongnam_campus/p/class_a/d/24e124128c067999/sp/입구/n/입구/g/24e124fffef79304/e/lora -> 0.0
2025-04-23 13:19:18 [MQTT Call: ygw] INFO  com.example.mqtt.MessageData - Topic: data/s/nhnacademy/b/gyeongnam_campus/p/class_a/d/24e124128c067999/sp/입구/n/입구/g/24e124fffef5dccc/e/lora
Message Data:
time: 1745381957856
value: 

2025-04-23 13:19:18 [MQTT Call: ygw] INFO  com.example.mqtt.InfluxDBService - Extracted tagkey -> location: class_a, kind: 입구, data: lora
Value into InfluxDB: 0.0
2025-04-23 13:19:18 [MQTT Call: ygw] INFO  com.example.mqtt.MessageData - Data sent to InfluxDBService: data/s/nhnacademy/b/gyeongnam_campus/p/class_a/d/24e124128c067999/sp/입구/n/입구/g/24e124fffef5dccc/e/lora -> 0.0
2025-04-23 13:19:23 [MQTT Call: ygw] INFO  com.example.mqtt.MessageData - Topic: data/s/nhnacademy/b/gyeongnam_campus/p/meeting_room/d/24e124136d151836/n/안쪽벽 중앙/e/temperature
Message Data:
time: 1745381963060
value: 23.4

2025-04-23 13:19:23 [MQTT Call: ygw] INFO  com.example.mqtt.InfluxDBService - Extracted tagkey -> location: meeting_room, kind: 안쪽벽 중앙, data: temperature
Value into InfluxDB: 23.4
2025-04-23 13:19:23 [MQTT Call: ygw] INFO  com.example.mqtt.MessageData - Data sent to InfluxDBService: data/s/nhnacademy/b/gyeongnam_campus/p/meeting_room/d/24e124136d151836/n/안쪽벽 중앙/e/temperature -> 23.4
2025-04-23 13:19:23 [MQTT Call: ygw] INFO  com.example.mqtt.MessageData - Topic: data/s/nhnacademy/b/gyeongnam_campus/p/meeting_room/d/24e124136d151836/n/안쪽벽 중앙/e/humidity
Message Data:
time: 1745381963060
value: 47.5

2025-04-23 13:19:23 [MQTT Call: ygw] INFO  com.example.mqtt.InfluxDBService - Extracted tagkey -> location: meeting_room, kind: 안쪽벽 중앙, data: humidity
Value into InfluxDB: 47.5
2025-04-23 13:19:23 [MQTT Call: ygw] INFO  com.example.mqtt.MessageData - Data sent to InfluxDBService: data/s/nhnacademy/b/gyeongnam_campus/p/meeting_room/d/24e124136d151836/n/안쪽벽 중앙/e/humidity -> 47.5
2025-04-23 13:19:23 [MQTT Call: ygw] INFO  com.example.mqtt.MessageData - Topic: data/s/nhnacademy/b/gyeongnam_campus/p/meeting_room/d/24e124136d151836/n/안쪽벽 중앙/g/24e124fffef79304/e/lora
Message Data:
time: 1745381963060
value: 

2025-04-23 13:19:23 [MQTT Call: ygw] INFO  com.example.mqtt.InfluxDBService - Extracted tagkey -> location: meeting_room, kind: 안쪽벽 중앙, data: lora
Value into InfluxDB: 0.0
2025-04-23 13:19:23 [MQTT Call: ygw] INFO  com.example.mqtt.MessageData - Data sent to InfluxDBService: data/s/nhnacademy/b/gyeongnam_campus/p/meeting_room/d/24e124136d151836/n/안쪽벽 중앙/g/24e124fffef79304/e/lora -> 0.0
2025-04-23 13:19:23 [MQTT Call: ygw] INFO  com.example.mqtt.MessageData - Topic: data/s/nhnacademy/b/gyeongnam_campus/p/meeting_room/d/24e124136d151836/n/안쪽벽 중앙/g/24e124fffef5dccc/e/lora
Message Data:
time: 1745381963060
value: 

2025-04-23 13:19:23 [MQTT Call: ygw] INFO  com.example.mqtt.InfluxDBService - Extracted tagkey -> location: meeting_room, kind: 안쪽벽 중앙, data: lora
Value into InfluxDB: 0.0
2025-04-23 13:19:23 [MQTT Call: ygw] INFO  com.example.mqtt.MessageData - Data sent to InfluxDBService: data/s/nhnacademy/b/gyeongnam_campus/p/meeting_room/d/24e124136d151836/n/안쪽벽 중앙/g/24e124fffef5dccc/e/lora -> 0.0
2025-04-23 13:19:25 [MQTT Call: ygw] INFO  com.example.mqtt.MessageData - Topic: data/s/nhnacademy/b/gyeongnam_campus/p/server_room/d/24e124136d151368/n/입구/e/humidity
Message Data:
time: 1745381963718
value: 47

2025-04-23 13:19:25 [MQTT Call: ygw] INFO  com.example.mqtt.InfluxDBService - Extracted tagkey -> location: server_room, kind: 입구, data: humidity
Value into InfluxDB: 47.0
2025-04-23 13:19:25 [MQTT Call: ygw] INFO  com.example.mqtt.MessageData - Data sent to InfluxDBService: data/s/nhnacademy/b/gyeongnam_campus/p/server_room/d/24e124136d151368/n/입구/e/humidity -> 47.0
2025-04-23 13:19:25 [MQTT Call: ygw] INFO  com.example.mqtt.MessageData - Topic: data/s/nhnacademy/b/gyeongnam_campus/p/server_room/d/24e124136d151368/n/입구/e/temperature
Message Data:
time: 1745381963718
value: 24

2025-04-23 13:19:25 [MQTT Call: ygw] INFO  com.example.mqtt.InfluxDBService - Extracted tagkey -> location: server_room, kind: 입구, data: temperature
Value into InfluxDB: 24.0
2025-04-23 13:19:25 [MQTT Call: ygw] INFO  com.example.mqtt.MessageData - Data sent to InfluxDBService: data/s/nhnacademy/b/gyeongnam_campus/p/server_room/d/24e124136d151368/n/입구/e/temperature -> 24.0
2025-04-23 13:19:25 [MQTT Call: ygw] INFO  com.example.mqtt.MessageData - Topic: data/s/nhnacademy/b/gyeongnam_campus/p/server_room/d/24e124136d151368/n/입구/g/24e124fffef5dccc/e/lora
Message Data:
time: 1745381963718
value: 

2025-04-23 13:19:25 [MQTT Call: ygw] INFO  com.example.mqtt.InfluxDBService - Extracted tagkey -> location: server_room, kind: 입구, data: lora
Value into InfluxDB: 0.0
2025-04-23 13:19:25 [MQTT Call: ygw] INFO  com.example.mqtt.MessageData - Data sent to InfluxDBService: data/s/nhnacademy/b/gyeongnam_campus/p/server_room/d/24e124136d151368/n/입구/g/24e124fffef5dccc/e/lora -> 0.0
2025-04-23 13:19:25 [MQTT Call: ygw] INFO  com.example.mqtt.MessageData - Topic: data/s/nhnacademy/b/gyeongnam_campus/p/server_room/d/24e124136d151368/n/입구/g/24e124fffef79304/e/lora
Message Data:
time: 1745381963718
value: 

2025-04-23 13:19:25 [MQTT Call: ygw] INFO  com.example.mqtt.InfluxDBService - Extracted tagkey -> location: server_room, kind: 입구, data: lora
Value into InfluxDB: 0.0
2025-04-23 13:19:25 [MQTT Call: ygw] INFO  com.example.mqtt.MessageData - Data sent to InfluxDBService: data/s/nhnacademy/b/gyeongnam_campus/p/server_room/d/24e124136d151368/n/입구/g/24e124fffef79304/e/lora -> 0.0
2025-04-23 13:19:26 [MQTT Call: ygw] INFO  com.example.mqtt.MessageData - Topic: data/s/nhnacademy/b/gyeongnam_campus/p/hive/d/24e124126c452091/sp/farm/n/스마트팜/e/temperature
Message Data:
time: 1745381965475
value: 23.2

2025-04-23 13:19:26 [MQTT Call: ygw] INFO  com.example.mqtt.InfluxDBService - Extracted tagkey -> location: hive, kind: 스마트팜, data: temperature
Value into InfluxDB: 23.2
2025-04-23 13:19:26 [MQTT Call: ygw] INFO  com.example.mqtt.MessageData - Data sent to InfluxDBService: data/s/nhnacademy/b/gyeongnam_campus/p/hive/d/24e124126c452091/sp/farm/n/스마트팜/e/temperature -> 23.2
2025-04-23 13:19:26 [MQTT Call: ygw] INFO  com.example.mqtt.MessageData - Topic: data/s/nhnacademy/b/gyeongnam_campus/p/hive/d/24e124126c452091/sp/farm/n/스마트팜/g/24e124fffef5dccc/e/lora
Message Data:
time: 1745381965475
value: 

2025-04-23 13:19:26 [MQTT Call: ygw] INFO  com.example.mqtt.InfluxDBService - Extracted tagkey -> location: hive, kind: 스마트팜, data: lora
Value into InfluxDB: 0.0
2025-04-23 13:19:26 [MQTT Call: ygw] INFO  com.example.mqtt.MessageData - Data sent to InfluxDBService: data/s/nhnacademy/b/gyeongnam_campus/p/hive/d/24e124126c452091/sp/farm/n/스마트팜/g/24e124fffef5dccc/e/lora -> 0.0
2025-04-23 13:19:26 [MQTT Call: ygw] INFO  com.example.mqtt.MessageData - Topic: data/s/nhnacademy/b/gyeongnam_campus/p/hive/d/24e124126c452091/sp/farm/n/스마트팜/g/24e124fffef79304/e/lora
Message Data:
time: 1745381965475
value: 

2025-04-23 13:19:26 [MQTT Call: ygw] INFO  com.example.mqtt.InfluxDBService - Extracted tagkey -> location: hive, kind: 스마트팜, data: lora
Value into InfluxDB: 0.0
2025-04-23 13:19:26 [MQTT Call: ygw] INFO  com.example.mqtt.MessageData - Data sent to InfluxDBService: data/s/nhnacademy/b/gyeongnam_campus/p/hive/d/24e124126c452091/sp/farm/n/스마트팜/g/24e124fffef79304/e/lora -> 0.0
2025-04-23 13:19:31 [MQTT Call: ygw] INFO  com.example.mqtt.MessageData - Topic: data/s/nhnacademy/b/gyeongnam_campus/p/hive/d/24e124126d111937/sp/farm/n/스마트팜/e/illumination
Message Data:
time: 1745381970593
value: 320

2025-04-23 13:19:31 [MQTT Call: ygw] INFO  com.example.mqtt.InfluxDBService - Extracted tagkey -> location: hive, kind: 스마트팜, data: illumination
Value into InfluxDB: 320.0
2025-04-23 13:19:32 [MQTT Call: ygw] INFO  com.example.mqtt.MessageData - Data sent to InfluxDBService: data/s/nhnacademy/b/gyeongnam_campus/p/hive/d/24e124126d111937/sp/farm/n/스마트팜/e/illumination -> 320.0
2025-04-23 13:19:32 [MQTT Call: ygw] INFO  com.example.mqtt.MessageData - Topic: data/s/nhnacademy/b/gyeongnam_campus/p/hive/d/24e124126d111937/sp/farm/n/스마트팜/g/24e124fffef5dccc/e/lora
Message Data:
time: 1745381970593
value: 

2025-04-23 13:19:32 [MQTT Call: ygw] INFO  com.example.mqtt.InfluxDBService - Extracted tagkey -> location: hive, kind: 스마트팜, data: lora
Value into InfluxDB: 0.0
2025-04-23 13:19:32 [MQTT Call: ygw] INFO  com.example.mqtt.MessageData - Data sent to InfluxDBService: data/s/nhnacademy/b/gyeongnam_campus/p/hive/d/24e124126d111937/sp/farm/n/스마트팜/g/24e124fffef5dccc/e/lora -> 0.0
2025-04-23 13:19:32 [MQTT Call: ygw] INFO  com.example.mqtt.MessageData - Topic: data/s/nhnacademy/b/gyeongnam_campus/p/hive/d/24e124126d111937/sp/farm/n/스마트팜/g/24e124fffef79304/e/lora
Message Data:
time: 1745381970593
value: 

2025-04-23 13:19:32 [MQTT Call: ygw] INFO  com.example.mqtt.InfluxDBService - Extracted tagkey -> location: hive, kind: 스마트팜, data: lora
Value into InfluxDB: 0.0
2025-04-23 13:19:32 [MQTT Call: ygw] INFO  com.example.mqtt.MessageData - Data sent to InfluxDBService: data/s/nhnacademy/b/gyeongnam_campus/p/hive/d/24e124126d111937/sp/farm/n/스마트팜/g/24e124fffef79304/e/lora -> 0.0
2025-04-23 13:19:35 [MQTT Call: ygw] INFO  com.example.mqtt.MessageData - Topic: data/s/nhnacademy/b/gyeongnam_campus/p/class_a/d/24e124126d152969/n/왼쪽 뒤/e/humidity
Message Data:
time: 1745381975395
value: 51.5

2025-04-23 13:19:35 [MQTT Call: ygw] INFO  com.example.mqtt.InfluxDBService - Extracted tagkey -> location: class_a, kind: 왼쪽 뒤, data: humidity
Value into InfluxDB: 51.5
2025-04-23 13:19:35 [MQTT Call: ygw] INFO  com.example.mqtt.MessageData - Data sent to InfluxDBService: data/s/nhnacademy/b/gyeongnam_campus/p/class_a/d/24e124126d152969/n/왼쪽 뒤/e/humidity -> 51.5
2025-04-23 13:19:36 [MQTT Call: ygw] INFO  com.example.mqtt.MessageData - Topic: data/s/nhnacademy/b/gyeongnam_campus/p/class_a/d/24e124126d152969/n/왼쪽 뒤/e/co2
Message Data:
time: 1745381975395
value: 1136

2025-04-23 13:19:36 [MQTT Call: ygw] INFO  com.example.mqtt.InfluxDBService - Extracted tagkey -> location: class_a, kind: 왼쪽 뒤, data: co2
Value into InfluxDB: 1136.0
2025-04-23 13:19:36 [MQTT Call: ygw] INFO  com.example.mqtt.MessageData - Data sent to InfluxDBService: data/s/nhnacademy/b/gyeongnam_campus/p/class_a/d/24e124126d152969/n/왼쪽 뒤/e/co2 -> 1136.0
2025-04-23 13:19:36 [MQTT Call: ygw] INFO  com.example.mqtt.MessageData - Topic: data/s/nhnacademy/b/gyeongnam_campus/p/class_a/d/24e124126d152969/n/왼쪽 뒤/e/temperature
Message Data:
time: 1745381975395
value: 23.5

2025-04-23 13:19:36 [MQTT Call: ygw] INFO  com.example.mqtt.InfluxDBService - Extracted tagkey -> location: class_a, kind: 왼쪽 뒤, data: temperature
Value into InfluxDB: 23.5
2025-04-23 13:19:36 [MQTT Call: ygw] INFO  com.example.mqtt.MessageData - Data sent to InfluxDBService: data/s/nhnacademy/b/gyeongnam_campus/p/class_a/d/24e124126d152969/n/왼쪽 뒤/e/temperature -> 23.5
2025-04-23 13:19:36 [MQTT Call: ygw] INFO  com.example.mqtt.MessageData - Topic: data/s/nhnacademy/b/gyeongnam_campus/p/class_a/d/24e124126d152969/n/왼쪽 뒤/e/pressure
Message Data:
time: 1745381975395
value: 1005

2025-04-23 13:19:36 [MQTT Call: ygw] INFO  com.example.mqtt.InfluxDBService - Extracted tagkey -> location: class_a, kind: 왼쪽 뒤, data: pressure
Value into InfluxDB: 1005.0
2025-04-23 13:19:36 [MQTT Call: ygw] INFO  com.example.mqtt.MessageData - Data sent to InfluxDBService: data/s/nhnacademy/b/gyeongnam_campus/p/class_a/d/24e124126d152969/n/왼쪽 뒤/e/pressure -> 1005.0
2025-04-23 13:19:36 [MQTT Call: ygw] INFO  com.example.mqtt.MessageData - Topic: data/s/nhnacademy/b/gyeongnam_campus/p/class_a/d/24e124126d152969/n/왼쪽 뒤/g/24e124fffef5dccc/e/lora
Message Data:
time: 1745381975395
value: 

2025-04-23 13:19:36 [MQTT Call: ygw] INFO  com.example.mqtt.InfluxDBService - Extracted tagkey -> location: class_a, kind: 왼쪽 뒤, data: lora
Value into InfluxDB: 0.0
2025-04-23 13:19:36 [MQTT Call: ygw] INFO  com.example.mqtt.MessageData - Data sent to InfluxDBService: data/s/nhnacademy/b/gyeongnam_campus/p/class_a/d/24e124126d152969/n/왼쪽 뒤/g/24e124fffef5dccc/e/lora -> 0.0
2025-04-23 13:19:36 [MQTT Call: ygw] INFO  com.example.mqtt.MessageData - Topic: data/s/nhnacademy/b/gyeongnam_campus/p/class_a/d/24e124126d152969/n/왼쪽 뒤/g/24e124fffef79304/e/lora
Message Data:
time: 1745381975395
value: 

2025-04-23 13:19:36 [MQTT Call: ygw] INFO  com.example.mqtt.InfluxDBService - Extracted tagkey -> location: class_a, kind: 왼쪽 뒤, data: lora
Value into InfluxDB: 0.0
2025-04-23 13:19:36 [MQTT Call: ygw] INFO  com.example.mqtt.MessageData - Data sent to InfluxDBService: data/s/nhnacademy/b/gyeongnam_campus/p/class_a/d/24e124126d152969/n/왼쪽 뒤/g/24e124fffef79304/e/lora -> 0.0
2025-04-23 13:19:36 [MQTT Call: ygw] INFO  com.example.mqtt.MessageData - Topic: data/s/nhnacademy/b/gyeongnam_campus/p/class_a/d/24e124126d152969/n/왼쪽 뒤/e/humidity
Message Data:
time: 1745381975398
value: 51.5

2025-04-23 13:19:36 [MQTT Call: ygw] INFO  com.example.mqtt.InfluxDBService - Extracted tagkey -> location: class_a, kind: 왼쪽 뒤, data: humidity
Value into InfluxDB: 51.5
2025-04-23 13:19:36 [MQTT Call: ygw] INFO  com.example.mqtt.MessageData - Data sent to InfluxDBService: data/s/nhnacademy/b/gyeongnam_campus/p/class_a/d/24e124126d152969/n/왼쪽 뒤/e/humidity -> 51.5
2025-04-23 13:19:36 [MQTT Call: ygw] INFO  com.example.mqtt.MessageData - Topic: data/s/nhnacademy/b/gyeongnam_campus/p/class_a/d/24e124126d152969/n/왼쪽 뒤/e/co2
Message Data:
time: 1745381975398
value: 1136

2025-04-23 13:19:36 [MQTT Call: ygw] INFO  com.example.mqtt.InfluxDBService - Extracted tagkey -> location: class_a, kind: 왼쪽 뒤, data: co2
Value into InfluxDB: 1136.0
2025-04-23 13:19:36 [MQTT Call: ygw] INFO  com.example.mqtt.MessageData - Data sent to InfluxDBService: data/s/nhnacademy/b/gyeongnam_campus/p/class_a/d/24e124126d152969/n/왼쪽 뒤/e/co2 -> 1136.0
2025-04-23 13:19:36 [MQTT Call: ygw] INFO  com.example.mqtt.MessageData - Topic: data/s/nhnacademy/b/gyeongnam_campus/p/class_a/d/24e124126d152969/n/왼쪽 뒤/e/pressure
Message Data:
time: 1745381975398
value: 1005

2025-04-23 13:19:36 [MQTT Call: ygw] INFO  com.example.mqtt.InfluxDBService - Extracted tagkey -> location: class_a, kind: 왼쪽 뒤, data: pressure
Value into InfluxDB: 1005.0
2025-04-23 13:19:36 [MQTT Call: ygw] INFO  com.example.mqtt.MessageData - Data sent to InfluxDBService: data/s/nhnacademy/b/gyeongnam_campus/p/class_a/d/24e124126d152969/n/왼쪽 뒤/e/pressure -> 1005.0
2025-04-23 13:19:36 [MQTT Call: ygw] INFO  com.example.mqtt.MessageData - Topic: data/s/nhnacademy/b/gyeongnam_campus/p/class_a/d/24e124126d152969/n/왼쪽 뒤/e/temperature
Message Data:
time: 1745381975398
value: 23.5

2025-04-23 13:19:36 [MQTT Call: ygw] INFO  com.example.mqtt.InfluxDBService - Extracted tagkey -> location: class_a, kind: 왼쪽 뒤, data: temperature
Value into InfluxDB: 23.5
2025-04-23 13:19:36 [MQTT Call: ygw] INFO  com.example.mqtt.MessageData - Data sent to InfluxDBService: data/s/nhnacademy/b/gyeongnam_campus/p/class_a/d/24e124126d152969/n/왼쪽 뒤/e/temperature -> 23.5
2025-04-23 13:19:36 [MQTT Call: ygw] INFO  com.example.mqtt.MessageData - Topic: data/s/nhnacademy/b/gyeongnam_campus/p/class_a/d/24e124126d152969/n/왼쪽 뒤/g/24e124fffef79304/e/lora
Message Data:
time: 1745381975398
value: 

2025-04-23 13:19:36 [MQTT Call: ygw] INFO  com.example.mqtt.InfluxDBService - Extracted tagkey -> location: class_a, kind: 왼쪽 뒤, data: lora
Value into InfluxDB: 0.0
2025-04-23 13:19:36 [MQTT Call: ygw] INFO  com.example.mqtt.MessageData - Data sent to InfluxDBService: data/s/nhnacademy/b/gyeongnam_campus/p/class_a/d/24e124126d152969/n/왼쪽 뒤/g/24e124fffef79304/e/lora -> 0.0
2025-04-23 13:19:45 [MQTT Call: ygw] INFO  com.example.mqtt.MessageData - Topic: data/s/nhnacademy/b/gyeongnam_campus/p/storage/d/24e124136d151547/n/입구/e/battery
Message Data:
time: 1745381982833
value: 1

2025-04-23 13:19:45 [MQTT Call: ygw] INFO  com.example.mqtt.InfluxDBService - Extracted tagkey -> location: storage, kind: 입구, data: battery
Value into InfluxDB: 1.0
2025-04-23 13:19:46 [MQTT Call: ygw] INFO  com.example.mqtt.MessageData - Data sent to InfluxDBService: data/s/nhnacademy/b/gyeongnam_campus/p/storage/d/24e124136d151547/n/입구/e/battery -> 1.0
2025-04-23 13:19:46 [MQTT Call: ygw] INFO  com.example.mqtt.MessageData - Topic: data/s/nhnacademy/b/gyeongnam_campus/p/storage/d/24e124136d151547/n/입구/e/temperature
Message Data:
time: 1745381982833
value: -0.1

2025-04-23 13:19:46 [MQTT Call: ygw] INFO  com.example.mqtt.InfluxDBService - Extracted tagkey -> location: storage, kind: 입구, data: temperature
Value into InfluxDB: -0.1
2025-04-23 13:19:46 [MQTT Call: ygw] INFO  com.example.mqtt.MessageData - Data sent to InfluxDBService: data/s/nhnacademy/b/gyeongnam_campus/p/storage/d/24e124136d151547/n/입구/e/temperature -> -0.1
2025-04-23 13:19:46 [MQTT Call: ygw] INFO  com.example.mqtt.MessageData - Topic: data/s/nhnacademy/b/gyeongnam_campus/p/storage/d/24e124136d151547/n/입구/e/humidity
Message Data:
time: 1745381982833
value: 127.5

2025-04-23 13:19:46 [MQTT Call: ygw] INFO  com.example.mqtt.InfluxDBService - Extracted tagkey -> location: storage, kind: 입구, data: humidity
Value into InfluxDB: 127.5
2025-04-23 13:19:46 [MQTT Call: ygw] INFO  com.example.mqtt.MessageData - Data sent to InfluxDBService: data/s/nhnacademy/b/gyeongnam_campus/p/storage/d/24e124136d151547/n/입구/e/humidity -> 127.5
2025-04-23 13:19:46 [MQTT Call: ygw] INFO  com.example.mqtt.MessageData - Topic: data/s/nhnacademy/b/gyeongnam_campus/p/storage/d/24e124136d151547/n/입구/g/24e124fffef79304/e/lora
Message Data:
time: 1745381982833
value: 

2025-04-23 13:19:46 [MQTT Call: ygw] INFO  com.example.mqtt.InfluxDBService - Extracted tagkey -> location: storage, kind: 입구, data: lora
Value into InfluxDB: 0.0
2025-04-23 13:19:46 [MQTT Call: ygw] INFO  com.example.mqtt.MessageData - Data sent to InfluxDBService: data/s/nhnacademy/b/gyeongnam_campus/p/storage/d/24e124136d151547/n/입구/g/24e124fffef79304/e/lora -> 0.0
2025-04-23 13:19:46 [MQTT Call: ygw] INFO  com.example.mqtt.MessageData - Topic: data/s/nhnacademy/b/gyeongnam_campus/p/storage/d/24e124136d151547/n/입구/g/24e124fffef5dccc/e/lora
Message Data:
time: 1745381982833
value: 

2025-04-23 13:19:46 [MQTT Call: ygw] INFO  com.example.mqtt.InfluxDBService - Extracted tagkey -> location: storage, kind: 입구, data: lora
Value into InfluxDB: 0.0
2025-04-23 13:19:46 [MQTT Call: ygw] INFO  com.example.mqtt.MessageData - Data sent to InfluxDBService: data/s/nhnacademy/b/gyeongnam_campus/p/storage/d/24e124136d151547/n/입구/g/24e124fffef5dccc/e/lora -> 0.0
2025-04-23 13:19:50 [MQTT Call: ygw] INFO  com.example.mqtt.MessageData - Topic: data/s/nhnacademy/b/gyeongnam_campus/p/campus/d/gem3500_1/n/캠퍼스_LL/e/voltage
Message Data:
time: 1745381990226
value: 378.57

2025-04-23 13:19:50 [MQTT Call: ygw] INFO  com.example.mqtt.InfluxDBService - Extracted tagkey -> location: campus, kind: 캠퍼스_LL, data: voltage
Value into InfluxDB: 378.57
2025-04-23 13:19:50 [MQTT Call: ygw] INFO  com.example.mqtt.MessageData - Data sent to InfluxDBService: data/s/nhnacademy/b/gyeongnam_campus/p/campus/d/gem3500_1/n/캠퍼스_LL/e/voltage -> 378.57
2025-04-23 13:19:50 [MQTT Call: ygw] INFO  com.example.mqtt.MessageData - Topic: data/s/nhnacademy/b/gyeongnam_campus/p/campus/d/gem3500_1/n/캠퍼스_LN/e/voltage
Message Data:
time: 1745381990226
value: 218.57

2025-04-23 13:19:50 [MQTT Call: ygw] INFO  com.example.mqtt.InfluxDBService - Extracted tagkey -> location: campus, kind: 캠퍼스_LN, data: voltage
Value into InfluxDB: 218.57
2025-04-23 13:19:50 [MQTT Call: ygw] INFO  com.example.mqtt.MessageData - Data sent to InfluxDBService: data/s/nhnacademy/b/gyeongnam_campus/p/campus/d/gem3500_1/n/캠퍼스_LN/e/voltage -> 218.57
2025-04-23 13:19:50 [MQTT Call: ygw] INFO  com.example.mqtt.MessageData - Topic: data/s/nhnacademy/b/gyeongnam_campus/p/campus/d/gem3500_1/n/캠퍼스1/e/power_meter
Message Data:
time: 1745381990327
type: 5
leakageCurrent: 0
current: 3003
activePower: 5676
reactivePower: -1905
tapparentPower: 6596
powerFactor: 86.06
currentUnbalance: 56.16
lines: 

2025-04-23 13:19:50 [MQTT Call: ygw] WARN  com.example.mqtt.MessageData - No 'value' field found in message, skipping InfluxDB write.
2025-04-23 13:19:50 [MQTT Call: ygw] INFO  com.example.mqtt.MessageData - Topic: data/s/nhnacademy/b/gyeongnam_campus/p/campus/d/gem3500_1/n/전등1/e/power_meter
Message Data:
time: 1745381990427
type: 3
leakageCurrent: 0
current: 700
activePower: 1308
reactivePower: -324
tapparentPower: 1531
powerFactor: 85.42
currentUnbalance: 0
lines: 

2025-04-23 13:19:50 [MQTT Call: ygw] WARN  com.example.mqtt.MessageData - No 'value' field found in message, skipping InfluxDB write.
2025-04-23 13:19:51 [MQTT Call: ygw] INFO  com.example.mqtt.MessageData - Topic: data/s/nhnacademy/b/gyeongnam_campus/p/campus/d/gem3500_1/n/전등2/e/power_meter
Message Data:
time: 1745381990528
type: 1
leakageCurrent: 0
current: 663
activePower: 1339
reactivePower: -331
tapparentPower: 1454
powerFactor: 92.07
currentUnbalance: 0
lines: 

2025-04-23 13:19:51 [MQTT Call: ygw] WARN  com.example.mqtt.MessageData - No 'value' field found in message, skipping InfluxDB write.
2025-04-23 13:19:51 [MQTT Call: ygw] INFO  com.example.mqtt.MessageData - Topic: data/s/nhnacademy/b/gyeongnam_campus/p/campus/d/gem3500_1/n/전등3/e/power_meter
Message Data:
time: 1745381990630
type: 2
leakageCurrent: 0
current: 0
activePower: 0
reactivePower: 0
tapparentPower: 0
powerFactor: 0
currentUnbalance: 0
lines: 

2025-04-23 13:19:51 [MQTT Call: ygw] WARN  com.example.mqtt.MessageData - No 'value' field found in message, skipping InfluxDB write.
2025-04-23 13:19:51 [MQTT Call: ygw] INFO  com.example.mqtt.MessageData - Topic: data/s/nhnacademy/b/gyeongnam_campus/p/campus/d/gem3500_1/n/강의실b_바닥/e/power_meter
Message Data:
time: 1745381990732
type: 3
leakageCurrent: 0
current: 241
activePower: 427
reactivePower: -244
tapparentPower: 552
powerFactor: 77.39
currentUnbalance: 0
lines: 

2025-04-23 13:19:51 [MQTT Call: ygw] WARN  com.example.mqtt.MessageData - No 'value' field found in message, skipping InfluxDB write.
2025-04-23 13:19:51 [MQTT Call: ygw] INFO  com.example.mqtt.MessageData - Topic: data/s/nhnacademy/b/gyeongnam_campus/p/campus/d/gem3500_1/n/강의실a_바닥1/e/power_meter
Message Data:
time: 1745381990833
type: 1
leakageCurrent: 0
current: 297
activePower: 499
reactivePower: -352
tapparentPower: 657
powerFactor: 75.91
currentUnbalance: 0
lines: 

2025-04-23 13:19:51 [MQTT Call: ygw] WARN  com.example.mqtt.MessageData - No 'value' field found in message, skipping InfluxDB write.
2025-04-23 13:19:51 [MQTT Call: ygw] INFO  com.example.mqtt.MessageData - Topic: data/s/nhnacademy/b/gyeongnam_campus/p/campus/d/gem3500_1/n/강의실a_바닥2/e/power_meter
Message Data:
time: 1745381990933
type: 2
leakageCurrent: 0
current: 197
activePower: 369
reactivePower: -189
tapparentPower: 446
powerFactor: 82.79
currentUnbalance: 0
lines: 

2025-04-23 13:19:51 [MQTT Call: ygw] WARN  com.example.mqtt.MessageData - No 'value' field found in message, skipping InfluxDB write.
2025-04-23 13:19:51 [MQTT Call: ygw] INFO  com.example.mqtt.MessageData - Topic: data/s/nhnacademy/b/gyeongnam_campus/p/campus/d/gem3500_1/n/프로젝터1/e/power_meter
Message Data:
time: 1745381991033
type: 3
leakageCurrent: 0
current: 98
activePower: 124
reactivePower: -151
tapparentPower: 211
powerFactor: 59.09
currentUnbalance: 0
lines: 

2025-04-23 13:19:51 [MQTT Call: ygw] WARN  com.example.mqtt.MessageData - No 'value' field found in message, skipping InfluxDB write.
2025-04-23 13:19:51 [MQTT Call: ygw] INFO  com.example.mqtt.MessageData - Topic: data/s/nhnacademy/b/gyeongnam_campus/p/campus/d/gem3500_1/n/프로젝터2/e/power_meter
Message Data:
time: 1745381991134
type: 1
leakageCurrent: 0
current: 39
activePower: 48
reactivePower: -67
tapparentPower: 86
powerFactor: 55.55
currentUnbalance: 0
lines: 

2025-04-23 13:19:51 [MQTT Call: ygw] WARN  com.example.mqtt.MessageData - No 'value' field found in message, skipping InfluxDB write.
2025-04-23 13:19:51 [MQTT Call: ygw] INFO  com.example.mqtt.MessageData - Topic: data/s/nhnacademy/b/gyeongnam_campus/p/campus/d/gem3500_1/n/회의실/e/power_meter
Message Data:
time: 1745381991237
type: 2
leakageCurrent: 0
current: 13
activePower: 4
reactivePower: -28
tapparentPower: 33
powerFactor: 14.28
currentUnbalance: 0
lines: 

2025-04-23 13:19:51 [MQTT Call: ygw] WARN  com.example.mqtt.MessageData - No 'value' field found in message, skipping InfluxDB write.
2025-04-23 13:19:51 [MQTT Call: ygw] INFO  com.example.mqtt.MessageData - Topic: data/s/nhnacademy/b/gyeongnam_campus/p/campus/d/gem3500_1/n/서버실/e/power_meter
Message Data:
time: 1745381991338
type: 3
leakageCurrent: 0
current: 198
activePower: 393
reactivePower: -108
tapparentPower: 441
powerFactor: 89.13
currentUnbalance: 0
lines: 

2025-04-23 13:19:51 [MQTT Call: ygw] WARN  com.example.mqtt.MessageData - No 'value' field found in message, skipping InfluxDB write.
2025-04-23 13:19:51 [MQTT Call: ygw] INFO  com.example.mqtt.MessageData - Topic: data/s/nhnacademy/b/gyeongnam_campus/p/campus/d/gem3500_1/n/간판/e/power_meter
Message Data:
time: 1745381991441
type: 1
leakageCurrent: 0
current: 0
activePower: 0
reactivePower: 0
tapparentPower: 0
powerFactor: 0
currentUnbalance: 0
lines: 

2025-04-23 13:19:51 [MQTT Call: ygw] WARN  com.example.mqtt.MessageData - No 'value' field found in message, skipping InfluxDB write.
2025-04-23 13:19:52 [MQTT Call: ygw] INFO  com.example.mqtt.MessageData - Topic: data/s/nhnacademy/b/gyeongnam_campus/p/campus/d/gem3500_1/n/페어룸/e/power_meter
Message Data:
time: 1745381991540
type: 2
leakageCurrent: 0
current: 0
activePower: 0
reactivePower: 0
tapparentPower: 0
powerFactor: 0
currentUnbalance: 0
lines: 

2025-04-23 13:19:52 [MQTT Call: ygw] WARN  com.example.mqtt.MessageData - No 'value' field found in message, skipping InfluxDB write.
2025-04-23 13:19:52 [MQTT Call: ygw] INFO  com.example.mqtt.MessageData - Topic: data/s/nhnacademy/b/gyeongnam_campus/p/campus/d/gem3500_1/n/사무실_전열1/e/power_meter
Message Data:
time: 1745381991642
type: 3
leakageCurrent: 0
current: 83
activePower: 103
reactivePower: -55
tapparentPower: 184
powerFactor: 55.84
currentUnbalance: 0
lines: 

2025-04-23 13:19:52 [MQTT Call: ygw] WARN  com.example.mqtt.MessageData - No 'value' field found in message, skipping InfluxDB write.
2025-04-23 13:19:52 [MQTT Call: ygw] INFO  com.example.mqtt.MessageData - Topic: data/s/nhnacademy/b/gyeongnam_campus/p/campus/d/gem3500_1/n/사무실_전열2/e/power_meter
Message Data:
time: 1745381991745
type: 3
leakageCurrent: 0
current: 90
activePower: 100
reactivePower: -60
tapparentPower: 201
powerFactor: 50
currentUnbalance: 0
lines: 

2025-04-23 13:19:52 [MQTT Call: ygw] WARN  com.example.mqtt.MessageData - No 'value' field found in message, skipping InfluxDB write.
2025-04-23 13:19:52 [MQTT Call: ygw] INFO  com.example.mqtt.MessageData - Topic: data/s/nhnacademy/b/gyeongnam_campus/p/campus/d/gem3500_1/n/사무실_복사기/e/power_meter
Message Data:
time: 1745381991845
type: 1
leakageCurrent: 0
current: 7
activePower: 7
reactivePower: 0
tapparentPower: 14
powerFactor: 50
currentUnbalance: 0
lines: 

2025-04-23 13:19:52 [MQTT Call: ygw] WARN  com.example.mqtt.MessageData - No 'value' field found in message, skipping InfluxDB write.
2025-04-23 13:19:52 [MQTT Call: ygw] INFO  com.example.mqtt.MessageData - Topic: data/s/nhnacademy/b/gyeongnam_campus/p/campus/d/gem3500_1/n/빌트인_전열/e/power_meter
Message Data:
time: 1745381991946
type: 2
leakageCurrent: 0
current: 5
activePower: 2
reactivePower: -7
tapparentPower: 14
powerFactor: 16.66
currentUnbalance: 0
lines: 

2025-04-23 13:19:52 [MQTT Call: ygw] WARN  com.example.mqtt.MessageData - No 'value' field found in message, skipping InfluxDB write.
2025-04-23 13:19:52 [MQTT Call: ygw] INFO  com.example.mqtt.MessageData - Topic: data/s/nhnacademy/b/gyeongnam_campus/p/campus/d/gem3500_1/n/사무실_전열3/e/power_meter
Message Data:
time: 1745381992045
type: 3
leakageCurrent: 0
current: 0
activePower: 0
reactivePower: 0
tapparentPower: 0
powerFactor: 0
currentUnbalance: 0
lines: 

2025-04-23 13:19:52 [MQTT Call: ygw] WARN  com.example.mqtt.MessageData - No 'value' field found in message, skipping InfluxDB write.
2025-04-23 13:19:52 [MQTT Call: ygw] INFO  com.example.mqtt.MessageData - Topic: data/s/nhnacademy/b/gyeongnam_campus/p/campus/d/gem3500_1/n/정수기/e/power_meter
Message Data:
time: 1745381992149
type: 1
leakageCurrent: 0
current: 268
activePower: 576
reactivePower: 115
tapparentPower: 588
powerFactor: 97.95
currentUnbalance: 0
lines: 

2025-04-23 13:19:52 [MQTT Call: ygw] WARN  com.example.mqtt.MessageData - No 'value' field found in message, skipping InfluxDB write.
2025-04-23 13:19:52 [MQTT Call: ygw] INFO  com.example.mqtt.MessageData - Topic: data/s/nhnacademy/b/gyeongnam_campus/p/campus/d/gem3500_1/n/하이브_전열/e/power_meter
Message Data:
time: 1745381992249
type: 2
leakageCurrent: 0
current: 65
activePower: 127
reactivePower: -45
tapparentPower: 144
powerFactor: 88.33
currentUnbalance: 0
lines: 

2025-04-23 13:19:52 [MQTT Call: ygw] WARN  com.example.mqtt.MessageData - No 'value' field found in message, skipping InfluxDB write.
2025-04-23 13:19:52 [MQTT Call: ygw] INFO  com.example.mqtt.MessageData - Topic: data/s/nhnacademy/b/gyeongnam_campus/p/campus/d/gem3500_1/n/바텐_전열/e/power_meter
Message Data:
time: 1745381992349
type: 3
leakageCurrent: 0
current: 0
activePower: 0
reactivePower: 0
tapparentPower: 0
powerFactor: 0
currentUnbalance: 0
lines: 

2025-04-23 13:19:52 [MQTT Call: ygw] WARN  com.example.mqtt.MessageData - No 'value' field found in message, skipping InfluxDB write.
2025-04-23 13:19:52 [MQTT Call: ygw] INFO  com.example.mqtt.MessageData - Topic: data/s/nhnacademy/b/gyeongnam_campus/p/campus/d/gem3500_1/n/S_P/e/power_meter
Message Data:
time: 1745381992451
type: 1
leakageCurrent: 0
current: 0
activePower: 0
reactivePower: 0
tapparentPower: 0
powerFactor: 0
currentUnbalance: 0
lines: 

2025-04-23 13:19:52 [MQTT Call: ygw] WARN  com.example.mqtt.MessageData - No 'value' field found in message, skipping InfluxDB write.
2025-04-23 13:19:52 [MQTT Call: ygw] INFO  com.example.mqtt.MessageData - Topic: data/s/nhnacademy/b/gyeongnam_campus/p/campus/d/gem3500_1/n/공조기/e/power_meter
Message Data:
time: 1745381992553
type: 2
leakageCurrent: 0
current: 202
activePower: 223
reactivePower: -21
tapparentPower: 444
powerFactor: 50.27
currentUnbalance: 0
lines: 

2025-04-23 13:19:52 [MQTT Call: ygw] WARN  com.example.mqtt.MessageData - No 'value' field found in message, skipping InfluxDB write.
2025-04-23 13:19:52 [MQTT Call: ygw] INFO  com.example.mqtt.MessageData - Topic: data/s/nhnacademy/b/gyeongnam_campus/p/campus/d/gem3500_1/n/AC/e/power_meter
Message Data:
time: 1745381992653
type: 3
leakageCurrent: 0
current: 16
activePower: 12
reactivePower: -24
tapparentPower: 36
powerFactor: 33.33
currentUnbalance: 0
lines: 

2025-04-23 13:19:52 [MQTT Call: ygw] WARN  com.example.mqtt.MessageData - No 'value' field found in message, skipping InfluxDB write.
2025-04-23 13:20:09 [MQTT Call: ygw] INFO  com.example.mqtt.MessageData - Topic: data/s/nhnacademy/b/gyeongnam_campus/p/pair_room/d/24e124617d159573/n/2/e/distance
Message Data:
time: 1745382009068
value: 2237

2025-04-23 13:20:09 [MQTT Call: ygw] INFO  com.example.mqtt.InfluxDBService - Extracted tagkey -> location: pair_room, kind: 2, data: distance
Value into InfluxDB: 2237.0
2025-04-23 13:20:09 [MQTT Call: ygw] INFO  com.example.mqtt.MessageData - Data sent to InfluxDBService: data/s/nhnacademy/b/gyeongnam_campus/p/pair_room/d/24e124617d159573/n/2/e/distance -> 2237.0
2025-04-23 13:20:10 [MQTT Call: ygw] INFO  com.example.mqtt.MessageData - Topic: data/s/nhnacademy/b/gyeongnam_campus/p/pair_room/d/24e124617d159573/n/2/e/occupancy
Message Data:
time: 1745382009068
value: 0

2025-04-23 13:20:10 [MQTT Call: ygw] INFO  com.example.mqtt.InfluxDBService - Extracted tagkey -> location: pair_room, kind: 2, data: occupancy
Value into InfluxDB: 0.0
2025-04-23 13:20:10 [MQTT Call: ygw] INFO  com.example.mqtt.MessageData - Data sent to InfluxDBService: data/s/nhnacademy/b/gyeongnam_campus/p/pair_room/d/24e124617d159573/n/2/e/occupancy -> 0.0
2025-04-23 13:20:10 [MQTT Call: ygw] INFO  com.example.mqtt.MessageData - Topic: data/s/nhnacademy/b/gyeongnam_campus/p/pair_room/d/24e124617d159573/n/2/e/battery
Message Data:
time: 1745382009068
value: 32

2025-04-23 13:20:10 [MQTT Call: ygw] INFO  com.example.mqtt.InfluxDBService - Extracted tagkey -> location: pair_room, kind: 2, data: battery
Value into InfluxDB: 32.0
2025-04-23 13:20:10 [MQTT Call: ygw] INFO  com.example.mqtt.MessageData - Data sent to InfluxDBService: data/s/nhnacademy/b/gyeongnam_campus/p/pair_room/d/24e124617d159573/n/2/e/battery -> 32.0
2025-04-23 13:20:10 [MQTT Call: ygw] INFO  com.example.mqtt.MessageData - Topic: data/s/nhnacademy/b/gyeongnam_campus/p/pair_room/d/24e124617d159573/n/2/g/24e124fffef79304/e/lora
Message Data:
time: 1745382009068
value: 

2025-04-23 13:20:10 [MQTT Call: ygw] INFO  com.example.mqtt.InfluxDBService - Extracted tagkey -> location: pair_room, kind: 2, data: lora
Value into InfluxDB: 0.0
2025-04-23 13:20:10 [MQTT Call: ygw] INFO  com.example.mqtt.MessageData - Data sent to InfluxDBService: data/s/nhnacademy/b/gyeongnam_campus/p/pair_room/d/24e124617d159573/n/2/g/24e124fffef79304/e/lora -> 0.0
2025-04-23 13:20:10 [MQTT Call: ygw] INFO  com.example.mqtt.MessageData - Topic: data/s/nhnacademy/b/gyeongnam_campus/p/pair_room/d/24e124617d159573/n/2/g/24e124fffef5dccc/e/lora
Message Data:
time: 1745382009068
value: 

2025-04-23 13:20:10 [MQTT Call: ygw] INFO  com.example.mqtt.InfluxDBService - Extracted tagkey -> location: pair_room, kind: 2, data: lora
Value into InfluxDB: 0.0
2025-04-23 13:20:10 [MQTT Call: ygw] INFO  com.example.mqtt.MessageData - Data sent to InfluxDBService: data/s/nhnacademy/b/gyeongnam_campus/p/pair_room/d/24e124617d159573/n/2/g/24e124fffef5dccc/e/lora -> 0.0
2025-04-23 13:20:11 [MQTT Call: ygw] INFO  com.example.mqtt.MessageData - Topic: data/s/nhnacademy/b/gyeongnam_campus/p/hive/d/24e124785c389010/n/정수기 위/e/battery
Message Data:
time: 1745382010186
value: 85

2025-04-23 13:20:11 [MQTT Call: ygw] INFO  com.example.mqtt.InfluxDBService - Extracted tagkey -> location: hive, kind: 정수기 위, data: battery
Value into InfluxDB: 85.0
2025-04-23 13:20:11 [MQTT Call: ygw] INFO  com.example.mqtt.MessageData - Data sent to InfluxDBService: data/s/nhnacademy/b/gyeongnam_campus/p/hive/d/24e124785c389010/n/정수기 위/e/battery -> 85.0
2025-04-23 13:20:11 [MQTT Call: ygw] INFO  com.example.mqtt.MessageData - Topic: data/s/nhnacademy/b/gyeongnam_campus/p/hive/d/24e124785c389010/n/정수기 위/e/temperature
Message Data:
time: 1745382010186
value: 23.4

2025-04-23 13:20:11 [MQTT Call: ygw] INFO  com.example.mqtt.InfluxDBService - Extracted tagkey -> location: hive, kind: 정수기 위, data: temperature
Value into InfluxDB: 23.4
2025-04-23 13:20:11 [MQTT Call: ygw] INFO  com.example.mqtt.MessageData - Data sent to InfluxDBService: data/s/nhnacademy/b/gyeongnam_campus/p/hive/d/24e124785c389010/n/정수기 위/e/temperature -> 23.4
2025-04-23 13:20:11 [MQTT Call: ygw] INFO  com.example.mqtt.MessageData - Topic: data/s/nhnacademy/b/gyeongnam_campus/p/hive/d/24e124785c389010/n/정수기 위/e/humidity
Message Data:
time: 1745382010186
value: 43.5

2025-04-23 13:20:11 [MQTT Call: ygw] INFO  com.example.mqtt.InfluxDBService - Extracted tagkey -> location: hive, kind: 정수기 위, data: humidity
Value into InfluxDB: 43.5
2025-04-23 13:20:11 [MQTT Call: ygw] INFO  com.example.mqtt.MessageData - Data sent to InfluxDBService: data/s/nhnacademy/b/gyeongnam_campus/p/hive/d/24e124785c389010/n/정수기 위/e/humidity -> 43.5
2025-04-23 13:20:11 [MQTT Call: ygw] INFO  com.example.mqtt.MessageData - Topic: data/s/nhnacademy/b/gyeongnam_campus/p/hive/d/24e124785c389010/n/정수기 위/g/24e124fffef5dccc/e/lora
Message Data:
time: 1745382010186
value: 

2025-04-23 13:20:11 [MQTT Call: ygw] INFO  com.example.mqtt.InfluxDBService - Extracted tagkey -> location: hive, kind: 정수기 위, data: lora
Value into InfluxDB: 0.0
2025-04-23 13:20:11 [MQTT Call: ygw] INFO  com.example.mqtt.MessageData - Data sent to InfluxDBService: data/s/nhnacademy/b/gyeongnam_campus/p/hive/d/24e124785c389010/n/정수기 위/g/24e124fffef5dccc/e/lora -> 0.0
2025-04-23 13:20:11 [MQTT Call: ygw] INFO  com.example.mqtt.MessageData - Topic: data/s/nhnacademy/b/gyeongnam_campus/p/hive/d/24e124785c389010/n/정수기 위/g/24e124fffef79304/e/lora
Message Data:
time: 1745382010186
value: 

2025-04-23 13:20:11 [MQTT Call: ygw] INFO  com.example.mqtt.InfluxDBService - Extracted tagkey -> location: hive, kind: 정수기 위, data: lora
Value into InfluxDB: 0.0
2025-04-23 13:20:11 [MQTT Call: ygw] INFO  com.example.mqtt.MessageData - Data sent to InfluxDBService: data/s/nhnacademy/b/gyeongnam_campus/p/hive/d/24e124785c389010/n/정수기 위/g/24e124fffef79304/e/lora -> 0.0
2025-04-23 13:20:11 [MQTT Call: ygw] INFO  com.example.mqtt.MessageData - Topic: data/s/nhnacademy/b/gyeongnam_campus/p/hive/d/24e124725d081175/sp/8인 책상/n/8인 책상/e/battery
Message Data:
time: 1745382011067
value: 76

2025-04-23 13:20:11 [MQTT Call: ygw] INFO  com.example.mqtt.InfluxDBService - Extracted tagkey -> location: hive, kind: 8인 책상, data: battery
Value into InfluxDB: 76.0
2025-04-23 13:20:11 [MQTT Call: ygw] INFO  com.example.mqtt.MessageData - Data sent to InfluxDBService: data/s/nhnacademy/b/gyeongnam_campus/p/hive/d/24e124725d081175/sp/8인 책상/n/8인 책상/e/battery -> 76.0
2025-04-23 13:20:11 [MQTT Call: ygw] INFO  com.example.mqtt.MessageData - Topic: data/s/nhnacademy/b/gyeongnam_campus/p/hive/d/24e124725d081175/sp/8인 책상/n/8인 책상/e/humidity
Message Data:
time: 1745382011067
value: 42.5

2025-04-23 13:20:11 [MQTT Call: ygw] INFO  com.example.mqtt.InfluxDBService - Extracted tagkey -> location: hive, kind: 8인 책상, data: humidity
Value into InfluxDB: 42.5
2025-04-23 13:20:11 [MQTT Call: ygw] INFO  com.example.mqtt.MessageData - Data sent to InfluxDBService: data/s/nhnacademy/b/gyeongnam_campus/p/hive/d/24e124725d081175/sp/8인 책상/n/8인 책상/e/humidity -> 42.5
2025-04-23 13:20:11 [MQTT Call: ygw] INFO  com.example.mqtt.MessageData - Topic: data/s/nhnacademy/b/gyeongnam_campus/p/hive/d/24e124725d081175/sp/8인 책상/n/8인 책상/e/temperature
Message Data:
time: 1745382011067
value: 24

2025-04-23 13:20:11 [MQTT Call: ygw] INFO  com.example.mqtt.InfluxDBService - Extracted tagkey -> location: hive, kind: 8인 책상, data: temperature
Value into InfluxDB: 24.0
2025-04-23 13:20:11 [MQTT Call: ygw] INFO  com.example.mqtt.MessageData - Data sent to InfluxDBService: data/s/nhnacademy/b/gyeongnam_campus/p/hive/d/24e124725d081175/sp/8인 책상/n/8인 책상/e/temperature -> 24.0
2025-04-23 13:20:11 [MQTT Call: ygw] INFO  com.example.mqtt.MessageData - Topic: data/s/nhnacademy/b/gyeongnam_campus/p/hive/d/24e124725d081175/sp/8인 책상/n/8인 책상/e/co2
Message Data:
time: 1745382011067
value: 534

2025-04-23 13:20:11 [MQTT Call: ygw] INFO  com.example.mqtt.InfluxDBService - Extracted tagkey -> location: hive, kind: 8인 책상, data: co2
Value into InfluxDB: 534.0
2025-04-23 13:20:11 [MQTT Call: ygw] INFO  com.example.mqtt.MessageData - Data sent to InfluxDBService: data/s/nhnacademy/b/gyeongnam_campus/p/hive/d/24e124725d081175/sp/8인 책상/n/8인 책상/e/co2 -> 534.0
2025-04-23 13:20:11 [MQTT Call: ygw] INFO  com.example.mqtt.MessageData - Topic: data/s/nhnacademy/b/gyeongnam_campus/p/hive/d/24e124725d081175/sp/8인 책상/n/8인 책상/g/24e124fffef5dccc/e/lora
Message Data:
time: 1745382011067
value: 

2025-04-23 13:20:11 [MQTT Call: ygw] INFO  com.example.mqtt.InfluxDBService - Extracted tagkey -> location: hive, kind: 8인 책상, data: lora
Value into InfluxDB: 0.0
2025-04-23 13:20:11 [MQTT Call: ygw] INFO  com.example.mqtt.MessageData - Data sent to InfluxDBService: data/s/nhnacademy/b/gyeongnam_campus/p/hive/d/24e124725d081175/sp/8인 책상/n/8인 책상/g/24e124fffef5dccc/e/lora -> 0.0
2025-04-23 13:20:11 [MQTT Call: ygw] INFO  com.example.mqtt.MessageData - Topic: data/s/nhnacademy/b/gyeongnam_campus/p/hive/d/24e124725d081175/sp/8인 책상/n/8인 책상/g/24e124fffef79304/e/lora
Message Data:
time: 1745382011067
value: 

2025-04-23 13:20:11 [MQTT Call: ygw] INFO  com.example.mqtt.InfluxDBService - Extracted tagkey -> location: hive, kind: 8인 책상, data: lora
Value into InfluxDB: 0.0
2025-04-23 13:20:11 [MQTT Call: ygw] INFO  com.example.mqtt.MessageData - Data sent to InfluxDBService: data/s/nhnacademy/b/gyeongnam_campus/p/hive/d/24e124725d081175/sp/8인 책상/n/8인 책상/g/24e124fffef79304/e/lora -> 0.0
2025-04-23 13:20:19 [MQTT Call: ygw] INFO  com.example.mqtt.MessageData - Topic: data/s/nhnacademy/b/gyeongnam_campus/p/class_a/d/24e124128c067999/sp/입구/n/입구/e/tvoc
Message Data:
time: 1745382018825
value: 304

2025-04-23 13:20:19 [MQTT Call: ygw] INFO  com.example.mqtt.InfluxDBService - Extracted tagkey -> location: class_a, kind: 입구, data: tvoc
Value into InfluxDB: 304.0
2025-04-23 13:20:19 [MQTT Call: ygw] INFO  com.example.mqtt.MessageData - Data sent to InfluxDBService: data/s/nhnacademy/b/gyeongnam_campus/p/class_a/d/24e124128c067999/sp/입구/n/입구/e/tvoc -> 304.0
2025-04-23 13:20:19 [MQTT Call: ygw] INFO  com.example.mqtt.MessageData - Topic: data/s/nhnacademy/b/gyeongnam_campus/p/class_a/d/24e124128c067999/sp/입구/n/입구/e/temperature
Message Data:
time: 1745382018825
value: 24.1

2025-04-23 13:20:19 [MQTT Call: ygw] INFO  com.example.mqtt.InfluxDBService - Extracted tagkey -> location: class_a, kind: 입구, data: temperature
Value into InfluxDB: 24.1
2025-04-23 13:20:19 [MQTT Call: ygw] INFO  com.example.mqtt.MessageData - Data sent to InfluxDBService: data/s/nhnacademy/b/gyeongnam_campus/p/class_a/d/24e124128c067999/sp/입구/n/입구/e/temperature -> 24.1
2025-04-23 13:20:19 [MQTT Call: ygw] INFO  com.example.mqtt.MessageData - Topic: data/s/nhnacademy/b/gyeongnam_campus/p/class_a/d/24e124128c067999/sp/입구/n/입구/e/activity
Message Data:
time: 1745382018825
value: 29

2025-04-23 13:20:19 [MQTT Call: ygw] INFO  com.example.mqtt.InfluxDBService - Extracted tagkey -> location: class_a, kind: 입구, data: activity
Value into InfluxDB: 29.0
2025-04-23 13:20:19 [MQTT Call: ygw] INFO  com.example.mqtt.MessageData - Data sent to InfluxDBService: data/s/nhnacademy/b/gyeongnam_campus/p/class_a/d/24e124128c067999/sp/입구/n/입구/e/activity -> 29.0
2025-04-23 13:20:19 [MQTT Call: ygw] INFO  com.example.mqtt.MessageData - Topic: data/s/nhnacademy/b/gyeongnam_campus/p/class_a/d/24e124128c067999/sp/입구/n/입구/e/infrared_and_visible
Message Data:
time: 1745382018825
value: 46

2025-04-23 13:20:19 [MQTT Call: ygw] INFO  com.example.mqtt.InfluxDBService - Extracted tagkey -> location: class_a, kind: 입구, data: infrared_and_visible
Value into InfluxDB: 46.0
2025-04-23 13:20:19 [MQTT Call: ygw] INFO  com.example.mqtt.MessageData - Data sent to InfluxDBService: data/s/nhnacademy/b/gyeongnam_campus/p/class_a/d/24e124128c067999/sp/입구/n/입구/e/infrared_and_visible -> 46.0
2025-04-23 13:20:19 [MQTT Call: ygw] INFO  com.example.mqtt.MessageData - Topic: data/s/nhnacademy/b/gyeongnam_campus/p/class_a/d/24e124128c067999/sp/입구/n/입구/e/humidity
Message Data:
time: 1745382018825
value: 46.5

2025-04-23 13:20:19 [MQTT Call: ygw] INFO  com.example.mqtt.InfluxDBService - Extracted tagkey -> location: class_a, kind: 입구, data: humidity
Value into InfluxDB: 46.5
2025-04-23 13:20:19 [MQTT Call: ygw] INFO  com.example.mqtt.MessageData - Data sent to InfluxDBService: data/s/nhnacademy/b/gyeongnam_campus/p/class_a/d/24e124128c067999/sp/입구/n/입구/e/humidity -> 46.5
2025-04-23 13:20:19 [MQTT Call: ygw] INFO  com.example.mqtt.MessageData - Topic: data/s/nhnacademy/b/gyeongnam_campus/p/class_a/d/24e124128c067999/sp/입구/n/입구/e/co2
Message Data:
time: 1745382018825
value: 1051

2025-04-23 13:20:19 [MQTT Call: ygw] INFO  com.example.mqtt.InfluxDBService - Extracted tagkey -> location: class_a, kind: 입구, data: co2
Value into InfluxDB: 1051.0
2025-04-23 13:20:19 [MQTT Call: ygw] INFO  com.example.mqtt.MessageData - Data sent to InfluxDBService: data/s/nhnacademy/b/gyeongnam_campus/p/class_a/d/24e124128c067999/sp/입구/n/입구/e/co2 -> 1051.0
2025-04-23 13:20:19 [MQTT Call: ygw] INFO  com.example.mqtt.MessageData - Topic: data/s/nhnacademy/b/gyeongnam_campus/p/class_a/d/24e124128c067999/sp/입구/n/입구/e/pressure
Message Data:
time: 1745382018825
value: 997.7

2025-04-23 13:20:19 [MQTT Call: ygw] INFO  com.example.mqtt.InfluxDBService - Extracted tagkey -> location: class_a, kind: 입구, data: pressure
Value into InfluxDB: 997.7
2025-04-23 13:20:19 [MQTT Call: ygw] INFO  com.example.mqtt.MessageData - Data sent to InfluxDBService: data/s/nhnacademy/b/gyeongnam_campus/p/class_a/d/24e124128c067999/sp/입구/n/입구/e/pressure -> 997.7
2025-04-23 13:20:19 [MQTT Call: ygw] INFO  com.example.mqtt.MessageData - Topic: data/s/nhnacademy/b/gyeongnam_campus/p/class_a/d/24e124128c067999/sp/입구/n/입구/e/illumination
Message Data:
time: 1745382018825
value: 67

2025-04-23 13:20:19 [MQTT Call: ygw] INFO  com.example.mqtt.InfluxDBService - Extracted tagkey -> location: class_a, kind: 입구, data: illumination
Value into InfluxDB: 67.0
2025-04-23 13:20:19 [MQTT Call: ygw] INFO  com.example.mqtt.MessageData - Data sent to InfluxDBService: data/s/nhnacademy/b/gyeongnam_campus/p/class_a/d/24e124128c067999/sp/입구/n/입구/e/illumination -> 67.0
2025-04-23 13:20:19 [MQTT Call: ygw] INFO  com.example.mqtt.MessageData - Topic: data/s/nhnacademy/b/gyeongnam_campus/p/class_a/d/24e124128c067999/sp/입구/n/입구/e/infrared
Message Data:
time: 1745382018825
value: 7

2025-04-23 13:20:19 [MQTT Call: ygw] INFO  com.example.mqtt.InfluxDBService - Extracted tagkey -> location: class_a, kind: 입구, data: infrared
Value into InfluxDB: 7.0
2025-04-23 13:20:19 [MQTT Call: ygw] INFO  com.example.mqtt.MessageData - Data sent to InfluxDBService: data/s/nhnacademy/b/gyeongnam_campus/p/class_a/d/24e124128c067999/sp/입구/n/입구/e/infrared -> 7.0
2025-04-23 13:20:19 [MQTT Call: ygw] INFO  com.example.mqtt.MessageData - Topic: data/s/nhnacademy/b/gyeongnam_campus/p/class_a/d/24e124128c067999/sp/입구/n/입구/g/24e124fffef5dccc/e/lora
Message Data:
time: 1745382018825
value: 

2025-04-23 13:20:19 [MQTT Call: ygw] INFO  com.example.mqtt.InfluxDBService - Extracted tagkey -> location: class_a, kind: 입구, data: lora
Value into InfluxDB: 0.0
2025-04-23 13:20:19 [MQTT Call: ygw] INFO  com.example.mqtt.MessageData - Data sent to InfluxDBService: data/s/nhnacademy/b/gyeongnam_campus/p/class_a/d/24e124128c067999/sp/입구/n/입구/g/24e124fffef5dccc/e/lora -> 0.0
2025-04-23 13:20:21 [MQTT Call: ygw] INFO  com.example.mqtt.MessageData - Topic: data/s/nhnacademy/b/gyeongnam_campus/p/class_a/d/24e124128c067999/sp/입구/n/입구/g/24e124fffef79304/e/lora
Message Data:
time: 1745382018825
value: 

2025-04-23 13:20:21 [MQTT Call: ygw] INFO  com.example.mqtt.InfluxDBService - Extracted tagkey -> location: class_a, kind: 입구, data: lora
Value into InfluxDB: 0.0
2025-04-23 13:20:21 [MQTT Call: ygw] INFO  com.example.mqtt.MessageData - Data sent to InfluxDBService: data/s/nhnacademy/b/gyeongnam_campus/p/class_a/d/24e124128c067999/sp/입구/n/입구/g/24e124fffef79304/e/lora -> 0.0
2025-04-23 13:20:24 [MQTT Call: ygw] INFO  com.example.mqtt.MessageData - Topic: data/s/nhnacademy/b/gyeongnam_campus/p/server_room/d/24e124136d151368/n/입구/e/humidity
Message Data:
time: 1745382023727
value: 46.5

2025-04-23 13:20:24 [MQTT Call: ygw] INFO  com.example.mqtt.InfluxDBService - Extracted tagkey -> location: server_room, kind: 입구, data: humidity
Value into InfluxDB: 46.5
2025-04-23 13:20:24 [MQTT Call: ygw] INFO  com.example.mqtt.MessageData - Data sent to InfluxDBService: data/s/nhnacademy/b/gyeongnam_campus/p/server_room/d/24e124136d151368/n/입구/e/humidity -> 46.5
2025-04-23 13:20:24 [MQTT Call: ygw] INFO  com.example.mqtt.MessageData - Topic: data/s/nhnacademy/b/gyeongnam_campus/p/server_room/d/24e124136d151368/n/입구/e/temperature
Message Data:
time: 1745382023727
value: 24.1

2025-04-23 13:20:24 [MQTT Call: ygw] INFO  com.example.mqtt.InfluxDBService - Extracted tagkey -> location: server_room, kind: 입구, data: temperature
Value into InfluxDB: 24.1
2025-04-23 13:20:24 [MQTT Call: ygw] INFO  com.example.mqtt.MessageData - Data sent to InfluxDBService: data/s/nhnacademy/b/gyeongnam_campus/p/server_room/d/24e124136d151368/n/입구/e/temperature -> 24.1
2025-04-23 13:20:24 [MQTT Call: ygw] INFO  com.example.mqtt.MessageData - Topic: data/s/nhnacademy/b/gyeongnam_campus/p/server_room/d/24e124136d151368/n/입구/g/24e124fffef79304/e/lora
Message Data:
time: 1745382023727
value: 

2025-04-23 13:20:24 [MQTT Call: ygw] INFO  com.example.mqtt.InfluxDBService - Extracted tagkey -> location: server_room, kind: 입구, data: lora
Value into InfluxDB: 0.0
2025-04-23 13:20:24 [MQTT Call: ygw] INFO  com.example.mqtt.MessageData - Data sent to InfluxDBService: data/s/nhnacademy/b/gyeongnam_campus/p/server_room/d/24e124136d151368/n/입구/g/24e124fffef79304/e/lora -> 0.0
2025-04-23 13:20:24 [MQTT Call: ygw] INFO  com.example.mqtt.MessageData - Topic: data/s/nhnacademy/b/gyeongnam_campus/p/server_room/d/24e124136d151368/n/입구/g/24e124fffef5dccc/e/lora
Message Data:
time: 1745382023727
value: 

2025-04-23 13:20:24 [MQTT Call: ygw] INFO  com.example.mqtt.InfluxDBService - Extracted tagkey -> location: server_room, kind: 입구, data: lora
Value into InfluxDB: 0.0
2025-04-23 13:20:24 [MQTT Call: ygw] INFO  com.example.mqtt.MessageData - Data sent to InfluxDBService: data/s/nhnacademy/b/gyeongnam_campus/p/server_room/d/24e124136d151368/n/입구/g/24e124fffef5dccc/e/lora -> 0.0
2025-04-23 13:20:29 [MQTT Call: ygw] INFO  com.example.mqtt.MessageData - Topic: data/s/nhnacademy/b/gyeongnam_campus/p/hive/d/24e124126c452091/sp/farm/n/스마트팜/e/temperature
Message Data:
time: 1745382026123
value: 23.2

2025-04-23 13:20:29 [MQTT Call: ygw] INFO  com.example.mqtt.InfluxDBService - Extracted tagkey -> location: hive, kind: 스마트팜, data: temperature
Value into InfluxDB: 23.2
2025-04-23 13:20:29 [MQTT Call: ygw] INFO  com.example.mqtt.MessageData - Data sent to InfluxDBService: data/s/nhnacademy/b/gyeongnam_campus/p/hive/d/24e124126c452091/sp/farm/n/스마트팜/e/temperature -> 23.2
2025-04-23 13:20:29 [MQTT Call: ygw] INFO  com.example.mqtt.MessageData - Topic: data/s/nhnacademy/b/gyeongnam_campus/p/hive/d/24e124126c452091/sp/farm/n/스마트팜/g/24e124fffef5dccc/e/lora
Message Data:
time: 1745382026123
value: 

2025-04-23 13:20:29 [MQTT Call: ygw] INFO  com.example.mqtt.InfluxDBService - Extracted tagkey -> location: hive, kind: 스마트팜, data: lora
Value into InfluxDB: 0.0
2025-04-23 13:20:29 [MQTT Call: ygw] INFO  com.example.mqtt.MessageData - Data sent to InfluxDBService: data/s/nhnacademy/b/gyeongnam_campus/p/hive/d/24e124126c452091/sp/farm/n/스마트팜/g/24e124fffef5dccc/e/lora -> 0.0
2025-04-23 13:20:29 [MQTT Call: ygw] INFO  com.example.mqtt.MessageData - Topic: data/s/nhnacademy/b/gyeongnam_campus/p/hive/d/24e124126c452091/sp/farm/n/스마트팜/g/24e124fffef79304/e/lora
Message Data:
time: 1745382026123
value: 

2025-04-23 13:20:29 [MQTT Call: ygw] INFO  com.example.mqtt.InfluxDBService - Extracted tagkey -> location: hive, kind: 스마트팜, data: lora
Value into InfluxDB: 0.0
2025-04-23 13:20:29 [MQTT Call: ygw] INFO  com.example.mqtt.MessageData - Data sent to InfluxDBService: data/s/nhnacademy/b/gyeongnam_campus/p/hive/d/24e124126c452091/sp/farm/n/스마트팜/g/24e124fffef79304/e/lora -> 0.0
2025-04-23 13:20:32 [MQTT Call: ygw] INFO  com.example.mqtt.MessageData - Topic: data/s/nhnacademy/b/gyeongnam_campus/p/hive/d/24e124126d111937/sp/farm/n/스마트팜/e/illumination
Message Data:
time: 1745382032121
value: 320

2025-04-23 13:20:32 [MQTT Call: ygw] INFO  com.example.mqtt.InfluxDBService - Extracted tagkey -> location: hive, kind: 스마트팜, data: illumination
Value into InfluxDB: 320.0
2025-04-23 13:20:32 [MQTT Call: ygw] INFO  com.example.mqtt.MessageData - Data sent to InfluxDBService: data/s/nhnacademy/b/gyeongnam_campus/p/hive/d/24e124126d111937/sp/farm/n/스마트팜/e/illumination -> 320.0
2025-04-23 13:20:32 [MQTT Call: ygw] INFO  com.example.mqtt.MessageData - Topic: data/s/nhnacademy/b/gyeongnam_campus/p/hive/d/24e124126d111937/sp/farm/n/스마트팜/g/24e124fffef79304/e/lora
Message Data:
time: 1745382032121
value: 

2025-04-23 13:20:32 [MQTT Call: ygw] INFO  com.example.mqtt.InfluxDBService - Extracted tagkey -> location: hive, kind: 스마트팜, data: lora
Value into InfluxDB: 0.0
2025-04-23 13:20:32 [MQTT Call: ygw] INFO  com.example.mqtt.MessageData - Data sent to InfluxDBService: data/s/nhnacademy/b/gyeongnam_campus/p/hive/d/24e124126d111937/sp/farm/n/스마트팜/g/24e124fffef79304/e/lora -> 0.0
2025-04-23 13:20:32 [MQTT Call: ygw] INFO  com.example.mqtt.MessageData - Topic: data/s/nhnacademy/b/gyeongnam_campus/p/hive/d/24e124126d111937/sp/farm/n/스마트팜/e/illumination
Message Data:
time: 1745382032121
value: 320

2025-04-23 13:20:32 [MQTT Call: ygw] INFO  com.example.mqtt.InfluxDBService - Extracted tagkey -> location: hive, kind: 스마트팜, data: illumination
Value into InfluxDB: 320.0
2025-04-23 13:20:32 [MQTT Call: ygw] INFO  com.example.mqtt.MessageData - Data sent to InfluxDBService: data/s/nhnacademy/b/gyeongnam_campus/p/hive/d/24e124126d111937/sp/farm/n/스마트팜/e/illumination -> 320.0
2025-04-23 13:20:32 [MQTT Call: ygw] INFO  com.example.mqtt.MessageData - Topic: data/s/nhnacademy/b/gyeongnam_campus/p/hive/d/24e124126d111937/sp/farm/n/스마트팜/g/24e124fffef79304/e/lora
Message Data:
time: 1745382032121
value: 

2025-04-23 13:20:32 [MQTT Call: ygw] INFO  com.example.mqtt.InfluxDBService - Extracted tagkey -> location: hive, kind: 스마트팜, data: lora
Value into InfluxDB: 0.0
2025-04-23 13:20:32 [MQTT Call: ygw] INFO  com.example.mqtt.MessageData - Data sent to InfluxDBService: data/s/nhnacademy/b/gyeongnam_campus/p/hive/d/24e124126d111937/sp/farm/n/스마트팜/g/24e124fffef79304/e/lora -> 0.0
2025-04-23 13:20:32 [MQTT Call: ygw] INFO  com.example.mqtt.MessageData - Topic: data/s/nhnacademy/b/gyeongnam_campus/p/hive/d/24e124126d111937/sp/farm/n/스마트팜/g/24e124fffef5dccc/e/lora
Message Data:
time: 1745382032121
value: 

2025-04-23 13:20:32 [MQTT Call: ygw] INFO  com.example.mqtt.InfluxDBService - Extracted tagkey -> location: hive, kind: 스마트팜, data: lora
Value into InfluxDB: 0.0
2025-04-23 13:20:32 [MQTT Call: ygw] INFO  com.example.mqtt.MessageData - Data sent to InfluxDBService: data/s/nhnacademy/b/gyeongnam_campus/p/hive/d/24e124126d111937/sp/farm/n/스마트팜/g/24e124fffef5dccc/e/lora -> 0.0
2025-04-23 13:20:37 [MQTT Call: ygw] INFO  com.example.mqtt.MessageData - Topic: data/s/nhnacademy/b/gyeongnam_campus/p/office/d/24e124126c457594/n/냉장고 내부/e/temperature
Message Data:
time: 1745382036855
value: 3.3

2025-04-23 13:20:37 [MQTT Call: ygw] INFO  com.example.mqtt.InfluxDBService - Extracted tagkey -> location: office, kind: 냉장고 내부, data: temperature
Value into InfluxDB: 3.3
2025-04-23 13:20:37 [MQTT Call: ygw] INFO  com.example.mqtt.MessageData - Data sent to InfluxDBService: data/s/nhnacademy/b/gyeongnam_campus/p/office/d/24e124126c457594/n/냉장고 내부/e/temperature -> 3.3
2025-04-23 13:20:37 [MQTT Call: ygw] INFO  com.example.mqtt.MessageData - Topic: data/s/nhnacademy/b/gyeongnam_campus/p/office/d/24e124126c457594/n/냉장고 내부/g/24e124fffef79304/e/lora
Message Data:
time: 1745382036855
value: 

2025-04-23 13:20:37 [MQTT Call: ygw] INFO  com.example.mqtt.InfluxDBService - Extracted tagkey -> location: office, kind: 냉장고 내부, data: lora
Value into InfluxDB: 0.0
2025-04-23 13:20:37 [MQTT Call: ygw] INFO  com.example.mqtt.MessageData - Data sent to InfluxDBService: data/s/nhnacademy/b/gyeongnam_campus/p/office/d/24e124126c457594/n/냉장고 내부/g/24e124fffef79304/e/lora -> 0.0
2025-04-23 13:20:37 [MQTT Call: ygw] INFO  com.example.mqtt.MessageData - Topic: data/s/nhnacademy/b/gyeongnam_campus/p/office/d/24e124126c457594/n/냉장고 내부/g/24e124fffef5dccc/e/lora
Message Data:
time: 1745382036855
value: 

2025-04-23 13:20:37 [MQTT Call: ygw] INFO  com.example.mqtt.InfluxDBService - Extracted tagkey -> location: office, kind: 냉장고 내부, data: lora
Value into InfluxDB: 0.0
2025-04-23 13:20:37 [MQTT Call: ygw] INFO  com.example.mqtt.MessageData - Data sent to InfluxDBService: data/s/nhnacademy/b/gyeongnam_campus/p/office/d/24e124126c457594/n/냉장고 내부/g/24e124fffef5dccc/e/lora -> 0.0
2025-04-23 13:20:44 [MQTT Call: ygw] INFO  com.example.mqtt.MessageData - Topic: data/s/nhnacademy/b/gyeongnam_campus/p/storage/d/24e124136d151547/n/입구/e/battery
Message Data:
time: 1745382042832
value: 1

2025-04-23 13:20:44 [MQTT Call: ygw] INFO  com.example.mqtt.InfluxDBService - Extracted tagkey -> location: storage, kind: 입구, data: battery
Value into InfluxDB: 1.0
2025-04-23 13:20:44 [MQTT Call: ygw] INFO  com.example.mqtt.MessageData - Data sent to InfluxDBService: data/s/nhnacademy/b/gyeongnam_campus/p/storage/d/24e124136d151547/n/입구/e/battery -> 1.0
2025-04-23 13:20:44 [MQTT Call: ygw] INFO  com.example.mqtt.MessageData - Topic: data/s/nhnacademy/b/gyeongnam_campus/p/storage/d/24e124136d151547/n/입구/e/temperature
Message Data:
time: 1745382042832
value: -0.1

2025-04-23 13:20:44 [MQTT Call: ygw] INFO  com.example.mqtt.InfluxDBService - Extracted tagkey -> location: storage, kind: 입구, data: temperature
Value into InfluxDB: -0.1
2025-04-23 13:20:44 [MQTT Call: ygw] INFO  com.example.mqtt.MessageData - Data sent to InfluxDBService: data/s/nhnacademy/b/gyeongnam_campus/p/storage/d/24e124136d151547/n/입구/e/temperature -> -0.1
2025-04-23 13:20:44 [MQTT Call: ygw] INFO  com.example.mqtt.MessageData - Topic: data/s/nhnacademy/b/gyeongnam_campus/p/storage/d/24e124136d151547/n/입구/e/humidity
Message Data:
time: 1745382042832
value: 127.5

2025-04-23 13:20:44 [MQTT Call: ygw] INFO  com.example.mqtt.InfluxDBService - Extracted tagkey -> location: storage, kind: 입구, data: humidity
Value into InfluxDB: 127.5
2025-04-23 13:20:44 [MQTT Call: ygw] INFO  com.example.mqtt.MessageData - Data sent to InfluxDBService: data/s/nhnacademy/b/gyeongnam_campus/p/storage/d/24e124136d151547/n/입구/e/humidity -> 127.5
2025-04-23 13:20:44 [MQTT Call: ygw] INFO  com.example.mqtt.MessageData - Topic: data/s/nhnacademy/b/gyeongnam_campus/p/storage/d/24e124136d151547/n/입구/g/24e124fffef79304/e/lora
Message Data:
time: 1745382042832
value: 

2025-04-23 13:20:44 [MQTT Call: ygw] INFO  com.example.mqtt.InfluxDBService - Extracted tagkey -> location: storage, kind: 입구, data: lora
Value into InfluxDB: 0.0
2025-04-23 13:20:44 [MQTT Call: ygw] INFO  com.example.mqtt.MessageData - Data sent to InfluxDBService: data/s/nhnacademy/b/gyeongnam_campus/p/storage/d/24e124136d151547/n/입구/g/24e124fffef79304/e/lora -> 0.0
2025-04-23 13:20:44 [MQTT Call: ygw] INFO  com.example.mqtt.MessageData - Topic: data/s/nhnacademy/b/gyeongnam_campus/p/storage/d/24e124136d151547/n/입구/g/24e124fffef5dccc/e/lora
Message Data:
time: 1745382042832
value: 

2025-04-23 13:20:44 [MQTT Call: ygw] INFO  com.example.mqtt.InfluxDBService - Extracted tagkey -> location: storage, kind: 입구, data: lora
Value into InfluxDB: 0.0
2025-04-23 13:20:44 [MQTT Call: ygw] INFO  com.example.mqtt.MessageData - Data sent to InfluxDBService: data/s/nhnacademy/b/gyeongnam_campus/p/storage/d/24e124136d151547/n/입구/g/24e124fffef5dccc/e/lora -> 0.0
2025-04-23 13:20:50 [MQTT Call: ygw] INFO  com.example.mqtt.MessageData - Topic: data/s/nhnacademy/b/gyeongnam_campus/p/campus/d/gem3500_1/n/캠퍼스_LL/e/voltage
Message Data:
time: 1745382050228
value: 379.13

2025-04-23 13:20:50 [MQTT Call: ygw] INFO  com.example.mqtt.InfluxDBService - Extracted tagkey -> location: campus, kind: 캠퍼스_LL, data: voltage
Value into InfluxDB: 379.13
2025-04-23 13:20:50 [MQTT Call: ygw] INFO  com.example.mqtt.MessageData - Data sent to InfluxDBService: data/s/nhnacademy/b/gyeongnam_campus/p/campus/d/gem3500_1/n/캠퍼스_LL/e/voltage -> 379.13
2025-04-23 13:20:50 [MQTT Call: ygw] INFO  com.example.mqtt.MessageData - Topic: data/s/nhnacademy/b/gyeongnam_campus/p/campus/d/gem3500_1/n/캠퍼스_LN/e/voltage
Message Data:
time: 1745382050228
value: 218.89

2025-04-23 13:20:50 [MQTT Call: ygw] INFO  com.example.mqtt.InfluxDBService - Extracted tagkey -> location: campus, kind: 캠퍼스_LN, data: voltage
Value into InfluxDB: 218.89
2025-04-23 13:20:50 [MQTT Call: ygw] INFO  com.example.mqtt.MessageData - Data sent to InfluxDBService: data/s/nhnacademy/b/gyeongnam_campus/p/campus/d/gem3500_1/n/캠퍼스_LN/e/voltage -> 218.89
2025-04-23 13:20:50 [MQTT Call: ygw] INFO  com.example.mqtt.MessageData - Topic: data/s/nhnacademy/b/gyeongnam_campus/p/campus/d/gem3500_1/n/캠퍼스1/e/power_meter
Message Data:
time: 1745382050330
type: 5
leakageCurrent: 0
current: 3018
activePower: 5661
reactivePower: -1908
tapparentPower: 6566
powerFactor: 86.21
currentUnbalance: 54.71
lines: 

2025-04-23 13:20:50 [MQTT Call: ygw] WARN  com.example.mqtt.MessageData - No 'value' field found in message, skipping InfluxDB write.
2025-04-23 13:20:50 [MQTT Call: ygw] INFO  com.example.mqtt.MessageData - Topic: data/s/nhnacademy/b/gyeongnam_campus/p/campus/d/gem3500_1/n/전등1/e/power_meter
Message Data:
time: 1745382050429
type: 3
leakageCurrent: 0
current: 698
activePower: 1308
reactivePower: -324
tapparentPower: 1524
powerFactor: 85.82
currentUnbalance: 0
lines: 

2025-04-23 13:20:50 [MQTT Call: ygw] WARN  com.example.mqtt.MessageData - No 'value' field found in message, skipping InfluxDB write.
2025-04-23 13:20:50 [MQTT Call: ygw] INFO  com.example.mqtt.MessageData - Topic: data/s/nhnacademy/b/gyeongnam_campus/p/campus/d/gem3500_1/n/전등2/e/power_meter
Message Data:
time: 1745382050533
type: 1
leakageCurrent: 0
current: 661
activePower: 1339
reactivePower: -331
tapparentPower: 1454
powerFactor: 92.07
currentUnbalance: 0
lines: 

2025-04-23 13:20:50 [MQTT Call: ygw] WARN  com.example.mqtt.MessageData - No 'value' field found in message, skipping InfluxDB write.
2025-04-23 13:20:50 [MQTT Call: ygw] INFO  com.example.mqtt.MessageData - Topic: data/s/nhnacademy/b/gyeongnam_campus/p/campus/d/gem3500_1/n/전등3/e/power_meter
Message Data:
time: 1745382050635
type: 2
leakageCurrent: 0
current: 0
activePower: 0
reactivePower: 0
tapparentPower: 0
powerFactor: 0
currentUnbalance: 0
lines: 

2025-04-23 13:20:50 [MQTT Call: ygw] WARN  com.example.mqtt.MessageData - No 'value' field found in message, skipping InfluxDB write.
2025-04-23 13:20:50 [MQTT Call: ygw] INFO  com.example.mqtt.MessageData - Topic: data/s/nhnacademy/b/gyeongnam_campus/p/campus/d/gem3500_1/n/강의실b_바닥/e/power_meter
Message Data:
time: 1745382050735
type: 3
leakageCurrent: 0
current: 237
activePower: 391
reactivePower: -240
tapparentPower: 518
powerFactor: 75.46
currentUnbalance: 0
lines: 

2025-04-23 13:20:50 [MQTT Call: ygw] WARN  com.example.mqtt.MessageData - No 'value' field found in message, skipping InfluxDB write.
2025-04-23 13:20:51 [MQTT Call: ygw] INFO  com.example.mqtt.MessageData - Topic: data/s/nhnacademy/b/gyeongnam_campus/p/campus/d/gem3500_1/n/강의실a_바닥1/e/power_meter
Message Data:
time: 1745382050838
type: 1
leakageCurrent: 0
current: 300
activePower: 504
reactivePower: -352
tapparentPower: 664
powerFactor: 75.81
currentUnbalance: 0
lines: 

2025-04-23 13:20:51 [MQTT Call: ygw] WARN  com.example.mqtt.MessageData - No 'value' field found in message, skipping InfluxDB write.
2025-04-23 13:20:51 [MQTT Call: ygw] INFO  com.example.mqtt.MessageData - Topic: data/s/nhnacademy/b/gyeongnam_campus/p/campus/d/gem3500_1/n/강의실a_바닥2/e/power_meter
Message Data:
time: 1745382050937
type: 2
leakageCurrent: 0
current: 226
activePower: 374
reactivePower: -192
tapparentPower: 453
powerFactor: 82.53
currentUnbalance: 0
lines: 

2025-04-23 13:20:51 [MQTT Call: ygw] WARN  com.example.mqtt.MessageData - No 'value' field found in message, skipping InfluxDB write.
2025-04-23 13:20:51 [MQTT Call: ygw] INFO  com.example.mqtt.MessageData - Topic: data/s/nhnacademy/b/gyeongnam_campus/p/campus/d/gem3500_1/n/프로젝터1/e/power_meter
Message Data:
time: 1745382051038
type: 3
leakageCurrent: 0
current: 96
activePower: 124
reactivePower: -151
tapparentPower: 213
powerFactor: 58.42
currentUnbalance: 0
lines: 

2025-04-23 13:20:51 [MQTT Call: ygw] WARN  com.example.mqtt.MessageData - No 'value' field found in message, skipping InfluxDB write.
2025-04-23 13:20:51 [MQTT Call: ygw] INFO  com.example.mqtt.MessageData - Topic: data/s/nhnacademy/b/gyeongnam_campus/p/campus/d/gem3500_1/n/프로젝터2/e/power_meter
Message Data:
time: 1745382051140
type: 1
leakageCurrent: 0
current: 40
activePower: 48
reactivePower: -67
tapparentPower: 88
powerFactor: 54.05
currentUnbalance: 0
lines: 

2025-04-23 13:20:51 [MQTT Call: ygw] WARN  com.example.mqtt.MessageData - No 'value' field found in message, skipping InfluxDB write.
2025-04-23 13:20:51 [MQTT Call: ygw] INFO  com.example.mqtt.MessageData - Topic: data/s/nhnacademy/b/gyeongnam_campus/p/campus/d/gem3500_1/n/회의실/e/power_meter
Message Data:
time: 1745382051242
type: 2
leakageCurrent: 0
current: 14
activePower: 4
reactivePower: -28
tapparentPower: 31
powerFactor: 15.38
currentUnbalance: 0
lines: 

2025-04-23 13:20:51 [MQTT Call: ygw] WARN  com.example.mqtt.MessageData - No 'value' field found in message, skipping InfluxDB write.
2025-04-23 13:20:51 [MQTT Call: ygw] INFO  com.example.mqtt.MessageData - Topic: data/s/nhnacademy/b/gyeongnam_campus/p/campus/d/gem3500_1/n/서버실/e/power_meter
Message Data:
time: 1745382051342
type: 3
leakageCurrent: 0
current: 200
activePower: 391
reactivePower: -108
tapparentPower: 439
powerFactor: 89.07
currentUnbalance: 0
lines: 

2025-04-23 13:20:51 [MQTT Call: ygw] WARN  com.example.mqtt.MessageData - No 'value' field found in message, skipping InfluxDB write.
2025-04-23 13:20:51 [MQTT Call: ygw] INFO  com.example.mqtt.MessageData - Topic: data/s/nhnacademy/b/gyeongnam_campus/p/campus/d/gem3500_1/n/간판/e/power_meter
Message Data:
time: 1745382051444
type: 1
leakageCurrent: 0
current: 0
activePower: 0
reactivePower: 0
tapparentPower: 0
powerFactor: 0
currentUnbalance: 0
lines: 

2025-04-23 13:20:51 [MQTT Call: ygw] WARN  com.example.mqtt.MessageData - No 'value' field found in message, skipping InfluxDB write.
2025-04-23 13:20:51 [MQTT Call: ygw] INFO  com.example.mqtt.MessageData - Topic: data/s/nhnacademy/b/gyeongnam_campus/p/campus/d/gem3500_1/n/페어룸/e/power_meter
Message Data:
time: 1745382051546
type: 2
leakageCurrent: 0
current: 0
activePower: 0
reactivePower: 0
tapparentPower: 0
powerFactor: 0
currentUnbalance: 0
lines: 

2025-04-23 13:20:51 [MQTT Call: ygw] WARN  com.example.mqtt.MessageData - No 'value' field found in message, skipping InfluxDB write.
2025-04-23 13:20:51 [MQTT Call: ygw] INFO  com.example.mqtt.MessageData - Topic: data/s/nhnacademy/b/gyeongnam_campus/p/campus/d/gem3500_1/n/사무실_전열1/e/power_meter
Message Data:
time: 1745382051648
type: 3
leakageCurrent: 0
current: 82
activePower: 110
reactivePower: -55
tapparentPower: 187
powerFactor: 58.97
currentUnbalance: 0
lines: 

2025-04-23 13:20:51 [MQTT Call: ygw] WARN  com.example.mqtt.MessageData - No 'value' field found in message, skipping InfluxDB write.
2025-04-23 13:20:51 [MQTT Call: ygw] INFO  com.example.mqtt.MessageData - Topic: data/s/nhnacademy/b/gyeongnam_campus/p/campus/d/gem3500_1/n/사무실_전열2/e/power_meter
Message Data:
time: 1745382051749
type: 3
leakageCurrent: 0
current: 90
activePower: 103
reactivePower: -60
tapparentPower: 204
powerFactor: 50.58
currentUnbalance: 0
lines: 

2025-04-23 13:20:51 [MQTT Call: ygw] WARN  com.example.mqtt.MessageData - No 'value' field found in message, skipping InfluxDB write.
2025-04-23 13:20:52 [MQTT Call: ygw] INFO  com.example.mqtt.MessageData - Topic: data/s/nhnacademy/b/gyeongnam_campus/p/campus/d/gem3500_1/n/사무실_복사기/e/power_meter
Message Data:
time: 1745382051850
type: 1
leakageCurrent: 0
current: 7
activePower: 7
reactivePower: 0
tapparentPower: 16
powerFactor: 42.85
currentUnbalance: 0
lines: 

2025-04-23 13:20:52 [MQTT Call: ygw] WARN  com.example.mqtt.MessageData - No 'value' field found in message, skipping InfluxDB write.
2025-04-23 13:20:52 [MQTT Call: ygw] INFO  com.example.mqtt.MessageData - Topic: data/s/nhnacademy/b/gyeongnam_campus/p/campus/d/gem3500_1/n/빌트인_전열/e/power_meter
Message Data:
time: 1745382051951
type: 2
leakageCurrent: 0
current: 5
activePower: 4
reactivePower: -7
tapparentPower: 14
powerFactor: 33.33
currentUnbalance: 0
lines: 

2025-04-23 13:20:52 [MQTT Call: ygw] WARN  com.example.mqtt.MessageData - No 'value' field found in message, skipping InfluxDB write.
2025-04-23 13:20:52 [MQTT Call: ygw] INFO  com.example.mqtt.MessageData - Topic: data/s/nhnacademy/b/gyeongnam_campus/p/campus/d/gem3500_1/n/사무실_전열3/e/power_meter
Message Data:
time: 1745382052051
type: 3
leakageCurrent: 0
current: 0
activePower: 0
reactivePower: 0
tapparentPower: 0
powerFactor: 0
currentUnbalance: 0
lines: 

2025-04-23 13:20:52 [MQTT Call: ygw] WARN  com.example.mqtt.MessageData - No 'value' field found in message, skipping InfluxDB write.
2025-04-23 13:20:52 [MQTT Call: ygw] INFO  com.example.mqtt.MessageData - Topic: data/s/nhnacademy/b/gyeongnam_campus/p/campus/d/gem3500_1/n/정수기/e/power_meter
Message Data:
time: 1745382052153
type: 1
leakageCurrent: 0
current: 268
activePower: 578
reactivePower: 117
tapparentPower: 588
powerFactor: 98.36
currentUnbalance: 0
lines: 

2025-04-23 13:20:52 [MQTT Call: ygw] WARN  com.example.mqtt.MessageData - No 'value' field found in message, skipping InfluxDB write.
2025-04-23 13:20:52 [MQTT Call: ygw] INFO  com.example.mqtt.MessageData - Topic: data/s/nhnacademy/b/gyeongnam_campus/p/campus/d/gem3500_1/n/하이브_전열/e/power_meter
Message Data:
time: 1745382052253
type: 2
leakageCurrent: 0
current: 65
activePower: 124
reactivePower: -45
tapparentPower: 144
powerFactor: 86.66
currentUnbalance: 0
lines: 

2025-04-23 13:20:52 [MQTT Call: ygw] WARN  com.example.mqtt.MessageData - No 'value' field found in message, skipping InfluxDB write.
2025-04-23 13:20:52 [MQTT Call: ygw] INFO  com.example.mqtt.MessageData - Topic: data/s/nhnacademy/b/gyeongnam_campus/p/campus/d/gem3500_1/n/바텐_전열/e/power_meter
Message Data:
time: 1745382052354
type: 3
leakageCurrent: 0
current: 0
activePower: 0
reactivePower: 0
tapparentPower: 0
powerFactor: 0
currentUnbalance: 0
lines: 

2025-04-23 13:20:52 [MQTT Call: ygw] WARN  com.example.mqtt.MessageData - No 'value' field found in message, skipping InfluxDB write.
2025-04-23 13:20:52 [MQTT Call: ygw] INFO  com.example.mqtt.MessageData - Topic: data/s/nhnacademy/b/gyeongnam_campus/p/campus/d/gem3500_1/n/S_P/e/power_meter
Message Data:
time: 1745382052455
type: 1
leakageCurrent: 0
current: 0
activePower: 0
reactivePower: 0
tapparentPower: 0
powerFactor: 0
currentUnbalance: 0
lines: 

2025-04-23 13:20:52 [MQTT Call: ygw] WARN  com.example.mqtt.MessageData - No 'value' field found in message, skipping InfluxDB write.
2025-04-23 13:20:52 [MQTT Call: ygw] INFO  com.example.mqtt.MessageData - Topic: data/s/nhnacademy/b/gyeongnam_campus/p/campus/d/gem3500_1/n/공조기/e/power_meter
Message Data:
time: 1745382052556
type: 2
leakageCurrent: 0
current: 199
activePower: 223
reactivePower: -21
tapparentPower: 441
powerFactor: 50.54
currentUnbalance: 0
lines: 

2025-04-23 13:20:52 [MQTT Call: ygw] WARN  com.example.mqtt.MessageData - No 'value' field found in message, skipping InfluxDB write.
2025-04-23 13:20:52 [MQTT Call: ygw] INFO  com.example.mqtt.MessageData - Topic: data/s/nhnacademy/b/gyeongnam_campus/p/campus/d/gem3500_1/n/AC/e/power_meter
Message Data:
time: 1745382052658
type: 3
leakageCurrent: 0
current: 16
activePower: 14
reactivePower: -24
tapparentPower: 36
powerFactor: 40
currentUnbalance: 0
lines: 

2025-04-23 13:20:52 [MQTT Call: ygw] WARN  com.example.mqtt.MessageData - No 'value' field found in message, skipping InfluxDB write.
2025-04-23 13:20:58 [MQTT Call: ygw] INFO  com.example.mqtt.MessageData - Topic: data/s/nhnacademy/b/gyeongnam_campus/p/office/d/24e124126d152919/n/보드/e/temperature
Message Data:
time: 1745382057097
value: 24.5

2025-04-23 13:20:58 [MQTT Call: ygw] INFO  com.example.mqtt.InfluxDBService - Extracted tagkey -> location: office, kind: 보드, data: temperature
Value into InfluxDB: 24.5
2025-04-23 13:20:58 [MQTT Call: ygw] INFO  com.example.mqtt.MessageData - Data sent to InfluxDBService: data/s/nhnacademy/b/gyeongnam_campus/p/office/d/24e124126d152919/n/보드/e/temperature -> 24.5
2025-04-23 13:20:58 [MQTT Call: ygw] INFO  com.example.mqtt.MessageData - Topic: data/s/nhnacademy/b/gyeongnam_campus/p/office/d/24e124126d152919/n/보드/e/co2
Message Data:
time: 1745382057097
value: 722

2025-04-23 13:20:58 [MQTT Call: ygw] INFO  com.example.mqtt.InfluxDBService - Extracted tagkey -> location: office, kind: 보드, data: co2
Value into InfluxDB: 722.0
2025-04-23 13:20:58 [MQTT Call: ygw] INFO  com.example.mqtt.MessageData - Data sent to InfluxDBService: data/s/nhnacademy/b/gyeongnam_campus/p/office/d/24e124126d152919/n/보드/e/co2 -> 722.0
2025-04-23 13:20:58 [MQTT Call: ygw] INFO  com.example.mqtt.MessageData - Topic: data/s/nhnacademy/b/gyeongnam_campus/p/office/d/24e124126d152919/n/보드/e/pressure
Message Data:
time: 1745382057097
value: 1004.9

2025-04-23 13:20:58 [MQTT Call: ygw] INFO  com.example.mqtt.InfluxDBService - Extracted tagkey -> location: office, kind: 보드, data: pressure
Value into InfluxDB: 1004.9
2025-04-23 13:20:58 [MQTT Call: ygw] INFO  com.example.mqtt.MessageData - Data sent to InfluxDBService: data/s/nhnacademy/b/gyeongnam_campus/p/office/d/24e124126d152919/n/보드/e/pressure -> 1004.9
2025-04-23 13:20:58 [MQTT Call: ygw] INFO  com.example.mqtt.MessageData - Topic: data/s/nhnacademy/b/gyeongnam_campus/p/office/d/24e124126d152919/n/보드/e/humidity
Message Data:
time: 1745382057097
value: 49

2025-04-23 13:20:58 [MQTT Call: ygw] INFO  com.example.mqtt.InfluxDBService - Extracted tagkey -> location: office, kind: 보드, data: humidity
Value into InfluxDB: 49.0
2025-04-23 13:20:58 [MQTT Call: ygw] INFO  com.example.mqtt.MessageData - Data sent to InfluxDBService: data/s/nhnacademy/b/gyeongnam_campus/p/office/d/24e124126d152919/n/보드/e/humidity -> 49.0
2025-04-23 13:20:58 [MQTT Call: ygw] INFO  com.example.mqtt.MessageData - Topic: data/s/nhnacademy/b/gyeongnam_campus/p/office/d/24e124126d152919/n/보드/g/24e124fffef5dccc/e/lora
Message Data:
time: 1745382057097
value: 

2025-04-23 13:20:58 [MQTT Call: ygw] INFO  com.example.mqtt.InfluxDBService - Extracted tagkey -> location: office, kind: 보드, data: lora
Value into InfluxDB: 0.0
2025-04-23 13:20:58 [MQTT Call: ygw] INFO  com.example.mqtt.MessageData - Data sent to InfluxDBService: data/s/nhnacademy/b/gyeongnam_campus/p/office/d/24e124126d152919/n/보드/g/24e124fffef5dccc/e/lora -> 0.0
2025-04-23 13:20:58 [MQTT Call: ygw] INFO  com.example.mqtt.MessageData - Topic: data/s/nhnacademy/b/gyeongnam_campus/p/office/d/24e124126d152919/n/보드/g/24e124fffef79304/e/lora
Message Data:
time: 1745382057097
value: 

2025-04-23 13:20:58 [MQTT Call: ygw] INFO  com.example.mqtt.InfluxDBService - Extracted tagkey -> location: office, kind: 보드, data: lora
Value into InfluxDB: 0.0
2025-04-23 13:20:58 [MQTT Call: ygw] INFO  com.example.mqtt.MessageData - Data sent to InfluxDBService: data/s/nhnacademy/b/gyeongnam_campus/p/office/d/24e124126d152919/n/보드/g/24e124fffef79304/e/lora -> 0.0
2025-04-23 13:21:11 [MQTT Call: ygw] INFO  com.example.mqtt.MessageData - Topic: data/s/nhnacademy/b/gyeongnam_campus/p/hive/d/24e124785c389010/n/정수기 위/e/battery
Message Data:
time: 1745382070187
value: 85

2025-04-23 13:21:11 [MQTT Call: ygw] INFO  com.example.mqtt.InfluxDBService - Extracted tagkey -> location: hive, kind: 정수기 위, data: battery
Value into InfluxDB: 85.0
2025-04-23 13:21:11 [MQTT Call: ygw] INFO  com.example.mqtt.MessageData - Data sent to InfluxDBService: data/s/nhnacademy/b/gyeongnam_campus/p/hive/d/24e124785c389010/n/정수기 위/e/battery -> 85.0
2025-04-23 13:21:11 [MQTT Call: ygw] INFO  com.example.mqtt.MessageData - Topic: data/s/nhnacademy/b/gyeongnam_campus/p/hive/d/24e124785c389010/n/정수기 위/e/temperature
Message Data:
time: 1745382070187
value: 23.4

2025-04-23 13:21:11 [MQTT Call: ygw] INFO  com.example.mqtt.InfluxDBService - Extracted tagkey -> location: hive, kind: 정수기 위, data: temperature
Value into InfluxDB: 23.4
2025-04-23 13:21:11 [MQTT Call: ygw] INFO  com.example.mqtt.MessageData - Data sent to InfluxDBService: data/s/nhnacademy/b/gyeongnam_campus/p/hive/d/24e124785c389010/n/정수기 위/e/temperature -> 23.4
2025-04-23 13:21:11 [MQTT Call: ygw] INFO  com.example.mqtt.MessageData - Topic: data/s/nhnacademy/b/gyeongnam_campus/p/hive/d/24e124785c389010/n/정수기 위/e/humidity
Message Data:
time: 1745382070187
value: 44

2025-04-23 13:21:11 [MQTT Call: ygw] INFO  com.example.mqtt.InfluxDBService - Extracted tagkey -> location: hive, kind: 정수기 위, data: humidity
Value into InfluxDB: 44.0
2025-04-23 13:21:11 [MQTT Call: ygw] INFO  com.example.mqtt.MessageData - Data sent to InfluxDBService: data/s/nhnacademy/b/gyeongnam_campus/p/hive/d/24e124785c389010/n/정수기 위/e/humidity -> 44.0
2025-04-23 13:21:11 [MQTT Call: ygw] INFO  com.example.mqtt.MessageData - Topic: data/s/nhnacademy/b/gyeongnam_campus/p/hive/d/24e124785c389010/n/정수기 위/g/24e124fffef5dccc/e/lora
Message Data:
time: 1745382070187
value: 

2025-04-23 13:21:11 [MQTT Call: ygw] INFO  com.example.mqtt.InfluxDBService - Extracted tagkey -> location: hive, kind: 정수기 위, data: lora
Value into InfluxDB: 0.0
2025-04-23 13:21:11 [MQTT Call: ygw] INFO  com.example.mqtt.MessageData - Data sent to InfluxDBService: data/s/nhnacademy/b/gyeongnam_campus/p/hive/d/24e124785c389010/n/정수기 위/g/24e124fffef5dccc/e/lora -> 0.0
2025-04-23 13:21:11 [MQTT Call: ygw] INFO  com.example.mqtt.MessageData - Topic: data/s/nhnacademy/b/gyeongnam_campus/p/hive/d/24e124785c389010/n/정수기 위/g/24e124fffef79304/e/lora
Message Data:
time: 1745382070187
value: 

2025-04-23 13:21:11 [MQTT Call: ygw] INFO  com.example.mqtt.InfluxDBService - Extracted tagkey -> location: hive, kind: 정수기 위, data: lora
Value into InfluxDB: 0.0
2025-04-23 13:21:11 [MQTT Call: ygw] INFO  com.example.mqtt.MessageData - Data sent to InfluxDBService: data/s/nhnacademy/b/gyeongnam_campus/p/hive/d/24e124785c389010/n/정수기 위/g/24e124fffef79304/e/lora -> 0.0
2025-04-23 13:21:14 [MQTT Call: ygw] INFO  com.example.mqtt.MessageData - Topic: data/s/nhnacademy/b/gyeongnam_campus/p/hive/d/24e124725d081175/sp/8인 책상/n/8인 책상/e/co2
Message Data:
time: 1745382074020
value: 524

2025-04-23 13:21:14 [MQTT Call: ygw] INFO  com.example.mqtt.InfluxDBService - Extracted tagkey -> location: hive, kind: 8인 책상, data: co2
Value into InfluxDB: 524.0
2025-04-23 13:21:14 [MQTT Call: ygw] INFO  com.example.mqtt.MessageData - Data sent to InfluxDBService: data/s/nhnacademy/b/gyeongnam_campus/p/hive/d/24e124725d081175/sp/8인 책상/n/8인 책상/e/co2 -> 524.0
2025-04-23 13:21:14 [MQTT Call: ygw] INFO  com.example.mqtt.MessageData - Topic: data/s/nhnacademy/b/gyeongnam_campus/p/hive/d/24e124725d081175/sp/8인 책상/n/8인 책상/e/temperature
Message Data:
time: 1745382074020
value: 24

2025-04-23 13:21:14 [MQTT Call: ygw] INFO  com.example.mqtt.InfluxDBService - Extracted tagkey -> location: hive, kind: 8인 책상, data: temperature
Value into InfluxDB: 24.0
2025-04-23 13:21:14 [MQTT Call: ygw] INFO  com.example.mqtt.MessageData - Data sent to InfluxDBService: data/s/nhnacademy/b/gyeongnam_campus/p/hive/d/24e124725d081175/sp/8인 책상/n/8인 책상/e/temperature -> 24.0
2025-04-23 13:21:14 [MQTT Call: ygw] INFO  com.example.mqtt.MessageData - Topic: data/s/nhnacademy/b/gyeongnam_campus/p/hive/d/24e124725d081175/sp/8인 책상/n/8인 책상/e/humidity
Message Data:
time: 1745382074020
value: 42.5

2025-04-23 13:21:14 [MQTT Call: ygw] INFO  com.example.mqtt.InfluxDBService - Extracted tagkey -> location: hive, kind: 8인 책상, data: humidity
Value into InfluxDB: 42.5
2025-04-23 13:21:14 [MQTT Call: ygw] INFO  com.example.mqtt.MessageData - Data sent to InfluxDBService: data/s/nhnacademy/b/gyeongnam_campus/p/hive/d/24e124725d081175/sp/8인 책상/n/8인 책상/e/humidity -> 42.5
2025-04-23 13:21:14 [MQTT Call: ygw] INFO  com.example.mqtt.MessageData - Topic: data/s/nhnacademy/b/gyeongnam_campus/p/hive/d/24e124725d081175/sp/8인 책상/n/8인 책상/e/battery
Message Data:
time: 1745382074020
value: 76

2025-04-23 13:21:14 [MQTT Call: ygw] INFO  com.example.mqtt.InfluxDBService - Extracted tagkey -> location: hive, kind: 8인 책상, data: battery
Value into InfluxDB: 76.0
2025-04-23 13:21:14 [MQTT Call: ygw] INFO  com.example.mqtt.MessageData - Data sent to InfluxDBService: data/s/nhnacademy/b/gyeongnam_campus/p/hive/d/24e124725d081175/sp/8인 책상/n/8인 책상/e/battery -> 76.0
2025-04-23 13:21:14 [MQTT Call: ygw] INFO  com.example.mqtt.MessageData - Topic: data/s/nhnacademy/b/gyeongnam_campus/p/hive/d/24e124725d081175/sp/8인 책상/n/8인 책상/g/24e124fffef79304/e/lora
Message Data:
time: 1745382074020
value: 

2025-04-23 13:21:14 [MQTT Call: ygw] INFO  com.example.mqtt.InfluxDBService - Extracted tagkey -> location: hive, kind: 8인 책상, data: lora
Value into InfluxDB: 0.0
2025-04-23 13:21:14 [MQTT Call: ygw] INFO  com.example.mqtt.MessageData - Data sent to InfluxDBService: data/s/nhnacademy/b/gyeongnam_campus/p/hive/d/24e124725d081175/sp/8인 책상/n/8인 책상/g/24e124fffef79304/e/lora -> 0.0
2025-04-23 13:21:14 [MQTT Call: ygw] INFO  com.example.mqtt.MessageData - Topic: data/s/nhnacademy/b/gyeongnam_campus/p/hive/d/24e124725d081175/sp/8인 책상/n/8인 책상/g/24e124fffef5dccc/e/lora
Message Data:
time: 1745382074020
value: 

2025-04-23 13:21:14 [MQTT Call: ygw] INFO  com.example.mqtt.InfluxDBService - Extracted tagkey -> location: hive, kind: 8인 책상, data: lora
Value into InfluxDB: 0.0
2025-04-23 13:21:14 [MQTT Call: ygw] INFO  com.example.mqtt.MessageData - Data sent to InfluxDBService: data/s/nhnacademy/b/gyeongnam_campus/p/hive/d/24e124725d081175/sp/8인 책상/n/8인 책상/g/24e124fffef5dccc/e/lora -> 0.0
2025-04-23 13:21:14 [MQTT Call: ygw] INFO  com.example.mqtt.MessageData - Topic: data/s/nhnacademy/b/gyeongnam_campus/p/pair_room/d/24e124617d159573/n/2/e/distance
Message Data:
time: 1745382074067
value: 2233

2025-04-23 13:21:14 [MQTT Call: ygw] INFO  com.example.mqtt.InfluxDBService - Extracted tagkey -> location: pair_room, kind: 2, data: distance
Value into InfluxDB: 2233.0
2025-04-23 13:21:14 [MQTT Call: ygw] INFO  com.example.mqtt.MessageData - Data sent to InfluxDBService: data/s/nhnacademy/b/gyeongnam_campus/p/pair_room/d/24e124617d159573/n/2/e/distance -> 2233.0
2025-04-23 13:21:14 [MQTT Call: ygw] INFO  com.example.mqtt.MessageData - Topic: data/s/nhnacademy/b/gyeongnam_campus/p/pair_room/d/24e124617d159573/n/2/e/battery
Message Data:
time: 1745382074067
value: 32

2025-04-23 13:21:14 [MQTT Call: ygw] INFO  com.example.mqtt.InfluxDBService - Extracted tagkey -> location: pair_room, kind: 2, data: battery
Value into InfluxDB: 32.0
2025-04-23 13:21:14 [MQTT Call: ygw] INFO  com.example.mqtt.MessageData - Data sent to InfluxDBService: data/s/nhnacademy/b/gyeongnam_campus/p/pair_room/d/24e124617d159573/n/2/e/battery -> 32.0
2025-04-23 13:21:14 [MQTT Call: ygw] INFO  com.example.mqtt.MessageData - Topic: data/s/nhnacademy/b/gyeongnam_campus/p/pair_room/d/24e124617d159573/n/2/e/occupancy
Message Data:
time: 1745382074067
value: 0

2025-04-23 13:21:14 [MQTT Call: ygw] INFO  com.example.mqtt.InfluxDBService - Extracted tagkey -> location: pair_room, kind: 2, data: occupancy
Value into InfluxDB: 0.0
2025-04-23 13:21:14 [MQTT Call: ygw] INFO  com.example.mqtt.MessageData - Data sent to InfluxDBService: data/s/nhnacademy/b/gyeongnam_campus/p/pair_room/d/24e124617d159573/n/2/e/occupancy -> 0.0
2025-04-23 13:21:14 [MQTT Call: ygw] INFO  com.example.mqtt.MessageData - Topic: data/s/nhnacademy/b/gyeongnam_campus/p/pair_room/d/24e124617d159573/n/2/g/24e124fffef79304/e/lora
Message Data:
time: 1745382074067
value: 

2025-04-23 13:21:14 [MQTT Call: ygw] INFO  com.example.mqtt.InfluxDBService - Extracted tagkey -> location: pair_room, kind: 2, data: lora
Value into InfluxDB: 0.0
2025-04-23 13:21:14 [MQTT Call: ygw] INFO  com.example.mqtt.MessageData - Data sent to InfluxDBService: data/s/nhnacademy/b/gyeongnam_campus/p/pair_room/d/24e124617d159573/n/2/g/24e124fffef79304/e/lora -> 0.0
2025-04-23 13:21:14 [MQTT Call: ygw] INFO  com.example.mqtt.MessageData - Topic: data/s/nhnacademy/b/gyeongnam_campus/p/pair_room/d/24e124617d159573/n/2/g/24e124fffef5dccc/e/lora
Message Data:
time: 1745382074067
value: 

2025-04-23 13:21:14 [MQTT Call: ygw] INFO  com.example.mqtt.InfluxDBService - Extracted tagkey -> location: pair_room, kind: 2, data: lora
Value into InfluxDB: 0.0
2025-04-23 13:21:14 [MQTT Call: ygw] INFO  com.example.mqtt.MessageData - Data sent to InfluxDBService: data/s/nhnacademy/b/gyeongnam_campus/p/pair_room/d/24e124617d159573/n/2/g/24e124fffef5dccc/e/lora -> 0.0
2025-04-23 13:21:19 [MQTT Call: ygw] INFO  com.example.mqtt.MessageData - Topic: data/s/nhnacademy/b/gyeongnam_campus/p/class_a/d/24e124128c067999/sp/입구/n/입구/e/temperature
Message Data:
time: 1745382078845
value: 24

2025-04-23 13:21:19 [MQTT Call: ygw] INFO  com.example.mqtt.InfluxDBService - Extracted tagkey -> location: class_a, kind: 입구, data: temperature
Value into InfluxDB: 24.0
2025-04-23 13:21:19 [MQTT Call: ygw] INFO  com.example.mqtt.MessageData - Data sent to InfluxDBService: data/s/nhnacademy/b/gyeongnam_campus/p/class_a/d/24e124128c067999/sp/입구/n/입구/e/temperature -> 24.0
2025-04-23 13:21:20 [MQTT Call: ygw] INFO  com.example.mqtt.MessageData - Topic: data/s/nhnacademy/b/gyeongnam_campus/p/class_a/d/24e124128c067999/sp/입구/n/입구/e/activity
Message Data:
time: 1745382078845
value: 19

2025-04-23 13:21:20 [MQTT Call: ygw] INFO  com.example.mqtt.InfluxDBService - Extracted tagkey -> location: class_a, kind: 입구, data: activity
Value into InfluxDB: 19.0
2025-04-23 13:21:20 [MQTT Call: ygw] INFO  com.example.mqtt.MessageData - Data sent to InfluxDBService: data/s/nhnacademy/b/gyeongnam_campus/p/class_a/d/24e124128c067999/sp/입구/n/입구/e/activity -> 19.0
2025-04-23 13:21:20 [MQTT Call: ygw] INFO  com.example.mqtt.MessageData - Topic: data/s/nhnacademy/b/gyeongnam_campus/p/class_a/d/24e124128c067999/sp/입구/n/입구/e/tvoc
Message Data:
time: 1745382078845
value: 303

2025-04-23 13:21:20 [MQTT Call: ygw] INFO  com.example.mqtt.InfluxDBService - Extracted tagkey -> location: class_a, kind: 입구, data: tvoc
Value into InfluxDB: 303.0
2025-04-23 13:21:20 [MQTT Call: ygw] INFO  com.example.mqtt.MessageData - Data sent to InfluxDBService: data/s/nhnacademy/b/gyeongnam_campus/p/class_a/d/24e124128c067999/sp/입구/n/입구/e/tvoc -> 303.0
2025-04-23 13:21:20 [MQTT Call: ygw] INFO  com.example.mqtt.MessageData - Topic: data/s/nhnacademy/b/gyeongnam_campus/p/class_a/d/24e124128c067999/sp/입구/n/입구/e/co2
Message Data:
time: 1745382078845
value: 1051

2025-04-23 13:21:20 [MQTT Call: ygw] INFO  com.example.mqtt.InfluxDBService - Extracted tagkey -> location: class_a, kind: 입구, data: co2
Value into InfluxDB: 1051.0
2025-04-23 13:21:20 [MQTT Call: ygw] INFO  com.example.mqtt.MessageData - Data sent to InfluxDBService: data/s/nhnacademy/b/gyeongnam_campus/p/class_a/d/24e124128c067999/sp/입구/n/입구/e/co2 -> 1051.0
2025-04-23 13:21:20 [MQTT Call: ygw] INFO  com.example.mqtt.MessageData - Topic: data/s/nhnacademy/b/gyeongnam_campus/p/class_a/d/24e124128c067999/sp/입구/n/입구/e/infrared
Message Data:
time: 1745382078845
value: 7

2025-04-23 13:21:20 [MQTT Call: ygw] INFO  com.example.mqtt.InfluxDBService - Extracted tagkey -> location: class_a, kind: 입구, data: infrared
Value into InfluxDB: 7.0
2025-04-23 13:21:20 [MQTT Call: ygw] INFO  com.example.mqtt.MessageData - Data sent to InfluxDBService: data/s/nhnacademy/b/gyeongnam_campus/p/class_a/d/24e124128c067999/sp/입구/n/입구/e/infrared -> 7.0
2025-04-23 13:21:20 [MQTT Call: ygw] INFO  com.example.mqtt.MessageData - Topic: data/s/nhnacademy/b/gyeongnam_campus/p/class_a/d/24e124128c067999/sp/입구/n/입구/e/pressure
Message Data:
time: 1745382078845
value: 997.7

2025-04-23 13:21:20 [MQTT Call: ygw] INFO  com.example.mqtt.InfluxDBService - Extracted tagkey -> location: class_a, kind: 입구, data: pressure
Value into InfluxDB: 997.7
2025-04-23 13:21:20 [MQTT Call: ygw] INFO  com.example.mqtt.MessageData - Data sent to InfluxDBService: data/s/nhnacademy/b/gyeongnam_campus/p/class_a/d/24e124128c067999/sp/입구/n/입구/e/pressure -> 997.7
2025-04-23 13:21:20 [MQTT Call: ygw] INFO  com.example.mqtt.MessageData - Topic: data/s/nhnacademy/b/gyeongnam_campus/p/class_a/d/24e124128c067999/sp/입구/n/입구/e/humidity
Message Data:
time: 1745382078845
value: 47

2025-04-23 13:21:20 [MQTT Call: ygw] INFO  com.example.mqtt.InfluxDBService - Extracted tagkey -> location: class_a, kind: 입구, data: humidity
Value into InfluxDB: 47.0
2025-04-23 13:21:20 [MQTT Call: ygw] INFO  com.example.mqtt.MessageData - Data sent to InfluxDBService: data/s/nhnacademy/b/gyeongnam_campus/p/class_a/d/24e124128c067999/sp/입구/n/입구/e/humidity -> 47.0
2025-04-23 13:21:20 [MQTT Call: ygw] INFO  com.example.mqtt.MessageData - Topic: data/s/nhnacademy/b/gyeongnam_campus/p/class_a/d/24e124128c067999/sp/입구/n/입구/e/illumination
Message Data:
time: 1745382078845
value: 67

2025-04-23 13:21:20 [MQTT Call: ygw] INFO  com.example.mqtt.InfluxDBService - Extracted tagkey -> location: class_a, kind: 입구, data: illumination
Value into InfluxDB: 67.0
2025-04-23 13:21:20 [MQTT Call: ygw] INFO  com.example.mqtt.MessageData - Data sent to InfluxDBService: data/s/nhnacademy/b/gyeongnam_campus/p/class_a/d/24e124128c067999/sp/입구/n/입구/e/illumination -> 67.0
2025-04-23 13:21:20 [MQTT Call: ygw] INFO  com.example.mqtt.MessageData - Topic: data/s/nhnacademy/b/gyeongnam_campus/p/class_a/d/24e124128c067999/sp/입구/n/입구/e/infrared_and_visible
Message Data:
time: 1745382078845
value: 46

2025-04-23 13:21:20 [MQTT Call: ygw] INFO  com.example.mqtt.InfluxDBService - Extracted tagkey -> location: class_a, kind: 입구, data: infrared_and_visible
Value into InfluxDB: 46.0
2025-04-23 13:21:20 [MQTT Call: ygw] INFO  com.example.mqtt.MessageData - Data sent to InfluxDBService: data/s/nhnacademy/b/gyeongnam_campus/p/class_a/d/24e124128c067999/sp/입구/n/입구/e/infrared_and_visible -> 46.0
2025-04-23 13:21:20 [MQTT Call: ygw] INFO  com.example.mqtt.MessageData - Topic: data/s/nhnacademy/b/gyeongnam_campus/p/class_a/d/24e124128c067999/sp/입구/n/입구/g/24e124fffef5dccc/e/lora
Message Data:
time: 1745382078845
value: 

2025-04-23 13:21:20 [MQTT Call: ygw] INFO  com.example.mqtt.InfluxDBService - Extracted tagkey -> location: class_a, kind: 입구, data: lora
Value into InfluxDB: 0.0
2025-04-23 13:21:20 [MQTT Call: ygw] INFO  com.example.mqtt.MessageData - Data sent to InfluxDBService: data/s/nhnacademy/b/gyeongnam_campus/p/class_a/d/24e124128c067999/sp/입구/n/입구/g/24e124fffef5dccc/e/lora -> 0.0
2025-04-23 13:21:20 [MQTT Call: ygw] INFO  com.example.mqtt.MessageData - Topic: data/s/nhnacademy/b/gyeongnam_campus/p/class_a/d/24e124128c067999/sp/입구/n/입구/g/24e124fffef79304/e/lora
Message Data:
time: 1745382078845
value: 

2025-04-23 13:21:20 [MQTT Call: ygw] INFO  com.example.mqtt.InfluxDBService - Extracted tagkey -> location: class_a, kind: 입구, data: lora
Value into InfluxDB: 0.0
2025-04-23 13:21:20 [MQTT Call: ygw] INFO  com.example.mqtt.MessageData - Data sent to InfluxDBService: data/s/nhnacademy/b/gyeongnam_campus/p/class_a/d/24e124128c067999/sp/입구/n/입구/g/24e124fffef79304/e/lora -> 0.0
2025-04-23 13:21:25 [MQTT Call: ygw] INFO  com.example.mqtt.MessageData - Topic: data/s/nhnacademy/b/gyeongnam_campus/p/server_room/d/24e124136d151368/n/입구/e/temperature
Message Data:
time: 1745382083725
value: 24.2

2025-04-23 13:21:25 [MQTT Call: ygw] INFO  com.example.mqtt.InfluxDBService - Extracted tagkey -> location: server_room, kind: 입구, data: temperature
Value into InfluxDB: 24.2
2025-04-23 13:21:25 [MQTT Call: ygw] INFO  com.example.mqtt.MessageData - Data sent to InfluxDBService: data/s/nhnacademy/b/gyeongnam_campus/p/server_room/d/24e124136d151368/n/입구/e/temperature -> 24.2
2025-04-23 13:21:25 [MQTT Call: ygw] INFO  com.example.mqtt.MessageData - Topic: data/s/nhnacademy/b/gyeongnam_campus/p/server_room/d/24e124136d151368/n/입구/e/humidity
Message Data:
time: 1745382083725
value: 46.5

2025-04-23 13:21:25 [MQTT Call: ygw] INFO  com.example.mqtt.InfluxDBService - Extracted tagkey -> location: server_room, kind: 입구, data: humidity
Value into InfluxDB: 46.5
2025-04-23 13:21:25 [MQTT Call: ygw] INFO  com.example.mqtt.MessageData - Data sent to InfluxDBService: data/s/nhnacademy/b/gyeongnam_campus/p/server_room/d/24e124136d151368/n/입구/e/humidity -> 46.5
2025-04-23 13:21:25 [MQTT Call: ygw] INFO  com.example.mqtt.MessageData - Topic: data/s/nhnacademy/b/gyeongnam_campus/p/server_room/d/24e124136d151368/n/입구/g/24e124fffef79304/e/lora
Message Data:
time: 1745382083725
value: 

2025-04-23 13:21:25 [MQTT Call: ygw] INFO  com.example.mqtt.InfluxDBService - Extracted tagkey -> location: server_room, kind: 입구, data: lora
Value into InfluxDB: 0.0
2025-04-23 13:21:25 [MQTT Call: ygw] INFO  com.example.mqtt.MessageData - Data sent to InfluxDBService: data/s/nhnacademy/b/gyeongnam_campus/p/server_room/d/24e124136d151368/n/입구/g/24e124fffef79304/e/lora -> 0.0
2025-04-23 13:21:25 [MQTT Call: ygw] INFO  com.example.mqtt.MessageData - Topic: data/s/nhnacademy/b/gyeongnam_campus/p/server_room/d/24e124136d151368/n/입구/g/24e124fffef5dccc/e/lora
Message Data:
time: 1745382083725
value: 

2025-04-23 13:21:25 [MQTT Call: ygw] INFO  com.example.mqtt.InfluxDBService - Extracted tagkey -> location: server_room, kind: 입구, data: lora
Value into InfluxDB: 0.0
2025-04-23 13:21:25 [MQTT Call: ygw] INFO  com.example.mqtt.MessageData - Data sent to InfluxDBService: data/s/nhnacademy/b/gyeongnam_campus/p/server_room/d/24e124136d151368/n/입구/g/24e124fffef5dccc/e/lora -> 0.0
2025-04-23 13:21:27 [MQTT Call: ygw] INFO  com.example.mqtt.MessageData - Topic: data/s/nhnacademy/b/gyeongnam_campus/p/hive/d/24e124126c452091/sp/farm/n/스마트팜/e/temperature
Message Data:
time: 1745382086775
value: 23.2

2025-04-23 13:21:27 [MQTT Call: ygw] INFO  com.example.mqtt.InfluxDBService - Extracted tagkey -> location: hive, kind: 스마트팜, data: temperature
Value into InfluxDB: 23.2
2025-04-23 13:21:27 [MQTT Call: ygw] INFO  com.example.mqtt.MessageData - Data sent to InfluxDBService: data/s/nhnacademy/b/gyeongnam_campus/p/hive/d/24e124126c452091/sp/farm/n/스마트팜/e/temperature -> 23.2
2025-04-23 13:21:27 [MQTT Call: ygw] INFO  com.example.mqtt.MessageData - Topic: data/s/nhnacademy/b/gyeongnam_campus/p/hive/d/24e124126c452091/sp/farm/n/스마트팜/g/24e124fffef79304/e/lora
Message Data:
time: 1745382086775
value: 

2025-04-23 13:21:27 [MQTT Call: ygw] INFO  com.example.mqtt.InfluxDBService - Extracted tagkey -> location: hive, kind: 스마트팜, data: lora
Value into InfluxDB: 0.0
2025-04-23 13:21:27 [MQTT Call: ygw] INFO  com.example.mqtt.MessageData - Data sent to InfluxDBService: data/s/nhnacademy/b/gyeongnam_campus/p/hive/d/24e124126c452091/sp/farm/n/스마트팜/g/24e124fffef79304/e/lora -> 0.0
2025-04-23 13:21:27 [MQTT Call: ygw] INFO  com.example.mqtt.MessageData - Topic: data/s/nhnacademy/b/gyeongnam_campus/p/hive/d/24e124126c452091/sp/farm/n/스마트팜/g/24e124fffef5dccc/e/lora
Message Data:
time: 1745382086775
value: 

2025-04-23 13:21:27 [MQTT Call: ygw] INFO  com.example.mqtt.InfluxDBService - Extracted tagkey -> location: hive, kind: 스마트팜, data: lora
Value into InfluxDB: 0.0
2025-04-23 13:21:27 [MQTT Call: ygw] INFO  com.example.mqtt.MessageData - Data sent to InfluxDBService: data/s/nhnacademy/b/gyeongnam_campus/p/hive/d/24e124126c452091/sp/farm/n/스마트팜/g/24e124fffef5dccc/e/lora -> 0.0
2025-04-23 13:21:33 [MQTT Call: ygw] INFO  com.example.mqtt.MessageData - Topic: data/s/nhnacademy/b/gyeongnam_campus/p/hive/d/24e124126d111937/sp/farm/n/스마트팜/e/illumination
Message Data:
time: 1745382093656
value: 320

2025-04-23 13:21:33 [MQTT Call: ygw] INFO  com.example.mqtt.InfluxDBService - Extracted tagkey -> location: hive, kind: 스마트팜, data: illumination
Value into InfluxDB: 320.0
2025-04-23 13:21:34 [MQTT Call: ygw] INFO  com.example.mqtt.MessageData - Data sent to InfluxDBService: data/s/nhnacademy/b/gyeongnam_campus/p/hive/d/24e124126d111937/sp/farm/n/스마트팜/e/illumination -> 320.0
2025-04-23 13:21:34 [MQTT Call: ygw] INFO  com.example.mqtt.MessageData - Topic: data/s/nhnacademy/b/gyeongnam_campus/p/hive/d/24e124126d111937/sp/farm/n/스마트팜/g/24e124fffef79304/e/lora
Message Data:
time: 1745382093656
value: 

2025-04-23 13:21:34 [MQTT Call: ygw] INFO  com.example.mqtt.InfluxDBService - Extracted tagkey -> location: hive, kind: 스마트팜, data: lora
Value into InfluxDB: 0.0
2025-04-23 13:21:34 [MQTT Call: ygw] INFO  com.example.mqtt.MessageData - Data sent to InfluxDBService: data/s/nhnacademy/b/gyeongnam_campus/p/hive/d/24e124126d111937/sp/farm/n/스마트팜/g/24e124fffef79304/e/lora -> 0.0
2025-04-23 13:21:34 [MQTT Call: ygw] INFO  com.example.mqtt.MessageData - Topic: data/s/nhnacademy/b/gyeongnam_campus/p/hive/d/24e124126d111937/sp/farm/n/스마트팜/e/illumination
Message Data:
time: 1745382093653
value: 320

2025-04-23 13:21:34 [MQTT Call: ygw] INFO  com.example.mqtt.InfluxDBService - Extracted tagkey -> location: hive, kind: 스마트팜, data: illumination
Value into InfluxDB: 320.0
2025-04-23 13:21:34 [MQTT Call: ygw] INFO  com.example.mqtt.MessageData - Data sent to InfluxDBService: data/s/nhnacademy/b/gyeongnam_campus/p/hive/d/24e124126d111937/sp/farm/n/스마트팜/e/illumination -> 320.0
2025-04-23 13:21:34 [MQTT Call: ygw] INFO  com.example.mqtt.MessageData - Topic: data/s/nhnacademy/b/gyeongnam_campus/p/hive/d/24e124126d111937/sp/farm/n/스마트팜/g/24e124fffef5dccc/e/lora
Message Data:
time: 1745382093653
value: 

2025-04-23 13:21:34 [MQTT Call: ygw] INFO  com.example.mqtt.InfluxDBService - Extracted tagkey -> location: hive, kind: 스마트팜, data: lora
Value into InfluxDB: 0.0
2025-04-23 13:21:34 [MQTT Call: ygw] INFO  com.example.mqtt.MessageData - Data sent to InfluxDBService: data/s/nhnacademy/b/gyeongnam_campus/p/hive/d/24e124126d111937/sp/farm/n/스마트팜/g/24e124fffef5dccc/e/lora -> 0.0
2025-04-23 13:21:34 [MQTT Call: ygw] INFO  com.example.mqtt.MessageData - Topic: data/s/nhnacademy/b/gyeongnam_campus/p/hive/d/24e124126d111937/sp/farm/n/스마트팜/g/24e124fffef79304/e/lora
Message Data:
time: 1745382093653
value: 

2025-04-23 13:21:34 [MQTT Call: ygw] INFO  com.example.mqtt.InfluxDBService - Extracted tagkey -> location: hive, kind: 스마트팜, data: lora
Value into InfluxDB: 0.0
2025-04-23 13:21:34 [MQTT Call: ygw] INFO  com.example.mqtt.MessageData - Data sent to InfluxDBService: data/s/nhnacademy/b/gyeongnam_campus/p/hive/d/24e124126d111937/sp/farm/n/스마트팜/g/24e124fffef79304/e/lora -> 0.0
2025-04-23 13:21:37 [MQTT Call: ygw] INFO  com.example.mqtt.MessageData - Topic: data/s/nhnacademy/b/gyeongnam_campus/p/class_a/d/24e124126d152969/n/왼쪽 뒤/e/co2
Message Data:
time: 1745382097165
value: 1147

2025-04-23 13:21:37 [MQTT Call: ygw] INFO  com.example.mqtt.InfluxDBService - Extracted tagkey -> location: class_a, kind: 왼쪽 뒤, data: co2
Value into InfluxDB: 1147.0
2025-04-23 13:21:37 [MQTT Call: ygw] INFO  com.example.mqtt.MessageData - Data sent to InfluxDBService: data/s/nhnacademy/b/gyeongnam_campus/p/class_a/d/24e124126d152969/n/왼쪽 뒤/e/co2 -> 1147.0
2025-04-23 13:21:41 [MQTT Call: ygw] INFO  com.example.mqtt.MessageData - Topic: data/s/nhnacademy/b/gyeongnam_campus/p/class_a/d/24e124126d152969/n/왼쪽 뒤/e/pressure
Message Data:
time: 1745382097165
value: 1005

2025-04-23 13:21:41 [MQTT Call: ygw] INFO  com.example.mqtt.InfluxDBService - Extracted tagkey -> location: class_a, kind: 왼쪽 뒤, data: pressure
Value into InfluxDB: 1005.0
2025-04-23 13:21:41 [MQTT Call: ygw] INFO  com.example.mqtt.MessageData - Data sent to InfluxDBService: data/s/nhnacademy/b/gyeongnam_campus/p/class_a/d/24e124126d152969/n/왼쪽 뒤/e/pressure -> 1005.0
2025-04-23 13:21:41 [MQTT Call: ygw] INFO  com.example.mqtt.MessageData - Topic: data/s/nhnacademy/b/gyeongnam_campus/p/class_a/d/24e124126d152969/n/왼쪽 뒤/e/temperature
Message Data:
time: 1745382097165
value: 23.5

2025-04-23 13:21:41 [MQTT Call: ygw] INFO  com.example.mqtt.InfluxDBService - Extracted tagkey -> location: class_a, kind: 왼쪽 뒤, data: temperature
Value into InfluxDB: 23.5
2025-04-23 13:21:41 [MQTT Call: ygw] INFO  com.example.mqtt.MessageData - Data sent to InfluxDBService: data/s/nhnacademy/b/gyeongnam_campus/p/class_a/d/24e124126d152969/n/왼쪽 뒤/e/temperature -> 23.5
2025-04-23 13:21:41 [MQTT Call: ygw] INFO  com.example.mqtt.MessageData - Topic: data/s/nhnacademy/b/gyeongnam_campus/p/class_a/d/24e124126d152969/n/왼쪽 뒤/e/humidity
Message Data:
time: 1745382097165
value: 51.5

2025-04-23 13:21:41 [MQTT Call: ygw] INFO  com.example.mqtt.InfluxDBService - Extracted tagkey -> location: class_a, kind: 왼쪽 뒤, data: humidity
Value into InfluxDB: 51.5
2025-04-23 13:21:41 [MQTT Call: ygw] INFO  com.example.mqtt.MessageData - Data sent to InfluxDBService: data/s/nhnacademy/b/gyeongnam_campus/p/class_a/d/24e124126d152969/n/왼쪽 뒤/e/humidity -> 51.5
2025-04-23 13:21:41 [MQTT Call: ygw] INFO  com.example.mqtt.MessageData - Topic: data/s/nhnacademy/b/gyeongnam_campus/p/class_a/d/24e124126d152969/n/왼쪽 뒤/g/24e124fffef5dccc/e/lora
Message Data:
time: 1745382097165
value: 

2025-04-23 13:21:41 [MQTT Call: ygw] INFO  com.example.mqtt.InfluxDBService - Extracted tagkey -> location: class_a, kind: 왼쪽 뒤, data: lora
Value into InfluxDB: 0.0
2025-04-23 13:21:41 [MQTT Call: ygw] INFO  com.example.mqtt.MessageData - Data sent to InfluxDBService: data/s/nhnacademy/b/gyeongnam_campus/p/class_a/d/24e124126d152969/n/왼쪽 뒤/g/24e124fffef5dccc/e/lora -> 0.0
2025-04-23 13:21:41 [MQTT Call: ygw] INFO  com.example.mqtt.MessageData - Topic: data/s/nhnacademy/b/gyeongnam_campus/p/class_a/d/24e124126d152969/n/왼쪽 뒤/g/24e124fffef79304/e/lora
Message Data:
time: 1745382097165
value: 

2025-04-23 13:21:41 [MQTT Call: ygw] INFO  com.example.mqtt.InfluxDBService - Extracted tagkey -> location: class_a, kind: 왼쪽 뒤, data: lora
Value into InfluxDB: 0.0
2025-04-23 13:21:41 [MQTT Call: ygw] INFO  com.example.mqtt.MessageData - Data sent to InfluxDBService: data/s/nhnacademy/b/gyeongnam_campus/p/class_a/d/24e124126d152969/n/왼쪽 뒤/g/24e124fffef79304/e/lora -> 0.0
2025-04-23 13:21:45 [MQTT Call: ygw] INFO  com.example.mqtt.MessageData - Topic: data/s/nhnacademy/b/gyeongnam_campus/p/storage/d/24e124136d151547/n/입구/e/humidity
Message Data:
time: 1745382102829
value: 127.5

2025-04-23 13:21:45 [MQTT Call: ygw] INFO  com.example.mqtt.InfluxDBService - Extracted tagkey -> location: storage, kind: 입구, data: humidity
Value into InfluxDB: 127.5
2025-04-23 13:21:45 [MQTT Call: ygw] INFO  com.example.mqtt.MessageData - Data sent to InfluxDBService: data/s/nhnacademy/b/gyeongnam_campus/p/storage/d/24e124136d151547/n/입구/e/humidity -> 127.5
2025-04-23 13:21:45 [MQTT Call: ygw] INFO  com.example.mqtt.MessageData - Topic: data/s/nhnacademy/b/gyeongnam_campus/p/storage/d/24e124136d151547/n/입구/e/battery
Message Data:
time: 1745382102829
value: 1

2025-04-23 13:21:45 [MQTT Call: ygw] INFO  com.example.mqtt.InfluxDBService - Extracted tagkey -> location: storage, kind: 입구, data: battery
Value into InfluxDB: 1.0
2025-04-23 13:21:45 [MQTT Call: ygw] INFO  com.example.mqtt.MessageData - Data sent to InfluxDBService: data/s/nhnacademy/b/gyeongnam_campus/p/storage/d/24e124136d151547/n/입구/e/battery -> 1.0
2025-04-23 13:21:45 [MQTT Call: ygw] INFO  com.example.mqtt.MessageData - Topic: data/s/nhnacademy/b/gyeongnam_campus/p/storage/d/24e124136d151547/n/입구/e/temperature
Message Data:
time: 1745382102829
value: -0.1

2025-04-23 13:21:45 [MQTT Call: ygw] INFO  com.example.mqtt.InfluxDBService - Extracted tagkey -> location: storage, kind: 입구, data: temperature
Value into InfluxDB: -0.1
2025-04-23 13:21:45 [MQTT Call: ygw] INFO  com.example.mqtt.MessageData - Data sent to InfluxDBService: data/s/nhnacademy/b/gyeongnam_campus/p/storage/d/24e124136d151547/n/입구/e/temperature -> -0.1
2025-04-23 13:21:45 [MQTT Call: ygw] INFO  com.example.mqtt.MessageData - Topic: data/s/nhnacademy/b/gyeongnam_campus/p/storage/d/24e124136d151547/n/입구/g/24e124fffef5dccc/e/lora
Message Data:
time: 1745382102829
value: 

2025-04-23 13:21:45 [MQTT Call: ygw] INFO  com.example.mqtt.InfluxDBService - Extracted tagkey -> location: storage, kind: 입구, data: lora
Value into InfluxDB: 0.0
2025-04-23 13:21:45 [MQTT Call: ygw] INFO  com.example.mqtt.MessageData - Data sent to InfluxDBService: data/s/nhnacademy/b/gyeongnam_campus/p/storage/d/24e124136d151547/n/입구/g/24e124fffef5dccc/e/lora -> 0.0
2025-04-23 13:21:45 [MQTT Call: ygw] INFO  com.example.mqtt.MessageData - Topic: data/s/nhnacademy/b/gyeongnam_campus/p/storage/d/24e124136d151547/n/입구/g/24e124fffef79304/e/lora
Message Data:
time: 1745382102829
value: 

2025-04-23 13:21:45 [MQTT Call: ygw] INFO  com.example.mqtt.InfluxDBService - Extracted tagkey -> location: storage, kind: 입구, data: lora
Value into InfluxDB: 0.0
2025-04-23 13:21:45 [MQTT Call: ygw] INFO  com.example.mqtt.MessageData - Data sent to InfluxDBService: data/s/nhnacademy/b/gyeongnam_campus/p/storage/d/24e124136d151547/n/입구/g/24e124fffef79304/e/lora -> 0.0
2025-04-23 13:21:50 [MQTT Call: ygw] INFO  com.example.mqtt.MessageData - Topic: data/s/nhnacademy/b/gyeongnam_campus/p/campus/d/gem3500_1/n/캠퍼스_LL/e/voltage
Message Data:
time: 1745382110231
value: 379.21

2025-04-23 13:21:50 [MQTT Call: ygw] INFO  com.example.mqtt.InfluxDBService - Extracted tagkey -> location: campus, kind: 캠퍼스_LL, data: voltage
Value into InfluxDB: 379.21
2025-04-23 13:21:50 [MQTT Call: ygw] INFO  com.example.mqtt.MessageData - Data sent to InfluxDBService: data/s/nhnacademy/b/gyeongnam_campus/p/campus/d/gem3500_1/n/캠퍼스_LL/e/voltage -> 379.21
2025-04-23 13:21:50 [MQTT Call: ygw] INFO  com.example.mqtt.MessageData - Topic: data/s/nhnacademy/b/gyeongnam_campus/p/campus/d/gem3500_1/n/캠퍼스_LN/e/voltage
Message Data:
time: 1745382110231
value: 218.93

2025-04-23 13:21:50 [MQTT Call: ygw] INFO  com.example.mqtt.InfluxDBService - Extracted tagkey -> location: campus, kind: 캠퍼스_LN, data: voltage
Value into InfluxDB: 218.93
2025-04-23 13:21:50 [MQTT Call: ygw] INFO  com.example.mqtt.MessageData - Data sent to InfluxDBService: data/s/nhnacademy/b/gyeongnam_campus/p/campus/d/gem3500_1/n/캠퍼스_LN/e/voltage -> 218.93
2025-04-23 13:21:50 [MQTT Call: ygw] INFO  com.example.mqtt.MessageData - Topic: data/s/nhnacademy/b/gyeongnam_campus/p/campus/d/gem3500_1/n/캠퍼스1/e/power_meter
Message Data:
time: 1745382110330
type: 5
leakageCurrent: 0
current: 2966
activePower: 5614
reactivePower: -1895
tapparentPower: 6523
powerFactor: 86.06
currentUnbalance: 55.68
lines: 

2025-04-23 13:21:50 [MQTT Call: ygw] WARN  com.example.mqtt.MessageData - No 'value' field found in message, skipping InfluxDB write.
2025-04-23 13:21:50 [MQTT Call: ygw] INFO  com.example.mqtt.MessageData - Topic: data/s/nhnacademy/b/gyeongnam_campus/p/campus/d/gem3500_1/n/전등1/e/power_meter
Message Data:
time: 1745382110430
type: 3
leakageCurrent: 0
current: 697
activePower: 1307
reactivePower: -326
tapparentPower: 1528
powerFactor: 85.55
currentUnbalance: 0
lines: 

2025-04-23 13:21:50 [MQTT Call: ygw] WARN  com.example.mqtt.MessageData - No 'value' field found in message, skipping InfluxDB write.
2025-04-23 13:21:50 [MQTT Call: ygw] INFO  com.example.mqtt.MessageData - Topic: data/s/nhnacademy/b/gyeongnam_campus/p/campus/d/gem3500_1/n/전등2/e/power_meter
Message Data:
time: 1745382110534
type: 1
leakageCurrent: 0
current: 661
activePower: 1338
reactivePower: -331
tapparentPower: 1453
powerFactor: 92.07
currentUnbalance: 0
lines: 

2025-04-23 13:21:50 [MQTT Call: ygw] WARN  com.example.mqtt.MessageData - No 'value' field found in message, skipping InfluxDB write.
2025-04-23 13:21:50 [MQTT Call: ygw] INFO  com.example.mqtt.MessageData - Topic: data/s/nhnacademy/b/gyeongnam_campus/p/campus/d/gem3500_1/n/전등3/e/power_meter
Message Data:
time: 1745382110634
type: 2
leakageCurrent: 0
current: 0
activePower: 0
reactivePower: 0
tapparentPower: 0
powerFactor: 0
currentUnbalance: 0
lines: 

2025-04-23 13:21:50 [MQTT Call: ygw] WARN  com.example.mqtt.MessageData - No 'value' field found in message, skipping InfluxDB write.
2025-04-23 13:21:50 [MQTT Call: ygw] INFO  com.example.mqtt.MessageData - Topic: data/s/nhnacademy/b/gyeongnam_campus/p/campus/d/gem3500_1/n/강의실b_바닥/e/power_meter
Message Data:
time: 1745382110735
type: 3
leakageCurrent: 0
current: 235
activePower: 391
reactivePower: -242
tapparentPower: 513
powerFactor: 76.16
currentUnbalance: 0
lines: 

2025-04-23 13:21:50 [MQTT Call: ygw] WARN  com.example.mqtt.MessageData - No 'value' field found in message, skipping InfluxDB write.
2025-04-23 13:21:51 [MQTT Call: ygw] INFO  com.example.mqtt.MessageData - Topic: data/s/nhnacademy/b/gyeongnam_campus/p/campus/d/gem3500_1/n/강의실a_바닥1/e/power_meter
Message Data:
time: 1745382110836
type: 1
leakageCurrent: 0
current: 279
activePower: 479
reactivePower: -343
tapparentPower: 635
powerFactor: 75.47
currentUnbalance: 0
lines: 

2025-04-23 13:21:51 [MQTT Call: ygw] WARN  com.example.mqtt.MessageData - No 'value' field found in message, skipping InfluxDB write.
2025-04-23 13:21:51 [MQTT Call: ygw] INFO  com.example.mqtt.MessageData - Topic: data/s/nhnacademy/b/gyeongnam_campus/p/campus/d/gem3500_1/n/강의실a_바닥2/e/power_meter
Message Data:
time: 1745382110939
type: 2
leakageCurrent: 0
current: 206
activePower: 364
reactivePower: -187
tapparentPower: 443
powerFactor: 82.16
currentUnbalance: 0
lines: 

2025-04-23 13:21:51 [MQTT Call: ygw] WARN  com.example.mqtt.MessageData - No 'value' field found in message, skipping InfluxDB write.
2025-04-23 13:21:51 [MQTT Call: ygw] INFO  com.example.mqtt.MessageData - Topic: data/s/nhnacademy/b/gyeongnam_campus/p/campus/d/gem3500_1/n/프로젝터1/e/power_meter
Message Data:
time: 1745382111038
type: 3
leakageCurrent: 0
current: 97
activePower: 124
reactivePower: -148
tapparentPower: 213
powerFactor: 58.42
currentUnbalance: 0
lines: 

2025-04-23 13:21:51 [MQTT Call: ygw] WARN  com.example.mqtt.MessageData - No 'value' field found in message, skipping InfluxDB write.
2025-04-23 13:21:51 [MQTT Call: ygw] INFO  com.example.mqtt.MessageData - Topic: data/s/nhnacademy/b/gyeongnam_campus/p/campus/d/gem3500_1/n/프로젝터2/e/power_meter
Message Data:
time: 1745382111140
type: 1
leakageCurrent: 0
current: 40
activePower: 47
reactivePower: -69
tapparentPower: 86
powerFactor: 55.55
currentUnbalance: 0
lines: 

2025-04-23 13:21:51 [MQTT Call: ygw] WARN  com.example.mqtt.MessageData - No 'value' field found in message, skipping InfluxDB write.
2025-04-23 13:21:51 [MQTT Call: ygw] INFO  com.example.mqtt.MessageData - Topic: data/s/nhnacademy/b/gyeongnam_campus/p/campus/d/gem3500_1/n/회의실/e/power_meter
Message Data:
time: 1745382111239
type: 2
leakageCurrent: 0
current: 14
activePower: 7
reactivePower: -28
tapparentPower: 31
powerFactor: 23.07
currentUnbalance: 0
lines: 

2025-04-23 13:21:51 [MQTT Call: ygw] WARN  com.example.mqtt.MessageData - No 'value' field found in message, skipping InfluxDB write.
2025-04-23 13:21:51 [MQTT Call: ygw] INFO  com.example.mqtt.MessageData - Topic: data/s/nhnacademy/b/gyeongnam_campus/p/campus/d/gem3500_1/n/서버실/e/power_meter
Message Data:
time: 1745382111342
type: 3
leakageCurrent: 0
current: 198
activePower: 388
reactivePower: -107
tapparentPower: 436
powerFactor: 89.01
currentUnbalance: 0
lines: 

2025-04-23 13:21:51 [MQTT Call: ygw] WARN  com.example.mqtt.MessageData - No 'value' field found in message, skipping InfluxDB write.
2025-04-23 13:21:51 [MQTT Call: ygw] INFO  com.example.mqtt.MessageData - Topic: data/s/nhnacademy/b/gyeongnam_campus/p/campus/d/gem3500_1/n/간판/e/power_meter
Message Data:
time: 1745382111442
type: 1
leakageCurrent: 0
current: 0
activePower: 0
reactivePower: 0
tapparentPower: 0
powerFactor: 0
currentUnbalance: 0
lines: 

2025-04-23 13:21:51 [MQTT Call: ygw] WARN  com.example.mqtt.MessageData - No 'value' field found in message, skipping InfluxDB write.
2025-04-23 13:21:51 [MQTT Call: ygw] INFO  com.example.mqtt.MessageData - Topic: data/s/nhnacademy/b/gyeongnam_campus/p/campus/d/gem3500_1/n/페어룸/e/power_meter
Message Data:
time: 1745382111546
type: 2
leakageCurrent: 0
current: 0
activePower: 0
reactivePower: 0
tapparentPower: 0
powerFactor: 0
currentUnbalance: 0
lines: 

2025-04-23 13:21:51 [MQTT Call: ygw] WARN  com.example.mqtt.MessageData - No 'value' field found in message, skipping InfluxDB write.
2025-04-23 13:21:51 [MQTT Call: ygw] INFO  com.example.mqtt.MessageData - Topic: data/s/nhnacademy/b/gyeongnam_campus/p/campus/d/gem3500_1/n/사무실_전열1/e/power_meter
Message Data:
time: 1745382111647
type: 3
leakageCurrent: 0
current: 82
activePower: 98
reactivePower: -52
tapparentPower: 177
powerFactor: 55.4
currentUnbalance: 0
lines: 

2025-04-23 13:21:51 [MQTT Call: ygw] WARN  com.example.mqtt.MessageData - No 'value' field found in message, skipping InfluxDB write.
2025-04-23 13:21:51 [MQTT Call: ygw] INFO  com.example.mqtt.MessageData - Topic: data/s/nhnacademy/b/gyeongnam_campus/p/campus/d/gem3500_1/n/사무실_전열2/e/power_meter
Message Data:
time: 1745382111748
type: 3
leakageCurrent: 0
current: 93
activePower: 105
reactivePower: -59
tapparentPower: 201
powerFactor: 52.38
currentUnbalance: 0
lines: 

2025-04-23 13:21:51 [MQTT Call: ygw] WARN  com.example.mqtt.MessageData - No 'value' field found in message, skipping InfluxDB write.
2025-04-23 13:21:51 [MQTT Call: ygw] INFO  com.example.mqtt.MessageData - Topic: data/s/nhnacademy/b/gyeongnam_campus/p/campus/d/gem3500_1/n/사무실_복사기/e/power_meter
Message Data:
time: 1745382111849
type: 1
leakageCurrent: 0
current: 7
activePower: 7
reactivePower: 0
tapparentPower: 16
powerFactor: 42.85
currentUnbalance: 0
lines: 

2025-04-23 13:21:51 [MQTT Call: ygw] WARN  com.example.mqtt.MessageData - No 'value' field found in message, skipping InfluxDB write.
2025-04-23 13:21:52 [MQTT Call: ygw] INFO  com.example.mqtt.MessageData - Topic: data/s/nhnacademy/b/gyeongnam_campus/p/campus/d/gem3500_1/n/빌트인_전열/e/power_meter
Message Data:
time: 1745382111951
type: 2
leakageCurrent: 0
current: 5
activePower: 4
reactivePower: -7
tapparentPower: 14
powerFactor: 33.33
currentUnbalance: 0
lines: 

2025-04-23 13:21:52 [MQTT Call: ygw] WARN  com.example.mqtt.MessageData - No 'value' field found in message, skipping InfluxDB write.
2025-04-23 13:21:52 [MQTT Call: ygw] INFO  com.example.mqtt.MessageData - Topic: data/s/nhnacademy/b/gyeongnam_campus/p/campus/d/gem3500_1/n/사무실_전열3/e/power_meter
Message Data:
time: 1745382112054
type: 3
leakageCurrent: 0
current: 0
activePower: 0
reactivePower: 0
tapparentPower: 0
powerFactor: 0
currentUnbalance: 0
lines: 

2025-04-23 13:21:52 [MQTT Call: ygw] WARN  com.example.mqtt.MessageData - No 'value' field found in message, skipping InfluxDB write.
2025-04-23 13:21:52 [MQTT Call: ygw] INFO  com.example.mqtt.MessageData - Topic: data/s/nhnacademy/b/gyeongnam_campus/p/campus/d/gem3500_1/n/정수기/e/power_meter
Message Data:
time: 1745382112153
type: 1
leakageCurrent: 0
current: 269
activePower: 578
reactivePower: 115
tapparentPower: 590
powerFactor: 97.96
currentUnbalance: 0
lines: 

2025-04-23 13:21:52 [MQTT Call: ygw] WARN  com.example.mqtt.MessageData - No 'value' field found in message, skipping InfluxDB write.
2025-04-23 13:21:52 [MQTT Call: ygw] INFO  com.example.mqtt.MessageData - Topic: data/s/nhnacademy/b/gyeongnam_campus/p/campus/d/gem3500_1/n/하이브_전열/e/power_meter
Message Data:
time: 1745382112256
type: 2
leakageCurrent: 0
current: 65
activePower: 124
reactivePower: -45
tapparentPower: 143
powerFactor: 86.66
currentUnbalance: 0
lines: 

2025-04-23 13:21:52 [MQTT Call: ygw] WARN  com.example.mqtt.MessageData - No 'value' field found in message, skipping InfluxDB write.
2025-04-23 13:21:52 [MQTT Call: ygw] INFO  com.example.mqtt.MessageData - Topic: data/s/nhnacademy/b/gyeongnam_campus/p/campus/d/gem3500_1/n/바텐_전열/e/power_meter
Message Data:
time: 1745382112357
type: 3
leakageCurrent: 0
current: 0
activePower: 0
reactivePower: 0
tapparentPower: 0
powerFactor: 0
currentUnbalance: 0
lines: 

2025-04-23 13:21:52 [MQTT Call: ygw] WARN  com.example.mqtt.MessageData - No 'value' field found in message, skipping InfluxDB write.
2025-04-23 13:21:52 [MQTT Call: ygw] INFO  com.example.mqtt.MessageData - Topic: data/s/nhnacademy/b/gyeongnam_campus/p/campus/d/gem3500_1/n/S_P/e/power_meter
Message Data:
time: 1745382112454
type: 1
leakageCurrent: 0
current: 0
activePower: 0
reactivePower: 0
tapparentPower: 0
powerFactor: 0
currentUnbalance: 0
lines: 

2025-04-23 13:21:52 [MQTT Call: ygw] WARN  com.example.mqtt.MessageData - No 'value' field found in message, skipping InfluxDB write.
2025-04-23 13:21:52 [MQTT Call: ygw] INFO  com.example.mqtt.MessageData - Topic: data/s/nhnacademy/b/gyeongnam_campus/p/campus/d/gem3500_1/n/공조기/e/power_meter
Message Data:
time: 1745382112557
type: 2
leakageCurrent: 0
current: 199
activePower: 223
reactivePower: -21
tapparentPower: 434
powerFactor: 51.38
currentUnbalance: 0
lines: 

2025-04-23 13:21:52 [MQTT Call: ygw] WARN  com.example.mqtt.MessageData - No 'value' field found in message, skipping InfluxDB write.
2025-04-23 13:21:52 [MQTT Call: ygw] INFO  com.example.mqtt.MessageData - Topic: data/s/nhnacademy/b/gyeongnam_campus/p/campus/d/gem3500_1/n/AC/e/power_meter
Message Data:
time: 1745382112659
type: 3
leakageCurrent: 0
current: 16
activePower: 11
reactivePower: -23
tapparentPower: 35
powerFactor: 33.33
currentUnbalance: 0
lines: 

2025-04-23 13:21:52 [MQTT Call: ygw] WARN  com.example.mqtt.MessageData - No 'value' field found in message, skipping InfluxDB write.
2025-04-23 13:22:10 [MQTT Call: ygw] INFO  com.example.mqtt.MessageData - Topic: data/s/nhnacademy/b/gyeongnam_campus/p/hive/d/24e124785c389010/n/정수기 위/e/humidity
Message Data:
time: 1745382130185
value: 44

2025-04-23 13:22:10 [MQTT Call: ygw] INFO  com.example.mqtt.InfluxDBService - Extracted tagkey -> location: hive, kind: 정수기 위, data: humidity
Value into InfluxDB: 44.0
2025-04-23 13:22:10 [MQTT Call: ygw] INFO  com.example.mqtt.MessageData - Data sent to InfluxDBService: data/s/nhnacademy/b/gyeongnam_campus/p/hive/d/24e124785c389010/n/정수기 위/e/humidity -> 44.0
2025-04-23 13:22:11 [MQTT Call: ygw] INFO  com.example.mqtt.MessageData - Topic: data/s/nhnacademy/b/gyeongnam_campus/p/hive/d/24e124785c389010/n/정수기 위/e/temperature
Message Data:
time: 1745382130185
value: 23.4

2025-04-23 13:22:11 [MQTT Call: ygw] INFO  com.example.mqtt.InfluxDBService - Extracted tagkey -> location: hive, kind: 정수기 위, data: temperature
Value into InfluxDB: 23.4
2025-04-23 13:22:11 [MQTT Call: ygw] INFO  com.example.mqtt.MessageData - Data sent to InfluxDBService: data/s/nhnacademy/b/gyeongnam_campus/p/hive/d/24e124785c389010/n/정수기 위/e/temperature -> 23.4
2025-04-23 13:22:11 [MQTT Call: ygw] INFO  com.example.mqtt.MessageData - Topic: data/s/nhnacademy/b/gyeongnam_campus/p/hive/d/24e124785c389010/n/정수기 위/e/battery
Message Data:
time: 1745382130185
value: 85

2025-04-23 13:22:11 [MQTT Call: ygw] INFO  com.example.mqtt.InfluxDBService - Extracted tagkey -> location: hive, kind: 정수기 위, data: battery
Value into InfluxDB: 85.0
2025-04-23 13:22:11 [MQTT Call: ygw] INFO  com.example.mqtt.MessageData - Data sent to InfluxDBService: data/s/nhnacademy/b/gyeongnam_campus/p/hive/d/24e124785c389010/n/정수기 위/e/battery -> 85.0
2025-04-23 13:22:11 [MQTT Call: ygw] INFO  com.example.mqtt.MessageData - Topic: data/s/nhnacademy/b/gyeongnam_campus/p/hive/d/24e124785c389010/n/정수기 위/g/24e124fffef79304/e/lora
Message Data:
time: 1745382130185
value: 

2025-04-23 13:22:11 [MQTT Call: ygw] INFO  com.example.mqtt.InfluxDBService - Extracted tagkey -> location: hive, kind: 정수기 위, data: lora
Value into InfluxDB: 0.0
2025-04-23 13:22:11 [MQTT Call: ygw] INFO  com.example.mqtt.MessageData - Data sent to InfluxDBService: data/s/nhnacademy/b/gyeongnam_campus/p/hive/d/24e124785c389010/n/정수기 위/g/24e124fffef79304/e/lora -> 0.0
2025-04-23 13:22:11 [MQTT Call: ygw] INFO  com.example.mqtt.MessageData - Topic: data/s/nhnacademy/b/gyeongnam_campus/p/hive/d/24e124785c389010/n/정수기 위/g/24e124fffef5dccc/e/lora
Message Data:
time: 1745382130185
value: 

2025-04-23 13:22:11 [MQTT Call: ygw] INFO  com.example.mqtt.InfluxDBService - Extracted tagkey -> location: hive, kind: 정수기 위, data: lora
Value into InfluxDB: 0.0
2025-04-23 13:22:11 [MQTT Call: ygw] INFO  com.example.mqtt.MessageData - Data sent to InfluxDBService: data/s/nhnacademy/b/gyeongnam_campus/p/hive/d/24e124785c389010/n/정수기 위/g/24e124fffef5dccc/e/lora -> 0.0
2025-04-23 13:22:16 [MQTT Call: ygw] INFO  com.example.mqtt.MessageData - Topic: data/s/nhnacademy/b/gyeongnam_campus/p/hive/d/24e124725d081175/sp/8인 책상/n/8인 책상/e/humidity
Message Data:
time: 1745382134155
value: 43

2025-04-23 13:22:16 [MQTT Call: ygw] INFO  com.example.mqtt.InfluxDBService - Extracted tagkey -> location: hive, kind: 8인 책상, data: humidity
Value into InfluxDB: 43.0
2025-04-23 13:22:16 [MQTT Call: ygw] INFO  com.example.mqtt.MessageData - Data sent to InfluxDBService: data/s/nhnacademy/b/gyeongnam_campus/p/hive/d/24e124725d081175/sp/8인 책상/n/8인 책상/e/humidity -> 43.0
2025-04-23 13:22:16 [MQTT Call: ygw] INFO  com.example.mqtt.MessageData - Topic: data/s/nhnacademy/b/gyeongnam_campus/p/hive/d/24e124725d081175/sp/8인 책상/n/8인 책상/e/co2
Message Data:
time: 1745382134155
value: 524

2025-04-23 13:22:16 [MQTT Call: ygw] INFO  com.example.mqtt.InfluxDBService - Extracted tagkey -> location: hive, kind: 8인 책상, data: co2
Value into InfluxDB: 524.0
2025-04-23 13:22:16 [MQTT Call: ygw] INFO  com.example.mqtt.MessageData - Data sent to InfluxDBService: data/s/nhnacademy/b/gyeongnam_campus/p/hive/d/24e124725d081175/sp/8인 책상/n/8인 책상/e/co2 -> 524.0
2025-04-23 13:22:16 [MQTT Call: ygw] INFO  com.example.mqtt.MessageData - Topic: data/s/nhnacademy/b/gyeongnam_campus/p/hive/d/24e124725d081175/sp/8인 책상/n/8인 책상/e/temperature
Message Data:
time: 1745382134155
value: 23.9

2025-04-23 13:22:16 [MQTT Call: ygw] INFO  com.example.mqtt.InfluxDBService - Extracted tagkey -> location: hive, kind: 8인 책상, data: temperature
Value into InfluxDB: 23.9
2025-04-23 13:22:16 [MQTT Call: ygw] INFO  com.example.mqtt.MessageData - Data sent to InfluxDBService: data/s/nhnacademy/b/gyeongnam_campus/p/hive/d/24e124725d081175/sp/8인 책상/n/8인 책상/e/temperature -> 23.9
2025-04-23 13:22:16 [MQTT Call: ygw] INFO  com.example.mqtt.MessageData - Topic: data/s/nhnacademy/b/gyeongnam_campus/p/hive/d/24e124725d081175/sp/8인 책상/n/8인 책상/e/battery
Message Data:
time: 1745382134155
value: 76

2025-04-23 13:22:16 [MQTT Call: ygw] INFO  com.example.mqtt.InfluxDBService - Extracted tagkey -> location: hive, kind: 8인 책상, data: battery
Value into InfluxDB: 76.0
2025-04-23 13:22:16 [MQTT Call: ygw] INFO  com.example.mqtt.MessageData - Data sent to InfluxDBService: data/s/nhnacademy/b/gyeongnam_campus/p/hive/d/24e124725d081175/sp/8인 책상/n/8인 책상/e/battery -> 76.0
2025-04-23 13:22:16 [MQTT Call: ygw] INFO  com.example.mqtt.MessageData - Topic: data/s/nhnacademy/b/gyeongnam_campus/p/hive/d/24e124725d081175/sp/8인 책상/n/8인 책상/g/24e124fffef79304/e/lora
Message Data:
time: 1745382134155
value: 

2025-04-23 13:22:16 [MQTT Call: ygw] INFO  com.example.mqtt.InfluxDBService - Extracted tagkey -> location: hive, kind: 8인 책상, data: lora
Value into InfluxDB: 0.0
2025-04-23 13:22:16 [MQTT Call: ygw] INFO  com.example.mqtt.MessageData - Data sent to InfluxDBService: data/s/nhnacademy/b/gyeongnam_campus/p/hive/d/24e124725d081175/sp/8인 책상/n/8인 책상/g/24e124fffef79304/e/lora -> 0.0
2025-04-23 13:22:16 [MQTT Call: ygw] INFO  com.example.mqtt.MessageData - Topic: data/s/nhnacademy/b/gyeongnam_campus/p/hive/d/24e124725d081175/sp/8인 책상/n/8인 책상/g/24e124fffef5dccc/e/lora
Message Data:
time: 1745382134155
value: 

2025-04-23 13:22:16 [MQTT Call: ygw] INFO  com.example.mqtt.InfluxDBService - Extracted tagkey -> location: hive, kind: 8인 책상, data: lora
Value into InfluxDB: 0.0
2025-04-23 13:22:16 [MQTT Call: ygw] INFO  com.example.mqtt.MessageData - Data sent to InfluxDBService: data/s/nhnacademy/b/gyeongnam_campus/p/hive/d/24e124725d081175/sp/8인 책상/n/8인 책상/g/24e124fffef5dccc/e/lora -> 0.0
2025-04-23 13:22:18 [MQTT Call: ygw] INFO  com.example.mqtt.MessageData - Topic: data/s/nhnacademy/b/gyeongnam_campus/p/class_a/d/24e124128c067999/sp/입구/n/입구/e/humidity
Message Data:
time: 1745382138767
value: 47

2025-04-23 13:22:18 [MQTT Call: ygw] INFO  com.example.mqtt.InfluxDBService - Extracted tagkey -> location: class_a, kind: 입구, data: humidity
Value into InfluxDB: 47.0
2025-04-23 13:22:18 [MQTT Call: ygw] INFO  com.example.mqtt.MessageData - Data sent to InfluxDBService: data/s/nhnacademy/b/gyeongnam_campus/p/class_a/d/24e124128c067999/sp/입구/n/입구/e/humidity -> 47.0
2025-04-23 13:22:19 [MQTT Call: ygw] INFO  com.example.mqtt.MessageData - Topic: data/s/nhnacademy/b/gyeongnam_campus/p/class_a/d/24e124128c067999/sp/입구/n/입구/e/tvoc
Message Data:
time: 1745382138767
value: 299

2025-04-23 13:22:19 [MQTT Call: ygw] INFO  com.example.mqtt.InfluxDBService - Extracted tagkey -> location: class_a, kind: 입구, data: tvoc
Value into InfluxDB: 299.0
2025-04-23 13:22:19 [MQTT Call: ygw] INFO  com.example.mqtt.MessageData - Data sent to InfluxDBService: data/s/nhnacademy/b/gyeongnam_campus/p/class_a/d/24e124128c067999/sp/입구/n/입구/e/tvoc -> 299.0
2025-04-23 13:22:19 [MQTT Call: ygw] INFO  com.example.mqtt.MessageData - Topic: data/s/nhnacademy/b/gyeongnam_campus/p/class_a/d/24e124128c067999/sp/입구/n/입구/e/co2
Message Data:
time: 1745382138767
value: 1056

2025-04-23 13:22:19 [MQTT Call: ygw] INFO  com.example.mqtt.InfluxDBService - Extracted tagkey -> location: class_a, kind: 입구, data: co2
Value into InfluxDB: 1056.0
2025-04-23 13:22:19 [MQTT Call: ygw] INFO  com.example.mqtt.MessageData - Data sent to InfluxDBService: data/s/nhnacademy/b/gyeongnam_campus/p/class_a/d/24e124128c067999/sp/입구/n/입구/e/co2 -> 1056.0
2025-04-23 13:22:19 [MQTT Call: ygw] INFO  com.example.mqtt.MessageData - Topic: data/s/nhnacademy/b/gyeongnam_campus/p/class_a/d/24e124128c067999/sp/입구/n/입구/e/activity
Message Data:
time: 1745382138767
value: 6

2025-04-23 13:22:19 [MQTT Call: ygw] INFO  com.example.mqtt.InfluxDBService - Extracted tagkey -> location: class_a, kind: 입구, data: activity
Value into InfluxDB: 6.0
2025-04-23 13:22:19 [MQTT Call: ygw] INFO  com.example.mqtt.MessageData - Data sent to InfluxDBService: data/s/nhnacademy/b/gyeongnam_campus/p/class_a/d/24e124128c067999/sp/입구/n/입구/e/activity -> 6.0
2025-04-23 13:22:19 [MQTT Call: ygw] INFO  com.example.mqtt.MessageData - Topic: data/s/nhnacademy/b/gyeongnam_campus/p/class_a/d/24e124128c067999/sp/입구/n/입구/e/pressure
Message Data:
time: 1745382138767
value: 997.6

2025-04-23 13:22:19 [MQTT Call: ygw] INFO  com.example.mqtt.InfluxDBService - Extracted tagkey -> location: class_a, kind: 입구, data: pressure
Value into InfluxDB: 997.6
2025-04-23 13:22:19 [MQTT Call: ygw] INFO  com.example.mqtt.MessageData - Data sent to InfluxDBService: data/s/nhnacademy/b/gyeongnam_campus/p/class_a/d/24e124128c067999/sp/입구/n/입구/e/pressure -> 997.6
2025-04-23 13:22:19 [MQTT Call: ygw] INFO  com.example.mqtt.MessageData - Topic: data/s/nhnacademy/b/gyeongnam_campus/p/class_a/d/24e124128c067999/sp/입구/n/입구/e/illumination
Message Data:
time: 1745382138767
value: 63

2025-04-23 13:22:19 [MQTT Call: ygw] INFO  com.example.mqtt.InfluxDBService - Extracted tagkey -> location: class_a, kind: 입구, data: illumination
Value into InfluxDB: 63.0
2025-04-23 13:22:19 [MQTT Call: ygw] INFO  com.example.mqtt.MessageData - Data sent to InfluxDBService: data/s/nhnacademy/b/gyeongnam_campus/p/class_a/d/24e124128c067999/sp/입구/n/입구/e/illumination -> 63.0
2025-04-23 13:22:19 [MQTT Call: ygw] INFO  com.example.mqtt.MessageData - Topic: data/s/nhnacademy/b/gyeongnam_campus/p/class_a/d/24e124128c067999/sp/입구/n/입구/e/infrared
Message Data:
time: 1745382138767
value: 7

2025-04-23 13:22:19 [MQTT Call: ygw] INFO  com.example.mqtt.InfluxDBService - Extracted tagkey -> location: class_a, kind: 입구, data: infrared
Value into InfluxDB: 7.0
2025-04-23 13:22:19 [MQTT Call: ygw] INFO  com.example.mqtt.MessageData - Data sent to InfluxDBService: data/s/nhnacademy/b/gyeongnam_campus/p/class_a/d/24e124128c067999/sp/입구/n/입구/e/infrared -> 7.0
2025-04-23 13:22:19 [MQTT Call: ygw] INFO  com.example.mqtt.MessageData - Topic: data/s/nhnacademy/b/gyeongnam_campus/p/class_a/d/24e124128c067999/sp/입구/n/입구/e/infrared_and_visible
Message Data:
time: 1745382138767
value: 44

2025-04-23 13:22:19 [MQTT Call: ygw] INFO  com.example.mqtt.InfluxDBService - Extracted tagkey -> location: class_a, kind: 입구, data: infrared_and_visible
Value into InfluxDB: 44.0
2025-04-23 13:22:19 [MQTT Call: ygw] INFO  com.example.mqtt.MessageData - Data sent to InfluxDBService: data/s/nhnacademy/b/gyeongnam_campus/p/class_a/d/24e124128c067999/sp/입구/n/입구/e/infrared_and_visible -> 44.0
2025-04-23 13:22:19 [MQTT Call: ygw] INFO  com.example.mqtt.MessageData - Topic: data/s/nhnacademy/b/gyeongnam_campus/p/class_a/d/24e124128c067999/sp/입구/n/입구/e/temperature
Message Data:
time: 1745382138767
value: 24

2025-04-23 13:22:19 [MQTT Call: ygw] INFO  com.example.mqtt.InfluxDBService - Extracted tagkey -> location: class_a, kind: 입구, data: temperature
Value into InfluxDB: 24.0
2025-04-23 13:22:19 [MQTT Call: ygw] INFO  com.example.mqtt.MessageData - Data sent to InfluxDBService: data/s/nhnacademy/b/gyeongnam_campus/p/class_a/d/24e124128c067999/sp/입구/n/입구/e/temperature -> 24.0
2025-04-23 13:22:19 [MQTT Call: ygw] INFO  com.example.mqtt.MessageData - Topic: data/s/nhnacademy/b/gyeongnam_campus/p/class_a/d/24e124128c067999/sp/입구/n/입구/g/24e124fffef5dccc/e/lora
Message Data:
time: 1745382138767
value: 

2025-04-23 13:22:19 [MQTT Call: ygw] INFO  com.example.mqtt.InfluxDBService - Extracted tagkey -> location: class_a, kind: 입구, data: lora
Value into InfluxDB: 0.0
2025-04-23 13:22:19 [MQTT Call: ygw] INFO  com.example.mqtt.MessageData - Data sent to InfluxDBService: data/s/nhnacademy/b/gyeongnam_campus/p/class_a/d/24e124128c067999/sp/입구/n/입구/g/24e124fffef5dccc/e/lora -> 0.0
2025-04-23 13:22:19 [MQTT Call: ygw] INFO  com.example.mqtt.MessageData - Topic: data/s/nhnacademy/b/gyeongnam_campus/p/class_a/d/24e124128c067999/sp/입구/n/입구/g/24e124fffef79304/e/lora
Message Data:
time: 1745382138767
value: 

2025-04-23 13:22:19 [MQTT Call: ygw] INFO  com.example.mqtt.InfluxDBService - Extracted tagkey -> location: class_a, kind: 입구, data: lora
Value into InfluxDB: 0.0
2025-04-23 13:22:19 [MQTT Call: ygw] INFO  com.example.mqtt.MessageData - Data sent to InfluxDBService: data/s/nhnacademy/b/gyeongnam_campus/p/class_a/d/24e124128c067999/sp/입구/n/입구/g/24e124fffef79304/e/lora -> 0.0
2025-04-23 13:22:19 [MQTT Call: ygw] INFO  com.example.mqtt.MessageData - Topic: data/s/nhnacademy/b/gyeongnam_campus/p/pair_room/d/24e124617d159573/n/2/e/battery
Message Data:
time: 1745382139058
value: 32

2025-04-23 13:22:19 [MQTT Call: ygw] INFO  com.example.mqtt.InfluxDBService - Extracted tagkey -> location: pair_room, kind: 2, data: battery
Value into InfluxDB: 32.0
2025-04-23 13:22:19 [MQTT Call: ygw] INFO  com.example.mqtt.MessageData - Data sent to InfluxDBService: data/s/nhnacademy/b/gyeongnam_campus/p/pair_room/d/24e124617d159573/n/2/e/battery -> 32.0
2025-04-23 13:22:21 [MQTT Call: ygw] INFO  com.example.mqtt.MessageData - Topic: data/s/nhnacademy/b/gyeongnam_campus/p/pair_room/d/24e124617d159573/n/2/e/occupancy
Message Data:
time: 1745382139058
value: 0

2025-04-23 13:22:21 [MQTT Call: ygw] INFO  com.example.mqtt.InfluxDBService - Extracted tagkey -> location: pair_room, kind: 2, data: occupancy
Value into InfluxDB: 0.0
2025-04-23 13:22:21 [MQTT Call: ygw] INFO  com.example.mqtt.MessageData - Data sent to InfluxDBService: data/s/nhnacademy/b/gyeongnam_campus/p/pair_room/d/24e124617d159573/n/2/e/occupancy -> 0.0
2025-04-23 13:22:21 [MQTT Call: ygw] INFO  com.example.mqtt.MessageData - Topic: data/s/nhnacademy/b/gyeongnam_campus/p/pair_room/d/24e124617d159573/n/2/e/distance
Message Data:
time: 1745382139058
value: 2234

2025-04-23 13:22:21 [MQTT Call: ygw] INFO  com.example.mqtt.InfluxDBService - Extracted tagkey -> location: pair_room, kind: 2, data: distance
Value into InfluxDB: 2234.0
2025-04-23 13:22:21 [MQTT Call: ygw] INFO  com.example.mqtt.MessageData - Data sent to InfluxDBService: data/s/nhnacademy/b/gyeongnam_campus/p/pair_room/d/24e124617d159573/n/2/e/distance -> 2234.0
2025-04-23 13:22:21 [MQTT Call: ygw] INFO  com.example.mqtt.MessageData - Topic: data/s/nhnacademy/b/gyeongnam_campus/p/pair_room/d/24e124617d159573/n/2/g/24e124fffef79304/e/lora
Message Data:
time: 1745382139058
value: 

2025-04-23 13:22:21 [MQTT Call: ygw] INFO  com.example.mqtt.InfluxDBService - Extracted tagkey -> location: pair_room, kind: 2, data: lora
Value into InfluxDB: 0.0
2025-04-23 13:22:21 [MQTT Call: ygw] INFO  com.example.mqtt.MessageData - Data sent to InfluxDBService: data/s/nhnacademy/b/gyeongnam_campus/p/pair_room/d/24e124617d159573/n/2/g/24e124fffef79304/e/lora -> 0.0
2025-04-23 13:22:25 [MQTT Call: ygw] INFO  com.example.mqtt.MessageData - Topic: data/s/nhnacademy/b/gyeongnam_campus/p/server_room/d/24e124136d151368/n/입구/e/temperature
Message Data:
time: 1745382143721
value: 24.3

2025-04-23 13:22:25 [MQTT Call: ygw] INFO  com.example.mqtt.InfluxDBService - Extracted tagkey -> location: server_room, kind: 입구, data: temperature
Value into InfluxDB: 24.3
2025-04-23 13:22:25 [MQTT Call: ygw] INFO  com.example.mqtt.MessageData - Data sent to InfluxDBService: data/s/nhnacademy/b/gyeongnam_campus/p/server_room/d/24e124136d151368/n/입구/e/temperature -> 24.3
2025-04-23 13:22:25 [MQTT Call: ygw] INFO  com.example.mqtt.MessageData - Topic: data/s/nhnacademy/b/gyeongnam_campus/p/server_room/d/24e124136d151368/n/입구/e/humidity
Message Data:
time: 1745382143721
value: 46.5

2025-04-23 13:22:25 [MQTT Call: ygw] INFO  com.example.mqtt.InfluxDBService - Extracted tagkey -> location: server_room, kind: 입구, data: humidity
Value into InfluxDB: 46.5
2025-04-23 13:22:25 [MQTT Call: ygw] INFO  com.example.mqtt.MessageData - Data sent to InfluxDBService: data/s/nhnacademy/b/gyeongnam_campus/p/server_room/d/24e124136d151368/n/입구/e/humidity -> 46.5
2025-04-23 13:22:25 [MQTT Call: ygw] INFO  com.example.mqtt.MessageData - Topic: data/s/nhnacademy/b/gyeongnam_campus/p/server_room/d/24e124136d151368/n/입구/g/24e124fffef5dccc/e/lora
Message Data:
time: 1745382143721
value: 

2025-04-23 13:22:25 [MQTT Call: ygw] INFO  com.example.mqtt.InfluxDBService - Extracted tagkey -> location: server_room, kind: 입구, data: lora
Value into InfluxDB: 0.0
2025-04-23 13:22:25 [MQTT Call: ygw] INFO  com.example.mqtt.MessageData - Data sent to InfluxDBService: data/s/nhnacademy/b/gyeongnam_campus/p/server_room/d/24e124136d151368/n/입구/g/24e124fffef5dccc/e/lora -> 0.0
2025-04-23 13:22:25 [MQTT Call: ygw] INFO  com.example.mqtt.MessageData - Topic: data/s/nhnacademy/b/gyeongnam_campus/p/server_room/d/24e124136d151368/n/입구/g/24e124fffef79304/e/lora
Message Data:
time: 1745382143721
value: 

2025-04-23 13:22:25 [MQTT Call: ygw] INFO  com.example.mqtt.InfluxDBService - Extracted tagkey -> location: server_room, kind: 입구, data: lora
Value into InfluxDB: 0.0
2025-04-23 13:22:25 [MQTT Call: ygw] INFO  com.example.mqtt.MessageData - Data sent to InfluxDBService: data/s/nhnacademy/b/gyeongnam_campus/p/server_room/d/24e124136d151368/n/입구/g/24e124fffef79304/e/lora -> 0.0
2025-04-23 13:22:28 [MQTT Call: ygw] INFO  com.example.mqtt.MessageData - Topic: data/s/nhnacademy/b/gyeongnam_campus/p/hive/d/24e124126c452091/sp/farm/n/스마트팜/e/temperature
Message Data:
time: 1745382147428
value: 23.2

2025-04-23 13:22:28 [MQTT Call: ygw] INFO  com.example.mqtt.InfluxDBService - Extracted tagkey -> location: hive, kind: 스마트팜, data: temperature
Value into InfluxDB: 23.2
2025-04-23 13:22:28 [MQTT Call: ygw] INFO  com.example.mqtt.MessageData - Data sent to InfluxDBService: data/s/nhnacademy/b/gyeongnam_campus/p/hive/d/24e124126c452091/sp/farm/n/스마트팜/e/temperature -> 23.2
2025-04-23 13:22:29 [MQTT Call: ygw] INFO  com.example.mqtt.MessageData - Topic: data/s/nhnacademy/b/gyeongnam_campus/p/hive/d/24e124126c452091/sp/farm/n/스마트팜/g/24e124fffef79304/e/lora
Message Data:
time: 1745382147428
value: 

2025-04-23 13:22:29 [MQTT Call: ygw] INFO  com.example.mqtt.InfluxDBService - Extracted tagkey -> location: hive, kind: 스마트팜, data: lora
Value into InfluxDB: 0.0
2025-04-23 13:22:29 [MQTT Call: ygw] INFO  com.example.mqtt.MessageData - Data sent to InfluxDBService: data/s/nhnacademy/b/gyeongnam_campus/p/hive/d/24e124126c452091/sp/farm/n/스마트팜/g/24e124fffef79304/e/lora -> 0.0
2025-04-23 13:22:29 [MQTT Call: ygw] INFO  com.example.mqtt.MessageData - Topic: data/s/nhnacademy/b/gyeongnam_campus/p/hive/d/24e124126c452091/sp/farm/n/스마트팜/g/24e124fffef5dccc/e/lora
Message Data:
time: 1745382147428
value: 

2025-04-23 13:22:29 [MQTT Call: ygw] INFO  com.example.mqtt.InfluxDBService - Extracted tagkey -> location: hive, kind: 스마트팜, data: lora
Value into InfluxDB: 0.0
2025-04-23 13:22:29 [MQTT Call: ygw] INFO  com.example.mqtt.MessageData - Data sent to InfluxDBService: data/s/nhnacademy/b/gyeongnam_campus/p/hive/d/24e124126c452091/sp/farm/n/스마트팜/g/24e124fffef5dccc/e/lora -> 0.0
2025-04-23 13:22:30 [Thread-5] INFO  com.example.Main - Exiting and disconnecting...
2025-04-23 13:22:38 [main] INFO  com.example.mqtt.ConnectService - Connecting to broker...
2025-04-23 13:22:41 [main] INFO  com.example.mqtt.ConnectService - Connected to broker!
2025-04-23 13:22:41 [main] INFO  com.example.mqtt.ConnectService - Subscribed to topic: data/#
2025-04-23 13:22:41 [main] INFO  com.example.Main - Connected to broker and subscribed to topic: data/#
2025-04-23 13:22:43 [MQTT Call: ygw] INFO  com.example.mqtt.MessageData - Topic: data/s/nhnacademy/b/gyeongnam_campus/p/storage/d/24e124136d151547/n/입구/e/battery
Message Data:
time: 1745382162832
value: 1

2025-04-23 13:22:43 [MQTT Call: ygw] INFO  com.example.mqtt.InfluxDBService - Extracted tagkey -> location: storage, kind: 입구, data: battery
Value into InfluxDB: 1.0
2025-04-23 13:22:43 [MQTT Call: ygw] INFO  com.example.mqtt.MessageData - Data sent to InfluxDBService: data/s/nhnacademy/b/gyeongnam_campus/p/storage/d/24e124136d151547/n/입구/e/battery -> 1.0
2025-04-23 13:22:43 [MQTT Call: ygw] INFO  com.example.mqtt.MessageData - Topic: data/s/nhnacademy/b/gyeongnam_campus/p/storage/d/24e124136d151547/n/입구/e/humidity
Message Data:
time: 1745382162832
value: 127.5

2025-04-23 13:22:43 [MQTT Call: ygw] INFO  com.example.mqtt.InfluxDBService - Extracted tagkey -> location: storage, kind: 입구, data: humidity
Value into InfluxDB: 127.5
2025-04-23 13:22:43 [MQTT Call: ygw] INFO  com.example.mqtt.MessageData - Data sent to InfluxDBService: data/s/nhnacademy/b/gyeongnam_campus/p/storage/d/24e124136d151547/n/입구/e/humidity -> 127.5
2025-04-23 13:22:43 [MQTT Call: ygw] INFO  com.example.mqtt.MessageData - Topic: data/s/nhnacademy/b/gyeongnam_campus/p/storage/d/24e124136d151547/n/입구/e/temperature
Message Data:
time: 1745382162832
value: -0.1

2025-04-23 13:22:43 [MQTT Call: ygw] INFO  com.example.mqtt.InfluxDBService - Extracted tagkey -> location: storage, kind: 입구, data: temperature
Value into InfluxDB: -0.1
2025-04-23 13:22:43 [MQTT Call: ygw] INFO  com.example.mqtt.MessageData - Data sent to InfluxDBService: data/s/nhnacademy/b/gyeongnam_campus/p/storage/d/24e124136d151547/n/입구/e/temperature -> -0.1
2025-04-23 13:22:43 [MQTT Call: ygw] INFO  com.example.mqtt.MessageData - Topic: data/s/nhnacademy/b/gyeongnam_campus/p/storage/d/24e124136d151547/n/입구/g/24e124fffef79304/e/lora
Message Data:
time: 1745382162832
value: 

2025-04-23 13:22:43 [MQTT Call: ygw] INFO  com.example.mqtt.InfluxDBService - Extracted tagkey -> location: storage, kind: 입구, data: lora
Value into InfluxDB: 0.0
2025-04-23 13:22:43 [MQTT Call: ygw] INFO  com.example.mqtt.MessageData - Data sent to InfluxDBService: data/s/nhnacademy/b/gyeongnam_campus/p/storage/d/24e124136d151547/n/입구/g/24e124fffef79304/e/lora -> 0.0
2025-04-23 13:22:43 [MQTT Call: ygw] INFO  com.example.mqtt.MessageData - Topic: data/s/nhnacademy/b/gyeongnam_campus/p/storage/d/24e124136d151547/n/입구/g/24e124fffef5dccc/e/lora
Message Data:
time: 1745382162832
value: 

2025-04-23 13:22:43 [MQTT Call: ygw] INFO  com.example.mqtt.InfluxDBService - Extracted tagkey -> location: storage, kind: 입구, data: lora
Value into InfluxDB: 0.0
2025-04-23 13:22:43 [MQTT Call: ygw] INFO  com.example.mqtt.MessageData - Data sent to InfluxDBService: data/s/nhnacademy/b/gyeongnam_campus/p/storage/d/24e124136d151547/n/입구/g/24e124fffef5dccc/e/lora -> 0.0
2025-04-23 13:22:50 [MQTT Call: ygw] INFO  com.example.mqtt.MessageData - Topic: data/s/nhnacademy/b/gyeongnam_campus/p/campus/d/gem3500_1/n/캠퍼스_LL/e/voltage
Message Data:
time: 1745382170230
value: 378.28

2025-04-23 13:22:50 [MQTT Call: ygw] INFO  com.example.mqtt.InfluxDBService - Extracted tagkey -> location: campus, kind: 캠퍼스_LL, data: voltage
Value into InfluxDB: 378.28
2025-04-23 13:22:50 [MQTT Call: ygw] INFO  com.example.mqtt.MessageData - Data sent to InfluxDBService: data/s/nhnacademy/b/gyeongnam_campus/p/campus/d/gem3500_1/n/캠퍼스_LL/e/voltage -> 378.28
2025-04-23 13:22:50 [MQTT Call: ygw] INFO  com.example.mqtt.MessageData - Topic: data/s/nhnacademy/b/gyeongnam_campus/p/campus/d/gem3500_1/n/캠퍼스_LN/e/voltage
Message Data:
time: 1745382170230
value: 218.4

2025-04-23 13:22:50 [MQTT Call: ygw] INFO  com.example.mqtt.InfluxDBService - Extracted tagkey -> location: campus, kind: 캠퍼스_LN, data: voltage
Value into InfluxDB: 218.4
2025-04-23 13:22:50 [MQTT Call: ygw] INFO  com.example.mqtt.MessageData - Data sent to InfluxDBService: data/s/nhnacademy/b/gyeongnam_campus/p/campus/d/gem3500_1/n/캠퍼스_LN/e/voltage -> 218.4
2025-04-23 13:22:50 [MQTT Call: ygw] INFO  com.example.mqtt.MessageData - Topic: data/s/nhnacademy/b/gyeongnam_campus/p/campus/d/gem3500_1/n/캠퍼스1/e/power_meter
Message Data:
time: 1745382170331
type: 5
leakageCurrent: 0
current: 2856
activePower: 5303
reactivePower: -1830
tapparentPower: 6217
powerFactor: 85.29
currentUnbalance: 54.91
lines: 

2025-04-23 13:22:50 [MQTT Call: ygw] WARN  com.example.mqtt.MessageData - No 'value' field found in message, skipping InfluxDB write.
2025-04-23 13:22:50 [MQTT Call: ygw] INFO  com.example.mqtt.MessageData - Topic: data/s/nhnacademy/b/gyeongnam_campus/p/campus/d/gem3500_1/n/전등1/e/power_meter
Message Data:
time: 1745382170432
type: 3
leakageCurrent: 0
current: 699
activePower: 1307
reactivePower: -326
tapparentPower: 1523
powerFactor: 85.82
currentUnbalance: 0
lines: 

2025-04-23 13:22:50 [MQTT Call: ygw] WARN  com.example.mqtt.MessageData - No 'value' field found in message, skipping InfluxDB write.
2025-04-23 13:22:50 [MQTT Call: ygw] INFO  com.example.mqtt.MessageData - Topic: data/s/nhnacademy/b/gyeongnam_campus/p/campus/d/gem3500_1/n/전등2/e/power_meter
Message Data:
time: 1745382170532
type: 1
leakageCurrent: 0
current: 662
activePower: 1341
reactivePower: -331
tapparentPower: 1454
powerFactor: 92.24
currentUnbalance: 0
lines: 

2025-04-23 13:22:50 [MQTT Call: ygw] WARN  com.example.mqtt.MessageData - No 'value' field found in message, skipping InfluxDB write.
2025-04-23 13:22:50 [MQTT Call: ygw] INFO  com.example.mqtt.MessageData - Topic: data/s/nhnacademy/b/gyeongnam_campus/p/campus/d/gem3500_1/n/전등3/e/power_meter
Message Data:
time: 1745382170634
type: 2
leakageCurrent: 0
current: 0
activePower: 0
reactivePower: 0
tapparentPower: 0
powerFactor: 0
currentUnbalance: 0
lines: 

2025-04-23 13:22:50 [MQTT Call: ygw] WARN  com.example.mqtt.MessageData - No 'value' field found in message, skipping InfluxDB write.
2025-04-23 13:22:50 [MQTT Call: ygw] INFO  com.example.mqtt.MessageData - Topic: data/s/nhnacademy/b/gyeongnam_campus/p/campus/d/gem3500_1/n/강의실b_바닥/e/power_meter
Message Data:
time: 1745382170737
type: 3
leakageCurrent: 0
current: 233
activePower: 391
reactivePower: -239
tapparentPower: 515
powerFactor: 75.81
currentUnbalance: 0
lines: 

2025-04-23 13:22:50 [MQTT Call: ygw] WARN  com.example.mqtt.MessageData - No 'value' field found in message, skipping InfluxDB write.
2025-04-23 13:22:51 [MQTT Call: ygw] INFO  com.example.mqtt.MessageData - Topic: data/s/nhnacademy/b/gyeongnam_campus/p/campus/d/gem3500_1/n/강의실a_바닥1/e/power_meter
Message Data:
time: 1745382170840
type: 1
leakageCurrent: 0
current: 286
activePower: 455
reactivePower: -340
tapparentPower: 611
powerFactor: 74.5
currentUnbalance: 0
lines: 

2025-04-23 13:22:51 [MQTT Call: ygw] WARN  com.example.mqtt.MessageData - No 'value' field found in message, skipping InfluxDB write.
2025-04-23 13:22:51 [MQTT Call: ygw] INFO  com.example.mqtt.MessageData - Topic: data/s/nhnacademy/b/gyeongnam_campus/p/campus/d/gem3500_1/n/강의실a_바닥2/e/power_meter
Message Data:
time: 1745382170939
type: 2
leakageCurrent: 0
current: 199
activePower: 355
reactivePower: -187
tapparentPower: 434
powerFactor: 81.76
currentUnbalance: 0
lines: 

2025-04-23 13:22:51 [MQTT Call: ygw] WARN  com.example.mqtt.MessageData - No 'value' field found in message, skipping InfluxDB write.
2025-04-23 13:22:51 [MQTT Call: ygw] INFO  com.example.mqtt.MessageData - Topic: data/s/nhnacademy/b/gyeongnam_campus/p/campus/d/gem3500_1/n/프로젝터1/e/power_meter
Message Data:
time: 1745382171042
type: 3
leakageCurrent: 0
current: 103
activePower: 131
reactivePower: -151
tapparentPower: 218
powerFactor: 60.43
currentUnbalance: 0
lines: 

2025-04-23 13:22:51 [MQTT Call: ygw] WARN  com.example.mqtt.MessageData - No 'value' field found in message, skipping InfluxDB write.
2025-04-23 13:22:51 [MQTT Call: ygw] INFO  com.example.mqtt.MessageData - Topic: data/s/nhnacademy/b/gyeongnam_campus/p/campus/d/gem3500_1/n/프로젝터2/e/power_meter
Message Data:
time: 1745382171142
type: 1
leakageCurrent: 0
current: 40
activePower: 45
reactivePower: -69
tapparentPower: 86
powerFactor: 52.77
currentUnbalance: 0
lines: 

2025-04-23 13:22:51 [MQTT Call: ygw] WARN  com.example.mqtt.MessageData - No 'value' field found in message, skipping InfluxDB write.
2025-04-23 13:22:51 [MQTT Call: ygw] INFO  com.example.mqtt.MessageData - Topic: data/s/nhnacademy/b/gyeongnam_campus/p/campus/d/gem3500_1/n/회의실/e/power_meter
Message Data:
time: 1745382171245
type: 2
leakageCurrent: 0
current: 14
activePower: 4
reactivePower: -28
tapparentPower: 31
powerFactor: 15.38
currentUnbalance: 0
lines: 

2025-04-23 13:22:51 [MQTT Call: ygw] WARN  com.example.mqtt.MessageData - No 'value' field found in message, skipping InfluxDB write.
2025-04-23 13:22:51 [MQTT Call: ygw] INFO  com.example.mqtt.MessageData - Topic: data/s/nhnacademy/b/gyeongnam_campus/p/campus/d/gem3500_1/n/서버실/e/power_meter
Message Data:
time: 1745382171344
type: 3
leakageCurrent: 0
current: 200
activePower: 391
reactivePower: -110
tapparentPower: 439
powerFactor: 89.07
currentUnbalance: 0
lines: 

2025-04-23 13:22:51 [MQTT Call: ygw] WARN  com.example.mqtt.MessageData - No 'value' field found in message, skipping InfluxDB write.
2025-04-23 13:22:51 [MQTT Call: ygw] INFO  com.example.mqtt.MessageData - Topic: data/s/nhnacademy/b/gyeongnam_campus/p/campus/d/gem3500_1/n/간판/e/power_meter
Message Data:
time: 1745382171445
type: 1
leakageCurrent: 0
current: 0
activePower: 0
reactivePower: 0
tapparentPower: 0
powerFactor: 0
currentUnbalance: 0
lines: 

2025-04-23 13:22:51 [MQTT Call: ygw] WARN  com.example.mqtt.MessageData - No 'value' field found in message, skipping InfluxDB write.
2025-04-23 13:22:51 [MQTT Call: ygw] INFO  com.example.mqtt.MessageData - Topic: data/s/nhnacademy/b/gyeongnam_campus/p/campus/d/gem3500_1/n/페어룸/e/power_meter
Message Data:
time: 1745382171549
type: 2
leakageCurrent: 0
current: 0
activePower: 0
reactivePower: 0
tapparentPower: 0
powerFactor: 0
currentUnbalance: 0
lines: 

2025-04-23 13:22:51 [MQTT Call: ygw] WARN  com.example.mqtt.MessageData - No 'value' field found in message, skipping InfluxDB write.
2025-04-23 13:22:51 [MQTT Call: ygw] INFO  com.example.mqtt.MessageData - Topic: data/s/nhnacademy/b/gyeongnam_campus/p/campus/d/gem3500_1/n/사무실_전열1/e/power_meter
Message Data:
time: 1745382171651
type: 3
leakageCurrent: 0
current: 81
activePower: 100
reactivePower: -50
tapparentPower: 179
powerFactor: 56
currentUnbalance: 0
lines: 

2025-04-23 13:22:51 [MQTT Call: ygw] WARN  com.example.mqtt.MessageData - No 'value' field found in message, skipping InfluxDB write.
2025-04-23 13:22:51 [MQTT Call: ygw] INFO  com.example.mqtt.MessageData - Topic: data/s/nhnacademy/b/gyeongnam_campus/p/campus/d/gem3500_1/n/사무실_전열2/e/power_meter
Message Data:
time: 1745382171752
type: 3
leakageCurrent: 0
current: 96
activePower: 107
reactivePower: -62
tapparentPower: 211
powerFactor: 51.13
currentUnbalance: 0
lines: 

2025-04-23 13:22:51 [MQTT Call: ygw] WARN  com.example.mqtt.MessageData - No 'value' field found in message, skipping InfluxDB write.
2025-04-23 13:22:52 [MQTT Call: ygw] INFO  com.example.mqtt.MessageData - Topic: data/s/nhnacademy/b/gyeongnam_campus/p/campus/d/gem3500_1/n/사무실_복사기/e/power_meter
Message Data:
time: 1745382171855
type: 1
leakageCurrent: 0
current: 7
activePower: 7
reactivePower: 0
tapparentPower: 16
powerFactor: 42.85
currentUnbalance: 0
lines: 

2025-04-23 13:22:52 [MQTT Call: ygw] WARN  com.example.mqtt.MessageData - No 'value' field found in message, skipping InfluxDB write.
2025-04-23 13:22:52 [MQTT Call: ygw] INFO  com.example.mqtt.MessageData - Topic: data/s/nhnacademy/b/gyeongnam_campus/p/campus/d/gem3500_1/n/빌트인_전열/e/power_meter
Message Data:
time: 1745382171955
type: 2
leakageCurrent: 0
current: 5
activePower: 4
reactivePower: -7
tapparentPower: 11
powerFactor: 40
currentUnbalance: 0
lines: 

2025-04-23 13:22:52 [MQTT Call: ygw] WARN  com.example.mqtt.MessageData - No 'value' field found in message, skipping InfluxDB write.
2025-04-23 13:22:52 [MQTT Call: ygw] INFO  com.example.mqtt.MessageData - Topic: data/s/nhnacademy/b/gyeongnam_campus/p/campus/d/gem3500_1/n/사무실_전열3/e/power_meter
Message Data:
time: 1745382172055
type: 3
leakageCurrent: 0
current: 0
activePower: 0
reactivePower: 0
tapparentPower: 0
powerFactor: 0
currentUnbalance: 0
lines: 

2025-04-23 13:22:52 [MQTT Call: ygw] WARN  com.example.mqtt.MessageData - No 'value' field found in message, skipping InfluxDB write.
2025-04-23 13:22:52 [MQTT Call: ygw] INFO  com.example.mqtt.MessageData - Topic: data/s/nhnacademy/b/gyeongnam_campus/p/campus/d/gem3500_1/n/정수기/e/power_meter
Message Data:
time: 1745382172156
type: 1
leakageCurrent: 0
current: 69
activePower: 93
reactivePower: 119
tapparentPower: 151
powerFactor: 61.9
currentUnbalance: 0
lines: 

2025-04-23 13:22:52 [MQTT Call: ygw] WARN  com.example.mqtt.MessageData - No 'value' field found in message, skipping InfluxDB write.
2025-04-23 13:22:52 [MQTT Call: ygw] INFO  com.example.mqtt.MessageData - Topic: data/s/nhnacademy/b/gyeongnam_campus/p/campus/d/gem3500_1/n/하이브_전열/e/power_meter
Message Data:
time: 1745382172258
type: 2
leakageCurrent: 0
current: 65
activePower: 124
reactivePower: -47
tapparentPower: 143
powerFactor: 86.66
currentUnbalance: 0
lines: 

2025-04-23 13:22:52 [MQTT Call: ygw] WARN  com.example.mqtt.MessageData - No 'value' field found in message, skipping InfluxDB write.
2025-04-23 13:22:52 [MQTT Call: ygw] INFO  com.example.mqtt.MessageData - Topic: data/s/nhnacademy/b/gyeongnam_campus/p/campus/d/gem3500_1/n/바텐_전열/e/power_meter
Message Data:
time: 1745382172359
type: 3
leakageCurrent: 0
current: 0
activePower: 0
reactivePower: 0
tapparentPower: 0
powerFactor: 0
currentUnbalance: 0
lines: 

2025-04-23 13:22:52 [MQTT Call: ygw] WARN  com.example.mqtt.MessageData - No 'value' field found in message, skipping InfluxDB write.
2025-04-23 13:22:52 [MQTT Call: ygw] INFO  com.example.mqtt.MessageData - Topic: data/s/nhnacademy/b/gyeongnam_campus/p/campus/d/gem3500_1/n/S_P/e/power_meter
Message Data:
time: 1745382172459
type: 1
leakageCurrent: 0
current: 0
activePower: 0
reactivePower: 0
tapparentPower: 0
powerFactor: 0
currentUnbalance: 0
lines: 

2025-04-23 13:22:52 [MQTT Call: ygw] WARN  com.example.mqtt.MessageData - No 'value' field found in message, skipping InfluxDB write.
2025-04-23 13:22:52 [MQTT Call: ygw] INFO  com.example.mqtt.MessageData - Topic: data/s/nhnacademy/b/gyeongnam_campus/p/campus/d/gem3500_1/n/공조기/e/power_meter
Message Data:
time: 1745382172561
type: 2
leakageCurrent: 0
current: 199
activePower: 223
reactivePower: -21
tapparentPower: 436
powerFactor: 51.09
currentUnbalance: 0
lines: 

2025-04-23 13:22:52 [MQTT Call: ygw] WARN  com.example.mqtt.MessageData - No 'value' field found in message, skipping InfluxDB write.
2025-04-23 13:22:52 [MQTT Call: ygw] INFO  com.example.mqtt.MessageData - Topic: data/s/nhnacademy/b/gyeongnam_campus/p/campus/d/gem3500_1/n/AC/e/power_meter
Message Data:
time: 1745382172660
type: 3
leakageCurrent: 0
current: 160
activePower: 220
reactivePower: 33
tapparentPower: 340
powerFactor: 64.78
currentUnbalance: 0
lines: 

2025-04-23 13:22:52 [MQTT Call: ygw] WARN  com.example.mqtt.MessageData - No 'value' field found in message, skipping InfluxDB write.
2025-04-23 13:23:00 [MQTT Call: ygw] INFO  com.example.mqtt.MessageData - Topic: data/s/nhnacademy/b/gyeongnam_campus/p/office/d/24e124126d152919/n/보드/e/pressure
Message Data:
time: 1745382178896
value: 1004.9

2025-04-23 13:23:00 [MQTT Call: ygw] INFO  com.example.mqtt.InfluxDBService - Extracted tagkey -> location: office, kind: 보드, data: pressure
Value into InfluxDB: 1004.9
2025-04-23 13:23:00 [MQTT Call: ygw] INFO  com.example.mqtt.MessageData - Data sent to InfluxDBService: data/s/nhnacademy/b/gyeongnam_campus/p/office/d/24e124126d152919/n/보드/e/pressure -> 1004.9
2025-04-23 13:23:02 [MQTT Call: ygw] INFO  com.example.mqtt.MessageData - Topic: data/s/nhnacademy/b/gyeongnam_campus/p/office/d/24e124126d152919/n/보드/e/co2
Message Data:
time: 1745382178896
value: 713

2025-04-23 13:23:02 [MQTT Call: ygw] INFO  com.example.mqtt.InfluxDBService - Extracted tagkey -> location: office, kind: 보드, data: co2
Value into InfluxDB: 713.0
2025-04-23 13:23:02 [MQTT Call: ygw] INFO  com.example.mqtt.MessageData - Data sent to InfluxDBService: data/s/nhnacademy/b/gyeongnam_campus/p/office/d/24e124126d152919/n/보드/e/co2 -> 713.0
2025-04-23 13:23:02 [MQTT Call: ygw] INFO  com.example.mqtt.MessageData - Topic: data/s/nhnacademy/b/gyeongnam_campus/p/office/d/24e124126d152919/n/보드/e/temperature
Message Data:
time: 1745382178896
value: 24.5

2025-04-23 13:23:02 [MQTT Call: ygw] INFO  com.example.mqtt.InfluxDBService - Extracted tagkey -> location: office, kind: 보드, data: temperature
Value into InfluxDB: 24.5
2025-04-23 13:23:02 [MQTT Call: ygw] INFO  com.example.mqtt.MessageData - Data sent to InfluxDBService: data/s/nhnacademy/b/gyeongnam_campus/p/office/d/24e124126d152919/n/보드/e/temperature -> 24.5
2025-04-23 13:23:02 [MQTT Call: ygw] INFO  com.example.mqtt.MessageData - Topic: data/s/nhnacademy/b/gyeongnam_campus/p/office/d/24e124126d152919/n/보드/e/humidity
Message Data:
time: 1745382178896
value: 48.5

2025-04-23 13:23:02 [MQTT Call: ygw] INFO  com.example.mqtt.InfluxDBService - Extracted tagkey -> location: office, kind: 보드, data: humidity
Value into InfluxDB: 48.5
2025-04-23 13:23:02 [MQTT Call: ygw] INFO  com.example.mqtt.MessageData - Data sent to InfluxDBService: data/s/nhnacademy/b/gyeongnam_campus/p/office/d/24e124126d152919/n/보드/e/humidity -> 48.5
2025-04-23 13:23:02 [MQTT Call: ygw] INFO  com.example.mqtt.MessageData - Topic: data/s/nhnacademy/b/gyeongnam_campus/p/office/d/24e124126d152919/n/보드/g/24e124fffef79304/e/lora
Message Data:
time: 1745382178896
value: 

2025-04-23 13:23:02 [MQTT Call: ygw] INFO  com.example.mqtt.InfluxDBService - Extracted tagkey -> location: office, kind: 보드, data: lora
Value into InfluxDB: 0.0
2025-04-23 13:23:02 [MQTT Call: ygw] INFO  com.example.mqtt.MessageData - Data sent to InfluxDBService: data/s/nhnacademy/b/gyeongnam_campus/p/office/d/24e124126d152919/n/보드/g/24e124fffef79304/e/lora -> 0.0
2025-04-23 13:23:02 [MQTT Call: ygw] INFO  com.example.mqtt.MessageData - Topic: data/s/nhnacademy/b/gyeongnam_campus/p/office/d/24e124126d152919/n/보드/g/24e124fffef5dccc/e/lora
Message Data:
time: 1745382178896
value: 

2025-04-23 13:23:02 [MQTT Call: ygw] INFO  com.example.mqtt.InfluxDBService - Extracted tagkey -> location: office, kind: 보드, data: lora
Value into InfluxDB: 0.0
2025-04-23 13:23:02 [MQTT Call: ygw] INFO  com.example.mqtt.MessageData - Data sent to InfluxDBService: data/s/nhnacademy/b/gyeongnam_campus/p/office/d/24e124126d152919/n/보드/g/24e124fffef5dccc/e/lora -> 0.0
2025-04-23 13:23:11 [MQTT Call: ygw] INFO  com.example.mqtt.MessageData - Topic: data/s/nhnacademy/b/gyeongnam_campus/p/hive/d/24e124785c389010/n/정수기 위/e/temperature
Message Data:
time: 1745382190181
value: 23.4

2025-04-23 13:23:11 [MQTT Call: ygw] INFO  com.example.mqtt.InfluxDBService - Extracted tagkey -> location: hive, kind: 정수기 위, data: temperature
Value into InfluxDB: 23.4
2025-04-23 13:23:11 [MQTT Call: ygw] INFO  com.example.mqtt.MessageData - Data sent to InfluxDBService: data/s/nhnacademy/b/gyeongnam_campus/p/hive/d/24e124785c389010/n/정수기 위/e/temperature -> 23.4
2025-04-23 13:23:11 [MQTT Call: ygw] INFO  com.example.mqtt.MessageData - Topic: data/s/nhnacademy/b/gyeongnam_campus/p/hive/d/24e124785c389010/n/정수기 위/e/battery
Message Data:
time: 1745382190181
value: 85

2025-04-23 13:23:11 [MQTT Call: ygw] INFO  com.example.mqtt.InfluxDBService - Extracted tagkey -> location: hive, kind: 정수기 위, data: battery
Value into InfluxDB: 85.0
2025-04-23 13:23:11 [MQTT Call: ygw] INFO  com.example.mqtt.MessageData - Data sent to InfluxDBService: data/s/nhnacademy/b/gyeongnam_campus/p/hive/d/24e124785c389010/n/정수기 위/e/battery -> 85.0
2025-04-23 13:23:11 [MQTT Call: ygw] INFO  com.example.mqtt.MessageData - Topic: data/s/nhnacademy/b/gyeongnam_campus/p/hive/d/24e124785c389010/n/정수기 위/e/humidity
Message Data:
time: 1745382190181
value: 44

2025-04-23 13:23:11 [MQTT Call: ygw] INFO  com.example.mqtt.InfluxDBService - Extracted tagkey -> location: hive, kind: 정수기 위, data: humidity
Value into InfluxDB: 44.0
2025-04-23 13:23:11 [MQTT Call: ygw] INFO  com.example.mqtt.MessageData - Data sent to InfluxDBService: data/s/nhnacademy/b/gyeongnam_campus/p/hive/d/24e124785c389010/n/정수기 위/e/humidity -> 44.0
2025-04-23 13:23:11 [MQTT Call: ygw] INFO  com.example.mqtt.MessageData - Topic: data/s/nhnacademy/b/gyeongnam_campus/p/hive/d/24e124785c389010/n/정수기 위/g/24e124fffef79304/e/lora
Message Data:
time: 1745382190181
value: 

2025-04-23 13:23:11 [MQTT Call: ygw] INFO  com.example.mqtt.InfluxDBService - Extracted tagkey -> location: hive, kind: 정수기 위, data: lora
Value into InfluxDB: 0.0
2025-04-23 13:23:11 [MQTT Call: ygw] INFO  com.example.mqtt.MessageData - Data sent to InfluxDBService: data/s/nhnacademy/b/gyeongnam_campus/p/hive/d/24e124785c389010/n/정수기 위/g/24e124fffef79304/e/lora -> 0.0
2025-04-23 13:23:11 [MQTT Call: ygw] INFO  com.example.mqtt.MessageData - Topic: data/s/nhnacademy/b/gyeongnam_campus/p/hive/d/24e124785c389010/n/정수기 위/g/24e124fffef5dccc/e/lora
Message Data:
time: 1745382190181
value: 

2025-04-23 13:23:11 [MQTT Call: ygw] INFO  com.example.mqtt.InfluxDBService - Extracted tagkey -> location: hive, kind: 정수기 위, data: lora
Value into InfluxDB: 0.0
2025-04-23 13:23:11 [MQTT Call: ygw] INFO  com.example.mqtt.MessageData - Data sent to InfluxDBService: data/s/nhnacademy/b/gyeongnam_campus/p/hive/d/24e124785c389010/n/정수기 위/g/24e124fffef5dccc/e/lora -> 0.0
2025-04-23 13:23:14 [MQTT Call: ygw] INFO  com.example.mqtt.MessageData - Topic: data/s/nhnacademy/b/gyeongnam_campus/p/hive/d/24e124725d081175/sp/8인 책상/n/8인 책상/e/temperature
Message Data:
time: 1745382194334
value: 23.9

2025-04-23 13:23:14 [MQTT Call: ygw] INFO  com.example.mqtt.InfluxDBService - Extracted tagkey -> location: hive, kind: 8인 책상, data: temperature
Value into InfluxDB: 23.9
2025-04-23 13:23:14 [MQTT Call: ygw] INFO  com.example.mqtt.MessageData - Data sent to InfluxDBService: data/s/nhnacademy/b/gyeongnam_campus/p/hive/d/24e124725d081175/sp/8인 책상/n/8인 책상/e/temperature -> 23.9
2025-04-23 13:23:14 [MQTT Call: ygw] INFO  com.example.mqtt.MessageData - Topic: data/s/nhnacademy/b/gyeongnam_campus/p/hive/d/24e124725d081175/sp/8인 책상/n/8인 책상/e/humidity
Message Data:
time: 1745382194334
value: 43

2025-04-23 13:23:14 [MQTT Call: ygw] INFO  com.example.mqtt.InfluxDBService - Extracted tagkey -> location: hive, kind: 8인 책상, data: humidity
Value into InfluxDB: 43.0
2025-04-23 13:23:14 [MQTT Call: ygw] INFO  com.example.mqtt.MessageData - Data sent to InfluxDBService: data/s/nhnacademy/b/gyeongnam_campus/p/hive/d/24e124725d081175/sp/8인 책상/n/8인 책상/e/humidity -> 43.0
2025-04-23 13:23:14 [MQTT Call: ygw] INFO  com.example.mqtt.MessageData - Topic: data/s/nhnacademy/b/gyeongnam_campus/p/hive/d/24e124725d081175/sp/8인 책상/n/8인 책상/e/co2
Message Data:
time: 1745382194334
value: 545

2025-04-23 13:23:14 [MQTT Call: ygw] INFO  com.example.mqtt.InfluxDBService - Extracted tagkey -> location: hive, kind: 8인 책상, data: co2
Value into InfluxDB: 545.0
2025-04-23 13:23:14 [MQTT Call: ygw] INFO  com.example.mqtt.MessageData - Data sent to InfluxDBService: data/s/nhnacademy/b/gyeongnam_campus/p/hive/d/24e124725d081175/sp/8인 책상/n/8인 책상/e/co2 -> 545.0
2025-04-23 13:23:14 [MQTT Call: ygw] INFO  com.example.mqtt.MessageData - Topic: data/s/nhnacademy/b/gyeongnam_campus/p/hive/d/24e124725d081175/sp/8인 책상/n/8인 책상/e/battery
Message Data:
time: 1745382194334
value: 76

2025-04-23 13:23:14 [MQTT Call: ygw] INFO  com.example.mqtt.InfluxDBService - Extracted tagkey -> location: hive, kind: 8인 책상, data: battery
Value into InfluxDB: 76.0
2025-04-23 13:23:14 [MQTT Call: ygw] INFO  com.example.mqtt.MessageData - Data sent to InfluxDBService: data/s/nhnacademy/b/gyeongnam_campus/p/hive/d/24e124725d081175/sp/8인 책상/n/8인 책상/e/battery -> 76.0
2025-04-23 13:23:14 [MQTT Call: ygw] INFO  com.example.mqtt.MessageData - Topic: data/s/nhnacademy/b/gyeongnam_campus/p/hive/d/24e124725d081175/sp/8인 책상/n/8인 책상/g/24e124fffef79304/e/lora
Message Data:
time: 1745382194334
value: 

2025-04-23 13:23:14 [MQTT Call: ygw] INFO  com.example.mqtt.InfluxDBService - Extracted tagkey -> location: hive, kind: 8인 책상, data: lora
Value into InfluxDB: 0.0
2025-04-23 13:23:14 [MQTT Call: ygw] INFO  com.example.mqtt.MessageData - Data sent to InfluxDBService: data/s/nhnacademy/b/gyeongnam_campus/p/hive/d/24e124725d081175/sp/8인 책상/n/8인 책상/g/24e124fffef79304/e/lora -> 0.0
2025-04-23 13:23:14 [MQTT Call: ygw] INFO  com.example.mqtt.MessageData - Topic: data/s/nhnacademy/b/gyeongnam_campus/p/hive/d/24e124725d081175/sp/8인 책상/n/8인 책상/g/24e124fffef5dccc/e/lora
Message Data:
time: 1745382194334
value: 

2025-04-23 13:23:14 [MQTT Call: ygw] INFO  com.example.mqtt.InfluxDBService - Extracted tagkey -> location: hive, kind: 8인 책상, data: lora
Value into InfluxDB: 0.0
2025-04-23 13:23:14 [MQTT Call: ygw] INFO  com.example.mqtt.MessageData - Data sent to InfluxDBService: data/s/nhnacademy/b/gyeongnam_campus/p/hive/d/24e124725d081175/sp/8인 책상/n/8인 책상/g/24e124fffef5dccc/e/lora -> 0.0
2025-04-23 13:23:19 [MQTT Call: ygw] INFO  com.example.mqtt.MessageData - Topic: data/s/nhnacademy/b/gyeongnam_campus/p/class_a/d/24e124128c067999/sp/입구/n/입구/e/infrared_and_visible
Message Data:
time: 1745382198750
value: 46

2025-04-23 13:23:19 [MQTT Call: ygw] INFO  com.example.mqtt.InfluxDBService - Extracted tagkey -> location: class_a, kind: 입구, data: infrared_and_visible
Value into InfluxDB: 46.0
2025-04-23 13:23:19 [MQTT Call: ygw] INFO  com.example.mqtt.MessageData - Data sent to InfluxDBService: data/s/nhnacademy/b/gyeongnam_campus/p/class_a/d/24e124128c067999/sp/입구/n/입구/e/infrared_and_visible -> 46.0
2025-04-23 13:23:19 [MQTT Call: ygw] INFO  com.example.mqtt.MessageData - Topic: data/s/nhnacademy/b/gyeongnam_campus/p/class_a/d/24e124128c067999/sp/입구/n/입구/e/humidity
Message Data:
time: 1745382198750
value: 47

2025-04-23 13:23:19 [MQTT Call: ygw] INFO  com.example.mqtt.InfluxDBService - Extracted tagkey -> location: class_a, kind: 입구, data: humidity
Value into InfluxDB: 47.0
2025-04-23 13:23:19 [MQTT Call: ygw] INFO  com.example.mqtt.MessageData - Data sent to InfluxDBService: data/s/nhnacademy/b/gyeongnam_campus/p/class_a/d/24e124128c067999/sp/입구/n/입구/e/humidity -> 47.0
2025-04-23 13:23:19 [MQTT Call: ygw] INFO  com.example.mqtt.MessageData - Topic: data/s/nhnacademy/b/gyeongnam_campus/p/class_a/d/24e124128c067999/sp/입구/n/입구/e/activity
Message Data:
time: 1745382198750
value: 30

2025-04-23 13:23:19 [MQTT Call: ygw] INFO  com.example.mqtt.InfluxDBService - Extracted tagkey -> location: class_a, kind: 입구, data: activity
Value into InfluxDB: 30.0
2025-04-23 13:23:19 [MQTT Call: ygw] INFO  com.example.mqtt.MessageData - Data sent to InfluxDBService: data/s/nhnacademy/b/gyeongnam_campus/p/class_a/d/24e124128c067999/sp/입구/n/입구/e/activity -> 30.0
2025-04-23 13:23:19 [MQTT Call: ygw] INFO  com.example.mqtt.MessageData - Topic: data/s/nhnacademy/b/gyeongnam_campus/p/class_a/d/24e124128c067999/sp/입구/n/입구/e/co2
Message Data:
time: 1745382198750
value: 1056

2025-04-23 13:23:19 [MQTT Call: ygw] INFO  com.example.mqtt.InfluxDBService - Extracted tagkey -> location: class_a, kind: 입구, data: co2
Value into InfluxDB: 1056.0
2025-04-23 13:23:19 [MQTT Call: ygw] INFO  com.example.mqtt.MessageData - Data sent to InfluxDBService: data/s/nhnacademy/b/gyeongnam_campus/p/class_a/d/24e124128c067999/sp/입구/n/입구/e/co2 -> 1056.0
2025-04-23 13:23:19 [MQTT Call: ygw] INFO  com.example.mqtt.MessageData - Topic: data/s/nhnacademy/b/gyeongnam_campus/p/class_a/d/24e124128c067999/sp/입구/n/입구/e/tvoc
Message Data:
time: 1745382198750
value: 305

2025-04-23 13:23:19 [MQTT Call: ygw] INFO  com.example.mqtt.InfluxDBService - Extracted tagkey -> location: class_a, kind: 입구, data: tvoc
Value into InfluxDB: 305.0
2025-04-23 13:23:19 [MQTT Call: ygw] INFO  com.example.mqtt.MessageData - Data sent to InfluxDBService: data/s/nhnacademy/b/gyeongnam_campus/p/class_a/d/24e124128c067999/sp/입구/n/입구/e/tvoc -> 305.0
2025-04-23 13:23:19 [MQTT Call: ygw] INFO  com.example.mqtt.MessageData - Topic: data/s/nhnacademy/b/gyeongnam_campus/p/class_a/d/24e124128c067999/sp/입구/n/입구/e/illumination
Message Data:
time: 1745382198750
value: 67

2025-04-23 13:23:19 [MQTT Call: ygw] INFO  com.example.mqtt.InfluxDBService - Extracted tagkey -> location: class_a, kind: 입구, data: illumination
Value into InfluxDB: 67.0
2025-04-23 13:23:19 [MQTT Call: ygw] INFO  com.example.mqtt.MessageData - Data sent to InfluxDBService: data/s/nhnacademy/b/gyeongnam_campus/p/class_a/d/24e124128c067999/sp/입구/n/입구/e/illumination -> 67.0
2025-04-23 13:23:19 [MQTT Call: ygw] INFO  com.example.mqtt.MessageData - Topic: data/s/nhnacademy/b/gyeongnam_campus/p/class_a/d/24e124128c067999/sp/입구/n/입구/e/temperature
Message Data:
time: 1745382198750
value: 24.1

2025-04-23 13:23:19 [MQTT Call: ygw] INFO  com.example.mqtt.InfluxDBService - Extracted tagkey -> location: class_a, kind: 입구, data: temperature
Value into InfluxDB: 24.1
2025-04-23 13:23:19 [MQTT Call: ygw] INFO  com.example.mqtt.MessageData - Data sent to InfluxDBService: data/s/nhnacademy/b/gyeongnam_campus/p/class_a/d/24e124128c067999/sp/입구/n/입구/e/temperature -> 24.1
2025-04-23 13:23:19 [MQTT Call: ygw] INFO  com.example.mqtt.MessageData - Topic: data/s/nhnacademy/b/gyeongnam_campus/p/class_a/d/24e124128c067999/sp/입구/n/입구/e/pressure
Message Data:
time: 1745382198750
value: 997.6

2025-04-23 13:23:19 [MQTT Call: ygw] INFO  com.example.mqtt.InfluxDBService - Extracted tagkey -> location: class_a, kind: 입구, data: pressure
Value into InfluxDB: 997.6
2025-04-23 13:23:19 [MQTT Call: ygw] INFO  com.example.mqtt.MessageData - Data sent to InfluxDBService: data/s/nhnacademy/b/gyeongnam_campus/p/class_a/d/24e124128c067999/sp/입구/n/입구/e/pressure -> 997.6
2025-04-23 13:23:19 [MQTT Call: ygw] INFO  com.example.mqtt.MessageData - Topic: data/s/nhnacademy/b/gyeongnam_campus/p/class_a/d/24e124128c067999/sp/입구/n/입구/e/infrared
Message Data:
time: 1745382198750
value: 7

2025-04-23 13:23:19 [MQTT Call: ygw] INFO  com.example.mqtt.InfluxDBService - Extracted tagkey -> location: class_a, kind: 입구, data: infrared
Value into InfluxDB: 7.0
2025-04-23 13:23:19 [MQTT Call: ygw] INFO  com.example.mqtt.MessageData - Data sent to InfluxDBService: data/s/nhnacademy/b/gyeongnam_campus/p/class_a/d/24e124128c067999/sp/입구/n/입구/e/infrared -> 7.0
2025-04-23 13:23:19 [MQTT Call: ygw] INFO  com.example.mqtt.MessageData - Topic: data/s/nhnacademy/b/gyeongnam_campus/p/class_a/d/24e124128c067999/sp/입구/n/입구/g/24e124fffef5dccc/e/lora
Message Data:
time: 1745382198750
value: 

2025-04-23 13:23:19 [MQTT Call: ygw] INFO  com.example.mqtt.InfluxDBService - Extracted tagkey -> location: class_a, kind: 입구, data: lora
Value into InfluxDB: 0.0
2025-04-23 13:23:19 [MQTT Call: ygw] INFO  com.example.mqtt.MessageData - Data sent to InfluxDBService: data/s/nhnacademy/b/gyeongnam_campus/p/class_a/d/24e124128c067999/sp/입구/n/입구/g/24e124fffef5dccc/e/lora -> 0.0
2025-04-23 13:23:19 [MQTT Call: ygw] INFO  com.example.mqtt.MessageData - Topic: data/s/nhnacademy/b/gyeongnam_campus/p/class_a/d/24e124128c067999/sp/입구/n/입구/g/24e124fffef79304/e/lora
Message Data:
time: 1745382198750
value: 

2025-04-23 13:23:19 [MQTT Call: ygw] INFO  com.example.mqtt.InfluxDBService - Extracted tagkey -> location: class_a, kind: 입구, data: lora
Value into InfluxDB: 0.0
2025-04-23 13:23:19 [MQTT Call: ygw] INFO  com.example.mqtt.MessageData - Data sent to InfluxDBService: data/s/nhnacademy/b/gyeongnam_campus/p/class_a/d/24e124128c067999/sp/입구/n/입구/g/24e124fffef79304/e/lora -> 0.0
2025-04-23 13:23:24 [MQTT Call: ygw] INFO  com.example.mqtt.MessageData - Topic: data/s/nhnacademy/b/gyeongnam_campus/p/server_room/d/24e124136d151368/n/입구/e/humidity
Message Data:
time: 1745382203722
value: 45.5

2025-04-23 13:23:24 [MQTT Call: ygw] INFO  com.example.mqtt.InfluxDBService - Extracted tagkey -> location: server_room, kind: 입구, data: humidity
Value into InfluxDB: 45.5
2025-04-23 13:23:24 [MQTT Call: ygw] INFO  com.example.mqtt.MessageData - Data sent to InfluxDBService: data/s/nhnacademy/b/gyeongnam_campus/p/server_room/d/24e124136d151368/n/입구/e/humidity -> 45.5
2025-04-23 13:23:24 [MQTT Call: ygw] INFO  com.example.mqtt.MessageData - Topic: data/s/nhnacademy/b/gyeongnam_campus/p/server_room/d/24e124136d151368/n/입구/e/temperature
Message Data:
time: 1745382203722
value: 24.3

2025-04-23 13:23:24 [MQTT Call: ygw] INFO  com.example.mqtt.InfluxDBService - Extracted tagkey -> location: server_room, kind: 입구, data: temperature
Value into InfluxDB: 24.3
2025-04-23 13:23:24 [MQTT Call: ygw] INFO  com.example.mqtt.MessageData - Data sent to InfluxDBService: data/s/nhnacademy/b/gyeongnam_campus/p/server_room/d/24e124136d151368/n/입구/e/temperature -> 24.3
2025-04-23 13:23:24 [MQTT Call: ygw] INFO  com.example.mqtt.MessageData - Topic: data/s/nhnacademy/b/gyeongnam_campus/p/server_room/d/24e124136d151368/n/입구/g/24e124fffef5dccc/e/lora
Message Data:
time: 1745382203722
value: 

2025-04-23 13:23:24 [MQTT Call: ygw] INFO  com.example.mqtt.InfluxDBService - Extracted tagkey -> location: server_room, kind: 입구, data: lora
Value into InfluxDB: 0.0
2025-04-23 13:23:24 [MQTT Call: ygw] INFO  com.example.mqtt.MessageData - Data sent to InfluxDBService: data/s/nhnacademy/b/gyeongnam_campus/p/server_room/d/24e124136d151368/n/입구/g/24e124fffef5dccc/e/lora -> 0.0
2025-04-23 13:23:24 [MQTT Call: ygw] INFO  com.example.mqtt.MessageData - Topic: data/s/nhnacademy/b/gyeongnam_campus/p/server_room/d/24e124136d151368/n/입구/g/24e124fffef79304/e/lora
Message Data:
time: 1745382203722
value: 

2025-04-23 13:23:24 [MQTT Call: ygw] INFO  com.example.mqtt.InfluxDBService - Extracted tagkey -> location: server_room, kind: 입구, data: lora
Value into InfluxDB: 0.0
2025-04-23 13:23:24 [MQTT Call: ygw] INFO  com.example.mqtt.MessageData - Data sent to InfluxDBService: data/s/nhnacademy/b/gyeongnam_campus/p/server_room/d/24e124136d151368/n/입구/g/24e124fffef79304/e/lora -> 0.0
2025-04-23 13:23:24 [MQTT Call: ygw] INFO  com.example.mqtt.MessageData - Topic: data/s/nhnacademy/b/gyeongnam_campus/p/pair_room/d/24e124617d159573/n/2/e/occupancy
Message Data:
time: 1745382204048
value: 0

2025-04-23 13:23:24 [MQTT Call: ygw] INFO  com.example.mqtt.InfluxDBService - Extracted tagkey -> location: pair_room, kind: 2, data: occupancy
Value into InfluxDB: 0.0
2025-04-23 13:23:24 [MQTT Call: ygw] INFO  com.example.mqtt.MessageData - Data sent to InfluxDBService: data/s/nhnacademy/b/gyeongnam_campus/p/pair_room/d/24e124617d159573/n/2/e/occupancy -> 0.0
2025-04-23 13:23:24 [MQTT Call: ygw] INFO  com.example.mqtt.MessageData - Topic: data/s/nhnacademy/b/gyeongnam_campus/p/pair_room/d/24e124617d159573/n/2/e/distance
Message Data:
time: 1745382204048
value: 2235

2025-04-23 13:23:24 [MQTT Call: ygw] INFO  com.example.mqtt.InfluxDBService - Extracted tagkey -> location: pair_room, kind: 2, data: distance
Value into InfluxDB: 2235.0
2025-04-23 13:23:24 [MQTT Call: ygw] INFO  com.example.mqtt.MessageData - Data sent to InfluxDBService: data/s/nhnacademy/b/gyeongnam_campus/p/pair_room/d/24e124617d159573/n/2/e/distance -> 2235.0
2025-04-23 13:23:24 [MQTT Call: ygw] INFO  com.example.mqtt.MessageData - Topic: data/s/nhnacademy/b/gyeongnam_campus/p/pair_room/d/24e124617d159573/n/2/e/battery
Message Data:
time: 1745382204048
value: 32

2025-04-23 13:23:24 [MQTT Call: ygw] INFO  com.example.mqtt.InfluxDBService - Extracted tagkey -> location: pair_room, kind: 2, data: battery
Value into InfluxDB: 32.0
2025-04-23 13:23:24 [MQTT Call: ygw] INFO  com.example.mqtt.MessageData - Data sent to InfluxDBService: data/s/nhnacademy/b/gyeongnam_campus/p/pair_room/d/24e124617d159573/n/2/e/battery -> 32.0
2025-04-23 13:23:24 [MQTT Call: ygw] INFO  com.example.mqtt.MessageData - Topic: data/s/nhnacademy/b/gyeongnam_campus/p/pair_room/d/24e124617d159573/n/2/g/24e124fffef79304/e/lora
Message Data:
time: 1745382204048
value: 

2025-04-23 13:23:24 [MQTT Call: ygw] INFO  com.example.mqtt.InfluxDBService - Extracted tagkey -> location: pair_room, kind: 2, data: lora
Value into InfluxDB: 0.0
2025-04-23 13:23:24 [MQTT Call: ygw] INFO  com.example.mqtt.MessageData - Data sent to InfluxDBService: data/s/nhnacademy/b/gyeongnam_campus/p/pair_room/d/24e124617d159573/n/2/g/24e124fffef79304/e/lora -> 0.0
2025-04-23 13:23:24 [MQTT Call: ygw] INFO  com.example.mqtt.MessageData - Topic: data/s/nhnacademy/b/gyeongnam_campus/p/pair_room/d/24e124617d159573/n/2/g/24e124fffef5dccc/e/lora
Message Data:
time: 1745382204048
value: 

2025-04-23 13:23:24 [MQTT Call: ygw] INFO  com.example.mqtt.InfluxDBService - Extracted tagkey -> location: pair_room, kind: 2, data: lora
Value into InfluxDB: 0.0
2025-04-23 13:23:24 [MQTT Call: ygw] INFO  com.example.mqtt.MessageData - Data sent to InfluxDBService: data/s/nhnacademy/b/gyeongnam_campus/p/pair_room/d/24e124617d159573/n/2/g/24e124fffef5dccc/e/lora -> 0.0
2025-04-23 13:23:28 [MQTT Call: ygw] INFO  com.example.mqtt.MessageData - Topic: data/s/nhnacademy/b/gyeongnam_campus/p/hive/d/24e124126c452091/sp/farm/n/스마트팜/e/temperature
Message Data:
time: 1745382208082
value: 23.2

2025-04-23 13:23:28 [MQTT Call: ygw] INFO  com.example.mqtt.InfluxDBService - Extracted tagkey -> location: hive, kind: 스마트팜, data: temperature
Value into InfluxDB: 23.2
2025-04-23 13:23:28 [MQTT Call: ygw] INFO  com.example.mqtt.MessageData - Data sent to InfluxDBService: data/s/nhnacademy/b/gyeongnam_campus/p/hive/d/24e124126c452091/sp/farm/n/스마트팜/e/temperature -> 23.2
2025-04-23 13:23:28 [MQTT Call: ygw] INFO  com.example.mqtt.MessageData - Topic: data/s/nhnacademy/b/gyeongnam_campus/p/hive/d/24e124126c452091/sp/farm/n/스마트팜/g/24e124fffef5dccc/e/lora
Message Data:
time: 1745382208082
value: 

2025-04-23 13:23:28 [MQTT Call: ygw] INFO  com.example.mqtt.InfluxDBService - Extracted tagkey -> location: hive, kind: 스마트팜, data: lora
Value into InfluxDB: 0.0
2025-04-23 13:23:28 [MQTT Call: ygw] INFO  com.example.mqtt.MessageData - Data sent to InfluxDBService: data/s/nhnacademy/b/gyeongnam_campus/p/hive/d/24e124126c452091/sp/farm/n/스마트팜/g/24e124fffef5dccc/e/lora -> 0.0
2025-04-23 13:23:28 [MQTT Call: ygw] INFO  com.example.mqtt.MessageData - Topic: data/s/nhnacademy/b/gyeongnam_campus/p/hive/d/24e124126c452091/sp/farm/n/스마트팜/g/24e124fffef79304/e/lora
Message Data:
time: 1745382208082
value: 

2025-04-23 13:23:28 [MQTT Call: ygw] INFO  com.example.mqtt.InfluxDBService - Extracted tagkey -> location: hive, kind: 스마트팜, data: lora
Value into InfluxDB: 0.0
2025-04-23 13:23:28 [MQTT Call: ygw] INFO  com.example.mqtt.MessageData - Data sent to InfluxDBService: data/s/nhnacademy/b/gyeongnam_campus/p/hive/d/24e124126c452091/sp/farm/n/스마트팜/g/24e124fffef79304/e/lora -> 0.0
2025-04-23 13:23:37 [MQTT Call: ygw] INFO  com.example.mqtt.MessageData - Topic: data/s/nhnacademy/b/gyeongnam_campus/p/hive/d/24e124126d111937/sp/farm/n/스마트팜/e/illumination
Message Data:
time: 1745382216721
value: 320

2025-04-23 13:23:37 [MQTT Call: ygw] INFO  com.example.mqtt.InfluxDBService - Extracted tagkey -> location: hive, kind: 스마트팜, data: illumination
Value into InfluxDB: 320.0
2025-04-23 13:23:37 [MQTT Call: ygw] INFO  com.example.mqtt.MessageData - Data sent to InfluxDBService: data/s/nhnacademy/b/gyeongnam_campus/p/hive/d/24e124126d111937/sp/farm/n/스마트팜/e/illumination -> 320.0
2025-04-23 13:23:37 [MQTT Call: ygw] INFO  com.example.mqtt.MessageData - Topic: data/s/nhnacademy/b/gyeongnam_campus/p/hive/d/24e124126d111937/sp/farm/n/스마트팜/g/24e124fffef5dccc/e/lora
Message Data:
time: 1745382216721
value: 

2025-04-23 13:23:37 [MQTT Call: ygw] INFO  com.example.mqtt.InfluxDBService - Extracted tagkey -> location: hive, kind: 스마트팜, data: lora
Value into InfluxDB: 0.0
2025-04-23 13:23:37 [MQTT Call: ygw] INFO  com.example.mqtt.MessageData - Data sent to InfluxDBService: data/s/nhnacademy/b/gyeongnam_campus/p/hive/d/24e124126d111937/sp/farm/n/스마트팜/g/24e124fffef5dccc/e/lora -> 0.0
2025-04-23 13:23:37 [MQTT Call: ygw] INFO  com.example.mqtt.MessageData - Topic: data/s/nhnacademy/b/gyeongnam_campus/p/hive/d/24e124126d111937/sp/farm/n/스마트팜/g/24e124fffef79304/e/lora
Message Data:
time: 1745382216721
value: 

2025-04-23 13:23:37 [MQTT Call: ygw] INFO  com.example.mqtt.InfluxDBService - Extracted tagkey -> location: hive, kind: 스마트팜, data: lora
Value into InfluxDB: 0.0
2025-04-23 13:23:37 [MQTT Call: ygw] INFO  com.example.mqtt.MessageData - Data sent to InfluxDBService: data/s/nhnacademy/b/gyeongnam_campus/p/hive/d/24e124126d111937/sp/farm/n/스마트팜/g/24e124fffef79304/e/lora -> 0.0
2025-04-23 13:23:39 [MQTT Call: ygw] INFO  com.example.mqtt.MessageData - Topic: data/s/nhnacademy/b/gyeongnam_campus/p/class_a/d/24e124126d152969/n/왼쪽 뒤/e/pressure
Message Data:
time: 1745382218962
value: 1005

2025-04-23 13:23:39 [MQTT Call: ygw] INFO  com.example.mqtt.InfluxDBService - Extracted tagkey -> location: class_a, kind: 왼쪽 뒤, data: pressure
Value into InfluxDB: 1005.0
2025-04-23 13:23:39 [MQTT Call: ygw] INFO  com.example.mqtt.MessageData - Data sent to InfluxDBService: data/s/nhnacademy/b/gyeongnam_campus/p/class_a/d/24e124126d152969/n/왼쪽 뒤/e/pressure -> 1005.0
2025-04-23 13:23:39 [MQTT Call: ygw] INFO  com.example.mqtt.MessageData - Topic: data/s/nhnacademy/b/gyeongnam_campus/p/class_a/d/24e124126d152969/n/왼쪽 뒤/e/co2
Message Data:
time: 1745382218962
value: 1120

2025-04-23 13:23:39 [MQTT Call: ygw] INFO  com.example.mqtt.InfluxDBService - Extracted tagkey -> location: class_a, kind: 왼쪽 뒤, data: co2
Value into InfluxDB: 1120.0
2025-04-23 13:23:39 [MQTT Call: ygw] INFO  com.example.mqtt.MessageData - Data sent to InfluxDBService: data/s/nhnacademy/b/gyeongnam_campus/p/class_a/d/24e124126d152969/n/왼쪽 뒤/e/co2 -> 1120.0
2025-04-23 13:23:39 [MQTT Call: ygw] INFO  com.example.mqtt.MessageData - Topic: data/s/nhnacademy/b/gyeongnam_campus/p/class_a/d/24e124126d152969/n/왼쪽 뒤/e/humidity
Message Data:
time: 1745382218962
value: 51.5

2025-04-23 13:23:39 [MQTT Call: ygw] INFO  com.example.mqtt.InfluxDBService - Extracted tagkey -> location: class_a, kind: 왼쪽 뒤, data: humidity
Value into InfluxDB: 51.5
2025-04-23 13:23:39 [MQTT Call: ygw] INFO  com.example.mqtt.MessageData - Data sent to InfluxDBService: data/s/nhnacademy/b/gyeongnam_campus/p/class_a/d/24e124126d152969/n/왼쪽 뒤/e/humidity -> 51.5
2025-04-23 13:23:39 [MQTT Call: ygw] INFO  com.example.mqtt.MessageData - Topic: data/s/nhnacademy/b/gyeongnam_campus/p/class_a/d/24e124126d152969/n/왼쪽 뒤/e/temperature
Message Data:
time: 1745382218962
value: 23.6

2025-04-23 13:23:39 [MQTT Call: ygw] INFO  com.example.mqtt.InfluxDBService - Extracted tagkey -> location: class_a, kind: 왼쪽 뒤, data: temperature
Value into InfluxDB: 23.6
2025-04-23 13:23:39 [MQTT Call: ygw] INFO  com.example.mqtt.MessageData - Data sent to InfluxDBService: data/s/nhnacademy/b/gyeongnam_campus/p/class_a/d/24e124126d152969/n/왼쪽 뒤/e/temperature -> 23.6
2025-04-23 13:23:39 [MQTT Call: ygw] INFO  com.example.mqtt.MessageData - Topic: data/s/nhnacademy/b/gyeongnam_campus/p/class_a/d/24e124126d152969/n/왼쪽 뒤/g/24e124fffef79304/e/lora
Message Data:
time: 1745382218962
value: 

2025-04-23 13:23:39 [MQTT Call: ygw] INFO  com.example.mqtt.InfluxDBService - Extracted tagkey -> location: class_a, kind: 왼쪽 뒤, data: lora
Value into InfluxDB: 0.0
2025-04-23 13:23:39 [MQTT Call: ygw] INFO  com.example.mqtt.MessageData - Data sent to InfluxDBService: data/s/nhnacademy/b/gyeongnam_campus/p/class_a/d/24e124126d152969/n/왼쪽 뒤/g/24e124fffef79304/e/lora -> 0.0
2025-04-23 13:23:39 [MQTT Call: ygw] INFO  com.example.mqtt.MessageData - Topic: data/s/nhnacademy/b/gyeongnam_campus/p/class_a/d/24e124126d152969/n/왼쪽 뒤/e/temperature
Message Data:
time: 1745382218962
value: 23.6

2025-04-23 13:23:39 [MQTT Call: ygw] INFO  com.example.mqtt.InfluxDBService - Extracted tagkey -> location: class_a, kind: 왼쪽 뒤, data: temperature
Value into InfluxDB: 23.6
2025-04-23 13:23:39 [MQTT Call: ygw] INFO  com.example.mqtt.MessageData - Data sent to InfluxDBService: data/s/nhnacademy/b/gyeongnam_campus/p/class_a/d/24e124126d152969/n/왼쪽 뒤/e/temperature -> 23.6
2025-04-23 13:23:39 [MQTT Call: ygw] INFO  com.example.mqtt.MessageData - Topic: data/s/nhnacademy/b/gyeongnam_campus/p/class_a/d/24e124126d152969/n/왼쪽 뒤/e/humidity
Message Data:
time: 1745382218962
value: 51.5

2025-04-23 13:23:39 [MQTT Call: ygw] INFO  com.example.mqtt.InfluxDBService - Extracted tagkey -> location: class_a, kind: 왼쪽 뒤, data: humidity
Value into InfluxDB: 51.5
2025-04-23 13:23:39 [MQTT Call: ygw] INFO  com.example.mqtt.MessageData - Data sent to InfluxDBService: data/s/nhnacademy/b/gyeongnam_campus/p/class_a/d/24e124126d152969/n/왼쪽 뒤/e/humidity -> 51.5
2025-04-23 13:23:39 [MQTT Call: ygw] INFO  com.example.mqtt.MessageData - Topic: data/s/nhnacademy/b/gyeongnam_campus/p/class_a/d/24e124126d152969/n/왼쪽 뒤/e/co2
Message Data:
time: 1745382218962
value: 1120

2025-04-23 13:23:39 [MQTT Call: ygw] INFO  com.example.mqtt.InfluxDBService - Extracted tagkey -> location: class_a, kind: 왼쪽 뒤, data: co2
Value into InfluxDB: 1120.0
2025-04-23 13:23:39 [MQTT Call: ygw] INFO  com.example.mqtt.MessageData - Data sent to InfluxDBService: data/s/nhnacademy/b/gyeongnam_campus/p/class_a/d/24e124126d152969/n/왼쪽 뒤/e/co2 -> 1120.0
2025-04-23 13:23:39 [MQTT Call: ygw] INFO  com.example.mqtt.MessageData - Topic: data/s/nhnacademy/b/gyeongnam_campus/p/class_a/d/24e124126d152969/n/왼쪽 뒤/e/pressure
Message Data:
time: 1745382218962
value: 1005

2025-04-23 13:23:39 [MQTT Call: ygw] INFO  com.example.mqtt.InfluxDBService - Extracted tagkey -> location: class_a, kind: 왼쪽 뒤, data: pressure
Value into InfluxDB: 1005.0
2025-04-23 13:23:39 [MQTT Call: ygw] INFO  com.example.mqtt.MessageData - Data sent to InfluxDBService: data/s/nhnacademy/b/gyeongnam_campus/p/class_a/d/24e124126d152969/n/왼쪽 뒤/e/pressure -> 1005.0
2025-04-23 13:23:39 [MQTT Call: ygw] INFO  com.example.mqtt.MessageData - Topic: data/s/nhnacademy/b/gyeongnam_campus/p/class_a/d/24e124126d152969/n/왼쪽 뒤/g/24e124fffef79304/e/lora
Message Data:
time: 1745382218962
value: 

2025-04-23 13:23:39 [MQTT Call: ygw] INFO  com.example.mqtt.InfluxDBService - Extracted tagkey -> location: class_a, kind: 왼쪽 뒤, data: lora
Value into InfluxDB: 0.0
2025-04-23 13:23:39 [MQTT Call: ygw] INFO  com.example.mqtt.MessageData - Data sent to InfluxDBService: data/s/nhnacademy/b/gyeongnam_campus/p/class_a/d/24e124126d152969/n/왼쪽 뒤/g/24e124fffef79304/e/lora -> 0.0
2025-04-23 13:23:39 [MQTT Call: ygw] INFO  com.example.mqtt.MessageData - Topic: data/s/nhnacademy/b/gyeongnam_campus/p/class_a/d/24e124126d152969/n/왼쪽 뒤/g/24e124fffef5dccc/e/lora
Message Data:
time: 1745382218962
value: 

2025-04-23 13:23:39 [MQTT Call: ygw] INFO  com.example.mqtt.InfluxDBService - Extracted tagkey -> location: class_a, kind: 왼쪽 뒤, data: lora
Value into InfluxDB: 0.0
2025-04-23 13:23:39 [MQTT Call: ygw] INFO  com.example.mqtt.MessageData - Data sent to InfluxDBService: data/s/nhnacademy/b/gyeongnam_campus/p/class_a/d/24e124126d152969/n/왼쪽 뒤/g/24e124fffef5dccc/e/lora -> 0.0
2025-04-23 13:23:43 [MQTT Call: ygw] INFO  com.example.mqtt.MessageData - Topic: data/s/nhnacademy/b/gyeongnam_campus/p/storage/d/24e124136d151547/n/입구/e/humidity
Message Data:
time: 1745382222825
value: 127.5

2025-04-23 13:23:43 [MQTT Call: ygw] INFO  com.example.mqtt.InfluxDBService - Extracted tagkey -> location: storage, kind: 입구, data: humidity
Value into InfluxDB: 127.5
2025-04-23 13:23:43 [MQTT Call: ygw] INFO  com.example.mqtt.MessageData - Data sent to InfluxDBService: data/s/nhnacademy/b/gyeongnam_campus/p/storage/d/24e124136d151547/n/입구/e/humidity -> 127.5
2025-04-23 13:23:43 [MQTT Call: ygw] INFO  com.example.mqtt.MessageData - Topic: data/s/nhnacademy/b/gyeongnam_campus/p/storage/d/24e124136d151547/n/입구/e/temperature
Message Data:
time: 1745382222825
value: -0.1

2025-04-23 13:23:43 [MQTT Call: ygw] INFO  com.example.mqtt.InfluxDBService - Extracted tagkey -> location: storage, kind: 입구, data: temperature
Value into InfluxDB: -0.1
2025-04-23 13:23:43 [MQTT Call: ygw] INFO  com.example.mqtt.MessageData - Data sent to InfluxDBService: data/s/nhnacademy/b/gyeongnam_campus/p/storage/d/24e124136d151547/n/입구/e/temperature -> -0.1
2025-04-23 13:23:43 [MQTT Call: ygw] INFO  com.example.mqtt.MessageData - Topic: data/s/nhnacademy/b/gyeongnam_campus/p/storage/d/24e124136d151547/n/입구/e/battery
Message Data:
time: 1745382222825
value: 1

2025-04-23 13:23:43 [MQTT Call: ygw] INFO  com.example.mqtt.InfluxDBService - Extracted tagkey -> location: storage, kind: 입구, data: battery
Value into InfluxDB: 1.0
2025-04-23 13:23:43 [MQTT Call: ygw] INFO  com.example.mqtt.MessageData - Data sent to InfluxDBService: data/s/nhnacademy/b/gyeongnam_campus/p/storage/d/24e124136d151547/n/입구/e/battery -> 1.0
2025-04-23 13:23:43 [MQTT Call: ygw] INFO  com.example.mqtt.MessageData - Topic: data/s/nhnacademy/b/gyeongnam_campus/p/storage/d/24e124136d151547/n/입구/g/24e124fffef5dccc/e/lora
Message Data:
time: 1745382222825
value: 

2025-04-23 13:23:43 [MQTT Call: ygw] INFO  com.example.mqtt.InfluxDBService - Extracted tagkey -> location: storage, kind: 입구, data: lora
Value into InfluxDB: 0.0
2025-04-23 13:23:43 [MQTT Call: ygw] INFO  com.example.mqtt.MessageData - Data sent to InfluxDBService: data/s/nhnacademy/b/gyeongnam_campus/p/storage/d/24e124136d151547/n/입구/g/24e124fffef5dccc/e/lora -> 0.0
2025-04-23 13:23:43 [MQTT Call: ygw] INFO  com.example.mqtt.MessageData - Topic: data/s/nhnacademy/b/gyeongnam_campus/p/storage/d/24e124136d151547/n/입구/g/24e124fffef79304/e/lora
Message Data:
time: 1745382222825
value: 

2025-04-23 13:23:43 [MQTT Call: ygw] INFO  com.example.mqtt.InfluxDBService - Extracted tagkey -> location: storage, kind: 입구, data: lora
Value into InfluxDB: 0.0
2025-04-23 13:23:43 [MQTT Call: ygw] INFO  com.example.mqtt.MessageData - Data sent to InfluxDBService: data/s/nhnacademy/b/gyeongnam_campus/p/storage/d/24e124136d151547/n/입구/g/24e124fffef79304/e/lora -> 0.0
2025-04-23 13:23:51 [MQTT Call: ygw] INFO  com.example.mqtt.MessageData - Topic: data/s/nhnacademy/b/gyeongnam_campus/p/campus/d/gem3500_1/n/캠퍼스_LL/e/voltage
Message Data:
time: 1745382230230
value: 378.38

2025-04-23 13:23:51 [MQTT Call: ygw] INFO  com.example.mqtt.InfluxDBService - Extracted tagkey -> location: campus, kind: 캠퍼스_LL, data: voltage
Value into InfluxDB: 378.38
2025-04-23 13:23:51 [MQTT Call: ygw] INFO  com.example.mqtt.MessageData - Data sent to InfluxDBService: data/s/nhnacademy/b/gyeongnam_campus/p/campus/d/gem3500_1/n/캠퍼스_LL/e/voltage -> 378.38
2025-04-23 13:23:51 [MQTT Call: ygw] INFO  com.example.mqtt.MessageData - Topic: data/s/nhnacademy/b/gyeongnam_campus/p/campus/d/gem3500_1/n/캠퍼스_LN/e/voltage
Message Data:
time: 1745382230230
value: 218.45

2025-04-23 13:23:51 [MQTT Call: ygw] INFO  com.example.mqtt.InfluxDBService - Extracted tagkey -> location: campus, kind: 캠퍼스_LN, data: voltage
Value into InfluxDB: 218.45
2025-04-23 13:23:51 [MQTT Call: ygw] INFO  com.example.mqtt.MessageData - Data sent to InfluxDBService: data/s/nhnacademy/b/gyeongnam_campus/p/campus/d/gem3500_1/n/캠퍼스_LN/e/voltage -> 218.45
2025-04-23 13:23:51 [MQTT Call: ygw] INFO  com.example.mqtt.MessageData - Topic: data/s/nhnacademy/b/gyeongnam_campus/p/campus/d/gem3500_1/n/캠퍼스1/e/power_meter
Message Data:
time: 1745382230333
type: 5
leakageCurrent: 0
current: 2888
activePower: 5400
reactivePower: -1824
tapparentPower: 6310
powerFactor: 85.58
currentUnbalance: 54.81
lines: 

2025-04-23 13:23:51 [MQTT Call: ygw] WARN  com.example.mqtt.MessageData - No 'value' field found in message, skipping InfluxDB write.
2025-04-23 13:23:51 [MQTT Call: ygw] INFO  com.example.mqtt.MessageData - Topic: data/s/nhnacademy/b/gyeongnam_campus/p/campus/d/gem3500_1/n/전등1/e/power_meter
Message Data:
time: 1745382230433
type: 3
leakageCurrent: 0
current: 700
activePower: 1308
reactivePower: -326
tapparentPower: 1526
powerFactor: 85.69
currentUnbalance: 0
lines: 

2025-04-23 13:23:51 [MQTT Call: ygw] WARN  com.example.mqtt.MessageData - No 'value' field found in message, skipping InfluxDB write.
2025-04-23 13:23:51 [MQTT Call: ygw] INFO  com.example.mqtt.MessageData - Topic: data/s/nhnacademy/b/gyeongnam_campus/p/campus/d/gem3500_1/n/전등2/e/power_meter
Message Data:
time: 1745382230533
type: 1
leakageCurrent: 0
current: 662
activePower: 1341
reactivePower: -328
tapparentPower: 1452
powerFactor: 92.39
currentUnbalance: 0
lines: 

2025-04-23 13:23:51 [MQTT Call: ygw] WARN  com.example.mqtt.MessageData - No 'value' field found in message, skipping InfluxDB write.
2025-04-23 13:23:51 [MQTT Call: ygw] INFO  com.example.mqtt.MessageData - Topic: data/s/nhnacademy/b/gyeongnam_campus/p/campus/d/gem3500_1/n/전등3/e/power_meter
Message Data:
time: 1745382230635
type: 2
leakageCurrent: 0
current: 0
activePower: 0
reactivePower: 0
tapparentPower: 0
powerFactor: 0
currentUnbalance: 0
lines: 

2025-04-23 13:23:51 [MQTT Call: ygw] WARN  com.example.mqtt.MessageData - No 'value' field found in message, skipping InfluxDB write.
2025-04-23 13:23:51 [MQTT Call: ygw] INFO  com.example.mqtt.MessageData - Topic: data/s/nhnacademy/b/gyeongnam_campus/p/campus/d/gem3500_1/n/강의실b_바닥/e/power_meter
Message Data:
time: 1745382230737
type: 3
leakageCurrent: 0
current: 252
activePower: 427
reactivePower: -244
tapparentPower: 554
powerFactor: 77.05
currentUnbalance: 0
lines: 

2025-04-23 13:23:51 [MQTT Call: ygw] WARN  com.example.mqtt.MessageData - No 'value' field found in message, skipping InfluxDB write.
2025-04-23 13:23:51 [MQTT Call: ygw] INFO  com.example.mqtt.MessageData - Topic: data/s/nhnacademy/b/gyeongnam_campus/p/campus/d/gem3500_1/n/강의실a_바닥1/e/power_meter
Message Data:
time: 1745382230839
type: 1
leakageCurrent: 0
current: 282
activePower: 451
reactivePower: -340
tapparentPower: 609
powerFactor: 74.01
currentUnbalance: 0
lines: 

2025-04-23 13:23:51 [MQTT Call: ygw] WARN  com.example.mqtt.MessageData - No 'value' field found in message, skipping InfluxDB write.
2025-04-23 13:23:51 [MQTT Call: ygw] INFO  com.example.mqtt.MessageData - Topic: data/s/nhnacademy/b/gyeongnam_campus/p/campus/d/gem3500_1/n/강의실a_바닥2/e/power_meter
Message Data:
time: 1745382230940
type: 2
leakageCurrent: 0
current: 203
activePower: 376
reactivePower: -192
tapparentPower: 453
powerFactor: 83.06
currentUnbalance: 0
lines: 

2025-04-23 13:23:51 [MQTT Call: ygw] WARN  com.example.mqtt.MessageData - No 'value' field found in message, skipping InfluxDB write.
2025-04-23 13:23:51 [MQTT Call: ygw] INFO  com.example.mqtt.MessageData - Topic: data/s/nhnacademy/b/gyeongnam_campus/p/campus/d/gem3500_1/n/프로젝터1/e/power_meter
Message Data:
time: 1745382231043
type: 3
leakageCurrent: 0
current: 99
activePower: 136
reactivePower: -153
tapparentPower: 223
powerFactor: 61.29
currentUnbalance: 0
lines: 

2025-04-23 13:23:51 [MQTT Call: ygw] WARN  com.example.mqtt.MessageData - No 'value' field found in message, skipping InfluxDB write.
2025-04-23 13:23:51 [MQTT Call: ygw] INFO  com.example.mqtt.MessageData - Topic: data/s/nhnacademy/b/gyeongnam_campus/p/campus/d/gem3500_1/n/프로젝터2/e/power_meter
Message Data:
time: 1745382231143
type: 1
leakageCurrent: 0
current: 40
activePower: 50
reactivePower: -69
tapparentPower: 91
powerFactor: 55.26
currentUnbalance: 0
lines: 

2025-04-23 13:23:51 [MQTT Call: ygw] WARN  com.example.mqtt.MessageData - No 'value' field found in message, skipping InfluxDB write.
2025-04-23 13:23:51 [MQTT Call: ygw] INFO  com.example.mqtt.MessageData - Topic: data/s/nhnacademy/b/gyeongnam_campus/p/campus/d/gem3500_1/n/회의실/e/power_meter
Message Data:
time: 1745382231244
type: 2
leakageCurrent: 0
current: 13
activePower: 4
reactivePower: -26
tapparentPower: 31
powerFactor: 15.38
currentUnbalance: 0
lines: 

2025-04-23 13:23:51 [MQTT Call: ygw] WARN  com.example.mqtt.MessageData - No 'value' field found in message, skipping InfluxDB write.
2025-04-23 13:23:51 [MQTT Call: ygw] INFO  com.example.mqtt.MessageData - Topic: data/s/nhnacademy/b/gyeongnam_campus/p/campus/d/gem3500_1/n/서버실/e/power_meter
Message Data:
time: 1745382231344
type: 3
leakageCurrent: 0
current: 200
activePower: 398
reactivePower: -110
tapparentPower: 446
powerFactor: 89.24
currentUnbalance: 0
lines: 

2025-04-23 13:23:51 [MQTT Call: ygw] WARN  com.example.mqtt.MessageData - No 'value' field found in message, skipping InfluxDB write.
2025-04-23 13:23:51 [MQTT Call: ygw] INFO  com.example.mqtt.MessageData - Topic: data/s/nhnacademy/b/gyeongnam_campus/p/campus/d/gem3500_1/n/간판/e/power_meter
Message Data:
time: 1745382231445
type: 1
leakageCurrent: 0
current: 0
activePower: 0
reactivePower: 0
tapparentPower: 0
powerFactor: 0
currentUnbalance: 0
lines: 

2025-04-23 13:23:51 [MQTT Call: ygw] WARN  com.example.mqtt.MessageData - No 'value' field found in message, skipping InfluxDB write.
2025-04-23 13:23:51 [MQTT Call: ygw] INFO  com.example.mqtt.MessageData - Topic: data/s/nhnacademy/b/gyeongnam_campus/p/campus/d/gem3500_1/n/페어룸/e/power_meter
Message Data:
time: 1745382231547
type: 2
leakageCurrent: 0
current: 0
activePower: 0
reactivePower: 0
tapparentPower: 0
powerFactor: 0
currentUnbalance: 0
lines: 

2025-04-23 13:23:51 [MQTT Call: ygw] WARN  com.example.mqtt.MessageData - No 'value' field found in message, skipping InfluxDB write.
2025-04-23 13:23:51 [MQTT Call: ygw] INFO  com.example.mqtt.MessageData - Topic: data/s/nhnacademy/b/gyeongnam_campus/p/campus/d/gem3500_1/n/사무실_전열1/e/power_meter
Message Data:
time: 1745382231648
type: 3
leakageCurrent: 0
current: 81
activePower: 98
reactivePower: -52
tapparentPower: 177
powerFactor: 55.4
currentUnbalance: 0
lines: 

2025-04-23 13:23:51 [MQTT Call: ygw] WARN  com.example.mqtt.MessageData - No 'value' field found in message, skipping InfluxDB write.
2025-04-23 13:23:52 [MQTT Call: ygw] INFO  com.example.mqtt.MessageData - Topic: data/s/nhnacademy/b/gyeongnam_campus/p/campus/d/gem3500_1/n/사무실_전열2/e/power_meter
Message Data:
time: 1745382231750
type: 3
leakageCurrent: 0
current: 89
activePower: 98
reactivePower: -60
tapparentPower: 199
powerFactor: 49.39
currentUnbalance: 0
lines: 

2025-04-23 13:23:52 [MQTT Call: ygw] WARN  com.example.mqtt.MessageData - No 'value' field found in message, skipping InfluxDB write.
2025-04-23 13:23:52 [MQTT Call: ygw] INFO  com.example.mqtt.MessageData - Topic: data/s/nhnacademy/b/gyeongnam_campus/p/campus/d/gem3500_1/n/사무실_복사기/e/power_meter
Message Data:
time: 1745382231849
type: 1
leakageCurrent: 0
current: 7
activePower: 9
reactivePower: 0
tapparentPower: 14
powerFactor: 66.66
currentUnbalance: 0
lines: 

2025-04-23 13:23:52 [MQTT Call: ygw] WARN  com.example.mqtt.MessageData - No 'value' field found in message, skipping InfluxDB write.
2025-04-23 13:23:52 [MQTT Call: ygw] INFO  com.example.mqtt.MessageData - Topic: data/s/nhnacademy/b/gyeongnam_campus/p/campus/d/gem3500_1/n/빌트인_전열/e/power_meter
Message Data:
time: 1745382231951
type: 2
leakageCurrent: 0
current: 5
activePower: 2
reactivePower: -7
tapparentPower: 12
powerFactor: 19.99
currentUnbalance: 0
lines: 

2025-04-23 13:23:52 [MQTT Call: ygw] WARN  com.example.mqtt.MessageData - No 'value' field found in message, skipping InfluxDB write.
2025-04-23 13:23:52 [MQTT Call: ygw] INFO  com.example.mqtt.MessageData - Topic: data/s/nhnacademy/b/gyeongnam_campus/p/campus/d/gem3500_1/n/사무실_전열3/e/power_meter
Message Data:
time: 1745382232052
type: 3
leakageCurrent: 0
current: 0
activePower: 0
reactivePower: 0
tapparentPower: 0
powerFactor: 0
currentUnbalance: 0
lines: 

2025-04-23 13:23:52 [MQTT Call: ygw] WARN  com.example.mqtt.MessageData - No 'value' field found in message, skipping InfluxDB write.
2025-04-23 13:23:52 [MQTT Call: ygw] INFO  com.example.mqtt.MessageData - Topic: data/s/nhnacademy/b/gyeongnam_campus/p/campus/d/gem3500_1/n/정수기/e/power_meter
Message Data:
time: 1745382232155
type: 1
leakageCurrent: 0
current: 72
activePower: 100
reactivePower: 120
tapparentPower: 158
powerFactor: 63.63
currentUnbalance: 0
lines: 

2025-04-23 13:23:52 [MQTT Call: ygw] WARN  com.example.mqtt.MessageData - No 'value' field found in message, skipping InfluxDB write.
2025-04-23 13:23:52 [MQTT Call: ygw] INFO  com.example.mqtt.MessageData - Topic: data/s/nhnacademy/b/gyeongnam_campus/p/campus/d/gem3500_1/n/하이브_전열/e/power_meter
Message Data:
time: 1745382232256
type: 2
leakageCurrent: 0
current: 65
activePower: 124
reactivePower: -45
tapparentPower: 144
powerFactor: 86.66
currentUnbalance: 0
lines: 

2025-04-23 13:23:52 [MQTT Call: ygw] WARN  com.example.mqtt.MessageData - No 'value' field found in message, skipping InfluxDB write.
2025-04-23 13:23:52 [MQTT Call: ygw] INFO  com.example.mqtt.MessageData - Topic: data/s/nhnacademy/b/gyeongnam_campus/p/campus/d/gem3500_1/n/바텐_전열/e/power_meter
Message Data:
time: 1745382232359
type: 3
leakageCurrent: 0
current: 0
activePower: 0
reactivePower: 0
tapparentPower: 0
powerFactor: 0
currentUnbalance: 0
lines: 

2025-04-23 13:23:52 [MQTT Call: ygw] WARN  com.example.mqtt.MessageData - No 'value' field found in message, skipping InfluxDB write.
2025-04-23 13:23:52 [MQTT Call: ygw] INFO  com.example.mqtt.MessageData - Topic: data/s/nhnacademy/b/gyeongnam_campus/p/campus/d/gem3500_1/n/S_P/e/power_meter
Message Data:
time: 1745382232458
type: 1
leakageCurrent: 0
current: 0
activePower: 0
reactivePower: 0
tapparentPower: 0
powerFactor: 0
currentUnbalance: 0
lines: 

2025-04-23 13:23:52 [MQTT Call: ygw] WARN  com.example.mqtt.MessageData - No 'value' field found in message, skipping InfluxDB write.
2025-04-23 13:23:52 [MQTT Call: ygw] INFO  com.example.mqtt.MessageData - Topic: data/s/nhnacademy/b/gyeongnam_campus/p/campus/d/gem3500_1/n/공조기/e/power_meter
Message Data:
time: 1745382232561
type: 2
leakageCurrent: 0
current: 199
activePower: 223
reactivePower: -21
tapparentPower: 434
powerFactor: 51.38
currentUnbalance: 0
lines: 

2025-04-23 13:23:52 [MQTT Call: ygw] WARN  com.example.mqtt.MessageData - No 'value' field found in message, skipping InfluxDB write.
2025-04-23 13:23:52 [MQTT Call: ygw] INFO  com.example.mqtt.MessageData - Topic: data/s/nhnacademy/b/gyeongnam_campus/p/campus/d/gem3500_1/n/AC/e/power_meter
Message Data:
time: 1745382232661
type: 3
leakageCurrent: 0
current: 169
activePower: 240
reactivePower: 38
tapparentPower: 371
powerFactor: 64.51
currentUnbalance: 0
lines: 

2025-04-23 13:23:52 [MQTT Call: ygw] WARN  com.example.mqtt.MessageData - No 'value' field found in message, skipping InfluxDB write.
2025-04-23 13:24:10 [MQTT Call: ygw] INFO  com.example.mqtt.MessageData - Topic: data/s/nhnacademy/b/gyeongnam_campus/p/hive/d/24e124785c389010/n/정수기 위/e/battery
Message Data:
time: 1745382250185
value: 85

2025-04-23 13:24:10 [MQTT Call: ygw] INFO  com.example.mqtt.InfluxDBService - Extracted tagkey -> location: hive, kind: 정수기 위, data: battery
Value into InfluxDB: 85.0
2025-04-23 13:24:10 [MQTT Call: ygw] INFO  com.example.mqtt.MessageData - Data sent to InfluxDBService: data/s/nhnacademy/b/gyeongnam_campus/p/hive/d/24e124785c389010/n/정수기 위/e/battery -> 85.0
2025-04-23 13:24:10 [MQTT Call: ygw] INFO  com.example.mqtt.MessageData - Topic: data/s/nhnacademy/b/gyeongnam_campus/p/hive/d/24e124785c389010/n/정수기 위/e/temperature
Message Data:
time: 1745382250185
value: 23.4

2025-04-23 13:24:10 [MQTT Call: ygw] INFO  com.example.mqtt.InfluxDBService - Extracted tagkey -> location: hive, kind: 정수기 위, data: temperature
Value into InfluxDB: 23.4
2025-04-23 13:24:10 [MQTT Call: ygw] INFO  com.example.mqtt.MessageData - Data sent to InfluxDBService: data/s/nhnacademy/b/gyeongnam_campus/p/hive/d/24e124785c389010/n/정수기 위/e/temperature -> 23.4
2025-04-23 13:24:10 [MQTT Call: ygw] INFO  com.example.mqtt.MessageData - Topic: data/s/nhnacademy/b/gyeongnam_campus/p/hive/d/24e124785c389010/n/정수기 위/e/humidity
Message Data:
time: 1745382250185
value: 44

2025-04-23 13:24:10 [MQTT Call: ygw] INFO  com.example.mqtt.InfluxDBService - Extracted tagkey -> location: hive, kind: 정수기 위, data: humidity
Value into InfluxDB: 44.0
2025-04-23 13:24:10 [MQTT Call: ygw] INFO  com.example.mqtt.MessageData - Data sent to InfluxDBService: data/s/nhnacademy/b/gyeongnam_campus/p/hive/d/24e124785c389010/n/정수기 위/e/humidity -> 44.0
2025-04-23 13:24:10 [MQTT Call: ygw] INFO  com.example.mqtt.MessageData - Topic: data/s/nhnacademy/b/gyeongnam_campus/p/hive/d/24e124785c389010/n/정수기 위/g/24e124fffef79304/e/lora
Message Data:
time: 1745382250185
value: 

2025-04-23 13:24:10 [MQTT Call: ygw] INFO  com.example.mqtt.InfluxDBService - Extracted tagkey -> location: hive, kind: 정수기 위, data: lora
Value into InfluxDB: 0.0
2025-04-23 13:24:10 [MQTT Call: ygw] INFO  com.example.mqtt.MessageData - Data sent to InfluxDBService: data/s/nhnacademy/b/gyeongnam_campus/p/hive/d/24e124785c389010/n/정수기 위/g/24e124fffef79304/e/lora -> 0.0
2025-04-23 13:24:10 [MQTT Call: ygw] INFO  com.example.mqtt.MessageData - Topic: data/s/nhnacademy/b/gyeongnam_campus/p/hive/d/24e124785c389010/n/정수기 위/g/24e124fffef5dccc/e/lora
Message Data:
time: 1745382250185
value: 

2025-04-23 13:24:10 [MQTT Call: ygw] INFO  com.example.mqtt.InfluxDBService - Extracted tagkey -> location: hive, kind: 정수기 위, data: lora
Value into InfluxDB: 0.0
2025-04-23 13:24:10 [MQTT Call: ygw] INFO  com.example.mqtt.MessageData - Data sent to InfluxDBService: data/s/nhnacademy/b/gyeongnam_campus/p/hive/d/24e124785c389010/n/정수기 위/g/24e124fffef5dccc/e/lora -> 0.0
2025-04-23 13:24:14 [MQTT Call: ygw] INFO  com.example.mqtt.MessageData - Topic: data/s/nhnacademy/b/gyeongnam_campus/p/hive/d/24e124725d081175/sp/8인 책상/n/8인 책상/e/co2
Message Data:
time: 1745382252938
value: 545

2025-04-23 13:24:14 [MQTT Call: ygw] INFO  com.example.mqtt.InfluxDBService - Extracted tagkey -> location: hive, kind: 8인 책상, data: co2
Value into InfluxDB: 545.0
2025-04-23 13:24:14 [MQTT Call: ygw] INFO  com.example.mqtt.MessageData - Data sent to InfluxDBService: data/s/nhnacademy/b/gyeongnam_campus/p/hive/d/24e124725d081175/sp/8인 책상/n/8인 책상/e/co2 -> 545.0
2025-04-23 13:24:14 [MQTT Call: ygw] INFO  com.example.mqtt.MessageData - Topic: data/s/nhnacademy/b/gyeongnam_campus/p/hive/d/24e124725d081175/sp/8인 책상/n/8인 책상/e/temperature
Message Data:
time: 1745382252938
value: 23.9

2025-04-23 13:24:14 [MQTT Call: ygw] INFO  com.example.mqtt.InfluxDBService - Extracted tagkey -> location: hive, kind: 8인 책상, data: temperature
Value into InfluxDB: 23.9
2025-04-23 13:24:14 [MQTT Call: ygw] INFO  com.example.mqtt.MessageData - Data sent to InfluxDBService: data/s/nhnacademy/b/gyeongnam_campus/p/hive/d/24e124725d081175/sp/8인 책상/n/8인 책상/e/temperature -> 23.9
2025-04-23 13:24:14 [MQTT Call: ygw] INFO  com.example.mqtt.MessageData - Topic: data/s/nhnacademy/b/gyeongnam_campus/p/hive/d/24e124725d081175/sp/8인 책상/n/8인 책상/e/humidity
Message Data:
time: 1745382252938
value: 43

2025-04-23 13:24:14 [MQTT Call: ygw] INFO  com.example.mqtt.InfluxDBService - Extracted tagkey -> location: hive, kind: 8인 책상, data: humidity
Value into InfluxDB: 43.0
2025-04-23 13:24:14 [MQTT Call: ygw] INFO  com.example.mqtt.MessageData - Data sent to InfluxDBService: data/s/nhnacademy/b/gyeongnam_campus/p/hive/d/24e124725d081175/sp/8인 책상/n/8인 책상/e/humidity -> 43.0
2025-04-23 13:24:14 [MQTT Call: ygw] INFO  com.example.mqtt.MessageData - Topic: data/s/nhnacademy/b/gyeongnam_campus/p/hive/d/24e124725d081175/sp/8인 책상/n/8인 책상/e/battery
Message Data:
time: 1745382252938
value: 76

2025-04-23 13:24:14 [MQTT Call: ygw] INFO  com.example.mqtt.InfluxDBService - Extracted tagkey -> location: hive, kind: 8인 책상, data: battery
Value into InfluxDB: 76.0
2025-04-23 13:24:14 [MQTT Call: ygw] INFO  com.example.mqtt.MessageData - Data sent to InfluxDBService: data/s/nhnacademy/b/gyeongnam_campus/p/hive/d/24e124725d081175/sp/8인 책상/n/8인 책상/e/battery -> 76.0
2025-04-23 13:24:14 [MQTT Call: ygw] INFO  com.example.mqtt.MessageData - Topic: data/s/nhnacademy/b/gyeongnam_campus/p/hive/d/24e124725d081175/sp/8인 책상/n/8인 책상/g/24e124fffef79304/e/lora
Message Data:
time: 1745382252938
value: 

2025-04-23 13:24:14 [MQTT Call: ygw] INFO  com.example.mqtt.InfluxDBService - Extracted tagkey -> location: hive, kind: 8인 책상, data: lora
Value into InfluxDB: 0.0
2025-04-23 13:24:14 [MQTT Call: ygw] INFO  com.example.mqtt.MessageData - Data sent to InfluxDBService: data/s/nhnacademy/b/gyeongnam_campus/p/hive/d/24e124725d081175/sp/8인 책상/n/8인 책상/g/24e124fffef79304/e/lora -> 0.0
2025-04-23 13:24:14 [MQTT Call: ygw] INFO  com.example.mqtt.MessageData - Topic: data/s/nhnacademy/b/gyeongnam_campus/p/hive/d/24e124725d081175/sp/8인 책상/n/8인 책상/g/24e124fffef5dccc/e/lora
Message Data:
time: 1745382252938
value: 

2025-04-23 13:24:14 [MQTT Call: ygw] INFO  com.example.mqtt.InfluxDBService - Extracted tagkey -> location: hive, kind: 8인 책상, data: lora
Value into InfluxDB: 0.0
2025-04-23 13:24:14 [MQTT Call: ygw] INFO  com.example.mqtt.MessageData - Data sent to InfluxDBService: data/s/nhnacademy/b/gyeongnam_campus/p/hive/d/24e124725d081175/sp/8인 책상/n/8인 책상/g/24e124fffef5dccc/e/lora -> 0.0
2025-04-23 13:24:19 [MQTT Call: ygw] INFO  com.example.mqtt.MessageData - Topic: data/s/nhnacademy/b/gyeongnam_campus/p/class_a/d/24e124128c067999/sp/입구/n/입구/e/infrared
Message Data:
time: 1745382258710
value: 7

2025-04-23 13:24:19 [MQTT Call: ygw] INFO  com.example.mqtt.InfluxDBService - Extracted tagkey -> location: class_a, kind: 입구, data: infrared
Value into InfluxDB: 7.0
2025-04-23 13:24:19 [MQTT Call: ygw] INFO  com.example.mqtt.MessageData - Data sent to InfluxDBService: data/s/nhnacademy/b/gyeongnam_campus/p/class_a/d/24e124128c067999/sp/입구/n/입구/e/infrared -> 7.0
2025-04-23 13:24:19 [MQTT Call: ygw] INFO  com.example.mqtt.MessageData - Topic: data/s/nhnacademy/b/gyeongnam_campus/p/class_a/d/24e124128c067999/sp/입구/n/입구/e/tvoc
Message Data:
time: 1745382258710
value: 301

2025-04-23 13:24:19 [MQTT Call: ygw] INFO  com.example.mqtt.InfluxDBService - Extracted tagkey -> location: class_a, kind: 입구, data: tvoc
Value into InfluxDB: 301.0
2025-04-23 13:24:19 [MQTT Call: ygw] INFO  com.example.mqtt.MessageData - Data sent to InfluxDBService: data/s/nhnacademy/b/gyeongnam_campus/p/class_a/d/24e124128c067999/sp/입구/n/입구/e/tvoc -> 301.0
2025-04-23 13:24:19 [MQTT Call: ygw] INFO  com.example.mqtt.MessageData - Topic: data/s/nhnacademy/b/gyeongnam_campus/p/class_a/d/24e124128c067999/sp/입구/n/입구/e/pressure
Message Data:
time: 1745382258710
value: 997.6

2025-04-23 13:24:19 [MQTT Call: ygw] INFO  com.example.mqtt.InfluxDBService - Extracted tagkey -> location: class_a, kind: 입구, data: pressure
Value into InfluxDB: 997.6
2025-04-23 13:24:19 [MQTT Call: ygw] INFO  com.example.mqtt.MessageData - Data sent to InfluxDBService: data/s/nhnacademy/b/gyeongnam_campus/p/class_a/d/24e124128c067999/sp/입구/n/입구/e/pressure -> 997.6
2025-04-23 13:24:19 [MQTT Call: ygw] INFO  com.example.mqtt.MessageData - Topic: data/s/nhnacademy/b/gyeongnam_campus/p/class_a/d/24e124128c067999/sp/입구/n/입구/e/temperature
Message Data:
time: 1745382258710
value: 24

2025-04-23 13:24:19 [MQTT Call: ygw] INFO  com.example.mqtt.InfluxDBService - Extracted tagkey -> location: class_a, kind: 입구, data: temperature
Value into InfluxDB: 24.0
2025-04-23 13:24:19 [MQTT Call: ygw] INFO  com.example.mqtt.MessageData - Data sent to InfluxDBService: data/s/nhnacademy/b/gyeongnam_campus/p/class_a/d/24e124128c067999/sp/입구/n/입구/e/temperature -> 24.0
2025-04-23 13:24:19 [MQTT Call: ygw] INFO  com.example.mqtt.MessageData - Topic: data/s/nhnacademy/b/gyeongnam_campus/p/class_a/d/24e124128c067999/sp/입구/n/입구/e/illumination
Message Data:
time: 1745382258710
value: 67

2025-04-23 13:24:19 [MQTT Call: ygw] INFO  com.example.mqtt.InfluxDBService - Extracted tagkey -> location: class_a, kind: 입구, data: illumination
Value into InfluxDB: 67.0
2025-04-23 13:24:19 [MQTT Call: ygw] INFO  com.example.mqtt.MessageData - Data sent to InfluxDBService: data/s/nhnacademy/b/gyeongnam_campus/p/class_a/d/24e124128c067999/sp/입구/n/입구/e/illumination -> 67.0
2025-04-23 13:24:19 [MQTT Call: ygw] INFO  com.example.mqtt.MessageData - Topic: data/s/nhnacademy/b/gyeongnam_campus/p/class_a/d/24e124128c067999/sp/입구/n/입구/e/co2
Message Data:
time: 1745382258710
value: 1085

2025-04-23 13:24:19 [MQTT Call: ygw] INFO  com.example.mqtt.InfluxDBService - Extracted tagkey -> location: class_a, kind: 입구, data: co2
Value into InfluxDB: 1085.0
2025-04-23 13:24:19 [MQTT Call: ygw] INFO  com.example.mqtt.MessageData - Data sent to InfluxDBService: data/s/nhnacademy/b/gyeongnam_campus/p/class_a/d/24e124128c067999/sp/입구/n/입구/e/co2 -> 1085.0
2025-04-23 13:24:19 [MQTT Call: ygw] INFO  com.example.mqtt.MessageData - Topic: data/s/nhnacademy/b/gyeongnam_campus/p/class_a/d/24e124128c067999/sp/입구/n/입구/e/humidity
Message Data:
time: 1745382258710
value: 46.5

2025-04-23 13:24:19 [MQTT Call: ygw] INFO  com.example.mqtt.InfluxDBService - Extracted tagkey -> location: class_a, kind: 입구, data: humidity
Value into InfluxDB: 46.5
2025-04-23 13:24:19 [MQTT Call: ygw] INFO  com.example.mqtt.MessageData - Data sent to InfluxDBService: data/s/nhnacademy/b/gyeongnam_campus/p/class_a/d/24e124128c067999/sp/입구/n/입구/e/humidity -> 46.5
2025-04-23 13:24:19 [MQTT Call: ygw] INFO  com.example.mqtt.MessageData - Topic: data/s/nhnacademy/b/gyeongnam_campus/p/class_a/d/24e124128c067999/sp/입구/n/입구/e/activity
Message Data:
time: 1745382258710
value: 0

2025-04-23 13:24:19 [MQTT Call: ygw] INFO  com.example.mqtt.InfluxDBService - Extracted tagkey -> location: class_a, kind: 입구, data: activity
Value into InfluxDB: 0.0
2025-04-23 13:24:19 [MQTT Call: ygw] INFO  com.example.mqtt.MessageData - Data sent to InfluxDBService: data/s/nhnacademy/b/gyeongnam_campus/p/class_a/d/24e124128c067999/sp/입구/n/입구/e/activity -> 0.0
2025-04-23 13:24:19 [MQTT Call: ygw] INFO  com.example.mqtt.MessageData - Topic: data/s/nhnacademy/b/gyeongnam_campus/p/class_a/d/24e124128c067999/sp/입구/n/입구/e/infrared_and_visible
Message Data:
time: 1745382258710
value: 46

2025-04-23 13:24:19 [MQTT Call: ygw] INFO  com.example.mqtt.InfluxDBService - Extracted tagkey -> location: class_a, kind: 입구, data: infrared_and_visible
Value into InfluxDB: 46.0
2025-04-23 13:24:19 [MQTT Call: ygw] INFO  com.example.mqtt.MessageData - Data sent to InfluxDBService: data/s/nhnacademy/b/gyeongnam_campus/p/class_a/d/24e124128c067999/sp/입구/n/입구/e/infrared_and_visible -> 46.0
2025-04-23 13:24:19 [MQTT Call: ygw] INFO  com.example.mqtt.MessageData - Topic: data/s/nhnacademy/b/gyeongnam_campus/p/class_a/d/24e124128c067999/sp/입구/n/입구/g/24e124fffef79304/e/lora
Message Data:
time: 1745382258710
value: 

2025-04-23 13:24:19 [MQTT Call: ygw] INFO  com.example.mqtt.InfluxDBService - Extracted tagkey -> location: class_a, kind: 입구, data: lora
Value into InfluxDB: 0.0
2025-04-23 13:24:19 [MQTT Call: ygw] INFO  com.example.mqtt.MessageData - Data sent to InfluxDBService: data/s/nhnacademy/b/gyeongnam_campus/p/class_a/d/24e124128c067999/sp/입구/n/입구/g/24e124fffef79304/e/lora -> 0.0
2025-04-23 13:24:19 [MQTT Call: ygw] INFO  com.example.mqtt.MessageData - Topic: data/s/nhnacademy/b/gyeongnam_campus/p/class_a/d/24e124128c067999/sp/입구/n/입구/e/activity
Message Data:
time: 1745382258710
value: 0

2025-04-23 13:24:19 [MQTT Call: ygw] INFO  com.example.mqtt.InfluxDBService - Extracted tagkey -> location: class_a, kind: 입구, data: activity
Value into InfluxDB: 0.0
2025-04-23 13:24:19 [MQTT Call: ygw] INFO  com.example.mqtt.MessageData - Data sent to InfluxDBService: data/s/nhnacademy/b/gyeongnam_campus/p/class_a/d/24e124128c067999/sp/입구/n/입구/e/activity -> 0.0
2025-04-23 13:24:19 [MQTT Call: ygw] INFO  com.example.mqtt.MessageData - Topic: data/s/nhnacademy/b/gyeongnam_campus/p/class_a/d/24e124128c067999/sp/입구/n/입구/e/co2
Message Data:
time: 1745382258710
value: 1085

2025-04-23 13:24:19 [MQTT Call: ygw] INFO  com.example.mqtt.InfluxDBService - Extracted tagkey -> location: class_a, kind: 입구, data: co2
Value into InfluxDB: 1085.0
2025-04-23 13:24:19 [MQTT Call: ygw] INFO  com.example.mqtt.MessageData - Data sent to InfluxDBService: data/s/nhnacademy/b/gyeongnam_campus/p/class_a/d/24e124128c067999/sp/입구/n/입구/e/co2 -> 1085.0
2025-04-23 13:24:19 [MQTT Call: ygw] INFO  com.example.mqtt.MessageData - Topic: data/s/nhnacademy/b/gyeongnam_campus/p/class_a/d/24e124128c067999/sp/입구/n/입구/e/illumination
Message Data:
time: 1745382258710
value: 67

2025-04-23 13:24:19 [MQTT Call: ygw] INFO  com.example.mqtt.InfluxDBService - Extracted tagkey -> location: class_a, kind: 입구, data: illumination
Value into InfluxDB: 67.0
2025-04-23 13:24:19 [MQTT Call: ygw] INFO  com.example.mqtt.MessageData - Data sent to InfluxDBService: data/s/nhnacademy/b/gyeongnam_campus/p/class_a/d/24e124128c067999/sp/입구/n/입구/e/illumination -> 67.0
2025-04-23 13:24:19 [MQTT Call: ygw] INFO  com.example.mqtt.MessageData - Topic: data/s/nhnacademy/b/gyeongnam_campus/p/class_a/d/24e124128c067999/sp/입구/n/입구/e/infrared_and_visible
Message Data:
time: 1745382258710
value: 46

2025-04-23 13:24:19 [MQTT Call: ygw] INFO  com.example.mqtt.InfluxDBService - Extracted tagkey -> location: class_a, kind: 입구, data: infrared_and_visible
Value into InfluxDB: 46.0
2025-04-23 13:24:19 [MQTT Call: ygw] INFO  com.example.mqtt.MessageData - Data sent to InfluxDBService: data/s/nhnacademy/b/gyeongnam_campus/p/class_a/d/24e124128c067999/sp/입구/n/입구/e/infrared_and_visible -> 46.0
2025-04-23 13:24:19 [MQTT Call: ygw] INFO  com.example.mqtt.MessageData - Topic: data/s/nhnacademy/b/gyeongnam_campus/p/class_a/d/24e124128c067999/sp/입구/n/입구/e/pressure
Message Data:
time: 1745382258710
value: 997.6

2025-04-23 13:24:19 [MQTT Call: ygw] INFO  com.example.mqtt.InfluxDBService - Extracted tagkey -> location: class_a, kind: 입구, data: pressure
Value into InfluxDB: 997.6
2025-04-23 13:24:19 [MQTT Call: ygw] INFO  com.example.mqtt.MessageData - Data sent to InfluxDBService: data/s/nhnacademy/b/gyeongnam_campus/p/class_a/d/24e124128c067999/sp/입구/n/입구/e/pressure -> 997.6
2025-04-23 13:24:19 [MQTT Call: ygw] INFO  com.example.mqtt.MessageData - Topic: data/s/nhnacademy/b/gyeongnam_campus/p/class_a/d/24e124128c067999/sp/입구/n/입구/e/humidity
Message Data:
time: 1745382258710
value: 46.5

2025-04-23 13:24:19 [MQTT Call: ygw] INFO  com.example.mqtt.InfluxDBService - Extracted tagkey -> location: class_a, kind: 입구, data: humidity
Value into InfluxDB: 46.5
2025-04-23 13:24:19 [MQTT Call: ygw] INFO  com.example.mqtt.MessageData - Data sent to InfluxDBService: data/s/nhnacademy/b/gyeongnam_campus/p/class_a/d/24e124128c067999/sp/입구/n/입구/e/humidity -> 46.5
2025-04-23 13:24:19 [MQTT Call: ygw] INFO  com.example.mqtt.MessageData - Topic: data/s/nhnacademy/b/gyeongnam_campus/p/class_a/d/24e124128c067999/sp/입구/n/입구/e/infrared
Message Data:
time: 1745382258710
value: 7

2025-04-23 13:24:19 [MQTT Call: ygw] INFO  com.example.mqtt.InfluxDBService - Extracted tagkey -> location: class_a, kind: 입구, data: infrared
Value into InfluxDB: 7.0
2025-04-23 13:24:19 [MQTT Call: ygw] INFO  com.example.mqtt.MessageData - Data sent to InfluxDBService: data/s/nhnacademy/b/gyeongnam_campus/p/class_a/d/24e124128c067999/sp/입구/n/입구/e/infrared -> 7.0
2025-04-23 13:24:19 [MQTT Call: ygw] INFO  com.example.mqtt.MessageData - Topic: data/s/nhnacademy/b/gyeongnam_campus/p/class_a/d/24e124128c067999/sp/입구/n/입구/e/temperature
Message Data:
time: 1745382258710
value: 24

2025-04-23 13:24:19 [MQTT Call: ygw] INFO  com.example.mqtt.InfluxDBService - Extracted tagkey -> location: class_a, kind: 입구, data: temperature
Value into InfluxDB: 24.0
2025-04-23 13:24:19 [MQTT Call: ygw] INFO  com.example.mqtt.MessageData - Data sent to InfluxDBService: data/s/nhnacademy/b/gyeongnam_campus/p/class_a/d/24e124128c067999/sp/입구/n/입구/e/temperature -> 24.0
2025-04-23 13:24:19 [MQTT Call: ygw] INFO  com.example.mqtt.MessageData - Topic: data/s/nhnacademy/b/gyeongnam_campus/p/class_a/d/24e124128c067999/sp/입구/n/입구/e/tvoc
Message Data:
time: 1745382258710
value: 301

2025-04-23 13:24:19 [MQTT Call: ygw] INFO  com.example.mqtt.InfluxDBService - Extracted tagkey -> location: class_a, kind: 입구, data: tvoc
Value into InfluxDB: 301.0
2025-04-23 13:24:19 [MQTT Call: ygw] INFO  com.example.mqtt.MessageData - Data sent to InfluxDBService: data/s/nhnacademy/b/gyeongnam_campus/p/class_a/d/24e124128c067999/sp/입구/n/입구/e/tvoc -> 301.0
2025-04-23 13:24:19 [MQTT Call: ygw] INFO  com.example.mqtt.MessageData - Topic: data/s/nhnacademy/b/gyeongnam_campus/p/class_a/d/24e124128c067999/sp/입구/n/입구/g/24e124fffef79304/e/lora
Message Data:
time: 1745382258710
value: 

2025-04-23 13:24:19 [MQTT Call: ygw] INFO  com.example.mqtt.InfluxDBService - Extracted tagkey -> location: class_a, kind: 입구, data: lora
Value into InfluxDB: 0.0
2025-04-23 13:24:19 [MQTT Call: ygw] INFO  com.example.mqtt.MessageData - Data sent to InfluxDBService: data/s/nhnacademy/b/gyeongnam_campus/p/class_a/d/24e124128c067999/sp/입구/n/입구/g/24e124fffef79304/e/lora -> 0.0
2025-04-23 13:24:19 [MQTT Call: ygw] INFO  com.example.mqtt.MessageData - Topic: data/s/nhnacademy/b/gyeongnam_campus/p/class_a/d/24e124128c067999/sp/입구/n/입구/g/24e124fffef5dccc/e/lora
Message Data:
time: 1745382258710
value: 

2025-04-23 13:24:19 [MQTT Call: ygw] INFO  com.example.mqtt.InfluxDBService - Extracted tagkey -> location: class_a, kind: 입구, data: lora
Value into InfluxDB: 0.0
2025-04-23 13:24:19 [MQTT Call: ygw] INFO  com.example.mqtt.MessageData - Data sent to InfluxDBService: data/s/nhnacademy/b/gyeongnam_campus/p/class_a/d/24e124128c067999/sp/입구/n/입구/g/24e124fffef5dccc/e/lora -> 0.0
2025-04-23 13:24:24 [MQTT Call: ygw] INFO  com.example.mqtt.MessageData - Topic: data/s/nhnacademy/b/gyeongnam_campus/p/server_room/d/24e124136d151368/n/입구/e/humidity
Message Data:
time: 1745382263722
value: 45.5

2025-04-23 13:24:24 [MQTT Call: ygw] INFO  com.example.mqtt.InfluxDBService - Extracted tagkey -> location: server_room, kind: 입구, data: humidity
Value into InfluxDB: 45.5
2025-04-23 13:24:24 [MQTT Call: ygw] INFO  com.example.mqtt.MessageData - Data sent to InfluxDBService: data/s/nhnacademy/b/gyeongnam_campus/p/server_room/d/24e124136d151368/n/입구/e/humidity -> 45.5
2025-04-23 13:24:24 [MQTT Call: ygw] INFO  com.example.mqtt.MessageData - Topic: data/s/nhnacademy/b/gyeongnam_campus/p/server_room/d/24e124136d151368/n/입구/e/temperature
Message Data:
time: 1745382263722
value: 24.3

2025-04-23 13:24:24 [MQTT Call: ygw] INFO  com.example.mqtt.InfluxDBService - Extracted tagkey -> location: server_room, kind: 입구, data: temperature
Value into InfluxDB: 24.3
2025-04-23 13:24:24 [MQTT Call: ygw] INFO  com.example.mqtt.MessageData - Data sent to InfluxDBService: data/s/nhnacademy/b/gyeongnam_campus/p/server_room/d/24e124136d151368/n/입구/e/temperature -> 24.3
2025-04-23 13:24:24 [MQTT Call: ygw] INFO  com.example.mqtt.MessageData - Topic: data/s/nhnacademy/b/gyeongnam_campus/p/server_room/d/24e124136d151368/n/입구/g/24e124fffef79304/e/lora
Message Data:
time: 1745382263722
value: 

2025-04-23 13:24:24 [MQTT Call: ygw] INFO  com.example.mqtt.InfluxDBService - Extracted tagkey -> location: server_room, kind: 입구, data: lora
Value into InfluxDB: 0.0
2025-04-23 13:24:24 [MQTT Call: ygw] INFO  com.example.mqtt.MessageData - Data sent to InfluxDBService: data/s/nhnacademy/b/gyeongnam_campus/p/server_room/d/24e124136d151368/n/입구/g/24e124fffef79304/e/lora -> 0.0
2025-04-23 13:24:24 [MQTT Call: ygw] INFO  com.example.mqtt.MessageData - Topic: data/s/nhnacademy/b/gyeongnam_campus/p/server_room/d/24e124136d151368/n/입구/g/24e124fffef5dccc/e/lora
Message Data:
time: 1745382263722
value: 

2025-04-23 13:24:24 [MQTT Call: ygw] INFO  com.example.mqtt.InfluxDBService - Extracted tagkey -> location: server_room, kind: 입구, data: lora
Value into InfluxDB: 0.0
2025-04-23 13:24:24 [MQTT Call: ygw] INFO  com.example.mqtt.MessageData - Data sent to InfluxDBService: data/s/nhnacademy/b/gyeongnam_campus/p/server_room/d/24e124136d151368/n/입구/g/24e124fffef5dccc/e/lora -> 0.0
2025-04-23 13:24:29 [MQTT Call: ygw] INFO  com.example.mqtt.MessageData - Topic: data/s/nhnacademy/b/gyeongnam_campus/p/hive/d/24e124126c452091/sp/farm/n/스마트팜/e/temperature
Message Data:
time: 1745382268770
value: 23.2

2025-04-23 13:24:29 [MQTT Call: ygw] INFO  com.example.mqtt.InfluxDBService - Extracted tagkey -> location: hive, kind: 스마트팜, data: temperature
Value into InfluxDB: 23.2
2025-04-23 13:24:29 [MQTT Call: ygw] INFO  com.example.mqtt.MessageData - Data sent to InfluxDBService: data/s/nhnacademy/b/gyeongnam_campus/p/hive/d/24e124126c452091/sp/farm/n/스마트팜/e/temperature -> 23.2
2025-04-23 13:24:29 [MQTT Call: ygw] INFO  com.example.mqtt.MessageData - Topic: data/s/nhnacademy/b/gyeongnam_campus/p/hive/d/24e124126c452091/sp/farm/n/스마트팜/g/24e124fffef79304/e/lora
Message Data:
time: 1745382268770
value: 

2025-04-23 13:24:29 [MQTT Call: ygw] INFO  com.example.mqtt.InfluxDBService - Extracted tagkey -> location: hive, kind: 스마트팜, data: lora
Value into InfluxDB: 0.0
2025-04-23 13:24:29 [MQTT Call: ygw] INFO  com.example.mqtt.MessageData - Data sent to InfluxDBService: data/s/nhnacademy/b/gyeongnam_campus/p/hive/d/24e124126c452091/sp/farm/n/스마트팜/g/24e124fffef79304/e/lora -> 0.0
2025-04-23 13:24:29 [MQTT Call: ygw] INFO  com.example.mqtt.MessageData - Topic: data/s/nhnacademy/b/gyeongnam_campus/p/hive/d/24e124126c452091/sp/farm/n/스마트팜/g/24e124fffef5dccc/e/lora
Message Data:
time: 1745382268770
value: 

2025-04-23 13:24:29 [MQTT Call: ygw] INFO  com.example.mqtt.InfluxDBService - Extracted tagkey -> location: hive, kind: 스마트팜, data: lora
Value into InfluxDB: 0.0
2025-04-23 13:24:29 [MQTT Call: ygw] INFO  com.example.mqtt.MessageData - Data sent to InfluxDBService: data/s/nhnacademy/b/gyeongnam_campus/p/hive/d/24e124126c452091/sp/farm/n/스마트팜/g/24e124fffef5dccc/e/lora -> 0.0
2025-04-23 13:24:29 [MQTT Call: ygw] INFO  com.example.mqtt.MessageData - Topic: data/s/nhnacademy/b/gyeongnam_campus/p/pair_room/d/24e124617d159573/n/2/e/battery
Message Data:
time: 1745382269042
value: 32

2025-04-23 13:24:29 [MQTT Call: ygw] INFO  com.example.mqtt.InfluxDBService - Extracted tagkey -> location: pair_room, kind: 2, data: battery
Value into InfluxDB: 32.0
2025-04-23 13:24:29 [MQTT Call: ygw] INFO  com.example.mqtt.MessageData - Data sent to InfluxDBService: data/s/nhnacademy/b/gyeongnam_campus/p/pair_room/d/24e124617d159573/n/2/e/battery -> 32.0
2025-04-23 13:24:29 [MQTT Call: ygw] INFO  com.example.mqtt.MessageData - Topic: data/s/nhnacademy/b/gyeongnam_campus/p/pair_room/d/24e124617d159573/n/2/e/distance
Message Data:
time: 1745382269042
value: 2234

2025-04-23 13:24:29 [MQTT Call: ygw] INFO  com.example.mqtt.InfluxDBService - Extracted tagkey -> location: pair_room, kind: 2, data: distance
Value into InfluxDB: 2234.0
2025-04-23 13:24:29 [MQTT Call: ygw] INFO  com.example.mqtt.MessageData - Data sent to InfluxDBService: data/s/nhnacademy/b/gyeongnam_campus/p/pair_room/d/24e124617d159573/n/2/e/distance -> 2234.0
2025-04-23 13:24:29 [MQTT Call: ygw] INFO  com.example.mqtt.MessageData - Topic: data/s/nhnacademy/b/gyeongnam_campus/p/pair_room/d/24e124617d159573/n/2/e/occupancy
Message Data:
time: 1745382269042
value: 0

2025-04-23 13:24:29 [MQTT Call: ygw] INFO  com.example.mqtt.InfluxDBService - Extracted tagkey -> location: pair_room, kind: 2, data: occupancy
Value into InfluxDB: 0.0
2025-04-23 13:24:29 [MQTT Call: ygw] INFO  com.example.mqtt.MessageData - Data sent to InfluxDBService: data/s/nhnacademy/b/gyeongnam_campus/p/pair_room/d/24e124617d159573/n/2/e/occupancy -> 0.0
2025-04-23 13:24:29 [MQTT Call: ygw] INFO  com.example.mqtt.MessageData - Topic: data/s/nhnacademy/b/gyeongnam_campus/p/pair_room/d/24e124617d159573/n/2/g/24e124fffef5dccc/e/lora
Message Data:
time: 1745382269042
value: 

2025-04-23 13:24:29 [MQTT Call: ygw] INFO  com.example.mqtt.InfluxDBService - Extracted tagkey -> location: pair_room, kind: 2, data: lora
Value into InfluxDB: 0.0
2025-04-23 13:24:29 [MQTT Call: ygw] INFO  com.example.mqtt.MessageData - Data sent to InfluxDBService: data/s/nhnacademy/b/gyeongnam_campus/p/pair_room/d/24e124617d159573/n/2/g/24e124fffef5dccc/e/lora -> 0.0
2025-04-23 13:24:38 [MQTT Call: ygw] INFO  com.example.mqtt.MessageData - Topic: data/s/nhnacademy/b/gyeongnam_campus/p/hive/d/24e124126d111937/sp/farm/n/스마트팜/e/illumination
Message Data:
time: 1745382278265
value: 320

2025-04-23 13:24:38 [MQTT Call: ygw] INFO  com.example.mqtt.InfluxDBService - Extracted tagkey -> location: hive, kind: 스마트팜, data: illumination
Value into InfluxDB: 320.0
2025-04-23 13:24:38 [MQTT Call: ygw] INFO  com.example.mqtt.MessageData - Data sent to InfluxDBService: data/s/nhnacademy/b/gyeongnam_campus/p/hive/d/24e124126d111937/sp/farm/n/스마트팜/e/illumination -> 320.0
2025-04-23 13:24:38 [MQTT Call: ygw] INFO  com.example.mqtt.MessageData - Topic: data/s/nhnacademy/b/gyeongnam_campus/p/hive/d/24e124126d111937/sp/farm/n/스마트팜/g/24e124fffef79304/e/lora
Message Data:
time: 1745382278265
value: 

2025-04-23 13:24:38 [MQTT Call: ygw] INFO  com.example.mqtt.InfluxDBService - Extracted tagkey -> location: hive, kind: 스마트팜, data: lora
Value into InfluxDB: 0.0
2025-04-23 13:24:38 [MQTT Call: ygw] INFO  com.example.mqtt.MessageData - Data sent to InfluxDBService: data/s/nhnacademy/b/gyeongnam_campus/p/hive/d/24e124126d111937/sp/farm/n/스마트팜/g/24e124fffef79304/e/lora -> 0.0
2025-04-23 13:24:38 [MQTT Call: ygw] INFO  com.example.mqtt.MessageData - Topic: data/s/nhnacademy/b/gyeongnam_campus/p/hive/d/24e124126d111937/sp/farm/n/스마트팜/g/24e124fffef5dccc/e/lora
Message Data:
time: 1745382278265
value: 

2025-04-23 13:24:38 [MQTT Call: ygw] INFO  com.example.mqtt.InfluxDBService - Extracted tagkey -> location: hive, kind: 스마트팜, data: lora
Value into InfluxDB: 0.0
2025-04-23 13:24:38 [MQTT Call: ygw] INFO  com.example.mqtt.MessageData - Data sent to InfluxDBService: data/s/nhnacademy/b/gyeongnam_campus/p/hive/d/24e124126d111937/sp/farm/n/스마트팜/g/24e124fffef5dccc/e/lora -> 0.0
2025-04-23 13:24:38 [MQTT Call: ygw] INFO  com.example.mqtt.MessageData - Topic: data/s/nhnacademy/b/gyeongnam_campus/p/hive/d/24e124126d111937/sp/farm/n/스마트팜/e/illumination
Message Data:
time: 1745382278265
value: 320

2025-04-23 13:24:38 [MQTT Call: ygw] INFO  com.example.mqtt.InfluxDBService - Extracted tagkey -> location: hive, kind: 스마트팜, data: illumination
Value into InfluxDB: 320.0
2025-04-23 13:24:38 [MQTT Call: ygw] INFO  com.example.mqtt.MessageData - Data sent to InfluxDBService: data/s/nhnacademy/b/gyeongnam_campus/p/hive/d/24e124126d111937/sp/farm/n/스마트팜/e/illumination -> 320.0
2025-04-23 13:24:38 [MQTT Call: ygw] INFO  com.example.mqtt.MessageData - Topic: data/s/nhnacademy/b/gyeongnam_campus/p/hive/d/24e124126d111937/sp/farm/n/스마트팜/g/24e124fffef79304/e/lora
Message Data:
time: 1745382278265
value: 

2025-04-23 13:24:38 [MQTT Call: ygw] INFO  com.example.mqtt.InfluxDBService - Extracted tagkey -> location: hive, kind: 스마트팜, data: lora
Value into InfluxDB: 0.0
2025-04-23 13:24:38 [MQTT Call: ygw] INFO  com.example.mqtt.MessageData - Data sent to InfluxDBService: data/s/nhnacademy/b/gyeongnam_campus/p/hive/d/24e124126d111937/sp/farm/n/스마트팜/g/24e124fffef79304/e/lora -> 0.0
2025-04-23 13:24:43 [MQTT Call: ygw] INFO  com.example.mqtt.MessageData - Topic: data/s/nhnacademy/b/gyeongnam_campus/p/storage/d/24e124136d151547/n/입구/e/humidity
Message Data:
time: 1745382282827
value: 127.5

2025-04-23 13:24:43 [MQTT Call: ygw] INFO  com.example.mqtt.InfluxDBService - Extracted tagkey -> location: storage, kind: 입구, data: humidity
Value into InfluxDB: 127.5
2025-04-23 13:24:43 [MQTT Call: ygw] INFO  com.example.mqtt.MessageData - Data sent to InfluxDBService: data/s/nhnacademy/b/gyeongnam_campus/p/storage/d/24e124136d151547/n/입구/e/humidity -> 127.5
2025-04-23 13:24:43 [MQTT Call: ygw] INFO  com.example.mqtt.MessageData - Topic: data/s/nhnacademy/b/gyeongnam_campus/p/storage/d/24e124136d151547/n/입구/e/battery
Message Data:
time: 1745382282827
value: 1

2025-04-23 13:24:43 [MQTT Call: ygw] INFO  com.example.mqtt.InfluxDBService - Extracted tagkey -> location: storage, kind: 입구, data: battery
Value into InfluxDB: 1.0
2025-04-23 13:24:43 [MQTT Call: ygw] INFO  com.example.mqtt.MessageData - Data sent to InfluxDBService: data/s/nhnacademy/b/gyeongnam_campus/p/storage/d/24e124136d151547/n/입구/e/battery -> 1.0
2025-04-23 13:24:43 [MQTT Call: ygw] INFO  com.example.mqtt.MessageData - Topic: data/s/nhnacademy/b/gyeongnam_campus/p/storage/d/24e124136d151547/n/입구/e/temperature
Message Data:
time: 1745382282827
value: -0.1

2025-04-23 13:24:43 [MQTT Call: ygw] INFO  com.example.mqtt.InfluxDBService - Extracted tagkey -> location: storage, kind: 입구, data: temperature
Value into InfluxDB: -0.1
2025-04-23 13:24:43 [MQTT Call: ygw] INFO  com.example.mqtt.MessageData - Data sent to InfluxDBService: data/s/nhnacademy/b/gyeongnam_campus/p/storage/d/24e124136d151547/n/입구/e/temperature -> -0.1
2025-04-23 13:24:43 [MQTT Call: ygw] INFO  com.example.mqtt.MessageData - Topic: data/s/nhnacademy/b/gyeongnam_campus/p/storage/d/24e124136d151547/n/입구/g/24e124fffef79304/e/lora
Message Data:
time: 1745382282827
value: 

2025-04-23 13:24:43 [MQTT Call: ygw] INFO  com.example.mqtt.InfluxDBService - Extracted tagkey -> location: storage, kind: 입구, data: lora
Value into InfluxDB: 0.0
2025-04-23 13:24:43 [MQTT Call: ygw] INFO  com.example.mqtt.MessageData - Data sent to InfluxDBService: data/s/nhnacademy/b/gyeongnam_campus/p/storage/d/24e124136d151547/n/입구/g/24e124fffef79304/e/lora -> 0.0
2025-04-23 13:24:43 [MQTT Call: ygw] INFO  com.example.mqtt.MessageData - Topic: data/s/nhnacademy/b/gyeongnam_campus/p/storage/d/24e124136d151547/n/입구/e/humidity
Message Data:
time: 1745382282824
value: 127.5

2025-04-23 13:24:43 [MQTT Call: ygw] INFO  com.example.mqtt.InfluxDBService - Extracted tagkey -> location: storage, kind: 입구, data: humidity
Value into InfluxDB: 127.5
2025-04-23 13:24:43 [MQTT Call: ygw] INFO  com.example.mqtt.MessageData - Data sent to InfluxDBService: data/s/nhnacademy/b/gyeongnam_campus/p/storage/d/24e124136d151547/n/입구/e/humidity -> 127.5
2025-04-23 13:24:43 [MQTT Call: ygw] INFO  com.example.mqtt.MessageData - Topic: data/s/nhnacademy/b/gyeongnam_campus/p/storage/d/24e124136d151547/n/입구/e/battery
Message Data:
time: 1745382282824
value: 1

2025-04-23 13:24:43 [MQTT Call: ygw] INFO  com.example.mqtt.InfluxDBService - Extracted tagkey -> location: storage, kind: 입구, data: battery
Value into InfluxDB: 1.0
2025-04-23 13:24:43 [MQTT Call: ygw] INFO  com.example.mqtt.MessageData - Data sent to InfluxDBService: data/s/nhnacademy/b/gyeongnam_campus/p/storage/d/24e124136d151547/n/입구/e/battery -> 1.0
2025-04-23 13:24:43 [MQTT Call: ygw] INFO  com.example.mqtt.MessageData - Topic: data/s/nhnacademy/b/gyeongnam_campus/p/storage/d/24e124136d151547/n/입구/e/temperature
Message Data:
time: 1745382282824
value: -0.1

2025-04-23 13:24:43 [MQTT Call: ygw] INFO  com.example.mqtt.InfluxDBService - Extracted tagkey -> location: storage, kind: 입구, data: temperature
Value into InfluxDB: -0.1
2025-04-23 13:24:43 [MQTT Call: ygw] INFO  com.example.mqtt.MessageData - Data sent to InfluxDBService: data/s/nhnacademy/b/gyeongnam_campus/p/storage/d/24e124136d151547/n/입구/e/temperature -> -0.1
2025-04-23 13:24:43 [MQTT Call: ygw] INFO  com.example.mqtt.MessageData - Topic: data/s/nhnacademy/b/gyeongnam_campus/p/storage/d/24e124136d151547/n/입구/g/24e124fffef5dccc/e/lora
Message Data:
time: 1745382282824
value: 

2025-04-23 13:24:43 [MQTT Call: ygw] INFO  com.example.mqtt.InfluxDBService - Extracted tagkey -> location: storage, kind: 입구, data: lora
Value into InfluxDB: 0.0
2025-04-23 13:24:43 [MQTT Call: ygw] INFO  com.example.mqtt.MessageData - Data sent to InfluxDBService: data/s/nhnacademy/b/gyeongnam_campus/p/storage/d/24e124136d151547/n/입구/g/24e124fffef5dccc/e/lora -> 0.0
2025-04-23 13:24:43 [MQTT Call: ygw] INFO  com.example.mqtt.MessageData - Topic: data/s/nhnacademy/b/gyeongnam_campus/p/storage/d/24e124136d151547/n/입구/g/24e124fffef79304/e/lora
Message Data:
time: 1745382282824
value: 

2025-04-23 13:24:43 [MQTT Call: ygw] INFO  com.example.mqtt.InfluxDBService - Extracted tagkey -> location: storage, kind: 입구, data: lora
Value into InfluxDB: 0.0
2025-04-23 13:24:43 [MQTT Call: ygw] INFO  com.example.mqtt.MessageData - Data sent to InfluxDBService: data/s/nhnacademy/b/gyeongnam_campus/p/storage/d/24e124136d151547/n/입구/g/24e124fffef79304/e/lora -> 0.0
2025-04-23 13:24:48 [MQTT Call: ygw] INFO  com.example.mqtt.MessageData - Topic: data/s/nhnacademy/b/gyeongnam_campus/p/undefined/d/24e124141d223697/n/출입문/e/di
Message Data:
time: 1745382287522
value: 

2025-04-23 13:24:48 [MQTT Call: ygw] INFO  com.example.mqtt.InfluxDBService - Extracted tagkey -> location: undefined, kind: 출입문, data: di
Value into InfluxDB: 0.0
2025-04-23 13:24:48 [MQTT Call: ygw] INFO  com.example.mqtt.MessageData - Data sent to InfluxDBService: data/s/nhnacademy/b/gyeongnam_campus/p/undefined/d/24e124141d223697/n/출입문/e/di -> 0.0
2025-04-23 13:24:48 [MQTT Call: ygw] INFO  com.example.mqtt.MessageData - Topic: data/s/nhnacademy/b/gyeongnam_campus/p/undefined/d/24e124141d223697/n/출입문/e/battery_level
Message Data:
time: 1745382287522
value: 37

2025-04-23 13:24:48 [MQTT Call: ygw] INFO  com.example.mqtt.InfluxDBService - Extracted tagkey -> location: undefined, kind: 출입문, data: battery_level
Value into InfluxDB: 37.0
2025-04-23 13:24:48 [MQTT Call: ygw] INFO  com.example.mqtt.MessageData - Data sent to InfluxDBService: data/s/nhnacademy/b/gyeongnam_campus/p/undefined/d/24e124141d223697/n/출입문/e/battery_level -> 37.0
2025-04-23 13:24:48 [MQTT Call: ygw] INFO  com.example.mqtt.MessageData - Topic: data/s/nhnacademy/b/gyeongnam_campus/p/undefined/d/24e124141d223697/n/출입문/g/24e124fffef5dccc/e/lora
Message Data:
time: 1745382287522
value: 

2025-04-23 13:24:48 [MQTT Call: ygw] INFO  com.example.mqtt.InfluxDBService - Extracted tagkey -> location: undefined, kind: 출입문, data: lora
Value into InfluxDB: 0.0
2025-04-23 13:24:48 [MQTT Call: ygw] INFO  com.example.mqtt.MessageData - Data sent to InfluxDBService: data/s/nhnacademy/b/gyeongnam_campus/p/undefined/d/24e124141d223697/n/출입문/g/24e124fffef5dccc/e/lora -> 0.0
2025-04-23 13:24:48 [MQTT Call: ygw] INFO  com.example.mqtt.MessageData - Topic: data/s/nhnacademy/b/gyeongnam_campus/p/undefined/d/24e124141d223697/n/출입문/g/24e124fffef79304/e/lora
Message Data:
time: 1745382287522
value: 

2025-04-23 13:24:48 [MQTT Call: ygw] INFO  com.example.mqtt.InfluxDBService - Extracted tagkey -> location: undefined, kind: 출입문, data: lora
Value into InfluxDB: 0.0
2025-04-23 13:24:48 [MQTT Call: ygw] INFO  com.example.mqtt.MessageData - Data sent to InfluxDBService: data/s/nhnacademy/b/gyeongnam_campus/p/undefined/d/24e124141d223697/n/출입문/g/24e124fffef79304/e/lora -> 0.0
2025-04-23 13:24:50 [MQTT Call: ygw] INFO  com.example.mqtt.MessageData - Topic: data/s/nhnacademy/b/gyeongnam_campus/p/campus/d/gem3500_1/n/캠퍼스_LL/e/voltage
Message Data:
time: 1745382290232
value: 379.82

2025-04-23 13:24:50 [MQTT Call: ygw] INFO  com.example.mqtt.InfluxDBService - Extracted tagkey -> location: campus, kind: 캠퍼스_LL, data: voltage
Value into InfluxDB: 379.82
2025-04-23 13:24:50 [MQTT Call: ygw] INFO  com.example.mqtt.MessageData - Data sent to InfluxDBService: data/s/nhnacademy/b/gyeongnam_campus/p/campus/d/gem3500_1/n/캠퍼스_LL/e/voltage -> 379.82
2025-04-23 13:24:50 [MQTT Call: ygw] INFO  com.example.mqtt.MessageData - Topic: data/s/nhnacademy/b/gyeongnam_campus/p/campus/d/gem3500_1/n/캠퍼스_LN/e/voltage
Message Data:
time: 1745382290232
value: 219.29

2025-04-23 13:24:50 [MQTT Call: ygw] INFO  com.example.mqtt.InfluxDBService - Extracted tagkey -> location: campus, kind: 캠퍼스_LN, data: voltage
Value into InfluxDB: 219.29
2025-04-23 13:24:50 [MQTT Call: ygw] INFO  com.example.mqtt.MessageData - Data sent to InfluxDBService: data/s/nhnacademy/b/gyeongnam_campus/p/campus/d/gem3500_1/n/캠퍼스_LN/e/voltage -> 219.29
2025-04-23 13:24:50 [MQTT Call: ygw] INFO  com.example.mqtt.MessageData - Topic: data/s/nhnacademy/b/gyeongnam_campus/p/campus/d/gem3500_1/n/캠퍼스1/e/power_meter
Message Data:
time: 1745382290333
type: 5
leakageCurrent: 0
current: 2823
activePower: 5245
reactivePower: -1870
tapparentPower: 6177
powerFactor: 84.92
currentUnbalance: 53.1
lines: 

2025-04-23 13:24:50 [MQTT Call: ygw] WARN  com.example.mqtt.MessageData - No 'value' field found in message, skipping InfluxDB write.
2025-04-23 13:24:50 [MQTT Call: ygw] INFO  com.example.mqtt.MessageData - Topic: data/s/nhnacademy/b/gyeongnam_campus/p/campus/d/gem3500_1/n/전등1/e/power_meter
Message Data:
time: 1745382290434
type: 3
leakageCurrent: 0
current: 698
activePower: 1308
reactivePower: -328
tapparentPower: 1526
powerFactor: 85.69
currentUnbalance: 0
lines: 

2025-04-23 13:24:50 [MQTT Call: ygw] WARN  com.example.mqtt.MessageData - No 'value' field found in message, skipping InfluxDB write.
2025-04-23 13:24:50 [MQTT Call: ygw] INFO  com.example.mqtt.MessageData - Topic: data/s/nhnacademy/b/gyeongnam_campus/p/campus/d/gem3500_1/n/전등2/e/power_meter
Message Data:
time: 1745382290537
type: 1
leakageCurrent: 0
current: 660
activePower: 1339
reactivePower: -331
tapparentPower: 1454
powerFactor: 92.07
currentUnbalance: 0
lines: 

2025-04-23 13:24:50 [MQTT Call: ygw] WARN  com.example.mqtt.MessageData - No 'value' field found in message, skipping InfluxDB write.
2025-04-23 13:24:50 [MQTT Call: ygw] INFO  com.example.mqtt.MessageData - Topic: data/s/nhnacademy/b/gyeongnam_campus/p/campus/d/gem3500_1/n/전등3/e/power_meter
Message Data:
time: 1745382290639
type: 2
leakageCurrent: 0
current: 0
activePower: 0
reactivePower: 0
tapparentPower: 0
powerFactor: 0
currentUnbalance: 0
lines: 

2025-04-23 13:24:50 [MQTT Call: ygw] WARN  com.example.mqtt.MessageData - No 'value' field found in message, skipping InfluxDB write.
2025-04-23 13:24:51 [MQTT Call: ygw] INFO  com.example.mqtt.MessageData - Topic: data/s/nhnacademy/b/gyeongnam_campus/p/campus/d/gem3500_1/n/강의실b_바닥/e/power_meter
Message Data:
time: 1745382290740
type: 3
leakageCurrent: 0
current: 244
activePower: 398
reactivePower: -242
tapparentPower: 520
powerFactor: 76.49
currentUnbalance: 0
lines: 

2025-04-23 13:24:51 [MQTT Call: ygw] WARN  com.example.mqtt.MessageData - No 'value' field found in message, skipping InfluxDB write.
2025-04-23 13:24:51 [MQTT Call: ygw] INFO  com.example.mqtt.MessageData - Topic: data/s/nhnacademy/b/gyeongnam_campus/p/campus/d/gem3500_1/n/강의실a_바닥1/e/power_meter
Message Data:
time: 1745382290842
type: 1
leakageCurrent: 0
current: 289
activePower: 460
reactivePower: -343
tapparentPower: 619
powerFactor: 74.41
currentUnbalance: 0
lines: 

2025-04-23 13:24:51 [MQTT Call: ygw] WARN  com.example.mqtt.MessageData - No 'value' field found in message, skipping InfluxDB write.
2025-04-23 13:24:51 [MQTT Call: ygw] INFO  com.example.mqtt.MessageData - Topic: data/s/nhnacademy/b/gyeongnam_campus/p/campus/d/gem3500_1/n/강의실a_바닥2/e/power_meter
Message Data:
time: 1745382290942
type: 2
leakageCurrent: 0
current: 206
activePower: 381
reactivePower: -192
tapparentPower: 458
powerFactor: 83.24
currentUnbalance: 0
lines: 

2025-04-23 13:24:51 [MQTT Call: ygw] WARN  com.example.mqtt.MessageData - No 'value' field found in message, skipping InfluxDB write.
2025-04-23 13:24:51 [MQTT Call: ygw] INFO  com.example.mqtt.MessageData - Topic: data/s/nhnacademy/b/gyeongnam_campus/p/campus/d/gem3500_1/n/프로젝터1/e/power_meter
Message Data:
time: 1745382291042
type: 3
leakageCurrent: 0
current: 99
activePower: 136
reactivePower: -153
tapparentPower: 223
powerFactor: 61.29
currentUnbalance: 0
lines: 

2025-04-23 13:24:51 [MQTT Call: ygw] WARN  com.example.mqtt.MessageData - No 'value' field found in message, skipping InfluxDB write.
2025-04-23 13:24:51 [MQTT Call: ygw] INFO  com.example.mqtt.MessageData - Topic: data/s/nhnacademy/b/gyeongnam_campus/p/campus/d/gem3500_1/n/프로젝터2/e/power_meter
Message Data:
time: 1745382291142
type: 1
leakageCurrent: 0
current: 40
activePower: 48
reactivePower: -69
tapparentPower: 88
powerFactor: 54.05
currentUnbalance: 0
lines: 

2025-04-23 13:24:51 [MQTT Call: ygw] WARN  com.example.mqtt.MessageData - No 'value' field found in message, skipping InfluxDB write.
2025-04-23 13:24:51 [MQTT Call: ygw] INFO  com.example.mqtt.MessageData - Topic: data/s/nhnacademy/b/gyeongnam_campus/p/campus/d/gem3500_1/n/회의실/e/power_meter
Message Data:
time: 1745382291245
type: 2
leakageCurrent: 0
current: 13
activePower: 4
reactivePower: -28
tapparentPower: 31
powerFactor: 15.38
currentUnbalance: 0
lines: 

2025-04-23 13:24:51 [MQTT Call: ygw] WARN  com.example.mqtt.MessageData - No 'value' field found in message, skipping InfluxDB write.
2025-04-23 13:24:52 [MQTT Call: ygw] INFO  com.example.mqtt.MessageData - Topic: data/s/nhnacademy/b/gyeongnam_campus/p/campus/d/gem3500_1/n/서버실/e/power_meter
Message Data:
time: 1745382291347
type: 3
leakageCurrent: 0
current: 198
activePower: 388
reactivePower: -110
tapparentPower: 436
powerFactor: 89.01
currentUnbalance: 0
lines: 

2025-04-23 13:24:52 [MQTT Call: ygw] WARN  com.example.mqtt.MessageData - No 'value' field found in message, skipping InfluxDB write.
2025-04-23 13:24:52 [MQTT Call: ygw] INFO  com.example.mqtt.MessageData - Topic: data/s/nhnacademy/b/gyeongnam_campus/p/campus/d/gem3500_1/n/간판/e/power_meter
Message Data:
time: 1745382291445
type: 1
leakageCurrent: 0
current: 0
activePower: 0
reactivePower: 0
tapparentPower: 0
powerFactor: 0
currentUnbalance: 0
lines: 

2025-04-23 13:24:52 [MQTT Call: ygw] WARN  com.example.mqtt.MessageData - No 'value' field found in message, skipping InfluxDB write.
2025-04-23 13:24:52 [MQTT Call: ygw] INFO  com.example.mqtt.MessageData - Topic: data/s/nhnacademy/b/gyeongnam_campus/p/campus/d/gem3500_1/n/페어룸/e/power_meter
Message Data:
time: 1745382291546
type: 2
leakageCurrent: 0
current: 0
activePower: 0
reactivePower: 0
tapparentPower: 0
powerFactor: 0
currentUnbalance: 0
lines: 

2025-04-23 13:24:52 [MQTT Call: ygw] WARN  com.example.mqtt.MessageData - No 'value' field found in message, skipping InfluxDB write.
2025-04-23 13:24:52 [MQTT Call: ygw] INFO  com.example.mqtt.MessageData - Topic: data/s/nhnacademy/b/gyeongnam_campus/p/campus/d/gem3500_1/n/사무실_전열1/e/power_meter
Message Data:
time: 1745382291648
type: 3
leakageCurrent: 0
current: 80
activePower: 100
reactivePower: -52
tapparentPower: 180
powerFactor: 55.99
currentUnbalance: 0
lines: 

2025-04-23 13:24:52 [MQTT Call: ygw] WARN  com.example.mqtt.MessageData - No 'value' field found in message, skipping InfluxDB write.
2025-04-23 13:24:52 [MQTT Call: ygw] INFO  com.example.mqtt.MessageData - Topic: data/s/nhnacademy/b/gyeongnam_campus/p/campus/d/gem3500_1/n/사무실_전열2/e/power_meter
Message Data:
time: 1745382291749
type: 3
leakageCurrent: 0
current: 92
activePower: 100
reactivePower: -60
tapparentPower: 199
powerFactor: 50.6
currentUnbalance: 0
lines: 

2025-04-23 13:24:52 [MQTT Call: ygw] WARN  com.example.mqtt.MessageData - No 'value' field found in message, skipping InfluxDB write.
2025-04-23 13:24:52 [MQTT Call: ygw] INFO  com.example.mqtt.MessageData - Topic: data/s/nhnacademy/b/gyeongnam_campus/p/campus/d/gem3500_1/n/사무실_복사기/e/power_meter
Message Data:
time: 1745382291849
type: 1
leakageCurrent: 0
current: 7
activePower: 7
reactivePower: 0
tapparentPower: 14
powerFactor: 50
currentUnbalance: 0
lines: 

2025-04-23 13:24:52 [MQTT Call: ygw] WARN  com.example.mqtt.MessageData - No 'value' field found in message, skipping InfluxDB write.
2025-04-23 13:24:52 [MQTT Call: ygw] INFO  com.example.mqtt.MessageData - Topic: data/s/nhnacademy/b/gyeongnam_campus/p/campus/d/gem3500_1/n/빌트인_전열/e/power_meter
Message Data:
time: 1745382291950
type: 2
leakageCurrent: 0
current: 5
activePower: 4
reactivePower: -7
tapparentPower: 12
powerFactor: 40
currentUnbalance: 0
lines: 

2025-04-23 13:24:52 [MQTT Call: ygw] WARN  com.example.mqtt.MessageData - No 'value' field found in message, skipping InfluxDB write.
2025-04-23 13:24:52 [MQTT Call: ygw] INFO  com.example.mqtt.MessageData - Topic: data/s/nhnacademy/b/gyeongnam_campus/p/campus/d/gem3500_1/n/사무실_전열3/e/power_meter
Message Data:
time: 1745382292052
type: 3
leakageCurrent: 0
current: 0
activePower: 0
reactivePower: 0
tapparentPower: 0
powerFactor: 0
currentUnbalance: 0
lines: 

2025-04-23 13:24:52 [MQTT Call: ygw] WARN  com.example.mqtt.MessageData - No 'value' field found in message, skipping InfluxDB write.
2025-04-23 13:24:52 [MQTT Call: ygw] INFO  com.example.mqtt.MessageData - Topic: data/s/nhnacademy/b/gyeongnam_campus/p/campus/d/gem3500_1/n/정수기/e/power_meter
Message Data:
time: 1745382292152
type: 1
leakageCurrent: 0
current: 69
activePower: 93
reactivePower: 120
tapparentPower: 153
powerFactor: 60.93
currentUnbalance: 0
lines: 

2025-04-23 13:24:52 [MQTT Call: ygw] WARN  com.example.mqtt.MessageData - No 'value' field found in message, skipping InfluxDB write.
2025-04-23 13:24:52 [MQTT Call: ygw] INFO  com.example.mqtt.MessageData - Topic: data/s/nhnacademy/b/gyeongnam_campus/p/campus/d/gem3500_1/n/하이브_전열/e/power_meter
Message Data:
time: 1745382292253
type: 2
leakageCurrent: 0
current: 65
activePower: 124
reactivePower: -48
tapparentPower: 144
powerFactor: 86.66
currentUnbalance: 0
lines: 

2025-04-23 13:24:52 [MQTT Call: ygw] WARN  com.example.mqtt.MessageData - No 'value' field found in message, skipping InfluxDB write.
2025-04-23 13:24:52 [MQTT Call: ygw] INFO  com.example.mqtt.MessageData - Topic: data/s/nhnacademy/b/gyeongnam_campus/p/campus/d/gem3500_1/n/바텐_전열/e/power_meter
Message Data:
time: 1745382292356
type: 3
leakageCurrent: 0
current: 0
activePower: 0
reactivePower: 0
tapparentPower: 0
powerFactor: 0
currentUnbalance: 0
lines: 

2025-04-23 13:24:52 [MQTT Call: ygw] WARN  com.example.mqtt.MessageData - No 'value' field found in message, skipping InfluxDB write.
2025-04-23 13:24:52 [MQTT Call: ygw] INFO  com.example.mqtt.MessageData - Topic: data/s/nhnacademy/b/gyeongnam_campus/p/campus/d/gem3500_1/n/S_P/e/power_meter
Message Data:
time: 1745382292456
type: 1
leakageCurrent: 0
current: 0
activePower: 0
reactivePower: 0
tapparentPower: 0
powerFactor: 0
currentUnbalance: 0
lines: 

2025-04-23 13:24:52 [MQTT Call: ygw] WARN  com.example.mqtt.MessageData - No 'value' field found in message, skipping InfluxDB write.
2025-04-23 13:24:52 [MQTT Call: ygw] INFO  com.example.mqtt.MessageData - Topic: data/s/nhnacademy/b/gyeongnam_campus/p/campus/d/gem3500_1/n/공조기/e/power_meter
Message Data:
time: 1745382292556
type: 2
leakageCurrent: 0
current: 200
activePower: 225
reactivePower: -21
tapparentPower: 441
powerFactor: 51.08
currentUnbalance: 0
lines: 

2025-04-23 13:24:52 [MQTT Call: ygw] WARN  com.example.mqtt.MessageData - No 'value' field found in message, skipping InfluxDB write.
2025-04-23 13:24:52 [MQTT Call: ygw] INFO  com.example.mqtt.MessageData - Topic: data/s/nhnacademy/b/gyeongnam_campus/p/campus/d/gem3500_1/n/AC/e/power_meter
Message Data:
time: 1745382292657
type: 3
leakageCurrent: 0
current: 89
activePower: 115
reactivePower: 0
tapparentPower: 194
powerFactor: 59.25
currentUnbalance: 0
lines: 

2025-04-23 13:24:52 [MQTT Call: ygw] WARN  com.example.mqtt.MessageData - No 'value' field found in message, skipping InfluxDB write.
2025-04-23 13:25:01 [MQTT Call: ygw] INFO  com.example.mqtt.MessageData - Topic: data/s/nhnacademy/b/gyeongnam_campus/p/office/d/24e124126d152919/n/보드/e/pressure
Message Data:
time: 1745382300716
value: 1004.9

2025-04-23 13:25:01 [MQTT Call: ygw] INFO  com.example.mqtt.InfluxDBService - Extracted tagkey -> location: office, kind: 보드, data: pressure
Value into InfluxDB: 1004.9
2025-04-23 13:25:01 [MQTT Call: ygw] INFO  com.example.mqtt.MessageData - Data sent to InfluxDBService: data/s/nhnacademy/b/gyeongnam_campus/p/office/d/24e124126d152919/n/보드/e/pressure -> 1004.9
2025-04-23 13:25:01 [MQTT Call: ygw] INFO  com.example.mqtt.MessageData - Topic: data/s/nhnacademy/b/gyeongnam_campus/p/office/d/24e124126d152919/n/보드/e/humidity
Message Data:
time: 1745382300716
value: 48.5

2025-04-23 13:25:01 [MQTT Call: ygw] INFO  com.example.mqtt.InfluxDBService - Extracted tagkey -> location: office, kind: 보드, data: humidity
Value into InfluxDB: 48.5
2025-04-23 13:25:01 [MQTT Call: ygw] INFO  com.example.mqtt.MessageData - Data sent to InfluxDBService: data/s/nhnacademy/b/gyeongnam_campus/p/office/d/24e124126d152919/n/보드/e/humidity -> 48.5
2025-04-23 13:25:01 [MQTT Call: ygw] INFO  com.example.mqtt.MessageData - Topic: data/s/nhnacademy/b/gyeongnam_campus/p/office/d/24e124126d152919/n/보드/e/temperature
Message Data:
time: 1745382300716
value: 24.6

2025-04-23 13:25:01 [MQTT Call: ygw] INFO  com.example.mqtt.InfluxDBService - Extracted tagkey -> location: office, kind: 보드, data: temperature
Value into InfluxDB: 24.6
2025-04-23 13:25:01 [MQTT Call: ygw] INFO  com.example.mqtt.MessageData - Data sent to InfluxDBService: data/s/nhnacademy/b/gyeongnam_campus/p/office/d/24e124126d152919/n/보드/e/temperature -> 24.6
2025-04-23 13:25:01 [MQTT Call: ygw] INFO  com.example.mqtt.MessageData - Topic: data/s/nhnacademy/b/gyeongnam_campus/p/office/d/24e124126d152919/n/보드/e/co2
Message Data:
time: 1745382300716
value: 722

2025-04-23 13:25:01 [MQTT Call: ygw] INFO  com.example.mqtt.InfluxDBService - Extracted tagkey -> location: office, kind: 보드, data: co2
Value into InfluxDB: 722.0
2025-04-23 13:25:01 [MQTT Call: ygw] INFO  com.example.mqtt.MessageData - Data sent to InfluxDBService: data/s/nhnacademy/b/gyeongnam_campus/p/office/d/24e124126d152919/n/보드/e/co2 -> 722.0
2025-04-23 13:25:01 [MQTT Call: ygw] INFO  com.example.mqtt.MessageData - Topic: data/s/nhnacademy/b/gyeongnam_campus/p/office/d/24e124126d152919/n/보드/g/24e124fffef79304/e/lora
Message Data:
time: 1745382300716
value: 

2025-04-23 13:25:01 [MQTT Call: ygw] INFO  com.example.mqtt.InfluxDBService - Extracted tagkey -> location: office, kind: 보드, data: lora
Value into InfluxDB: 0.0
2025-04-23 13:25:01 [MQTT Call: ygw] INFO  com.example.mqtt.MessageData - Data sent to InfluxDBService: data/s/nhnacademy/b/gyeongnam_campus/p/office/d/24e124126d152919/n/보드/g/24e124fffef79304/e/lora -> 0.0
2025-04-23 13:25:01 [MQTT Call: ygw] INFO  com.example.mqtt.MessageData - Topic: data/s/nhnacademy/b/gyeongnam_campus/p/office/d/24e124126d152919/n/보드/g/24e124fffef5dccc/e/lora
Message Data:
time: 1745382300716
value: 

2025-04-23 13:25:01 [MQTT Call: ygw] INFO  com.example.mqtt.InfluxDBService - Extracted tagkey -> location: office, kind: 보드, data: lora
Value into InfluxDB: 0.0
2025-04-23 13:25:01 [MQTT Call: ygw] INFO  com.example.mqtt.MessageData - Data sent to InfluxDBService: data/s/nhnacademy/b/gyeongnam_campus/p/office/d/24e124126d152919/n/보드/g/24e124fffef5dccc/e/lora -> 0.0
2025-04-23 13:25:10 [MQTT Call: ygw] INFO  com.example.mqtt.MessageData - Topic: data/s/nhnacademy/b/gyeongnam_campus/p/hive/d/24e124785c389010/n/정수기 위/e/temperature
Message Data:
time: 1745382310187
value: 23.4

2025-04-23 13:25:10 [MQTT Call: ygw] INFO  com.example.mqtt.InfluxDBService - Extracted tagkey -> location: hive, kind: 정수기 위, data: temperature
Value into InfluxDB: 23.4
2025-04-23 13:25:10 [MQTT Call: ygw] INFO  com.example.mqtt.MessageData - Data sent to InfluxDBService: data/s/nhnacademy/b/gyeongnam_campus/p/hive/d/24e124785c389010/n/정수기 위/e/temperature -> 23.4
2025-04-23 13:25:10 [MQTT Call: ygw] INFO  com.example.mqtt.MessageData - Topic: data/s/nhnacademy/b/gyeongnam_campus/p/hive/d/24e124785c389010/n/정수기 위/e/humidity
Message Data:
time: 1745382310187
value: 44

2025-04-23 13:25:10 [MQTT Call: ygw] INFO  com.example.mqtt.InfluxDBService - Extracted tagkey -> location: hive, kind: 정수기 위, data: humidity
Value into InfluxDB: 44.0
2025-04-23 13:25:10 [MQTT Call: ygw] INFO  com.example.mqtt.MessageData - Data sent to InfluxDBService: data/s/nhnacademy/b/gyeongnam_campus/p/hive/d/24e124785c389010/n/정수기 위/e/humidity -> 44.0
2025-04-23 13:25:10 [MQTT Call: ygw] INFO  com.example.mqtt.MessageData - Topic: data/s/nhnacademy/b/gyeongnam_campus/p/hive/d/24e124785c389010/n/정수기 위/e/battery
Message Data:
time: 1745382310187
value: 85

2025-04-23 13:25:10 [MQTT Call: ygw] INFO  com.example.mqtt.InfluxDBService - Extracted tagkey -> location: hive, kind: 정수기 위, data: battery
Value into InfluxDB: 85.0
2025-04-23 13:25:10 [MQTT Call: ygw] INFO  com.example.mqtt.MessageData - Data sent to InfluxDBService: data/s/nhnacademy/b/gyeongnam_campus/p/hive/d/24e124785c389010/n/정수기 위/e/battery -> 85.0
2025-04-23 13:25:10 [MQTT Call: ygw] INFO  com.example.mqtt.MessageData - Topic: data/s/nhnacademy/b/gyeongnam_campus/p/hive/d/24e124785c389010/n/정수기 위/g/24e124fffef5dccc/e/lora
Message Data:
time: 1745382310187
value: 

2025-04-23 13:25:10 [MQTT Call: ygw] INFO  com.example.mqtt.InfluxDBService - Extracted tagkey -> location: hive, kind: 정수기 위, data: lora
Value into InfluxDB: 0.0
2025-04-23 13:25:10 [MQTT Call: ygw] INFO  com.example.mqtt.MessageData - Data sent to InfluxDBService: data/s/nhnacademy/b/gyeongnam_campus/p/hive/d/24e124785c389010/n/정수기 위/g/24e124fffef5dccc/e/lora -> 0.0
2025-04-23 13:25:10 [MQTT Call: ygw] INFO  com.example.mqtt.MessageData - Topic: data/s/nhnacademy/b/gyeongnam_campus/p/hive/d/24e124785c389010/n/정수기 위/g/24e124fffef79304/e/lora
Message Data:
time: 1745382310187
value: 

2025-04-23 13:25:10 [MQTT Call: ygw] INFO  com.example.mqtt.InfluxDBService - Extracted tagkey -> location: hive, kind: 정수기 위, data: lora
Value into InfluxDB: 0.0
2025-04-23 13:25:10 [MQTT Call: ygw] INFO  com.example.mqtt.MessageData - Data sent to InfluxDBService: data/s/nhnacademy/b/gyeongnam_campus/p/hive/d/24e124785c389010/n/정수기 위/g/24e124fffef79304/e/lora -> 0.0
2025-04-23 13:25:14 [MQTT Call: ygw] INFO  com.example.mqtt.MessageData - Topic: data/s/nhnacademy/b/gyeongnam_campus/p/hive/d/24e124725d081175/sp/8인 책상/n/8인 책상/e/battery
Message Data:
time: 1745382314258
value: 76

2025-04-23 13:25:14 [MQTT Call: ygw] INFO  com.example.mqtt.InfluxDBService - Extracted tagkey -> location: hive, kind: 8인 책상, data: battery
Value into InfluxDB: 76.0
2025-04-23 13:25:14 [MQTT Call: ygw] INFO  com.example.mqtt.MessageData - Data sent to InfluxDBService: data/s/nhnacademy/b/gyeongnam_campus/p/hive/d/24e124725d081175/sp/8인 책상/n/8인 책상/e/battery -> 76.0
2025-04-23 13:25:14 [MQTT Call: ygw] INFO  com.example.mqtt.MessageData - Topic: data/s/nhnacademy/b/gyeongnam_campus/p/hive/d/24e124725d081175/sp/8인 책상/n/8인 책상/e/humidity
Message Data:
time: 1745382314258
value: 43

2025-04-23 13:25:14 [MQTT Call: ygw] INFO  com.example.mqtt.InfluxDBService - Extracted tagkey -> location: hive, kind: 8인 책상, data: humidity
Value into InfluxDB: 43.0
2025-04-23 13:25:14 [MQTT Call: ygw] INFO  com.example.mqtt.MessageData - Data sent to InfluxDBService: data/s/nhnacademy/b/gyeongnam_campus/p/hive/d/24e124725d081175/sp/8인 책상/n/8인 책상/e/humidity -> 43.0
2025-04-23 13:25:14 [MQTT Call: ygw] INFO  com.example.mqtt.MessageData - Topic: data/s/nhnacademy/b/gyeongnam_campus/p/hive/d/24e124725d081175/sp/8인 책상/n/8인 책상/e/co2
Message Data:
time: 1745382314258
value: 544

2025-04-23 13:25:14 [MQTT Call: ygw] INFO  com.example.mqtt.InfluxDBService - Extracted tagkey -> location: hive, kind: 8인 책상, data: co2
Value into InfluxDB: 544.0
2025-04-23 13:25:14 [MQTT Call: ygw] INFO  com.example.mqtt.MessageData - Data sent to InfluxDBService: data/s/nhnacademy/b/gyeongnam_campus/p/hive/d/24e124725d081175/sp/8인 책상/n/8인 책상/e/co2 -> 544.0
2025-04-23 13:25:14 [MQTT Call: ygw] INFO  com.example.mqtt.MessageData - Topic: data/s/nhnacademy/b/gyeongnam_campus/p/hive/d/24e124725d081175/sp/8인 책상/n/8인 책상/e/temperature
Message Data:
time: 1745382314258
value: 23.9

2025-04-23 13:25:14 [MQTT Call: ygw] INFO  com.example.mqtt.InfluxDBService - Extracted tagkey -> location: hive, kind: 8인 책상, data: temperature
Value into InfluxDB: 23.9
2025-04-23 13:25:14 [MQTT Call: ygw] INFO  com.example.mqtt.MessageData - Data sent to InfluxDBService: data/s/nhnacademy/b/gyeongnam_campus/p/hive/d/24e124725d081175/sp/8인 책상/n/8인 책상/e/temperature -> 23.9
2025-04-23 13:25:14 [MQTT Call: ygw] INFO  com.example.mqtt.MessageData - Topic: data/s/nhnacademy/b/gyeongnam_campus/p/hive/d/24e124725d081175/sp/8인 책상/n/8인 책상/g/24e124fffef79304/e/lora
Message Data:
time: 1745382314258
value: 

2025-04-23 13:25:14 [MQTT Call: ygw] INFO  com.example.mqtt.InfluxDBService - Extracted tagkey -> location: hive, kind: 8인 책상, data: lora
Value into InfluxDB: 0.0
2025-04-23 13:25:14 [MQTT Call: ygw] INFO  com.example.mqtt.MessageData - Data sent to InfluxDBService: data/s/nhnacademy/b/gyeongnam_campus/p/hive/d/24e124725d081175/sp/8인 책상/n/8인 책상/g/24e124fffef79304/e/lora -> 0.0
2025-04-23 13:25:14 [MQTT Call: ygw] INFO  com.example.mqtt.MessageData - Topic: data/s/nhnacademy/b/gyeongnam_campus/p/hive/d/24e124725d081175/sp/8인 책상/n/8인 책상/g/24e124fffef5dccc/e/lora
Message Data:
time: 1745382314258
value: 

2025-04-23 13:25:14 [MQTT Call: ygw] INFO  com.example.mqtt.InfluxDBService - Extracted tagkey -> location: hive, kind: 8인 책상, data: lora
Value into InfluxDB: 0.0
2025-04-23 13:25:14 [MQTT Call: ygw] INFO  com.example.mqtt.MessageData - Data sent to InfluxDBService: data/s/nhnacademy/b/gyeongnam_campus/p/hive/d/24e124725d081175/sp/8인 책상/n/8인 책상/g/24e124fffef5dccc/e/lora -> 0.0
2025-04-23 13:25:19 [MQTT Call: ygw] INFO  com.example.mqtt.MessageData - Topic: data/s/nhnacademy/b/gyeongnam_campus/p/class_a/d/24e124128c067999/sp/입구/n/입구/e/pressure
Message Data:
time: 1745382318683
value: 997.6

2025-04-23 13:25:19 [MQTT Call: ygw] INFO  com.example.mqtt.InfluxDBService - Extracted tagkey -> location: class_a, kind: 입구, data: pressure
Value into InfluxDB: 997.6
2025-04-23 13:25:19 [MQTT Call: ygw] INFO  com.example.mqtt.MessageData - Data sent to InfluxDBService: data/s/nhnacademy/b/gyeongnam_campus/p/class_a/d/24e124128c067999/sp/입구/n/입구/e/pressure -> 997.6
2025-04-23 13:25:19 [MQTT Call: ygw] INFO  com.example.mqtt.MessageData - Topic: data/s/nhnacademy/b/gyeongnam_campus/p/class_a/d/24e124128c067999/sp/입구/n/입구/e/humidity
Message Data:
time: 1745382318683
value: 47

2025-04-23 13:25:19 [MQTT Call: ygw] INFO  com.example.mqtt.InfluxDBService - Extracted tagkey -> location: class_a, kind: 입구, data: humidity
Value into InfluxDB: 47.0
2025-04-23 13:25:19 [MQTT Call: ygw] INFO  com.example.mqtt.MessageData - Data sent to InfluxDBService: data/s/nhnacademy/b/gyeongnam_campus/p/class_a/d/24e124128c067999/sp/입구/n/입구/e/humidity -> 47.0
2025-04-23 13:25:19 [MQTT Call: ygw] INFO  com.example.mqtt.MessageData - Topic: data/s/nhnacademy/b/gyeongnam_campus/p/class_a/d/24e124128c067999/sp/입구/n/입구/e/tvoc
Message Data:
time: 1745382318683
value: 301

2025-04-23 13:25:19 [MQTT Call: ygw] INFO  com.example.mqtt.InfluxDBService - Extracted tagkey -> location: class_a, kind: 입구, data: tvoc
Value into InfluxDB: 301.0
2025-04-23 13:25:19 [MQTT Call: ygw] INFO  com.example.mqtt.MessageData - Data sent to InfluxDBService: data/s/nhnacademy/b/gyeongnam_campus/p/class_a/d/24e124128c067999/sp/입구/n/입구/e/tvoc -> 301.0
2025-04-23 13:25:19 [MQTT Call: ygw] INFO  com.example.mqtt.MessageData - Topic: data/s/nhnacademy/b/gyeongnam_campus/p/class_a/d/24e124128c067999/sp/입구/n/입구/e/illumination
Message Data:
time: 1745382318683
value: 67

2025-04-23 13:25:19 [MQTT Call: ygw] INFO  com.example.mqtt.InfluxDBService - Extracted tagkey -> location: class_a, kind: 입구, data: illumination
Value into InfluxDB: 67.0
2025-04-23 13:25:19 [MQTT Call: ygw] INFO  com.example.mqtt.MessageData - Data sent to InfluxDBService: data/s/nhnacademy/b/gyeongnam_campus/p/class_a/d/24e124128c067999/sp/입구/n/입구/e/illumination -> 67.0
2025-04-23 13:25:19 [MQTT Call: ygw] INFO  com.example.mqtt.MessageData - Topic: data/s/nhnacademy/b/gyeongnam_campus/p/class_a/d/24e124128c067999/sp/입구/n/입구/e/temperature
Message Data:
time: 1745382318683
value: 24.1

2025-04-23 13:25:19 [MQTT Call: ygw] INFO  com.example.mqtt.InfluxDBService - Extracted tagkey -> location: class_a, kind: 입구, data: temperature
Value into InfluxDB: 24.1
2025-04-23 13:25:19 [MQTT Call: ygw] INFO  com.example.mqtt.MessageData - Data sent to InfluxDBService: data/s/nhnacademy/b/gyeongnam_campus/p/class_a/d/24e124128c067999/sp/입구/n/입구/e/temperature -> 24.1
2025-04-23 13:25:19 [MQTT Call: ygw] INFO  com.example.mqtt.MessageData - Topic: data/s/nhnacademy/b/gyeongnam_campus/p/class_a/d/24e124128c067999/sp/입구/n/입구/e/infrared
Message Data:
time: 1745382318683
value: 7

2025-04-23 13:25:19 [MQTT Call: ygw] INFO  com.example.mqtt.InfluxDBService - Extracted tagkey -> location: class_a, kind: 입구, data: infrared
Value into InfluxDB: 7.0
2025-04-23 13:25:19 [MQTT Call: ygw] INFO  com.example.mqtt.MessageData - Data sent to InfluxDBService: data/s/nhnacademy/b/gyeongnam_campus/p/class_a/d/24e124128c067999/sp/입구/n/입구/e/infrared -> 7.0
2025-04-23 13:25:19 [MQTT Call: ygw] INFO  com.example.mqtt.MessageData - Topic: data/s/nhnacademy/b/gyeongnam_campus/p/class_a/d/24e124128c067999/sp/입구/n/입구/e/co2
Message Data:
time: 1745382318683
value: 1085

2025-04-23 13:25:19 [MQTT Call: ygw] INFO  com.example.mqtt.InfluxDBService - Extracted tagkey -> location: class_a, kind: 입구, data: co2
Value into InfluxDB: 1085.0
2025-04-23 13:25:19 [MQTT Call: ygw] INFO  com.example.mqtt.MessageData - Data sent to InfluxDBService: data/s/nhnacademy/b/gyeongnam_campus/p/class_a/d/24e124128c067999/sp/입구/n/입구/e/co2 -> 1085.0
2025-04-23 13:25:19 [MQTT Call: ygw] INFO  com.example.mqtt.MessageData - Topic: data/s/nhnacademy/b/gyeongnam_campus/p/class_a/d/24e124128c067999/sp/입구/n/입구/e/activity
Message Data:
time: 1745382318683
value: 0

2025-04-23 13:25:19 [MQTT Call: ygw] INFO  com.example.mqtt.InfluxDBService - Extracted tagkey -> location: class_a, kind: 입구, data: activity
Value into InfluxDB: 0.0
2025-04-23 13:25:19 [MQTT Call: ygw] INFO  com.example.mqtt.MessageData - Data sent to InfluxDBService: data/s/nhnacademy/b/gyeongnam_campus/p/class_a/d/24e124128c067999/sp/입구/n/입구/e/activity -> 0.0
2025-04-23 13:25:19 [MQTT Call: ygw] INFO  com.example.mqtt.MessageData - Topic: data/s/nhnacademy/b/gyeongnam_campus/p/class_a/d/24e124128c067999/sp/입구/n/입구/e/infrared_and_visible
Message Data:
time: 1745382318683
value: 46

2025-04-23 13:25:19 [MQTT Call: ygw] INFO  com.example.mqtt.InfluxDBService - Extracted tagkey -> location: class_a, kind: 입구, data: infrared_and_visible
Value into InfluxDB: 46.0
2025-04-23 13:25:19 [MQTT Call: ygw] INFO  com.example.mqtt.MessageData - Data sent to InfluxDBService: data/s/nhnacademy/b/gyeongnam_campus/p/class_a/d/24e124128c067999/sp/입구/n/입구/e/infrared_and_visible -> 46.0
2025-04-23 13:25:19 [MQTT Call: ygw] INFO  com.example.mqtt.MessageData - Topic: data/s/nhnacademy/b/gyeongnam_campus/p/class_a/d/24e124128c067999/sp/입구/n/입구/g/24e124fffef5dccc/e/lora
Message Data:
time: 1745382318683
value: 

2025-04-23 13:25:19 [MQTT Call: ygw] INFO  com.example.mqtt.InfluxDBService - Extracted tagkey -> location: class_a, kind: 입구, data: lora
Value into InfluxDB: 0.0
2025-04-23 13:25:19 [MQTT Call: ygw] INFO  com.example.mqtt.MessageData - Data sent to InfluxDBService: data/s/nhnacademy/b/gyeongnam_campus/p/class_a/d/24e124128c067999/sp/입구/n/입구/g/24e124fffef5dccc/e/lora -> 0.0
2025-04-23 13:25:19 [MQTT Call: ygw] INFO  com.example.mqtt.MessageData - Topic: data/s/nhnacademy/b/gyeongnam_campus/p/class_a/d/24e124128c067999/sp/입구/n/입구/g/24e124fffef79304/e/lora
Message Data:
time: 1745382318683
value: 

2025-04-23 13:25:19 [MQTT Call: ygw] INFO  com.example.mqtt.InfluxDBService - Extracted tagkey -> location: class_a, kind: 입구, data: lora
Value into InfluxDB: 0.0
2025-04-23 13:25:19 [MQTT Call: ygw] INFO  com.example.mqtt.MessageData - Data sent to InfluxDBService: data/s/nhnacademy/b/gyeongnam_campus/p/class_a/d/24e124128c067999/sp/입구/n/입구/g/24e124fffef79304/e/lora -> 0.0
2025-04-23 13:25:24 [MQTT Call: ygw] INFO  com.example.mqtt.MessageData - Topic: data/s/nhnacademy/b/gyeongnam_campus/p/server_room/d/24e124136d151368/n/입구/e/humidity
Message Data:
time: 1745382323720
value: 46.5

2025-04-23 13:25:24 [MQTT Call: ygw] INFO  com.example.mqtt.InfluxDBService - Extracted tagkey -> location: server_room, kind: 입구, data: humidity
Value into InfluxDB: 46.5
2025-04-23 13:25:24 [MQTT Call: ygw] INFO  com.example.mqtt.MessageData - Data sent to InfluxDBService: data/s/nhnacademy/b/gyeongnam_campus/p/server_room/d/24e124136d151368/n/입구/e/humidity -> 46.5
2025-04-23 13:25:24 [MQTT Call: ygw] INFO  com.example.mqtt.MessageData - Topic: data/s/nhnacademy/b/gyeongnam_campus/p/server_room/d/24e124136d151368/n/입구/e/temperature
Message Data:
time: 1745382323720
value: 24.1

2025-04-23 13:25:24 [MQTT Call: ygw] INFO  com.example.mqtt.InfluxDBService - Extracted tagkey -> location: server_room, kind: 입구, data: temperature
Value into InfluxDB: 24.1
2025-04-23 13:25:24 [MQTT Call: ygw] INFO  com.example.mqtt.MessageData - Data sent to InfluxDBService: data/s/nhnacademy/b/gyeongnam_campus/p/server_room/d/24e124136d151368/n/입구/e/temperature -> 24.1
2025-04-23 13:25:24 [MQTT Call: ygw] INFO  com.example.mqtt.MessageData - Topic: data/s/nhnacademy/b/gyeongnam_campus/p/server_room/d/24e124136d151368/n/입구/g/24e124fffef5dccc/e/lora
Message Data:
time: 1745382323720
value: 

2025-04-23 13:25:24 [MQTT Call: ygw] INFO  com.example.mqtt.InfluxDBService - Extracted tagkey -> location: server_room, kind: 입구, data: lora
Value into InfluxDB: 0.0
2025-04-23 13:25:24 [MQTT Call: ygw] INFO  com.example.mqtt.MessageData - Data sent to InfluxDBService: data/s/nhnacademy/b/gyeongnam_campus/p/server_room/d/24e124136d151368/n/입구/g/24e124fffef5dccc/e/lora -> 0.0
2025-04-23 13:25:24 [MQTT Call: ygw] INFO  com.example.mqtt.MessageData - Topic: data/s/nhnacademy/b/gyeongnam_campus/p/server_room/d/24e124136d151368/n/입구/g/24e124fffef79304/e/lora
Message Data:
time: 1745382323720
value: 

2025-04-23 13:25:24 [MQTT Call: ygw] INFO  com.example.mqtt.InfluxDBService - Extracted tagkey -> location: server_room, kind: 입구, data: lora
Value into InfluxDB: 0.0
2025-04-23 13:25:24 [MQTT Call: ygw] INFO  com.example.mqtt.MessageData - Data sent to InfluxDBService: data/s/nhnacademy/b/gyeongnam_campus/p/server_room/d/24e124136d151368/n/입구/g/24e124fffef79304/e/lora -> 0.0
2025-04-23 13:25:29 [MQTT Call: ygw] INFO  com.example.mqtt.MessageData - Topic: data/s/nhnacademy/b/gyeongnam_campus/p/hive/d/24e124126c452091/sp/farm/n/스마트팜/e/temperature
Message Data:
time: 1745382329384
value: 23.2

2025-04-23 13:25:29 [MQTT Call: ygw] INFO  com.example.mqtt.InfluxDBService - Extracted tagkey -> location: hive, kind: 스마트팜, data: temperature
Value into InfluxDB: 23.2
2025-04-23 13:25:29 [MQTT Call: ygw] INFO  com.example.mqtt.MessageData - Data sent to InfluxDBService: data/s/nhnacademy/b/gyeongnam_campus/p/hive/d/24e124126c452091/sp/farm/n/스마트팜/e/temperature -> 23.2
2025-04-23 13:25:29 [MQTT Call: ygw] INFO  com.example.mqtt.MessageData - Topic: data/s/nhnacademy/b/gyeongnam_campus/p/hive/d/24e124126c452091/sp/farm/n/스마트팜/g/24e124fffef79304/e/lora
Message Data:
time: 1745382329384
value: 

2025-04-23 13:25:29 [MQTT Call: ygw] INFO  com.example.mqtt.InfluxDBService - Extracted tagkey -> location: hive, kind: 스마트팜, data: lora
Value into InfluxDB: 0.0
2025-04-23 13:25:29 [MQTT Call: ygw] INFO  com.example.mqtt.MessageData - Data sent to InfluxDBService: data/s/nhnacademy/b/gyeongnam_campus/p/hive/d/24e124126c452091/sp/farm/n/스마트팜/g/24e124fffef79304/e/lora -> 0.0
2025-04-23 13:25:29 [MQTT Call: ygw] INFO  com.example.mqtt.MessageData - Topic: data/s/nhnacademy/b/gyeongnam_campus/p/hive/d/24e124126c452091/sp/farm/n/스마트팜/g/24e124fffef5dccc/e/lora
Message Data:
time: 1745382329384
value: 

2025-04-23 13:25:29 [MQTT Call: ygw] INFO  com.example.mqtt.InfluxDBService - Extracted tagkey -> location: hive, kind: 스마트팜, data: lora
Value into InfluxDB: 0.0
2025-04-23 13:25:29 [MQTT Call: ygw] INFO  com.example.mqtt.MessageData - Data sent to InfluxDBService: data/s/nhnacademy/b/gyeongnam_campus/p/hive/d/24e124126c452091/sp/farm/n/스마트팜/g/24e124fffef5dccc/e/lora -> 0.0
2025-04-23 13:25:34 [MQTT Call: ygw] INFO  com.example.mqtt.MessageData - Topic: data/s/nhnacademy/b/gyeongnam_campus/p/pair_room/d/24e124617d159573/n/2/e/battery
Message Data:
time: 1745382334038
value: 32

2025-04-23 13:25:34 [MQTT Call: ygw] INFO  com.example.mqtt.InfluxDBService - Extracted tagkey -> location: pair_room, kind: 2, data: battery
Value into InfluxDB: 32.0
2025-04-23 13:25:34 [MQTT Call: ygw] INFO  com.example.mqtt.MessageData - Data sent to InfluxDBService: data/s/nhnacademy/b/gyeongnam_campus/p/pair_room/d/24e124617d159573/n/2/e/battery -> 32.0
2025-04-23 13:25:34 [MQTT Call: ygw] INFO  com.example.mqtt.MessageData - Topic: data/s/nhnacademy/b/gyeongnam_campus/p/pair_room/d/24e124617d159573/n/2/e/distance
Message Data:
time: 1745382334038
value: 2233

2025-04-23 13:25:34 [MQTT Call: ygw] INFO  com.example.mqtt.InfluxDBService - Extracted tagkey -> location: pair_room, kind: 2, data: distance
Value into InfluxDB: 2233.0
2025-04-23 13:25:34 [MQTT Call: ygw] INFO  com.example.mqtt.MessageData - Data sent to InfluxDBService: data/s/nhnacademy/b/gyeongnam_campus/p/pair_room/d/24e124617d159573/n/2/e/distance -> 2233.0
2025-04-23 13:25:34 [MQTT Call: ygw] INFO  com.example.mqtt.MessageData - Topic: data/s/nhnacademy/b/gyeongnam_campus/p/pair_room/d/24e124617d159573/n/2/e/occupancy
Message Data:
time: 1745382334038
value: 0

2025-04-23 13:25:34 [MQTT Call: ygw] INFO  com.example.mqtt.InfluxDBService - Extracted tagkey -> location: pair_room, kind: 2, data: occupancy
Value into InfluxDB: 0.0
2025-04-23 13:25:34 [MQTT Call: ygw] INFO  com.example.mqtt.MessageData - Data sent to InfluxDBService: data/s/nhnacademy/b/gyeongnam_campus/p/pair_room/d/24e124617d159573/n/2/e/occupancy -> 0.0
2025-04-23 13:25:34 [MQTT Call: ygw] INFO  com.example.mqtt.MessageData - Topic: data/s/nhnacademy/b/gyeongnam_campus/p/pair_room/d/24e124617d159573/n/2/g/24e124fffef79304/e/lora
Message Data:
time: 1745382334038
value: 

2025-04-23 13:25:34 [MQTT Call: ygw] INFO  com.example.mqtt.InfluxDBService - Extracted tagkey -> location: pair_room, kind: 2, data: lora
Value into InfluxDB: 0.0
2025-04-23 13:25:34 [MQTT Call: ygw] INFO  com.example.mqtt.MessageData - Data sent to InfluxDBService: data/s/nhnacademy/b/gyeongnam_campus/p/pair_room/d/24e124617d159573/n/2/g/24e124fffef79304/e/lora -> 0.0
2025-04-23 13:25:40 [MQTT Call: ygw] INFO  com.example.mqtt.MessageData - Topic: data/s/nhnacademy/b/gyeongnam_campus/p/hive/d/24e124126d111937/sp/farm/n/스마트팜/e/illumination
Message Data:
time: 1745382339806
value: 320

2025-04-23 13:25:40 [MQTT Call: ygw] INFO  com.example.mqtt.InfluxDBService - Extracted tagkey -> location: hive, kind: 스마트팜, data: illumination
Value into InfluxDB: 320.0
2025-04-23 13:25:40 [MQTT Call: ygw] INFO  com.example.mqtt.MessageData - Data sent to InfluxDBService: data/s/nhnacademy/b/gyeongnam_campus/p/hive/d/24e124126d111937/sp/farm/n/스마트팜/e/illumination -> 320.0
2025-04-23 13:25:40 [MQTT Call: ygw] INFO  com.example.mqtt.MessageData - Topic: data/s/nhnacademy/b/gyeongnam_campus/p/hive/d/24e124126d111937/sp/farm/n/스마트팜/g/24e124fffef79304/e/lora
Message Data:
time: 1745382339806
value: 

2025-04-23 13:25:40 [MQTT Call: ygw] INFO  com.example.mqtt.InfluxDBService - Extracted tagkey -> location: hive, kind: 스마트팜, data: lora
Value into InfluxDB: 0.0
2025-04-23 13:25:40 [MQTT Call: ygw] INFO  com.example.mqtt.MessageData - Data sent to InfluxDBService: data/s/nhnacademy/b/gyeongnam_campus/p/hive/d/24e124126d111937/sp/farm/n/스마트팜/g/24e124fffef79304/e/lora -> 0.0
2025-04-23 13:25:40 [MQTT Call: ygw] INFO  com.example.mqtt.MessageData - Topic: data/s/nhnacademy/b/gyeongnam_campus/p/hive/d/24e124126d111937/sp/farm/n/스마트팜/g/24e124fffef5dccc/e/lora
Message Data:
time: 1745382339806
value: 

2025-04-23 13:25:40 [MQTT Call: ygw] INFO  com.example.mqtt.InfluxDBService - Extracted tagkey -> location: hive, kind: 스마트팜, data: lora
Value into InfluxDB: 0.0
2025-04-23 13:25:40 [MQTT Call: ygw] INFO  com.example.mqtt.MessageData - Data sent to InfluxDBService: data/s/nhnacademy/b/gyeongnam_campus/p/hive/d/24e124126d111937/sp/farm/n/스마트팜/g/24e124fffef5dccc/e/lora -> 0.0
2025-04-23 13:25:41 [MQTT Call: ygw] INFO  com.example.mqtt.MessageData - Topic: data/s/nhnacademy/b/gyeongnam_campus/p/class_a/d/24e124126d152969/n/왼쪽 뒤/e/co2
Message Data:
time: 1745382340708
value: 1127

2025-04-23 13:25:41 [MQTT Call: ygw] INFO  com.example.mqtt.InfluxDBService - Extracted tagkey -> location: class_a, kind: 왼쪽 뒤, data: co2
Value into InfluxDB: 1127.0
2025-04-23 13:25:41 [MQTT Call: ygw] INFO  com.example.mqtt.MessageData - Data sent to InfluxDBService: data/s/nhnacademy/b/gyeongnam_campus/p/class_a/d/24e124126d152969/n/왼쪽 뒤/e/co2 -> 1127.0
2025-04-23 13:25:41 [MQTT Call: ygw] INFO  com.example.mqtt.MessageData - Topic: data/s/nhnacademy/b/gyeongnam_campus/p/class_a/d/24e124126d152969/n/왼쪽 뒤/e/temperature
Message Data:
time: 1745382340708
value: 23.6

2025-04-23 13:25:41 [MQTT Call: ygw] INFO  com.example.mqtt.InfluxDBService - Extracted tagkey -> location: class_a, kind: 왼쪽 뒤, data: temperature
Value into InfluxDB: 23.6
2025-04-23 13:25:41 [MQTT Call: ygw] INFO  com.example.mqtt.MessageData - Data sent to InfluxDBService: data/s/nhnacademy/b/gyeongnam_campus/p/class_a/d/24e124126d152969/n/왼쪽 뒤/e/temperature -> 23.6
2025-04-23 13:25:41 [MQTT Call: ygw] INFO  com.example.mqtt.MessageData - Topic: data/s/nhnacademy/b/gyeongnam_campus/p/class_a/d/24e124126d152969/n/왼쪽 뒤/e/pressure
Message Data:
time: 1745382340708
value: 1005

2025-04-23 13:25:41 [MQTT Call: ygw] INFO  com.example.mqtt.InfluxDBService - Extracted tagkey -> location: class_a, kind: 왼쪽 뒤, data: pressure
Value into InfluxDB: 1005.0
2025-04-23 13:25:41 [MQTT Call: ygw] INFO  com.example.mqtt.MessageData - Data sent to InfluxDBService: data/s/nhnacademy/b/gyeongnam_campus/p/class_a/d/24e124126d152969/n/왼쪽 뒤/e/pressure -> 1005.0
2025-04-23 13:25:41 [MQTT Call: ygw] INFO  com.example.mqtt.MessageData - Topic: data/s/nhnacademy/b/gyeongnam_campus/p/class_a/d/24e124126d152969/n/왼쪽 뒤/e/humidity
Message Data:
time: 1745382340708
value: 51.5

2025-04-23 13:25:41 [MQTT Call: ygw] INFO  com.example.mqtt.InfluxDBService - Extracted tagkey -> location: class_a, kind: 왼쪽 뒤, data: humidity
Value into InfluxDB: 51.5
2025-04-23 13:25:41 [MQTT Call: ygw] INFO  com.example.mqtt.MessageData - Data sent to InfluxDBService: data/s/nhnacademy/b/gyeongnam_campus/p/class_a/d/24e124126d152969/n/왼쪽 뒤/e/humidity -> 51.5
2025-04-23 13:25:41 [MQTT Call: ygw] INFO  com.example.mqtt.MessageData - Topic: data/s/nhnacademy/b/gyeongnam_campus/p/class_a/d/24e124126d152969/n/왼쪽 뒤/g/24e124fffef79304/e/lora
Message Data:
time: 1745382340708
value: 

2025-04-23 13:25:41 [MQTT Call: ygw] INFO  com.example.mqtt.InfluxDBService - Extracted tagkey -> location: class_a, kind: 왼쪽 뒤, data: lora
Value into InfluxDB: 0.0
2025-04-23 13:25:41 [MQTT Call: ygw] INFO  com.example.mqtt.MessageData - Data sent to InfluxDBService: data/s/nhnacademy/b/gyeongnam_campus/p/class_a/d/24e124126d152969/n/왼쪽 뒤/g/24e124fffef79304/e/lora -> 0.0
2025-04-23 13:25:41 [MQTT Call: ygw] INFO  com.example.mqtt.MessageData - Topic: data/s/nhnacademy/b/gyeongnam_campus/p/class_a/d/24e124126d152969/n/왼쪽 뒤/e/temperature
Message Data:
time: 1745382340706
value: 23.6

2025-04-23 13:25:41 [MQTT Call: ygw] INFO  com.example.mqtt.InfluxDBService - Extracted tagkey -> location: class_a, kind: 왼쪽 뒤, data: temperature
Value into InfluxDB: 23.6
2025-04-23 13:25:41 [MQTT Call: ygw] INFO  com.example.mqtt.MessageData - Data sent to InfluxDBService: data/s/nhnacademy/b/gyeongnam_campus/p/class_a/d/24e124126d152969/n/왼쪽 뒤/e/temperature -> 23.6
2025-04-23 13:25:41 [MQTT Call: ygw] INFO  com.example.mqtt.MessageData - Topic: data/s/nhnacademy/b/gyeongnam_campus/p/class_a/d/24e124126d152969/n/왼쪽 뒤/e/co2
Message Data:
time: 1745382340706
value: 1127

2025-04-23 13:25:41 [MQTT Call: ygw] INFO  com.example.mqtt.InfluxDBService - Extracted tagkey -> location: class_a, kind: 왼쪽 뒤, data: co2
Value into InfluxDB: 1127.0
2025-04-23 13:25:41 [MQTT Call: ygw] INFO  com.example.mqtt.MessageData - Data sent to InfluxDBService: data/s/nhnacademy/b/gyeongnam_campus/p/class_a/d/24e124126d152969/n/왼쪽 뒤/e/co2 -> 1127.0
2025-04-23 13:25:41 [MQTT Call: ygw] INFO  com.example.mqtt.MessageData - Topic: data/s/nhnacademy/b/gyeongnam_campus/p/class_a/d/24e124126d152969/n/왼쪽 뒤/e/humidity
Message Data:
time: 1745382340706
value: 51.5

2025-04-23 13:25:41 [MQTT Call: ygw] INFO  com.example.mqtt.InfluxDBService - Extracted tagkey -> location: class_a, kind: 왼쪽 뒤, data: humidity
Value into InfluxDB: 51.5
2025-04-23 13:25:41 [MQTT Call: ygw] INFO  com.example.mqtt.MessageData - Data sent to InfluxDBService: data/s/nhnacademy/b/gyeongnam_campus/p/class_a/d/24e124126d152969/n/왼쪽 뒤/e/humidity -> 51.5
2025-04-23 13:25:41 [MQTT Call: ygw] INFO  com.example.mqtt.MessageData - Topic: data/s/nhnacademy/b/gyeongnam_campus/p/class_a/d/24e124126d152969/n/왼쪽 뒤/e/pressure
Message Data:
time: 1745382340706
value: 1005

2025-04-23 13:25:41 [MQTT Call: ygw] INFO  com.example.mqtt.InfluxDBService - Extracted tagkey -> location: class_a, kind: 왼쪽 뒤, data: pressure
Value into InfluxDB: 1005.0
2025-04-23 13:25:41 [MQTT Call: ygw] INFO  com.example.mqtt.MessageData - Data sent to InfluxDBService: data/s/nhnacademy/b/gyeongnam_campus/p/class_a/d/24e124126d152969/n/왼쪽 뒤/e/pressure -> 1005.0
2025-04-23 13:25:41 [MQTT Call: ygw] INFO  com.example.mqtt.MessageData - Topic: data/s/nhnacademy/b/gyeongnam_campus/p/class_a/d/24e124126d152969/n/왼쪽 뒤/g/24e124fffef5dccc/e/lora
Message Data:
time: 1745382340706
value: 

2025-04-23 13:25:41 [MQTT Call: ygw] INFO  com.example.mqtt.InfluxDBService - Extracted tagkey -> location: class_a, kind: 왼쪽 뒤, data: lora
Value into InfluxDB: 0.0
2025-04-23 13:25:41 [MQTT Call: ygw] INFO  com.example.mqtt.MessageData - Data sent to InfluxDBService: data/s/nhnacademy/b/gyeongnam_campus/p/class_a/d/24e124126d152969/n/왼쪽 뒤/g/24e124fffef5dccc/e/lora -> 0.0
2025-04-23 13:25:41 [MQTT Call: ygw] INFO  com.example.mqtt.MessageData - Topic: data/s/nhnacademy/b/gyeongnam_campus/p/class_a/d/24e124126d152969/n/왼쪽 뒤/g/24e124fffef79304/e/lora
Message Data:
time: 1745382340706
value: 

2025-04-23 13:25:41 [MQTT Call: ygw] INFO  com.example.mqtt.InfluxDBService - Extracted tagkey -> location: class_a, kind: 왼쪽 뒤, data: lora
Value into InfluxDB: 0.0
2025-04-23 13:25:41 [MQTT Call: ygw] INFO  com.example.mqtt.MessageData - Data sent to InfluxDBService: data/s/nhnacademy/b/gyeongnam_campus/p/class_a/d/24e124126d152969/n/왼쪽 뒤/g/24e124fffef79304/e/lora -> 0.0
2025-04-23 13:25:43 [MQTT Call: ygw] INFO  com.example.mqtt.MessageData - Topic: data/s/nhnacademy/b/gyeongnam_campus/p/storage/d/24e124136d151547/n/입구/e/humidity
Message Data:
time: 1745382342823
value: 127.5

2025-04-23 13:25:43 [MQTT Call: ygw] INFO  com.example.mqtt.InfluxDBService - Extracted tagkey -> location: storage, kind: 입구, data: humidity
Value into InfluxDB: 127.5
2025-04-23 13:25:43 [MQTT Call: ygw] INFO  com.example.mqtt.MessageData - Data sent to InfluxDBService: data/s/nhnacademy/b/gyeongnam_campus/p/storage/d/24e124136d151547/n/입구/e/humidity -> 127.5
2025-04-23 13:25:43 [MQTT Call: ygw] INFO  com.example.mqtt.MessageData - Topic: data/s/nhnacademy/b/gyeongnam_campus/p/storage/d/24e124136d151547/n/입구/e/temperature
Message Data:
time: 1745382342823
value: -0.1

2025-04-23 13:25:43 [MQTT Call: ygw] INFO  com.example.mqtt.InfluxDBService - Extracted tagkey -> location: storage, kind: 입구, data: temperature
Value into InfluxDB: -0.1
2025-04-23 13:25:43 [MQTT Call: ygw] INFO  com.example.mqtt.MessageData - Data sent to InfluxDBService: data/s/nhnacademy/b/gyeongnam_campus/p/storage/d/24e124136d151547/n/입구/e/temperature -> -0.1
2025-04-23 13:25:43 [MQTT Call: ygw] INFO  com.example.mqtt.MessageData - Topic: data/s/nhnacademy/b/gyeongnam_campus/p/storage/d/24e124136d151547/n/입구/e/battery
Message Data:
time: 1745382342823
value: 1

2025-04-23 13:25:43 [MQTT Call: ygw] INFO  com.example.mqtt.InfluxDBService - Extracted tagkey -> location: storage, kind: 입구, data: battery
Value into InfluxDB: 1.0
2025-04-23 13:25:43 [MQTT Call: ygw] INFO  com.example.mqtt.MessageData - Data sent to InfluxDBService: data/s/nhnacademy/b/gyeongnam_campus/p/storage/d/24e124136d151547/n/입구/e/battery -> 1.0
2025-04-23 13:25:43 [MQTT Call: ygw] INFO  com.example.mqtt.MessageData - Topic: data/s/nhnacademy/b/gyeongnam_campus/p/storage/d/24e124136d151547/n/입구/g/24e124fffef5dccc/e/lora
Message Data:
time: 1745382342823
value: 

2025-04-23 13:25:43 [MQTT Call: ygw] INFO  com.example.mqtt.InfluxDBService - Extracted tagkey -> location: storage, kind: 입구, data: lora
Value into InfluxDB: 0.0
2025-04-23 13:25:43 [MQTT Call: ygw] INFO  com.example.mqtt.MessageData - Data sent to InfluxDBService: data/s/nhnacademy/b/gyeongnam_campus/p/storage/d/24e124136d151547/n/입구/g/24e124fffef5dccc/e/lora -> 0.0
2025-04-23 13:25:43 [MQTT Call: ygw] INFO  com.example.mqtt.MessageData - Topic: data/s/nhnacademy/b/gyeongnam_campus/p/storage/d/24e124136d151547/n/입구/g/24e124fffef79304/e/lora
Message Data:
time: 1745382342823
value: 

2025-04-23 13:25:43 [MQTT Call: ygw] INFO  com.example.mqtt.InfluxDBService - Extracted tagkey -> location: storage, kind: 입구, data: lora
Value into InfluxDB: 0.0
2025-04-23 13:25:43 [MQTT Call: ygw] INFO  com.example.mqtt.MessageData - Data sent to InfluxDBService: data/s/nhnacademy/b/gyeongnam_campus/p/storage/d/24e124136d151547/n/입구/g/24e124fffef79304/e/lora -> 0.0
2025-04-23 13:25:50 [MQTT Call: ygw] INFO  com.example.mqtt.MessageData - Topic: data/s/nhnacademy/b/gyeongnam_campus/p/campus/d/gem3500_1/n/캠퍼스_LL/e/voltage
Message Data:
time: 1745382350232
value: 379.19

2025-04-23 13:25:50 [MQTT Call: ygw] INFO  com.example.mqtt.InfluxDBService - Extracted tagkey -> location: campus, kind: 캠퍼스_LL, data: voltage
Value into InfluxDB: 379.19
2025-04-23 13:25:50 [MQTT Call: ygw] INFO  com.example.mqtt.MessageData - Data sent to InfluxDBService: data/s/nhnacademy/b/gyeongnam_campus/p/campus/d/gem3500_1/n/캠퍼스_LL/e/voltage -> 379.19
2025-04-23 13:25:50 [MQTT Call: ygw] INFO  com.example.mqtt.MessageData - Topic: data/s/nhnacademy/b/gyeongnam_campus/p/campus/d/gem3500_1/n/캠퍼스_LN/e/voltage
Message Data:
time: 1745382350232
value: 218.92

2025-04-23 13:25:50 [MQTT Call: ygw] INFO  com.example.mqtt.InfluxDBService - Extracted tagkey -> location: campus, kind: 캠퍼스_LN, data: voltage
Value into InfluxDB: 218.92
2025-04-23 13:25:50 [MQTT Call: ygw] INFO  com.example.mqtt.MessageData - Data sent to InfluxDBService: data/s/nhnacademy/b/gyeongnam_campus/p/campus/d/gem3500_1/n/캠퍼스_LN/e/voltage -> 218.92
2025-04-23 13:25:50 [MQTT Call: ygw] INFO  com.example.mqtt.MessageData - Topic: data/s/nhnacademy/b/gyeongnam_campus/p/campus/d/gem3500_1/n/캠퍼스1/e/power_meter
Message Data:
time: 1745382350333
type: 5
leakageCurrent: 0
current: 2806
activePower: 5226
reactivePower: -1874
tapparentPower: 6159
powerFactor: 84.84
currentUnbalance: 53.4
lines: 

2025-04-23 13:25:50 [MQTT Call: ygw] WARN  com.example.mqtt.MessageData - No 'value' field found in message, skipping InfluxDB write.
2025-04-23 13:25:50 [MQTT Call: ygw] INFO  com.example.mqtt.MessageData - Topic: data/s/nhnacademy/b/gyeongnam_campus/p/campus/d/gem3500_1/n/전등1/e/power_meter
Message Data:
time: 1745382350434
type: 3
leakageCurrent: 0
current: 699
activePower: 1310
reactivePower: -326
tapparentPower: 1529
powerFactor: 85.71
currentUnbalance: 0
lines: 

2025-04-23 13:25:50 [MQTT Call: ygw] WARN  com.example.mqtt.MessageData - No 'value' field found in message, skipping InfluxDB write.
2025-04-23 13:25:50 [MQTT Call: ygw] INFO  com.example.mqtt.MessageData - Topic: data/s/nhnacademy/b/gyeongnam_campus/p/campus/d/gem3500_1/n/전등2/e/power_meter
Message Data:
time: 1745382350539
type: 1
leakageCurrent: 0
current: 660
activePower: 1339
reactivePower: -328
tapparentPower: 1452
powerFactor: 92.23
currentUnbalance: 0
lines: 

2025-04-23 13:25:50 [MQTT Call: ygw] WARN  com.example.mqtt.MessageData - No 'value' field found in message, skipping InfluxDB write.
2025-04-23 13:25:50 [MQTT Call: ygw] INFO  com.example.mqtt.MessageData - Topic: data/s/nhnacademy/b/gyeongnam_campus/p/campus/d/gem3500_1/n/전등3/e/power_meter
Message Data:
time: 1745382350638
type: 2
leakageCurrent: 0
current: 0
activePower: 0
reactivePower: 0
tapparentPower: 0
powerFactor: 0
currentUnbalance: 0
lines: 

2025-04-23 13:25:50 [MQTT Call: ygw] WARN  com.example.mqtt.MessageData - No 'value' field found in message, skipping InfluxDB write.
2025-04-23 13:25:51 [MQTT Call: ygw] INFO  com.example.mqtt.MessageData - Topic: data/s/nhnacademy/b/gyeongnam_campus/p/campus/d/gem3500_1/n/강의실b_바닥/e/power_meter
Message Data:
time: 1745382350740
type: 3
leakageCurrent: 0
current: 235
activePower: 393
reactivePower: -242
tapparentPower: 518
powerFactor: 75.92
currentUnbalance: 0
lines: 

2025-04-23 13:25:51 [MQTT Call: ygw] WARN  com.example.mqtt.MessageData - No 'value' field found in message, skipping InfluxDB write.
2025-04-23 13:25:51 [MQTT Call: ygw] INFO  com.example.mqtt.MessageData - Topic: data/s/nhnacademy/b/gyeongnam_campus/p/campus/d/gem3500_1/n/강의실a_바닥1/e/power_meter
Message Data:
time: 1745382350842
type: 1
leakageCurrent: 0
current: 277
activePower: 458
reactivePower: -343
tapparentPower: 621
powerFactor: 73.74
currentUnbalance: 0
lines: 

2025-04-23 13:25:51 [MQTT Call: ygw] WARN  com.example.mqtt.MessageData - No 'value' field found in message, skipping InfluxDB write.
2025-04-23 13:25:51 [MQTT Call: ygw] INFO  com.example.mqtt.MessageData - Topic: data/s/nhnacademy/b/gyeongnam_campus/p/campus/d/gem3500_1/n/강의실a_바닥2/e/power_meter
Message Data:
time: 1745382350942
type: 2
leakageCurrent: 0
current: 206
activePower: 384
reactivePower: -192
tapparentPower: 463
powerFactor: 82.9
currentUnbalance: 0
lines: 

2025-04-23 13:25:51 [MQTT Call: ygw] WARN  com.example.mqtt.MessageData - No 'value' field found in message, skipping InfluxDB write.
2025-04-23 13:25:51 [MQTT Call: ygw] INFO  com.example.mqtt.MessageData - Topic: data/s/nhnacademy/b/gyeongnam_campus/p/campus/d/gem3500_1/n/프로젝터1/e/power_meter
Message Data:
time: 1745382351042
type: 3
leakageCurrent: 0
current: 102
activePower: 134
reactivePower: -151
tapparentPower: 220
powerFactor: 60.86
currentUnbalance: 0
lines: 

2025-04-23 13:25:51 [MQTT Call: ygw] WARN  com.example.mqtt.MessageData - No 'value' field found in message, skipping InfluxDB write.
2025-04-23 13:25:51 [MQTT Call: ygw] INFO  com.example.mqtt.MessageData - Topic: data/s/nhnacademy/b/gyeongnam_campus/p/campus/d/gem3500_1/n/프로젝터2/e/power_meter
Message Data:
time: 1745382351144
type: 1
leakageCurrent: 0
current: 39
activePower: 45
reactivePower: -69
tapparentPower: 86
powerFactor: 52.77
currentUnbalance: 0
lines: 

2025-04-23 13:25:51 [MQTT Call: ygw] WARN  com.example.mqtt.MessageData - No 'value' field found in message, skipping InfluxDB write.
2025-04-23 13:25:51 [MQTT Call: ygw] INFO  com.example.mqtt.MessageData - Topic: data/s/nhnacademy/b/gyeongnam_campus/p/campus/d/gem3500_1/n/회의실/e/power_meter
Message Data:
time: 1745382351244
type: 2
leakageCurrent: 0
current: 14
activePower: 4
reactivePower: -28
tapparentPower: 31
powerFactor: 15.38
currentUnbalance: 0
lines: 

2025-04-23 13:25:51 [MQTT Call: ygw] WARN  com.example.mqtt.MessageData - No 'value' field found in message, skipping InfluxDB write.
2025-04-23 13:25:51 [MQTT Call: ygw] INFO  com.example.mqtt.MessageData - Topic: data/s/nhnacademy/b/gyeongnam_campus/p/campus/d/gem3500_1/n/서버실/e/power_meter
Message Data:
time: 1745382351346
type: 3
leakageCurrent: 0
current: 199
activePower: 391
reactivePower: -110
tapparentPower: 436
powerFactor: 89.56
currentUnbalance: 0
lines: 

2025-04-23 13:25:51 [MQTT Call: ygw] WARN  com.example.mqtt.MessageData - No 'value' field found in message, skipping InfluxDB write.
2025-04-23 13:25:51 [MQTT Call: ygw] INFO  com.example.mqtt.MessageData - Topic: data/s/nhnacademy/b/gyeongnam_campus/p/campus/d/gem3500_1/n/간판/e/power_meter
Message Data:
time: 1745382351446
type: 1
leakageCurrent: 0
current: 0
activePower: 0
reactivePower: 0
tapparentPower: 0
powerFactor: 0
currentUnbalance: 0
lines: 

2025-04-23 13:25:51 [MQTT Call: ygw] WARN  com.example.mqtt.MessageData - No 'value' field found in message, skipping InfluxDB write.
2025-04-23 13:25:51 [MQTT Call: ygw] INFO  com.example.mqtt.MessageData - Topic: data/s/nhnacademy/b/gyeongnam_campus/p/campus/d/gem3500_1/n/페어룸/e/power_meter
Message Data:
time: 1745382351547
type: 2
leakageCurrent: 0
current: 0
activePower: 0
reactivePower: 0
tapparentPower: 0
powerFactor: 0
currentUnbalance: 0
lines: 

2025-04-23 13:25:51 [MQTT Call: ygw] WARN  com.example.mqtt.MessageData - No 'value' field found in message, skipping InfluxDB write.
2025-04-23 13:25:51 [MQTT Call: ygw] INFO  com.example.mqtt.MessageData - Topic: data/s/nhnacademy/b/gyeongnam_campus/p/campus/d/gem3500_1/n/사무실_전열1/e/power_meter
Message Data:
time: 1745382351647
type: 3
leakageCurrent: 0
current: 81
activePower: 98
reactivePower: -50
tapparentPower: 177
powerFactor: 55.4
currentUnbalance: 0
lines: 

2025-04-23 13:25:51 [MQTT Call: ygw] WARN  com.example.mqtt.MessageData - No 'value' field found in message, skipping InfluxDB write.
2025-04-23 13:25:51 [MQTT Call: ygw] INFO  com.example.mqtt.MessageData - Topic: data/s/nhnacademy/b/gyeongnam_campus/p/campus/d/gem3500_1/n/사무실_전열2/e/power_meter
Message Data:
time: 1745382351750
type: 3
leakageCurrent: 0
current: 88
activePower: 100
reactivePower: -60
tapparentPower: 196
powerFactor: 51.21
currentUnbalance: 0
lines: 

2025-04-23 13:25:51 [MQTT Call: ygw] WARN  com.example.mqtt.MessageData - No 'value' field found in message, skipping InfluxDB write.
2025-04-23 13:25:51 [MQTT Call: ygw] INFO  com.example.mqtt.MessageData - Topic: data/s/nhnacademy/b/gyeongnam_campus/p/campus/d/gem3500_1/n/사무실_복사기/e/power_meter
Message Data:
time: 1745382351851
type: 1
leakageCurrent: 0
current: 7
activePower: 7
reactivePower: -2
tapparentPower: 16
powerFactor: 42.85
currentUnbalance: 0
lines: 

2025-04-23 13:25:51 [MQTT Call: ygw] WARN  com.example.mqtt.MessageData - No 'value' field found in message, skipping InfluxDB write.
2025-04-23 13:25:52 [MQTT Call: ygw] INFO  com.example.mqtt.MessageData - Topic: data/s/nhnacademy/b/gyeongnam_campus/p/campus/d/gem3500_1/n/빌트인_전열/e/power_meter
Message Data:
time: 1745382351953
type: 2
leakageCurrent: 0
current: 5
activePower: 4
reactivePower: -7
tapparentPower: 12
powerFactor: 39.99
currentUnbalance: 0
lines: 

2025-04-23 13:25:52 [MQTT Call: ygw] WARN  com.example.mqtt.MessageData - No 'value' field found in message, skipping InfluxDB write.
2025-04-23 13:25:52 [MQTT Call: ygw] INFO  com.example.mqtt.MessageData - Topic: data/s/nhnacademy/b/gyeongnam_campus/p/campus/d/gem3500_1/n/사무실_전열3/e/power_meter
Message Data:
time: 1745382352053
type: 3
leakageCurrent: 0
current: 0
activePower: 0
reactivePower: 0
tapparentPower: 0
powerFactor: 0
currentUnbalance: 0
lines: 

2025-04-23 13:25:52 [MQTT Call: ygw] WARN  com.example.mqtt.MessageData - No 'value' field found in message, skipping InfluxDB write.
2025-04-23 13:25:52 [MQTT Call: ygw] INFO  com.example.mqtt.MessageData - Topic: data/s/nhnacademy/b/gyeongnam_campus/p/campus/d/gem3500_1/n/정수기/e/power_meter
Message Data:
time: 1745382352154
type: 1
leakageCurrent: 0
current: 72
activePower: 100
reactivePower: 120
tapparentPower: 158
powerFactor: 63.63
currentUnbalance: 0
lines: 

2025-04-23 13:25:52 [MQTT Call: ygw] WARN  com.example.mqtt.MessageData - No 'value' field found in message, skipping InfluxDB write.
2025-04-23 13:25:52 [MQTT Call: ygw] INFO  com.example.mqtt.MessageData - Topic: data/s/nhnacademy/b/gyeongnam_campus/p/campus/d/gem3500_1/n/하이브_전열/e/power_meter
Message Data:
time: 1745382352255
type: 2
leakageCurrent: 0
current: 65
activePower: 124
reactivePower: -45
tapparentPower: 144
powerFactor: 86.66
currentUnbalance: 0
lines: 

2025-04-23 13:25:52 [MQTT Call: ygw] WARN  com.example.mqtt.MessageData - No 'value' field found in message, skipping InfluxDB write.
2025-04-23 13:25:52 [MQTT Call: ygw] INFO  com.example.mqtt.MessageData - Topic: data/s/nhnacademy/b/gyeongnam_campus/p/campus/d/gem3500_1/n/바텐_전열/e/power_meter
Message Data:
time: 1745382352358
type: 3
leakageCurrent: 0
current: 0
activePower: 0
reactivePower: 0
tapparentPower: 0
powerFactor: 0
currentUnbalance: 0
lines: 

2025-04-23 13:25:52 [MQTT Call: ygw] WARN  com.example.mqtt.MessageData - No 'value' field found in message, skipping InfluxDB write.
2025-04-23 13:25:52 [MQTT Call: ygw] INFO  com.example.mqtt.MessageData - Topic: data/s/nhnacademy/b/gyeongnam_campus/p/campus/d/gem3500_1/n/S_P/e/power_meter
Message Data:
time: 1745382352457
type: 1
leakageCurrent: 0
current: 0
activePower: 0
reactivePower: 0
tapparentPower: 0
powerFactor: 0
currentUnbalance: 0
lines: 

2025-04-23 13:25:52 [MQTT Call: ygw] WARN  com.example.mqtt.MessageData - No 'value' field found in message, skipping InfluxDB write.
2025-04-23 13:25:52 [MQTT Call: ygw] INFO  com.example.mqtt.MessageData - Topic: data/s/nhnacademy/b/gyeongnam_campus/p/campus/d/gem3500_1/n/공조기/e/power_meter
Message Data:
time: 1745382352558
type: 2
leakageCurrent: 0
current: 198
activePower: 225
reactivePower: -24
tapparentPower: 434
powerFactor: 51.93
currentUnbalance: 0
lines: 

2025-04-23 13:25:52 [MQTT Call: ygw] WARN  com.example.mqtt.MessageData - No 'value' field found in message, skipping InfluxDB write.
2025-04-23 13:25:52 [MQTT Call: ygw] INFO  com.example.mqtt.MessageData - Topic: data/s/nhnacademy/b/gyeongnam_campus/p/campus/d/gem3500_1/n/AC/e/power_meter
Message Data:
time: 1745382352659
type: 3
leakageCurrent: 0
current: 75
activePower: 96
reactivePower: -4
tapparentPower: 165
powerFactor: 57.97
currentUnbalance: 0
lines: 

2025-04-23 13:25:52 [MQTT Call: ygw] WARN  com.example.mqtt.MessageData - No 'value' field found in message, skipping InfluxDB write.
2025-04-23 13:26:11 [MQTT Call: ygw] INFO  com.example.mqtt.MessageData - Topic: data/s/nhnacademy/b/gyeongnam_campus/p/hive/d/24e124785c389010/n/정수기 위/e/humidity
Message Data:
time: 1745382370179
value: 44

2025-04-23 13:26:11 [MQTT Call: ygw] INFO  com.example.mqtt.InfluxDBService - Extracted tagkey -> location: hive, kind: 정수기 위, data: humidity
Value into InfluxDB: 44.0
2025-04-23 13:26:11 [MQTT Call: ygw] INFO  com.example.mqtt.MessageData - Data sent to InfluxDBService: data/s/nhnacademy/b/gyeongnam_campus/p/hive/d/24e124785c389010/n/정수기 위/e/humidity -> 44.0
2025-04-23 13:26:11 [MQTT Call: ygw] INFO  com.example.mqtt.MessageData - Topic: data/s/nhnacademy/b/gyeongnam_campus/p/hive/d/24e124785c389010/n/정수기 위/e/battery
Message Data:
time: 1745382370179
value: 85

2025-04-23 13:26:11 [MQTT Call: ygw] INFO  com.example.mqtt.InfluxDBService - Extracted tagkey -> location: hive, kind: 정수기 위, data: battery
Value into InfluxDB: 85.0
2025-04-23 13:26:11 [MQTT Call: ygw] INFO  com.example.mqtt.MessageData - Data sent to InfluxDBService: data/s/nhnacademy/b/gyeongnam_campus/p/hive/d/24e124785c389010/n/정수기 위/e/battery -> 85.0
2025-04-23 13:26:11 [MQTT Call: ygw] INFO  com.example.mqtt.MessageData - Topic: data/s/nhnacademy/b/gyeongnam_campus/p/hive/d/24e124785c389010/n/정수기 위/e/temperature
Message Data:
time: 1745382370179
value: 23.4

2025-04-23 13:26:11 [MQTT Call: ygw] INFO  com.example.mqtt.InfluxDBService - Extracted tagkey -> location: hive, kind: 정수기 위, data: temperature
Value into InfluxDB: 23.4
2025-04-23 13:26:11 [MQTT Call: ygw] INFO  com.example.mqtt.MessageData - Data sent to InfluxDBService: data/s/nhnacademy/b/gyeongnam_campus/p/hive/d/24e124785c389010/n/정수기 위/e/temperature -> 23.4
2025-04-23 13:26:11 [MQTT Call: ygw] INFO  com.example.mqtt.MessageData - Topic: data/s/nhnacademy/b/gyeongnam_campus/p/hive/d/24e124785c389010/n/정수기 위/g/24e124fffef79304/e/lora
Message Data:
time: 1745382370179
value: 

2025-04-23 13:26:11 [MQTT Call: ygw] INFO  com.example.mqtt.InfluxDBService - Extracted tagkey -> location: hive, kind: 정수기 위, data: lora
Value into InfluxDB: 0.0
2025-04-23 13:26:11 [MQTT Call: ygw] INFO  com.example.mqtt.MessageData - Data sent to InfluxDBService: data/s/nhnacademy/b/gyeongnam_campus/p/hive/d/24e124785c389010/n/정수기 위/g/24e124fffef79304/e/lora -> 0.0
2025-04-23 13:26:11 [MQTT Call: ygw] INFO  com.example.mqtt.MessageData - Topic: data/s/nhnacademy/b/gyeongnam_campus/p/hive/d/24e124785c389010/n/정수기 위/g/24e124fffef5dccc/e/lora
Message Data:
time: 1745382370179
value: 

2025-04-23 13:26:11 [MQTT Call: ygw] INFO  com.example.mqtt.InfluxDBService - Extracted tagkey -> location: hive, kind: 정수기 위, data: lora
Value into InfluxDB: 0.0
2025-04-23 13:26:11 [MQTT Call: ygw] INFO  com.example.mqtt.MessageData - Data sent to InfluxDBService: data/s/nhnacademy/b/gyeongnam_campus/p/hive/d/24e124785c389010/n/정수기 위/g/24e124fffef5dccc/e/lora -> 0.0
2025-04-23 13:26:14 [MQTT Call: ygw] INFO  com.example.mqtt.MessageData - Topic: data/s/nhnacademy/b/gyeongnam_campus/p/hive/d/24e124725d081175/sp/8인 책상/n/8인 책상/e/humidity
Message Data:
time: 1745382374173
value: 42.5

2025-04-23 13:26:14 [MQTT Call: ygw] INFO  com.example.mqtt.InfluxDBService - Extracted tagkey -> location: hive, kind: 8인 책상, data: humidity
Value into InfluxDB: 42.5
2025-04-23 13:26:14 [MQTT Call: ygw] INFO  com.example.mqtt.MessageData - Data sent to InfluxDBService: data/s/nhnacademy/b/gyeongnam_campus/p/hive/d/24e124725d081175/sp/8인 책상/n/8인 책상/e/humidity -> 42.5
2025-04-23 13:26:15 [MQTT Call: ygw] INFO  com.example.mqtt.MessageData - Topic: data/s/nhnacademy/b/gyeongnam_campus/p/hive/d/24e124725d081175/sp/8인 책상/n/8인 책상/e/co2
Message Data:
time: 1745382374173
value: 544

2025-04-23 13:26:15 [MQTT Call: ygw] INFO  com.example.mqtt.InfluxDBService - Extracted tagkey -> location: hive, kind: 8인 책상, data: co2
Value into InfluxDB: 544.0
2025-04-23 13:26:15 [MQTT Call: ygw] INFO  com.example.mqtt.MessageData - Data sent to InfluxDBService: data/s/nhnacademy/b/gyeongnam_campus/p/hive/d/24e124725d081175/sp/8인 책상/n/8인 책상/e/co2 -> 544.0
2025-04-23 13:26:15 [MQTT Call: ygw] INFO  com.example.mqtt.MessageData - Topic: data/s/nhnacademy/b/gyeongnam_campus/p/hive/d/24e124725d081175/sp/8인 책상/n/8인 책상/e/battery
Message Data:
time: 1745382374173
value: 76

2025-04-23 13:26:15 [MQTT Call: ygw] INFO  com.example.mqtt.InfluxDBService - Extracted tagkey -> location: hive, kind: 8인 책상, data: battery
Value into InfluxDB: 76.0
2025-04-23 13:26:15 [MQTT Call: ygw] INFO  com.example.mqtt.MessageData - Data sent to InfluxDBService: data/s/nhnacademy/b/gyeongnam_campus/p/hive/d/24e124725d081175/sp/8인 책상/n/8인 책상/e/battery -> 76.0
2025-04-23 13:26:15 [MQTT Call: ygw] INFO  com.example.mqtt.MessageData - Topic: data/s/nhnacademy/b/gyeongnam_campus/p/hive/d/24e124725d081175/sp/8인 책상/n/8인 책상/e/temperature
Message Data:
time: 1745382374173
value: 23.9

2025-04-23 13:26:15 [MQTT Call: ygw] INFO  com.example.mqtt.InfluxDBService - Extracted tagkey -> location: hive, kind: 8인 책상, data: temperature
Value into InfluxDB: 23.9
2025-04-23 13:26:15 [MQTT Call: ygw] INFO  com.example.mqtt.MessageData - Data sent to InfluxDBService: data/s/nhnacademy/b/gyeongnam_campus/p/hive/d/24e124725d081175/sp/8인 책상/n/8인 책상/e/temperature -> 23.9
2025-04-23 13:26:15 [MQTT Call: ygw] INFO  com.example.mqtt.MessageData - Topic: data/s/nhnacademy/b/gyeongnam_campus/p/hive/d/24e124725d081175/sp/8인 책상/n/8인 책상/g/24e124fffef79304/e/lora
Message Data:
time: 1745382374173
value: 

2025-04-23 13:26:15 [MQTT Call: ygw] INFO  com.example.mqtt.InfluxDBService - Extracted tagkey -> location: hive, kind: 8인 책상, data: lora
Value into InfluxDB: 0.0
2025-04-23 13:26:15 [MQTT Call: ygw] INFO  com.example.mqtt.MessageData - Data sent to InfluxDBService: data/s/nhnacademy/b/gyeongnam_campus/p/hive/d/24e124725d081175/sp/8인 책상/n/8인 책상/g/24e124fffef79304/e/lora -> 0.0
2025-04-23 13:26:15 [MQTT Call: ygw] INFO  com.example.mqtt.MessageData - Topic: data/s/nhnacademy/b/gyeongnam_campus/p/hive/d/24e124725d081175/sp/8인 책상/n/8인 책상/g/24e124fffef5dccc/e/lora
Message Data:
time: 1745382374173
value: 

2025-04-23 13:26:15 [MQTT Call: ygw] INFO  com.example.mqtt.InfluxDBService - Extracted tagkey -> location: hive, kind: 8인 책상, data: lora
Value into InfluxDB: 0.0
2025-04-23 13:26:15 [MQTT Call: ygw] INFO  com.example.mqtt.MessageData - Data sent to InfluxDBService: data/s/nhnacademy/b/gyeongnam_campus/p/hive/d/24e124725d081175/sp/8인 책상/n/8인 책상/g/24e124fffef5dccc/e/lora -> 0.0
2025-04-23 13:26:18 [MQTT Call: ygw] INFO  com.example.mqtt.MessageData - Topic: data/s/nhnacademy/b/gyeongnam_campus/p/class_a/d/24e124128c067999/sp/입구/n/입구/e/co2
Message Data:
time: 1745382378664
value: 1075

2025-04-23 13:26:18 [MQTT Call: ygw] INFO  com.example.mqtt.InfluxDBService - Extracted tagkey -> location: class_a, kind: 입구, data: co2
Value into InfluxDB: 1075.0
2025-04-23 13:26:18 [MQTT Call: ygw] INFO  com.example.mqtt.MessageData - Data sent to InfluxDBService: data/s/nhnacademy/b/gyeongnam_campus/p/class_a/d/24e124128c067999/sp/입구/n/입구/e/co2 -> 1075.0
2025-04-23 13:26:19 [MQTT Call: ygw] INFO  com.example.mqtt.MessageData - Topic: data/s/nhnacademy/b/gyeongnam_campus/p/class_a/d/24e124128c067999/sp/입구/n/입구/e/illumination
Message Data:
time: 1745382378664
value: 67

2025-04-23 13:26:19 [MQTT Call: ygw] INFO  com.example.mqtt.InfluxDBService - Extracted tagkey -> location: class_a, kind: 입구, data: illumination
Value into InfluxDB: 67.0
2025-04-23 13:26:19 [MQTT Call: ygw] INFO  com.example.mqtt.MessageData - Data sent to InfluxDBService: data/s/nhnacademy/b/gyeongnam_campus/p/class_a/d/24e124128c067999/sp/입구/n/입구/e/illumination -> 67.0
2025-04-23 13:26:19 [MQTT Call: ygw] INFO  com.example.mqtt.MessageData - Topic: data/s/nhnacademy/b/gyeongnam_campus/p/class_a/d/24e124128c067999/sp/입구/n/입구/e/infrared_and_visible
Message Data:
time: 1745382378664
value: 46

2025-04-23 13:26:19 [MQTT Call: ygw] INFO  com.example.mqtt.InfluxDBService - Extracted tagkey -> location: class_a, kind: 입구, data: infrared_and_visible
Value into InfluxDB: 46.0
2025-04-23 13:26:19 [MQTT Call: ygw] INFO  com.example.mqtt.MessageData - Data sent to InfluxDBService: data/s/nhnacademy/b/gyeongnam_campus/p/class_a/d/24e124128c067999/sp/입구/n/입구/e/infrared_and_visible -> 46.0
2025-04-23 13:26:19 [MQTT Call: ygw] INFO  com.example.mqtt.MessageData - Topic: data/s/nhnacademy/b/gyeongnam_campus/p/class_a/d/24e124128c067999/sp/입구/n/입구/e/humidity
Message Data:
time: 1745382378664
value: 47

2025-04-23 13:26:19 [MQTT Call: ygw] INFO  com.example.mqtt.InfluxDBService - Extracted tagkey -> location: class_a, kind: 입구, data: humidity
Value into InfluxDB: 47.0
2025-04-23 13:26:19 [MQTT Call: ygw] INFO  com.example.mqtt.MessageData - Data sent to InfluxDBService: data/s/nhnacademy/b/gyeongnam_campus/p/class_a/d/24e124128c067999/sp/입구/n/입구/e/humidity -> 47.0
2025-04-23 13:26:19 [MQTT Call: ygw] INFO  com.example.mqtt.MessageData - Topic: data/s/nhnacademy/b/gyeongnam_campus/p/class_a/d/24e124128c067999/sp/입구/n/입구/e/temperature
Message Data:
time: 1745382378664
value: 24.1

2025-04-23 13:26:19 [MQTT Call: ygw] INFO  com.example.mqtt.InfluxDBService - Extracted tagkey -> location: class_a, kind: 입구, data: temperature
Value into InfluxDB: 24.1
2025-04-23 13:26:19 [MQTT Call: ygw] INFO  com.example.mqtt.MessageData - Data sent to InfluxDBService: data/s/nhnacademy/b/gyeongnam_campus/p/class_a/d/24e124128c067999/sp/입구/n/입구/e/temperature -> 24.1
2025-04-23 13:26:19 [MQTT Call: ygw] INFO  com.example.mqtt.MessageData - Topic: data/s/nhnacademy/b/gyeongnam_campus/p/class_a/d/24e124128c067999/sp/입구/n/입구/e/tvoc
Message Data:
time: 1745382378664
value: 307

2025-04-23 13:26:19 [MQTT Call: ygw] INFO  com.example.mqtt.InfluxDBService - Extracted tagkey -> location: class_a, kind: 입구, data: tvoc
Value into InfluxDB: 307.0
2025-04-23 13:26:19 [MQTT Call: ygw] INFO  com.example.mqtt.MessageData - Data sent to InfluxDBService: data/s/nhnacademy/b/gyeongnam_campus/p/class_a/d/24e124128c067999/sp/입구/n/입구/e/tvoc -> 307.0
2025-04-23 13:26:19 [MQTT Call: ygw] INFO  com.example.mqtt.MessageData - Topic: data/s/nhnacademy/b/gyeongnam_campus/p/class_a/d/24e124128c067999/sp/입구/n/입구/e/infrared
Message Data:
time: 1745382378664
value: 7

2025-04-23 13:26:19 [MQTT Call: ygw] INFO  com.example.mqtt.InfluxDBService - Extracted tagkey -> location: class_a, kind: 입구, data: infrared
Value into InfluxDB: 7.0
2025-04-23 13:26:19 [MQTT Call: ygw] INFO  com.example.mqtt.MessageData - Data sent to InfluxDBService: data/s/nhnacademy/b/gyeongnam_campus/p/class_a/d/24e124128c067999/sp/입구/n/입구/e/infrared -> 7.0
2025-04-23 13:26:19 [MQTT Call: ygw] INFO  com.example.mqtt.MessageData - Topic: data/s/nhnacademy/b/gyeongnam_campus/p/class_a/d/24e124128c067999/sp/입구/n/입구/e/pressure
Message Data:
time: 1745382378664
value: 997.6

2025-04-23 13:26:19 [MQTT Call: ygw] INFO  com.example.mqtt.InfluxDBService - Extracted tagkey -> location: class_a, kind: 입구, data: pressure
Value into InfluxDB: 997.6
2025-04-23 13:26:19 [MQTT Call: ygw] INFO  com.example.mqtt.MessageData - Data sent to InfluxDBService: data/s/nhnacademy/b/gyeongnam_campus/p/class_a/d/24e124128c067999/sp/입구/n/입구/e/pressure -> 997.6
2025-04-23 13:26:19 [MQTT Call: ygw] INFO  com.example.mqtt.MessageData - Topic: data/s/nhnacademy/b/gyeongnam_campus/p/class_a/d/24e124128c067999/sp/입구/n/입구/e/activity
Message Data:
time: 1745382378664
value: 0

2025-04-23 13:26:19 [MQTT Call: ygw] INFO  com.example.mqtt.InfluxDBService - Extracted tagkey -> location: class_a, kind: 입구, data: activity
Value into InfluxDB: 0.0
2025-04-23 13:26:19 [MQTT Call: ygw] INFO  com.example.mqtt.MessageData - Data sent to InfluxDBService: data/s/nhnacademy/b/gyeongnam_campus/p/class_a/d/24e124128c067999/sp/입구/n/입구/e/activity -> 0.0
2025-04-23 13:26:19 [MQTT Call: ygw] INFO  com.example.mqtt.MessageData - Topic: data/s/nhnacademy/b/gyeongnam_campus/p/class_a/d/24e124128c067999/sp/입구/n/입구/g/24e124fffef79304/e/lora
Message Data:
time: 1745382378664
value: 

2025-04-23 13:26:19 [MQTT Call: ygw] INFO  com.example.mqtt.InfluxDBService - Extracted tagkey -> location: class_a, kind: 입구, data: lora
Value into InfluxDB: 0.0
2025-04-23 13:26:19 [MQTT Call: ygw] INFO  com.example.mqtt.MessageData - Data sent to InfluxDBService: data/s/nhnacademy/b/gyeongnam_campus/p/class_a/d/24e124128c067999/sp/입구/n/입구/g/24e124fffef79304/e/lora -> 0.0
2025-04-23 13:26:19 [MQTT Call: ygw] INFO  com.example.mqtt.MessageData - Topic: data/s/nhnacademy/b/gyeongnam_campus/p/class_a/d/24e124128c067999/sp/입구/n/입구/g/24e124fffef5dccc/e/lora
Message Data:
time: 1745382378664
value: 

2025-04-23 13:26:19 [MQTT Call: ygw] INFO  com.example.mqtt.InfluxDBService - Extracted tagkey -> location: class_a, kind: 입구, data: lora
Value into InfluxDB: 0.0
2025-04-23 13:26:19 [MQTT Call: ygw] INFO  com.example.mqtt.MessageData - Data sent to InfluxDBService: data/s/nhnacademy/b/gyeongnam_campus/p/class_a/d/24e124128c067999/sp/입구/n/입구/g/24e124fffef5dccc/e/lora -> 0.0
2025-04-23 13:26:25 [MQTT Call: ygw] INFO  com.example.mqtt.MessageData - Topic: data/s/nhnacademy/b/gyeongnam_campus/p/server_room/d/24e124136d151368/n/입구/e/temperature
Message Data:
time: 1745382383718
value: 24

2025-04-23 13:26:25 [MQTT Call: ygw] INFO  com.example.mqtt.InfluxDBService - Extracted tagkey -> location: server_room, kind: 입구, data: temperature
Value into InfluxDB: 24.0
2025-04-23 13:26:25 [MQTT Call: ygw] INFO  com.example.mqtt.MessageData - Data sent to InfluxDBService: data/s/nhnacademy/b/gyeongnam_campus/p/server_room/d/24e124136d151368/n/입구/e/temperature -> 24.0
2025-04-23 13:26:25 [MQTT Call: ygw] INFO  com.example.mqtt.MessageData - Topic: data/s/nhnacademy/b/gyeongnam_campus/p/server_room/d/24e124136d151368/n/입구/e/humidity
Message Data:
time: 1745382383718
value: 46.5

2025-04-23 13:26:25 [MQTT Call: ygw] INFO  com.example.mqtt.InfluxDBService - Extracted tagkey -> location: server_room, kind: 입구, data: humidity
Value into InfluxDB: 46.5
2025-04-23 13:26:25 [MQTT Call: ygw] INFO  com.example.mqtt.MessageData - Data sent to InfluxDBService: data/s/nhnacademy/b/gyeongnam_campus/p/server_room/d/24e124136d151368/n/입구/e/humidity -> 46.5
2025-04-23 13:26:25 [MQTT Call: ygw] INFO  com.example.mqtt.MessageData - Topic: data/s/nhnacademy/b/gyeongnam_campus/p/server_room/d/24e124136d151368/n/입구/g/24e124fffef79304/e/lora
Message Data:
time: 1745382383718
value: 

2025-04-23 13:26:25 [MQTT Call: ygw] INFO  com.example.mqtt.InfluxDBService - Extracted tagkey -> location: server_room, kind: 입구, data: lora
Value into InfluxDB: 0.0
2025-04-23 13:26:25 [MQTT Call: ygw] INFO  com.example.mqtt.MessageData - Data sent to InfluxDBService: data/s/nhnacademy/b/gyeongnam_campus/p/server_room/d/24e124136d151368/n/입구/g/24e124fffef79304/e/lora -> 0.0
2025-04-23 13:26:25 [MQTT Call: ygw] INFO  com.example.mqtt.MessageData - Topic: data/s/nhnacademy/b/gyeongnam_campus/p/server_room/d/24e124136d151368/n/입구/g/24e124fffef5dccc/e/lora
Message Data:
time: 1745382383718
value: 

2025-04-23 13:26:25 [MQTT Call: ygw] INFO  com.example.mqtt.InfluxDBService - Extracted tagkey -> location: server_room, kind: 입구, data: lora
Value into InfluxDB: 0.0
2025-04-23 13:26:25 [MQTT Call: ygw] INFO  com.example.mqtt.MessageData - Data sent to InfluxDBService: data/s/nhnacademy/b/gyeongnam_campus/p/server_room/d/24e124136d151368/n/입구/g/24e124fffef5dccc/e/lora -> 0.0
2025-04-23 13:26:30 [MQTT Call: ygw] INFO  com.example.mqtt.MessageData - Topic: data/s/nhnacademy/b/gyeongnam_campus/p/hive/d/24e124126c452091/sp/farm/n/스마트팜/e/temperature
Message Data:
time: 1745382390046
value: 23.2

2025-04-23 13:26:30 [MQTT Call: ygw] INFO  com.example.mqtt.InfluxDBService - Extracted tagkey -> location: hive, kind: 스마트팜, data: temperature
Value into InfluxDB: 23.2
2025-04-23 13:26:30 [MQTT Call: ygw] INFO  com.example.mqtt.MessageData - Data sent to InfluxDBService: data/s/nhnacademy/b/gyeongnam_campus/p/hive/d/24e124126c452091/sp/farm/n/스마트팜/e/temperature -> 23.2
2025-04-23 13:26:32 [MQTT Call: ygw] INFO  com.example.mqtt.MessageData - Topic: data/s/nhnacademy/b/gyeongnam_campus/p/hive/d/24e124126c452091/sp/farm/n/스마트팜/g/24e124fffef79304/e/lora
Message Data:
time: 1745382390046
value: 

2025-04-23 13:26:32 [MQTT Call: ygw] INFO  com.example.mqtt.InfluxDBService - Extracted tagkey -> location: hive, kind: 스마트팜, data: lora
Value into InfluxDB: 0.0
2025-04-23 13:26:32 [MQTT Call: ygw] INFO  com.example.mqtt.MessageData - Data sent to InfluxDBService: data/s/nhnacademy/b/gyeongnam_campus/p/hive/d/24e124126c452091/sp/farm/n/스마트팜/g/24e124fffef79304/e/lora -> 0.0
2025-04-23 13:26:32 [MQTT Call: ygw] INFO  com.example.mqtt.MessageData - Topic: data/s/nhnacademy/b/gyeongnam_campus/p/hive/d/24e124126c452091/sp/farm/n/스마트팜/g/24e124fffef5dccc/e/lora
Message Data:
time: 1745382390046
value: 

2025-04-23 13:26:32 [MQTT Call: ygw] INFO  com.example.mqtt.InfluxDBService - Extracted tagkey -> location: hive, kind: 스마트팜, data: lora
Value into InfluxDB: 0.0
2025-04-23 13:26:32 [MQTT Call: ygw] INFO  com.example.mqtt.MessageData - Data sent to InfluxDBService: data/s/nhnacademy/b/gyeongnam_campus/p/hive/d/24e124126c452091/sp/farm/n/스마트팜/g/24e124fffef5dccc/e/lora -> 0.0
2025-04-23 13:26:39 [MQTT Call: ygw] INFO  com.example.mqtt.MessageData - Topic: data/s/nhnacademy/b/gyeongnam_campus/p/pair_room/d/24e124617d159573/n/2/e/distance
Message Data:
time: 1745382399037
value: 2230

2025-04-23 13:26:39 [MQTT Call: ygw] INFO  com.example.mqtt.InfluxDBService - Extracted tagkey -> location: pair_room, kind: 2, data: distance
Value into InfluxDB: 2230.0
2025-04-23 13:26:39 [MQTT Call: ygw] INFO  com.example.mqtt.MessageData - Data sent to InfluxDBService: data/s/nhnacademy/b/gyeongnam_campus/p/pair_room/d/24e124617d159573/n/2/e/distance -> 2230.0
2025-04-23 13:26:40 [MQTT Call: ygw] INFO  com.example.mqtt.MessageData - Topic: data/s/nhnacademy/b/gyeongnam_campus/p/pair_room/d/24e124617d159573/n/2/e/occupancy
Message Data:
time: 1745382399037
value: 0

2025-04-23 13:26:40 [MQTT Call: ygw] INFO  com.example.mqtt.InfluxDBService - Extracted tagkey -> location: pair_room, kind: 2, data: occupancy
Value into InfluxDB: 0.0
2025-04-23 13:26:40 [MQTT Call: ygw] INFO  com.example.mqtt.MessageData - Data sent to InfluxDBService: data/s/nhnacademy/b/gyeongnam_campus/p/pair_room/d/24e124617d159573/n/2/e/occupancy -> 0.0
2025-04-23 13:26:40 [MQTT Call: ygw] INFO  com.example.mqtt.MessageData - Topic: data/s/nhnacademy/b/gyeongnam_campus/p/pair_room/d/24e124617d159573/n/2/e/battery
Message Data:
time: 1745382399037
value: 32

2025-04-23 13:26:40 [MQTT Call: ygw] INFO  com.example.mqtt.InfluxDBService - Extracted tagkey -> location: pair_room, kind: 2, data: battery
Value into InfluxDB: 32.0
2025-04-23 13:26:40 [MQTT Call: ygw] INFO  com.example.mqtt.MessageData - Data sent to InfluxDBService: data/s/nhnacademy/b/gyeongnam_campus/p/pair_room/d/24e124617d159573/n/2/e/battery -> 32.0
2025-04-23 13:26:40 [MQTT Call: ygw] INFO  com.example.mqtt.MessageData - Topic: data/s/nhnacademy/b/gyeongnam_campus/p/pair_room/d/24e124617d159573/n/2/g/24e124fffef79304/e/lora
Message Data:
time: 1745382399037
value: 

2025-04-23 13:26:40 [MQTT Call: ygw] INFO  com.example.mqtt.InfluxDBService - Extracted tagkey -> location: pair_room, kind: 2, data: lora
Value into InfluxDB: 0.0
2025-04-23 13:26:40 [MQTT Call: ygw] INFO  com.example.mqtt.MessageData - Data sent to InfluxDBService: data/s/nhnacademy/b/gyeongnam_campus/p/pair_room/d/24e124617d159573/n/2/g/24e124fffef79304/e/lora -> 0.0
2025-04-23 13:26:40 [MQTT Call: ygw] INFO  com.example.mqtt.MessageData - Topic: data/s/nhnacademy/b/gyeongnam_campus/p/pair_room/d/24e124617d159573/n/2/g/24e124fffef5dccc/e/lora
Message Data:
time: 1745382399037
value: 

2025-04-23 13:26:40 [MQTT Call: ygw] INFO  com.example.mqtt.InfluxDBService - Extracted tagkey -> location: pair_room, kind: 2, data: lora
Value into InfluxDB: 0.0
2025-04-23 13:26:40 [MQTT Call: ygw] INFO  com.example.mqtt.MessageData - Data sent to InfluxDBService: data/s/nhnacademy/b/gyeongnam_campus/p/pair_room/d/24e124617d159573/n/2/g/24e124fffef5dccc/e/lora -> 0.0
2025-04-23 13:26:41 [MQTT Call: ygw] INFO  com.example.mqtt.MessageData - Topic: data/s/nhnacademy/b/gyeongnam_campus/p/hive/d/24e124126d111937/sp/farm/n/스마트팜/e/illumination
Message Data:
time: 1745382401336
value: 320

2025-04-23 13:26:41 [MQTT Call: ygw] INFO  com.example.mqtt.InfluxDBService - Extracted tagkey -> location: hive, kind: 스마트팜, data: illumination
Value into InfluxDB: 320.0
2025-04-23 13:26:41 [MQTT Call: ygw] INFO  com.example.mqtt.MessageData - Data sent to InfluxDBService: data/s/nhnacademy/b/gyeongnam_campus/p/hive/d/24e124126d111937/sp/farm/n/스마트팜/e/illumination -> 320.0
2025-04-23 13:26:41 [MQTT Call: ygw] INFO  com.example.mqtt.MessageData - Topic: data/s/nhnacademy/b/gyeongnam_campus/p/hive/d/24e124126d111937/sp/farm/n/스마트팜/g/24e124fffef5dccc/e/lora
Message Data:
time: 1745382401336
value: 

2025-04-23 13:26:41 [MQTT Call: ygw] INFO  com.example.mqtt.InfluxDBService - Extracted tagkey -> location: hive, kind: 스마트팜, data: lora
Value into InfluxDB: 0.0
2025-04-23 13:26:41 [MQTT Call: ygw] INFO  com.example.mqtt.MessageData - Data sent to InfluxDBService: data/s/nhnacademy/b/gyeongnam_campus/p/hive/d/24e124126d111937/sp/farm/n/스마트팜/g/24e124fffef5dccc/e/lora -> 0.0
2025-04-23 13:26:41 [MQTT Call: ygw] INFO  com.example.mqtt.MessageData - Topic: data/s/nhnacademy/b/gyeongnam_campus/p/hive/d/24e124126d111937/sp/farm/n/스마트팜/g/24e124fffef79304/e/lora
Message Data:
time: 1745382401336
value: 

2025-04-23 13:26:41 [MQTT Call: ygw] INFO  com.example.mqtt.InfluxDBService - Extracted tagkey -> location: hive, kind: 스마트팜, data: lora
Value into InfluxDB: 0.0
2025-04-23 13:26:41 [MQTT Call: ygw] INFO  com.example.mqtt.MessageData - Data sent to InfluxDBService: data/s/nhnacademy/b/gyeongnam_campus/p/hive/d/24e124126d111937/sp/farm/n/스마트팜/g/24e124fffef79304/e/lora -> 0.0
2025-04-23 13:26:43 [MQTT Call: ygw] INFO  com.example.mqtt.MessageData - Topic: data/s/nhnacademy/b/gyeongnam_campus/p/storage/d/24e124136d151547/n/입구/e/battery
Message Data:
time: 1745382402825
value: 1

2025-04-23 13:26:43 [MQTT Call: ygw] INFO  com.example.mqtt.InfluxDBService - Extracted tagkey -> location: storage, kind: 입구, data: battery
Value into InfluxDB: 1.0
2025-04-23 13:26:43 [MQTT Call: ygw] INFO  com.example.mqtt.MessageData - Data sent to InfluxDBService: data/s/nhnacademy/b/gyeongnam_campus/p/storage/d/24e124136d151547/n/입구/e/battery -> 1.0
2025-04-23 13:26:43 [MQTT Call: ygw] INFO  com.example.mqtt.MessageData - Topic: data/s/nhnacademy/b/gyeongnam_campus/p/storage/d/24e124136d151547/n/입구/e/temperature
Message Data:
time: 1745382402825
value: -0.1

2025-04-23 13:26:43 [MQTT Call: ygw] INFO  com.example.mqtt.InfluxDBService - Extracted tagkey -> location: storage, kind: 입구, data: temperature
Value into InfluxDB: -0.1
2025-04-23 13:26:43 [MQTT Call: ygw] INFO  com.example.mqtt.MessageData - Data sent to InfluxDBService: data/s/nhnacademy/b/gyeongnam_campus/p/storage/d/24e124136d151547/n/입구/e/temperature -> -0.1
2025-04-23 13:26:43 [MQTT Call: ygw] INFO  com.example.mqtt.MessageData - Topic: data/s/nhnacademy/b/gyeongnam_campus/p/storage/d/24e124136d151547/n/입구/e/humidity
Message Data:
time: 1745382402825
value: 127.5

2025-04-23 13:26:43 [MQTT Call: ygw] INFO  com.example.mqtt.InfluxDBService - Extracted tagkey -> location: storage, kind: 입구, data: humidity
Value into InfluxDB: 127.5
2025-04-23 13:26:43 [MQTT Call: ygw] INFO  com.example.mqtt.MessageData - Data sent to InfluxDBService: data/s/nhnacademy/b/gyeongnam_campus/p/storage/d/24e124136d151547/n/입구/e/humidity -> 127.5
2025-04-23 13:26:43 [MQTT Call: ygw] INFO  com.example.mqtt.MessageData - Topic: data/s/nhnacademy/b/gyeongnam_campus/p/storage/d/24e124136d151547/n/입구/g/24e124fffef5dccc/e/lora
Message Data:
time: 1745382402825
value: 

2025-04-23 13:26:43 [MQTT Call: ygw] INFO  com.example.mqtt.InfluxDBService - Extracted tagkey -> location: storage, kind: 입구, data: lora
Value into InfluxDB: 0.0
2025-04-23 13:26:43 [MQTT Call: ygw] INFO  com.example.mqtt.MessageData - Data sent to InfluxDBService: data/s/nhnacademy/b/gyeongnam_campus/p/storage/d/24e124136d151547/n/입구/g/24e124fffef5dccc/e/lora -> 0.0
2025-04-23 13:26:43 [MQTT Call: ygw] INFO  com.example.mqtt.MessageData - Topic: data/s/nhnacademy/b/gyeongnam_campus/p/storage/d/24e124136d151547/n/입구/g/24e124fffef79304/e/lora
Message Data:
time: 1745382402825
value: 

2025-04-23 13:26:43 [MQTT Call: ygw] INFO  com.example.mqtt.InfluxDBService - Extracted tagkey -> location: storage, kind: 입구, data: lora
Value into InfluxDB: 0.0
2025-04-23 13:26:43 [MQTT Call: ygw] INFO  com.example.mqtt.MessageData - Data sent to InfluxDBService: data/s/nhnacademy/b/gyeongnam_campus/p/storage/d/24e124136d151547/n/입구/g/24e124fffef79304/e/lora -> 0.0
2025-04-23 13:26:43 [MQTT Call: ygw] INFO  com.example.mqtt.MessageData - Topic: data/s/nhnacademy/b/gyeongnam_campus/p/storage/d/24e124136d151547/n/입구/e/battery
Message Data:
time: 1745382402826
value: 1

2025-04-23 13:26:43 [MQTT Call: ygw] INFO  com.example.mqtt.InfluxDBService - Extracted tagkey -> location: storage, kind: 입구, data: battery
Value into InfluxDB: 1.0
2025-04-23 13:26:43 [MQTT Call: ygw] INFO  com.example.mqtt.MessageData - Data sent to InfluxDBService: data/s/nhnacademy/b/gyeongnam_campus/p/storage/d/24e124136d151547/n/입구/e/battery -> 1.0
2025-04-23 13:26:43 [MQTT Call: ygw] INFO  com.example.mqtt.MessageData - Topic: data/s/nhnacademy/b/gyeongnam_campus/p/storage/d/24e124136d151547/n/입구/e/humidity
Message Data:
time: 1745382402826
value: 127.5

2025-04-23 13:26:43 [MQTT Call: ygw] INFO  com.example.mqtt.InfluxDBService - Extracted tagkey -> location: storage, kind: 입구, data: humidity
Value into InfluxDB: 127.5
2025-04-23 13:26:43 [MQTT Call: ygw] INFO  com.example.mqtt.MessageData - Data sent to InfluxDBService: data/s/nhnacademy/b/gyeongnam_campus/p/storage/d/24e124136d151547/n/입구/e/humidity -> 127.5
2025-04-23 13:26:43 [MQTT Call: ygw] INFO  com.example.mqtt.MessageData - Topic: data/s/nhnacademy/b/gyeongnam_campus/p/storage/d/24e124136d151547/n/입구/e/temperature
Message Data:
time: 1745382402826
value: -0.1

2025-04-23 13:26:43 [MQTT Call: ygw] INFO  com.example.mqtt.InfluxDBService - Extracted tagkey -> location: storage, kind: 입구, data: temperature
Value into InfluxDB: -0.1
2025-04-23 13:26:43 [MQTT Call: ygw] INFO  com.example.mqtt.MessageData - Data sent to InfluxDBService: data/s/nhnacademy/b/gyeongnam_campus/p/storage/d/24e124136d151547/n/입구/e/temperature -> -0.1
2025-04-23 13:26:43 [MQTT Call: ygw] INFO  com.example.mqtt.MessageData - Topic: data/s/nhnacademy/b/gyeongnam_campus/p/storage/d/24e124136d151547/n/입구/g/24e124fffef79304/e/lora
Message Data:
time: 1745382402826
value: 

2025-04-23 13:26:43 [MQTT Call: ygw] INFO  com.example.mqtt.InfluxDBService - Extracted tagkey -> location: storage, kind: 입구, data: lora
Value into InfluxDB: 0.0
2025-04-23 13:26:43 [MQTT Call: ygw] INFO  com.example.mqtt.MessageData - Data sent to InfluxDBService: data/s/nhnacademy/b/gyeongnam_campus/p/storage/d/24e124136d151547/n/입구/g/24e124fffef79304/e/lora -> 0.0
2025-04-23 13:26:48 [MQTT Call: ygw] INFO  com.example.mqtt.MessageData - Topic: data/s/nhnacademy/b/gyeongnam_campus/p/pair_room/d/24e124136d151485/n/안쪽 분리벽/e/temperature
Message Data:
time: 1745382407686
value: 23.2

2025-04-23 13:26:48 [MQTT Call: ygw] INFO  com.example.mqtt.InfluxDBService - Extracted tagkey -> location: pair_room, kind: 안쪽 분리벽, data: temperature
Value into InfluxDB: 23.2
2025-04-23 13:26:48 [MQTT Call: ygw] INFO  com.example.mqtt.MessageData - Data sent to InfluxDBService: data/s/nhnacademy/b/gyeongnam_campus/p/pair_room/d/24e124136d151485/n/안쪽 분리벽/e/temperature -> 23.2
2025-04-23 13:26:48 [MQTT Call: ygw] INFO  com.example.mqtt.MessageData - Topic: data/s/nhnacademy/b/gyeongnam_campus/p/pair_room/d/24e124136d151485/n/안쪽 분리벽/e/humidity
Message Data:
time: 1745382407686
value: 43

2025-04-23 13:26:48 [MQTT Call: ygw] INFO  com.example.mqtt.InfluxDBService - Extracted tagkey -> location: pair_room, kind: 안쪽 분리벽, data: humidity
Value into InfluxDB: 43.0
2025-04-23 13:26:48 [MQTT Call: ygw] INFO  com.example.mqtt.MessageData - Data sent to InfluxDBService: data/s/nhnacademy/b/gyeongnam_campus/p/pair_room/d/24e124136d151485/n/안쪽 분리벽/e/humidity -> 43.0
2025-04-23 13:26:48 [MQTT Call: ygw] INFO  com.example.mqtt.MessageData - Topic: data/s/nhnacademy/b/gyeongnam_campus/p/pair_room/d/24e124136d151485/n/안쪽 분리벽/g/24e124fffef5dccc/e/lora
Message Data:
time: 1745382407686
value: 

2025-04-23 13:26:48 [MQTT Call: ygw] INFO  com.example.mqtt.InfluxDBService - Extracted tagkey -> location: pair_room, kind: 안쪽 분리벽, data: lora
Value into InfluxDB: 0.0
2025-04-23 13:26:48 [MQTT Call: ygw] INFO  com.example.mqtt.MessageData - Data sent to InfluxDBService: data/s/nhnacademy/b/gyeongnam_campus/p/pair_room/d/24e124136d151485/n/안쪽 분리벽/g/24e124fffef5dccc/e/lora -> 0.0
2025-04-23 13:26:48 [MQTT Call: ygw] INFO  com.example.mqtt.MessageData - Topic: data/s/nhnacademy/b/gyeongnam_campus/p/pair_room/d/24e124136d151485/n/안쪽 분리벽/g/24e124fffef79304/e/lora
Message Data:
time: 1745382407686
value: 

2025-04-23 13:26:48 [MQTT Call: ygw] INFO  com.example.mqtt.InfluxDBService - Extracted tagkey -> location: pair_room, kind: 안쪽 분리벽, data: lora
Value into InfluxDB: 0.0
2025-04-23 13:26:48 [MQTT Call: ygw] INFO  com.example.mqtt.MessageData - Data sent to InfluxDBService: data/s/nhnacademy/b/gyeongnam_campus/p/pair_room/d/24e124136d151485/n/안쪽 분리벽/g/24e124fffef79304/e/lora -> 0.0
2025-04-23 13:26:51 [MQTT Call: ygw] INFO  com.example.mqtt.MessageData - Topic: data/s/nhnacademy/b/gyeongnam_campus/p/campus/d/gem3500_1/n/캠퍼스_LL/e/voltage
Message Data:
time: 1745382410234
value: 378.35

2025-04-23 13:26:51 [MQTT Call: ygw] INFO  com.example.mqtt.InfluxDBService - Extracted tagkey -> location: campus, kind: 캠퍼스_LL, data: voltage
Value into InfluxDB: 378.35
2025-04-23 13:26:51 [MQTT Call: ygw] INFO  com.example.mqtt.MessageData - Data sent to InfluxDBService: data/s/nhnacademy/b/gyeongnam_campus/p/campus/d/gem3500_1/n/캠퍼스_LL/e/voltage -> 378.35
2025-04-23 13:26:51 [MQTT Call: ygw] INFO  com.example.mqtt.MessageData - Topic: data/s/nhnacademy/b/gyeongnam_campus/p/campus/d/gem3500_1/n/캠퍼스_LN/e/voltage
Message Data:
time: 1745382410234
value: 218.44

2025-04-23 13:26:51 [MQTT Call: ygw] INFO  com.example.mqtt.InfluxDBService - Extracted tagkey -> location: campus, kind: 캠퍼스_LN, data: voltage
Value into InfluxDB: 218.44
2025-04-23 13:26:51 [MQTT Call: ygw] INFO  com.example.mqtt.MessageData - Data sent to InfluxDBService: data/s/nhnacademy/b/gyeongnam_campus/p/campus/d/gem3500_1/n/캠퍼스_LN/e/voltage -> 218.44
2025-04-23 13:26:51 [MQTT Call: ygw] INFO  com.example.mqtt.MessageData - Topic: data/s/nhnacademy/b/gyeongnam_campus/p/campus/d/gem3500_1/n/캠퍼스1/e/power_meter
Message Data:
time: 1745382410335
type: 5
leakageCurrent: 0
current: 2833
activePower: 5242
reactivePower: -1869
tapparentPower: 6180
powerFactor: 84.81
currentUnbalance: 53.84
lines: 

2025-04-23 13:26:51 [MQTT Call: ygw] WARN  com.example.mqtt.MessageData - No 'value' field found in message, skipping InfluxDB write.
2025-04-23 13:26:51 [MQTT Call: ygw] INFO  com.example.mqtt.MessageData - Topic: data/s/nhnacademy/b/gyeongnam_campus/p/campus/d/gem3500_1/n/전등1/e/power_meter
Message Data:
time: 1745382410436
type: 3
leakageCurrent: 0
current: 701
activePower: 1308
reactivePower: -326
tapparentPower: 1528
powerFactor: 85.55
currentUnbalance: 0
lines: 

2025-04-23 13:26:51 [MQTT Call: ygw] WARN  com.example.mqtt.MessageData - No 'value' field found in message, skipping InfluxDB write.
2025-04-23 13:26:51 [MQTT Call: ygw] INFO  com.example.mqtt.MessageData - Topic: data/s/nhnacademy/b/gyeongnam_campus/p/campus/d/gem3500_1/n/전등2/e/power_meter
Message Data:
time: 1745382410539
type: 1
leakageCurrent: 0
current: 662
activePower: 1339
reactivePower: -331
tapparentPower: 1452
powerFactor: 92.23
currentUnbalance: 0
lines: 

2025-04-23 13:26:51 [MQTT Call: ygw] WARN  com.example.mqtt.MessageData - No 'value' field found in message, skipping InfluxDB write.
2025-04-23 13:26:51 [MQTT Call: ygw] INFO  com.example.mqtt.MessageData - Topic: data/s/nhnacademy/b/gyeongnam_campus/p/campus/d/gem3500_1/n/전등3/e/power_meter
Message Data:
time: 1745382410641
type: 2
leakageCurrent: 0
current: 0
activePower: 0
reactivePower: 0
tapparentPower: 0
powerFactor: 0
currentUnbalance: 0
lines: 

2025-04-23 13:26:51 [MQTT Call: ygw] WARN  com.example.mqtt.MessageData - No 'value' field found in message, skipping InfluxDB write.
2025-04-23 13:26:51 [MQTT Call: ygw] INFO  com.example.mqtt.MessageData - Topic: data/s/nhnacademy/b/gyeongnam_campus/p/campus/d/gem3500_1/n/강의실b_바닥/e/power_meter
Message Data:
time: 1745382410741
type: 3
leakageCurrent: 0
current: 255
activePower: 427
reactivePower: -244
tapparentPower: 549
powerFactor: 77.72
currentUnbalance: 0
lines: 

2025-04-23 13:26:51 [MQTT Call: ygw] WARN  com.example.mqtt.MessageData - No 'value' field found in message, skipping InfluxDB write.
2025-04-23 13:26:51 [MQTT Call: ygw] INFO  com.example.mqtt.MessageData - Topic: data/s/nhnacademy/b/gyeongnam_campus/p/campus/d/gem3500_1/n/강의실a_바닥1/e/power_meter
Message Data:
time: 1745382410842
type: 1
leakageCurrent: 0
current: 276
activePower: 451
reactivePower: -338
tapparentPower: 607
powerFactor: 74.3
currentUnbalance: 0
lines: 

2025-04-23 13:26:51 [MQTT Call: ygw] WARN  com.example.mqtt.MessageData - No 'value' field found in message, skipping InfluxDB write.
2025-04-23 13:26:51 [MQTT Call: ygw] INFO  com.example.mqtt.MessageData - Topic: data/s/nhnacademy/b/gyeongnam_campus/p/campus/d/gem3500_1/n/강의실a_바닥2/e/power_meter
Message Data:
time: 1745382410943
type: 2
leakageCurrent: 0
current: 201
activePower: 367
reactivePower: -189
tapparentPower: 446
powerFactor: 82.25
currentUnbalance: 0
lines: 

2025-04-23 13:26:51 [MQTT Call: ygw] WARN  com.example.mqtt.MessageData - No 'value' field found in message, skipping InfluxDB write.
2025-04-23 13:26:51 [MQTT Call: ygw] INFO  com.example.mqtt.MessageData - Topic: data/s/nhnacademy/b/gyeongnam_campus/p/campus/d/gem3500_1/n/프로젝터1/e/power_meter
Message Data:
time: 1745382411046
type: 3
leakageCurrent: 0
current: 99
activePower: 129
reactivePower: -151
tapparentPower: 218
powerFactor: 59.34
currentUnbalance: 0
lines: 

2025-04-23 13:26:51 [MQTT Call: ygw] WARN  com.example.mqtt.MessageData - No 'value' field found in message, skipping InfluxDB write.
2025-04-23 13:26:52 [MQTT Call: ygw] INFO  com.example.mqtt.MessageData - Topic: data/s/nhnacademy/b/gyeongnam_campus/p/campus/d/gem3500_1/n/프로젝터2/e/power_meter
Message Data:
time: 1745382411148
type: 1
leakageCurrent: 0
current: 42
activePower: 50
reactivePower: -69
tapparentPower: 91
powerFactor: 55.26
currentUnbalance: 0
lines: 

2025-04-23 13:26:52 [MQTT Call: ygw] WARN  com.example.mqtt.MessageData - No 'value' field found in message, skipping InfluxDB write.
2025-04-23 13:26:52 [MQTT Call: ygw] INFO  com.example.mqtt.MessageData - Topic: data/s/nhnacademy/b/gyeongnam_campus/p/campus/d/gem3500_1/n/회의실/e/power_meter
Message Data:
time: 1745382411248
type: 2
leakageCurrent: 0
current: 13
activePower: 4
reactivePower: -28
tapparentPower: 31
powerFactor: 15.38
currentUnbalance: 0
lines: 

2025-04-23 13:26:52 [MQTT Call: ygw] WARN  com.example.mqtt.MessageData - No 'value' field found in message, skipping InfluxDB write.
2025-04-23 13:26:52 [MQTT Call: ygw] INFO  com.example.mqtt.MessageData - Topic: data/s/nhnacademy/b/gyeongnam_campus/p/campus/d/gem3500_1/n/서버실/e/power_meter
Message Data:
time: 1745382411352
type: 3
leakageCurrent: 0
current: 205
activePower: 391
reactivePower: -108
tapparentPower: 436
powerFactor: 89.56
currentUnbalance: 0
lines: 

2025-04-23 13:26:52 [MQTT Call: ygw] WARN  com.example.mqtt.MessageData - No 'value' field found in message, skipping InfluxDB write.
2025-04-23 13:26:52 [MQTT Call: ygw] INFO  com.example.mqtt.MessageData - Topic: data/s/nhnacademy/b/gyeongnam_campus/p/campus/d/gem3500_1/n/간판/e/power_meter
Message Data:
time: 1745382411451
type: 1
leakageCurrent: 0
current: 0
activePower: 0
reactivePower: 0
tapparentPower: 0
powerFactor: 0
currentUnbalance: 0
lines: 

2025-04-23 13:26:52 [MQTT Call: ygw] WARN  com.example.mqtt.MessageData - No 'value' field found in message, skipping InfluxDB write.
2025-04-23 13:26:52 [MQTT Call: ygw] INFO  com.example.mqtt.MessageData - Topic: data/s/nhnacademy/b/gyeongnam_campus/p/campus/d/gem3500_1/n/페어룸/e/power_meter
Message Data:
time: 1745382411553
type: 2
leakageCurrent: 0
current: 0
activePower: 0
reactivePower: 0
tapparentPower: 0
powerFactor: 0
currentUnbalance: 0
lines: 

2025-04-23 13:26:52 [MQTT Call: ygw] WARN  com.example.mqtt.MessageData - No 'value' field found in message, skipping InfluxDB write.
2025-04-23 13:26:52 [MQTT Call: ygw] INFO  com.example.mqtt.MessageData - Topic: data/s/nhnacademy/b/gyeongnam_campus/p/campus/d/gem3500_1/n/사무실_전열1/e/power_meter
Message Data:
time: 1745382411653
type: 3
leakageCurrent: 0
current: 85
activePower: 103
reactivePower: -55
tapparentPower: 182
powerFactor: 56.57
currentUnbalance: 0
lines: 

2025-04-23 13:26:52 [MQTT Call: ygw] WARN  com.example.mqtt.MessageData - No 'value' field found in message, skipping InfluxDB write.
2025-04-23 13:26:52 [MQTT Call: ygw] INFO  com.example.mqtt.MessageData - Topic: data/s/nhnacademy/b/gyeongnam_campus/p/campus/d/gem3500_1/n/사무실_전열2/e/power_meter
Message Data:
time: 1745382411756
type: 3
leakageCurrent: 0
current: 91
activePower: 105
reactivePower: -60
tapparentPower: 206
powerFactor: 51.16
currentUnbalance: 0
lines: 

2025-04-23 13:26:52 [MQTT Call: ygw] WARN  com.example.mqtt.MessageData - No 'value' field found in message, skipping InfluxDB write.
2025-04-23 13:26:52 [MQTT Call: ygw] INFO  com.example.mqtt.MessageData - Topic: data/s/nhnacademy/b/gyeongnam_campus/p/campus/d/gem3500_1/n/사무실_복사기/e/power_meter
Message Data:
time: 1745382411856
type: 1
leakageCurrent: 0
current: 7
activePower: 7
reactivePower: 0
tapparentPower: 14
powerFactor: 50
currentUnbalance: 0
lines: 

2025-04-23 13:26:52 [MQTT Call: ygw] WARN  com.example.mqtt.MessageData - No 'value' field found in message, skipping InfluxDB write.
2025-04-23 13:26:52 [MQTT Call: ygw] INFO  com.example.mqtt.MessageData - Topic: data/s/nhnacademy/b/gyeongnam_campus/p/campus/d/gem3500_1/n/빌트인_전열/e/power_meter
Message Data:
time: 1745382411956
type: 2
leakageCurrent: 0
current: 5
activePower: 4
reactivePower: -7
tapparentPower: 12
powerFactor: 40
currentUnbalance: 0
lines: 

2025-04-23 13:26:52 [MQTT Call: ygw] WARN  com.example.mqtt.MessageData - No 'value' field found in message, skipping InfluxDB write.
2025-04-23 13:26:52 [MQTT Call: ygw] INFO  com.example.mqtt.MessageData - Topic: data/s/nhnacademy/b/gyeongnam_campus/p/campus/d/gem3500_1/n/사무실_전열3/e/power_meter
Message Data:
time: 1745382412059
type: 3
leakageCurrent: 0
current: 0
activePower: 0
reactivePower: 0
tapparentPower: 0
powerFactor: 0
currentUnbalance: 0
lines: 

2025-04-23 13:26:52 [MQTT Call: ygw] WARN  com.example.mqtt.MessageData - No 'value' field found in message, skipping InfluxDB write.
2025-04-23 13:26:52 [MQTT Call: ygw] INFO  com.example.mqtt.MessageData - Topic: data/s/nhnacademy/b/gyeongnam_campus/p/campus/d/gem3500_1/n/정수기/e/power_meter
Message Data:
time: 1745382412161
type: 1
leakageCurrent: 0
current: 72
activePower: 100
reactivePower: 120
tapparentPower: 158
powerFactor: 63.63
currentUnbalance: 0
lines: 

2025-04-23 13:26:52 [MQTT Call: ygw] WARN  com.example.mqtt.MessageData - No 'value' field found in message, skipping InfluxDB write.
2025-04-23 13:26:52 [MQTT Call: ygw] INFO  com.example.mqtt.MessageData - Topic: data/s/nhnacademy/b/gyeongnam_campus/p/campus/d/gem3500_1/n/하이브_전열/e/power_meter
Message Data:
time: 1745382412261
type: 2
leakageCurrent: 0
current: 65
activePower: 124
reactivePower: -45
tapparentPower: 144
powerFactor: 86.66
currentUnbalance: 0
lines: 

2025-04-23 13:26:52 [MQTT Call: ygw] WARN  com.example.mqtt.MessageData - No 'value' field found in message, skipping InfluxDB write.
2025-04-23 13:26:52 [MQTT Call: ygw] INFO  com.example.mqtt.MessageData - Topic: data/s/nhnacademy/b/gyeongnam_campus/p/campus/d/gem3500_1/n/바텐_전열/e/power_meter
Message Data:
time: 1745382412361
type: 3
leakageCurrent: 0
current: 0
activePower: 0
reactivePower: 0
tapparentPower: 0
powerFactor: 0
currentUnbalance: 0
lines: 

2025-04-23 13:26:52 [MQTT Call: ygw] WARN  com.example.mqtt.MessageData - No 'value' field found in message, skipping InfluxDB write.
2025-04-23 13:26:52 [MQTT Call: ygw] INFO  com.example.mqtt.MessageData - Topic: data/s/nhnacademy/b/gyeongnam_campus/p/campus/d/gem3500_1/n/S_P/e/power_meter
Message Data:
time: 1745382412462
type: 1
leakageCurrent: 0
current: 0
activePower: 0
reactivePower: 0
tapparentPower: 0
powerFactor: 0
currentUnbalance: 0
lines: 

2025-04-23 13:26:52 [MQTT Call: ygw] WARN  com.example.mqtt.MessageData - No 'value' field found in message, skipping InfluxDB write.
2025-04-23 13:26:52 [MQTT Call: ygw] INFO  com.example.mqtt.MessageData - Topic: data/s/nhnacademy/b/gyeongnam_campus/p/campus/d/gem3500_1/n/공조기/e/power_meter
Message Data:
time: 1745382412564
type: 2
leakageCurrent: 0
current: 200
activePower: 223
reactivePower: -21
tapparentPower: 436
powerFactor: 51.09
currentUnbalance: 0
lines: 

2025-04-23 13:26:52 [MQTT Call: ygw] WARN  com.example.mqtt.MessageData - No 'value' field found in message, skipping InfluxDB write.
2025-04-23 13:26:52 [MQTT Call: ygw] INFO  com.example.mqtt.MessageData - Topic: data/s/nhnacademy/b/gyeongnam_campus/p/campus/d/gem3500_1/n/AC/e/power_meter
Message Data:
time: 1745382412664
type: 3
leakageCurrent: 0
current: 76
activePower: 96
reactivePower: -4
tapparentPower: 165
powerFactor: 57.97
currentUnbalance: 0
lines: 

2025-04-23 13:26:52 [MQTT Call: ygw] WARN  com.example.mqtt.MessageData - No 'value' field found in message, skipping InfluxDB write.
2025-04-23 13:27:02 [MQTT Call: ygw] INFO  com.example.mqtt.MessageData - Topic: data/s/nhnacademy/b/gyeongnam_campus/p/office/d/24e124126d152919/n/보드/e/pressure
Message Data:
time: 1745382422506
value: 1004.9

2025-04-23 13:27:02 [MQTT Call: ygw] INFO  com.example.mqtt.InfluxDBService - Extracted tagkey -> location: office, kind: 보드, data: pressure
Value into InfluxDB: 1004.9
2025-04-23 13:27:02 [MQTT Call: ygw] INFO  com.example.mqtt.MessageData - Data sent to InfluxDBService: data/s/nhnacademy/b/gyeongnam_campus/p/office/d/24e124126d152919/n/보드/e/pressure -> 1004.9
2025-04-23 13:27:03 [MQTT Call: ygw] INFO  com.example.mqtt.MessageData - Topic: data/s/nhnacademy/b/gyeongnam_campus/p/office/d/24e124126d152919/n/보드/e/temperature
Message Data:
time: 1745382422506
value: 24.5

2025-04-23 13:27:03 [MQTT Call: ygw] INFO  com.example.mqtt.InfluxDBService - Extracted tagkey -> location: office, kind: 보드, data: temperature
Value into InfluxDB: 24.5
2025-04-23 13:27:03 [MQTT Call: ygw] INFO  com.example.mqtt.MessageData - Data sent to InfluxDBService: data/s/nhnacademy/b/gyeongnam_campus/p/office/d/24e124126d152919/n/보드/e/temperature -> 24.5
2025-04-23 13:27:03 [MQTT Call: ygw] INFO  com.example.mqtt.MessageData - Topic: data/s/nhnacademy/b/gyeongnam_campus/p/office/d/24e124126d152919/n/보드/e/co2
Message Data:
time: 1745382422506
value: 738

2025-04-23 13:27:03 [MQTT Call: ygw] INFO  com.example.mqtt.InfluxDBService - Extracted tagkey -> location: office, kind: 보드, data: co2
Value into InfluxDB: 738.0
2025-04-23 13:27:03 [MQTT Call: ygw] INFO  com.example.mqtt.MessageData - Data sent to InfluxDBService: data/s/nhnacademy/b/gyeongnam_campus/p/office/d/24e124126d152919/n/보드/e/co2 -> 738.0
2025-04-23 13:27:03 [MQTT Call: ygw] INFO  com.example.mqtt.MessageData - Topic: data/s/nhnacademy/b/gyeongnam_campus/p/office/d/24e124126d152919/n/보드/e/humidity
Message Data:
time: 1745382422506
value: 48.5

2025-04-23 13:27:03 [MQTT Call: ygw] INFO  com.example.mqtt.InfluxDBService - Extracted tagkey -> location: office, kind: 보드, data: humidity
Value into InfluxDB: 48.5
2025-04-23 13:27:03 [MQTT Call: ygw] INFO  com.example.mqtt.MessageData - Data sent to InfluxDBService: data/s/nhnacademy/b/gyeongnam_campus/p/office/d/24e124126d152919/n/보드/e/humidity -> 48.5
2025-04-23 13:27:03 [MQTT Call: ygw] INFO  com.example.mqtt.MessageData - Topic: data/s/nhnacademy/b/gyeongnam_campus/p/office/d/24e124126d152919/n/보드/g/24e124fffef5dccc/e/lora
Message Data:
time: 1745382422506
value: 

2025-04-23 13:27:03 [MQTT Call: ygw] INFO  com.example.mqtt.InfluxDBService - Extracted tagkey -> location: office, kind: 보드, data: lora
Value into InfluxDB: 0.0
2025-04-23 13:27:03 [MQTT Call: ygw] INFO  com.example.mqtt.MessageData - Data sent to InfluxDBService: data/s/nhnacademy/b/gyeongnam_campus/p/office/d/24e124126d152919/n/보드/g/24e124fffef5dccc/e/lora -> 0.0
2025-04-23 13:27:10 [MQTT Call: ygw] INFO  com.example.mqtt.MessageData - Topic: data/s/nhnacademy/b/gyeongnam_campus/p/hive/d/24e124785c389010/n/정수기 위/e/humidity
Message Data:
time: 1745382430184
value: 44

2025-04-23 13:27:10 [MQTT Call: ygw] INFO  com.example.mqtt.InfluxDBService - Extracted tagkey -> location: hive, kind: 정수기 위, data: humidity
Value into InfluxDB: 44.0
2025-04-23 13:27:10 [MQTT Call: ygw] INFO  com.example.mqtt.MessageData - Data sent to InfluxDBService: data/s/nhnacademy/b/gyeongnam_campus/p/hive/d/24e124785c389010/n/정수기 위/e/humidity -> 44.0
2025-04-23 13:27:10 [MQTT Call: ygw] INFO  com.example.mqtt.MessageData - Topic: data/s/nhnacademy/b/gyeongnam_campus/p/hive/d/24e124785c389010/n/정수기 위/e/battery
Message Data:
time: 1745382430184
value: 85

2025-04-23 13:27:10 [MQTT Call: ygw] INFO  com.example.mqtt.InfluxDBService - Extracted tagkey -> location: hive, kind: 정수기 위, data: battery
Value into InfluxDB: 85.0
2025-04-23 13:27:10 [MQTT Call: ygw] INFO  com.example.mqtt.MessageData - Data sent to InfluxDBService: data/s/nhnacademy/b/gyeongnam_campus/p/hive/d/24e124785c389010/n/정수기 위/e/battery -> 85.0
2025-04-23 13:27:10 [MQTT Call: ygw] INFO  com.example.mqtt.MessageData - Topic: data/s/nhnacademy/b/gyeongnam_campus/p/hive/d/24e124785c389010/n/정수기 위/e/temperature
Message Data:
time: 1745382430184
value: 23.3

2025-04-23 13:27:10 [MQTT Call: ygw] INFO  com.example.mqtt.InfluxDBService - Extracted tagkey -> location: hive, kind: 정수기 위, data: temperature
Value into InfluxDB: 23.3
2025-04-23 13:27:10 [MQTT Call: ygw] INFO  com.example.mqtt.MessageData - Data sent to InfluxDBService: data/s/nhnacademy/b/gyeongnam_campus/p/hive/d/24e124785c389010/n/정수기 위/e/temperature -> 23.3
2025-04-23 13:27:10 [MQTT Call: ygw] INFO  com.example.mqtt.MessageData - Topic: data/s/nhnacademy/b/gyeongnam_campus/p/hive/d/24e124785c389010/n/정수기 위/g/24e124fffef79304/e/lora
Message Data:
time: 1745382430184
value: 

2025-04-23 13:27:10 [MQTT Call: ygw] INFO  com.example.mqtt.InfluxDBService - Extracted tagkey -> location: hive, kind: 정수기 위, data: lora
Value into InfluxDB: 0.0
2025-04-23 13:27:10 [MQTT Call: ygw] INFO  com.example.mqtt.MessageData - Data sent to InfluxDBService: data/s/nhnacademy/b/gyeongnam_campus/p/hive/d/24e124785c389010/n/정수기 위/g/24e124fffef79304/e/lora -> 0.0
2025-04-23 13:27:10 [MQTT Call: ygw] INFO  com.example.mqtt.MessageData - Topic: data/s/nhnacademy/b/gyeongnam_campus/p/hive/d/24e124785c389010/n/정수기 위/g/24e124fffef5dccc/e/lora
Message Data:
time: 1745382430184
value: 

2025-04-23 13:27:10 [MQTT Call: ygw] INFO  com.example.mqtt.InfluxDBService - Extracted tagkey -> location: hive, kind: 정수기 위, data: lora
Value into InfluxDB: 0.0
2025-04-23 13:27:10 [MQTT Call: ygw] INFO  com.example.mqtt.MessageData - Data sent to InfluxDBService: data/s/nhnacademy/b/gyeongnam_campus/p/hive/d/24e124785c389010/n/정수기 위/g/24e124fffef5dccc/e/lora -> 0.0
2025-04-23 13:27:15 [MQTT Call: ygw] INFO  com.example.mqtt.MessageData - Topic: data/s/nhnacademy/b/gyeongnam_campus/p/hive/d/24e124725d081175/sp/8인 책상/n/8인 책상/e/humidity
Message Data:
time: 1745382434359
value: 43

2025-04-23 13:27:15 [MQTT Call: ygw] INFO  com.example.mqtt.InfluxDBService - Extracted tagkey -> location: hive, kind: 8인 책상, data: humidity
Value into InfluxDB: 43.0
2025-04-23 13:27:15 [MQTT Call: ygw] INFO  com.example.mqtt.MessageData - Data sent to InfluxDBService: data/s/nhnacademy/b/gyeongnam_campus/p/hive/d/24e124725d081175/sp/8인 책상/n/8인 책상/e/humidity -> 43.0
2025-04-23 13:27:16 [MQTT Call: ygw] INFO  com.example.mqtt.MessageData - Topic: data/s/nhnacademy/b/gyeongnam_campus/p/hive/d/24e124725d081175/sp/8인 책상/n/8인 책상/e/battery
Message Data:
time: 1745382434359
value: 76

2025-04-23 13:27:16 [MQTT Call: ygw] INFO  com.example.mqtt.InfluxDBService - Extracted tagkey -> location: hive, kind: 8인 책상, data: battery
Value into InfluxDB: 76.0
2025-04-23 13:27:16 [MQTT Call: ygw] INFO  com.example.mqtt.MessageData - Data sent to InfluxDBService: data/s/nhnacademy/b/gyeongnam_campus/p/hive/d/24e124725d081175/sp/8인 책상/n/8인 책상/e/battery -> 76.0
2025-04-23 13:27:16 [MQTT Call: ygw] INFO  com.example.mqtt.MessageData - Topic: data/s/nhnacademy/b/gyeongnam_campus/p/hive/d/24e124725d081175/sp/8인 책상/n/8인 책상/e/temperature
Message Data:
time: 1745382434359
value: 23.8

2025-04-23 13:27:16 [MQTT Call: ygw] INFO  com.example.mqtt.InfluxDBService - Extracted tagkey -> location: hive, kind: 8인 책상, data: temperature
Value into InfluxDB: 23.8
2025-04-23 13:27:16 [MQTT Call: ygw] INFO  com.example.mqtt.MessageData - Data sent to InfluxDBService: data/s/nhnacademy/b/gyeongnam_campus/p/hive/d/24e124725d081175/sp/8인 책상/n/8인 책상/e/temperature -> 23.8
2025-04-23 13:27:16 [MQTT Call: ygw] INFO  com.example.mqtt.MessageData - Topic: data/s/nhnacademy/b/gyeongnam_campus/p/hive/d/24e124725d081175/sp/8인 책상/n/8인 책상/e/co2
Message Data:
time: 1745382434359
value: 524

2025-04-23 13:27:16 [MQTT Call: ygw] INFO  com.example.mqtt.InfluxDBService - Extracted tagkey -> location: hive, kind: 8인 책상, data: co2
Value into InfluxDB: 524.0
2025-04-23 13:27:16 [MQTT Call: ygw] INFO  com.example.mqtt.MessageData - Data sent to InfluxDBService: data/s/nhnacademy/b/gyeongnam_campus/p/hive/d/24e124725d081175/sp/8인 책상/n/8인 책상/e/co2 -> 524.0
2025-04-23 13:27:16 [MQTT Call: ygw] INFO  com.example.mqtt.MessageData - Topic: data/s/nhnacademy/b/gyeongnam_campus/p/hive/d/24e124725d081175/sp/8인 책상/n/8인 책상/g/24e124fffef5dccc/e/lora
Message Data:
time: 1745382434359
value: 

2025-04-23 13:27:16 [MQTT Call: ygw] INFO  com.example.mqtt.InfluxDBService - Extracted tagkey -> location: hive, kind: 8인 책상, data: lora
Value into InfluxDB: 0.0
2025-04-23 13:27:16 [MQTT Call: ygw] INFO  com.example.mqtt.MessageData - Data sent to InfluxDBService: data/s/nhnacademy/b/gyeongnam_campus/p/hive/d/24e124725d081175/sp/8인 책상/n/8인 책상/g/24e124fffef5dccc/e/lora -> 0.0
2025-04-23 13:27:16 [MQTT Call: ygw] INFO  com.example.mqtt.MessageData - Topic: data/s/nhnacademy/b/gyeongnam_campus/p/hive/d/24e124725d081175/sp/8인 책상/n/8인 책상/g/24e124fffef79304/e/lora
Message Data:
time: 1745382434359
value: 

2025-04-23 13:27:16 [MQTT Call: ygw] INFO  com.example.mqtt.InfluxDBService - Extracted tagkey -> location: hive, kind: 8인 책상, data: lora
Value into InfluxDB: 0.0
2025-04-23 13:27:16 [MQTT Call: ygw] INFO  com.example.mqtt.MessageData - Data sent to InfluxDBService: data/s/nhnacademy/b/gyeongnam_campus/p/hive/d/24e124725d081175/sp/8인 책상/n/8인 책상/g/24e124fffef79304/e/lora -> 0.0
2025-04-23 13:27:18 [MQTT Call: ygw] INFO  com.example.mqtt.MessageData - Topic: data/s/nhnacademy/b/gyeongnam_campus/p/class_a/d/24e124128c067999/sp/입구/n/입구/e/infrared_and_visible
Message Data:
time: 1745382438640
value: 46

2025-04-23 13:27:18 [MQTT Call: ygw] INFO  com.example.mqtt.InfluxDBService - Extracted tagkey -> location: class_a, kind: 입구, data: infrared_and_visible
Value into InfluxDB: 46.0
2025-04-23 13:27:18 [MQTT Call: ygw] INFO  com.example.mqtt.MessageData - Data sent to InfluxDBService: data/s/nhnacademy/b/gyeongnam_campus/p/class_a/d/24e124128c067999/sp/입구/n/입구/e/infrared_and_visible -> 46.0
2025-04-23 13:27:19 [MQTT Call: ygw] INFO  com.example.mqtt.MessageData - Topic: data/s/nhnacademy/b/gyeongnam_campus/p/class_a/d/24e124128c067999/sp/입구/n/입구/e/humidity
Message Data:
time: 1745382438640
value: 46.5

2025-04-23 13:27:19 [MQTT Call: ygw] INFO  com.example.mqtt.InfluxDBService - Extracted tagkey -> location: class_a, kind: 입구, data: humidity
Value into InfluxDB: 46.5
2025-04-23 13:27:19 [MQTT Call: ygw] INFO  com.example.mqtt.MessageData - Data sent to InfluxDBService: data/s/nhnacademy/b/gyeongnam_campus/p/class_a/d/24e124128c067999/sp/입구/n/입구/e/humidity -> 46.5
2025-04-23 13:27:19 [MQTT Call: ygw] INFO  com.example.mqtt.MessageData - Topic: data/s/nhnacademy/b/gyeongnam_campus/p/class_a/d/24e124128c067999/sp/입구/n/입구/e/tvoc
Message Data:
time: 1745382438640
value: 305

2025-04-23 13:27:19 [MQTT Call: ygw] INFO  com.example.mqtt.InfluxDBService - Extracted tagkey -> location: class_a, kind: 입구, data: tvoc
Value into InfluxDB: 305.0
2025-04-23 13:27:19 [MQTT Call: ygw] INFO  com.example.mqtt.MessageData - Data sent to InfluxDBService: data/s/nhnacademy/b/gyeongnam_campus/p/class_a/d/24e124128c067999/sp/입구/n/입구/e/tvoc -> 305.0
2025-04-23 13:27:19 [MQTT Call: ygw] INFO  com.example.mqtt.MessageData - Topic: data/s/nhnacademy/b/gyeongnam_campus/p/class_a/d/24e124128c067999/sp/입구/n/입구/e/co2
Message Data:
time: 1745382438640
value: 1075

2025-04-23 13:27:19 [MQTT Call: ygw] INFO  com.example.mqtt.InfluxDBService - Extracted tagkey -> location: class_a, kind: 입구, data: co2
Value into InfluxDB: 1075.0
2025-04-23 13:27:19 [MQTT Call: ygw] INFO  com.example.mqtt.MessageData - Data sent to InfluxDBService: data/s/nhnacademy/b/gyeongnam_campus/p/class_a/d/24e124128c067999/sp/입구/n/입구/e/co2 -> 1075.0
2025-04-23 13:27:19 [MQTT Call: ygw] INFO  com.example.mqtt.MessageData - Topic: data/s/nhnacademy/b/gyeongnam_campus/p/class_a/d/24e124128c067999/sp/입구/n/입구/e/temperature
Message Data:
time: 1745382438640
value: 24

2025-04-23 13:27:19 [MQTT Call: ygw] INFO  com.example.mqtt.InfluxDBService - Extracted tagkey -> location: class_a, kind: 입구, data: temperature
Value into InfluxDB: 24.0
2025-04-23 13:27:19 [MQTT Call: ygw] INFO  com.example.mqtt.MessageData - Data sent to InfluxDBService: data/s/nhnacademy/b/gyeongnam_campus/p/class_a/d/24e124128c067999/sp/입구/n/입구/e/temperature -> 24.0
2025-04-23 13:27:19 [MQTT Call: ygw] INFO  com.example.mqtt.MessageData - Topic: data/s/nhnacademy/b/gyeongnam_campus/p/class_a/d/24e124128c067999/sp/입구/n/입구/e/infrared
Message Data:
time: 1745382438640
value: 7

2025-04-23 13:27:19 [MQTT Call: ygw] INFO  com.example.mqtt.InfluxDBService - Extracted tagkey -> location: class_a, kind: 입구, data: infrared
Value into InfluxDB: 7.0
2025-04-23 13:27:19 [MQTT Call: ygw] INFO  com.example.mqtt.MessageData - Data sent to InfluxDBService: data/s/nhnacademy/b/gyeongnam_campus/p/class_a/d/24e124128c067999/sp/입구/n/입구/e/infrared -> 7.0
2025-04-23 13:27:19 [MQTT Call: ygw] INFO  com.example.mqtt.MessageData - Topic: data/s/nhnacademy/b/gyeongnam_campus/p/class_a/d/24e124128c067999/sp/입구/n/입구/e/pressure
Message Data:
time: 1745382438640
value: 997.6

2025-04-23 13:27:19 [MQTT Call: ygw] INFO  com.example.mqtt.InfluxDBService - Extracted tagkey -> location: class_a, kind: 입구, data: pressure
Value into InfluxDB: 997.6
2025-04-23 13:27:19 [MQTT Call: ygw] INFO  com.example.mqtt.MessageData - Data sent to InfluxDBService: data/s/nhnacademy/b/gyeongnam_campus/p/class_a/d/24e124128c067999/sp/입구/n/입구/e/pressure -> 997.6
2025-04-23 13:27:19 [MQTT Call: ygw] INFO  com.example.mqtt.MessageData - Topic: data/s/nhnacademy/b/gyeongnam_campus/p/class_a/d/24e124128c067999/sp/입구/n/입구/e/activity
Message Data:
time: 1745382438640
value: 0

2025-04-23 13:27:19 [MQTT Call: ygw] INFO  com.example.mqtt.InfluxDBService - Extracted tagkey -> location: class_a, kind: 입구, data: activity
Value into InfluxDB: 0.0
2025-04-23 13:27:19 [MQTT Call: ygw] INFO  com.example.mqtt.MessageData - Data sent to InfluxDBService: data/s/nhnacademy/b/gyeongnam_campus/p/class_a/d/24e124128c067999/sp/입구/n/입구/e/activity -> 0.0
2025-04-23 13:27:19 [MQTT Call: ygw] INFO  com.example.mqtt.MessageData - Topic: data/s/nhnacademy/b/gyeongnam_campus/p/class_a/d/24e124128c067999/sp/입구/n/입구/e/illumination
Message Data:
time: 1745382438640
value: 67

2025-04-23 13:27:19 [MQTT Call: ygw] INFO  com.example.mqtt.InfluxDBService - Extracted tagkey -> location: class_a, kind: 입구, data: illumination
Value into InfluxDB: 67.0
2025-04-23 13:27:19 [MQTT Call: ygw] INFO  com.example.mqtt.MessageData - Data sent to InfluxDBService: data/s/nhnacademy/b/gyeongnam_campus/p/class_a/d/24e124128c067999/sp/입구/n/입구/e/illumination -> 67.0
2025-04-23 13:27:19 [MQTT Call: ygw] INFO  com.example.mqtt.MessageData - Topic: data/s/nhnacademy/b/gyeongnam_campus/p/class_a/d/24e124128c067999/sp/입구/n/입구/g/24e124fffef79304/e/lora
Message Data:
time: 1745382438640
value: 

2025-04-23 13:27:19 [MQTT Call: ygw] INFO  com.example.mqtt.InfluxDBService - Extracted tagkey -> location: class_a, kind: 입구, data: lora
Value into InfluxDB: 0.0
2025-04-23 13:27:19 [MQTT Call: ygw] INFO  com.example.mqtt.MessageData - Data sent to InfluxDBService: data/s/nhnacademy/b/gyeongnam_campus/p/class_a/d/24e124128c067999/sp/입구/n/입구/g/24e124fffef79304/e/lora -> 0.0
2025-04-23 13:27:19 [MQTT Call: ygw] INFO  com.example.mqtt.MessageData - Topic: data/s/nhnacademy/b/gyeongnam_campus/p/class_a/d/24e124128c067999/sp/입구/n/입구/g/24e124fffef5dccc/e/lora
Message Data:
time: 1745382438640
value: 

2025-04-23 13:27:19 [MQTT Call: ygw] INFO  com.example.mqtt.InfluxDBService - Extracted tagkey -> location: class_a, kind: 입구, data: lora
Value into InfluxDB: 0.0
2025-04-23 13:27:19 [MQTT Call: ygw] INFO  com.example.mqtt.MessageData - Data sent to InfluxDBService: data/s/nhnacademy/b/gyeongnam_campus/p/class_a/d/24e124128c067999/sp/입구/n/입구/g/24e124fffef5dccc/e/lora -> 0.0
2025-04-23 13:27:25 [MQTT Call: ygw] INFO  com.example.mqtt.MessageData - Topic: data/s/nhnacademy/b/gyeongnam_campus/p/server_room/d/24e124136d151368/n/입구/e/temperature
Message Data:
time: 1745382443716
value: 23.8

2025-04-23 13:27:25 [MQTT Call: ygw] INFO  com.example.mqtt.InfluxDBService - Extracted tagkey -> location: server_room, kind: 입구, data: temperature
Value into InfluxDB: 23.8
2025-04-23 13:27:25 [MQTT Call: ygw] INFO  com.example.mqtt.MessageData - Data sent to InfluxDBService: data/s/nhnacademy/b/gyeongnam_campus/p/server_room/d/24e124136d151368/n/입구/e/temperature -> 23.8
2025-04-23 13:27:25 [MQTT Call: ygw] INFO  com.example.mqtt.MessageData - Topic: data/s/nhnacademy/b/gyeongnam_campus/p/server_room/d/24e124136d151368/n/입구/e/humidity
Message Data:
time: 1745382443716
value: 47

2025-04-23 13:27:25 [MQTT Call: ygw] INFO  com.example.mqtt.InfluxDBService - Extracted tagkey -> location: server_room, kind: 입구, data: humidity
Value into InfluxDB: 47.0
2025-04-23 13:27:25 [MQTT Call: ygw] INFO  com.example.mqtt.MessageData - Data sent to InfluxDBService: data/s/nhnacademy/b/gyeongnam_campus/p/server_room/d/24e124136d151368/n/입구/e/humidity -> 47.0
2025-04-23 13:27:25 [MQTT Call: ygw] INFO  com.example.mqtt.MessageData - Topic: data/s/nhnacademy/b/gyeongnam_campus/p/server_room/d/24e124136d151368/n/입구/g/24e124fffef5dccc/e/lora
Message Data:
time: 1745382443716
value: 

2025-04-23 13:27:25 [MQTT Call: ygw] INFO  com.example.mqtt.InfluxDBService - Extracted tagkey -> location: server_room, kind: 입구, data: lora
Value into InfluxDB: 0.0
2025-04-23 13:27:25 [MQTT Call: ygw] INFO  com.example.mqtt.MessageData - Data sent to InfluxDBService: data/s/nhnacademy/b/gyeongnam_campus/p/server_room/d/24e124136d151368/n/입구/g/24e124fffef5dccc/e/lora -> 0.0
2025-04-23 13:27:25 [MQTT Call: ygw] INFO  com.example.mqtt.MessageData - Topic: data/s/nhnacademy/b/gyeongnam_campus/p/server_room/d/24e124136d151368/n/입구/g/24e124fffef79304/e/lora
Message Data:
time: 1745382443716
value: 

2025-04-23 13:27:25 [MQTT Call: ygw] INFO  com.example.mqtt.InfluxDBService - Extracted tagkey -> location: server_room, kind: 입구, data: lora
Value into InfluxDB: 0.0
2025-04-23 13:27:25 [MQTT Call: ygw] INFO  com.example.mqtt.MessageData - Data sent to InfluxDBService: data/s/nhnacademy/b/gyeongnam_campus/p/server_room/d/24e124136d151368/n/입구/g/24e124fffef79304/e/lora -> 0.0
2025-04-23 13:27:31 [MQTT Call: ygw] INFO  com.example.mqtt.MessageData - Topic: data/s/nhnacademy/b/gyeongnam_campus/p/hive/d/24e124126c452091/sp/farm/n/스마트팜/e/temperature
Message Data:
time: 1745382450686
value: 23.2

2025-04-23 13:27:31 [MQTT Call: ygw] INFO  com.example.mqtt.InfluxDBService - Extracted tagkey -> location: hive, kind: 스마트팜, data: temperature
Value into InfluxDB: 23.2
2025-04-23 13:27:31 [MQTT Call: ygw] INFO  com.example.mqtt.MessageData - Data sent to InfluxDBService: data/s/nhnacademy/b/gyeongnam_campus/p/hive/d/24e124126c452091/sp/farm/n/스마트팜/e/temperature -> 23.2
2025-04-23 13:27:31 [MQTT Call: ygw] INFO  com.example.mqtt.MessageData - Topic: data/s/nhnacademy/b/gyeongnam_campus/p/hive/d/24e124126c452091/sp/farm/n/스마트팜/g/24e124fffef79304/e/lora
Message Data:
time: 1745382450686
value: 

2025-04-23 13:27:31 [MQTT Call: ygw] INFO  com.example.mqtt.InfluxDBService - Extracted tagkey -> location: hive, kind: 스마트팜, data: lora
Value into InfluxDB: 0.0
2025-04-23 13:27:31 [MQTT Call: ygw] INFO  com.example.mqtt.MessageData - Data sent to InfluxDBService: data/s/nhnacademy/b/gyeongnam_campus/p/hive/d/24e124126c452091/sp/farm/n/스마트팜/g/24e124fffef79304/e/lora -> 0.0
2025-04-23 13:27:31 [MQTT Call: ygw] INFO  com.example.mqtt.MessageData - Topic: data/s/nhnacademy/b/gyeongnam_campus/p/hive/d/24e124126c452091/sp/farm/n/스마트팜/g/24e124fffef5dccc/e/lora
Message Data:
time: 1745382450686
value: 

2025-04-23 13:27:31 [MQTT Call: ygw] INFO  com.example.mqtt.InfluxDBService - Extracted tagkey -> location: hive, kind: 스마트팜, data: lora
Value into InfluxDB: 0.0
2025-04-23 13:27:31 [MQTT Call: ygw] INFO  com.example.mqtt.MessageData - Data sent to InfluxDBService: data/s/nhnacademy/b/gyeongnam_campus/p/hive/d/24e124126c452091/sp/farm/n/스마트팜/g/24e124fffef5dccc/e/lora -> 0.0
2025-04-23 13:27:42 [MQTT Call: ygw] INFO  com.example.mqtt.MessageData - Topic: data/s/nhnacademy/b/gyeongnam_campus/p/class_a/d/24e124126d152969/n/왼쪽 뒤/e/co2
Message Data:
time: 1745382462476
value: 1162

2025-04-23 13:27:42 [MQTT Call: ygw] INFO  com.example.mqtt.InfluxDBService - Extracted tagkey -> location: class_a, kind: 왼쪽 뒤, data: co2
Value into InfluxDB: 1162.0
2025-04-23 13:27:42 [MQTT Call: ygw] INFO  com.example.mqtt.MessageData - Data sent to InfluxDBService: data/s/nhnacademy/b/gyeongnam_campus/p/class_a/d/24e124126d152969/n/왼쪽 뒤/e/co2 -> 1162.0
2025-04-23 13:27:42 [MQTT Call: ygw] INFO  com.example.mqtt.MessageData - Topic: data/s/nhnacademy/b/gyeongnam_campus/p/class_a/d/24e124126d152969/n/왼쪽 뒤/e/pressure
Message Data:
time: 1745382462476
value: 1004.9

2025-04-23 13:27:42 [MQTT Call: ygw] INFO  com.example.mqtt.InfluxDBService - Extracted tagkey -> location: class_a, kind: 왼쪽 뒤, data: pressure
Value into InfluxDB: 1004.9
2025-04-23 13:27:42 [MQTT Call: ygw] INFO  com.example.mqtt.MessageData - Data sent to InfluxDBService: data/s/nhnacademy/b/gyeongnam_campus/p/class_a/d/24e124126d152969/n/왼쪽 뒤/e/pressure -> 1004.9
2025-04-23 13:27:42 [MQTT Call: ygw] INFO  com.example.mqtt.MessageData - Topic: data/s/nhnacademy/b/gyeongnam_campus/p/class_a/d/24e124126d152969/n/왼쪽 뒤/e/temperature
Message Data:
time: 1745382462476
value: 23.6

2025-04-23 13:27:42 [MQTT Call: ygw] INFO  com.example.mqtt.InfluxDBService - Extracted tagkey -> location: class_a, kind: 왼쪽 뒤, data: temperature
Value into InfluxDB: 23.6
2025-04-23 13:27:42 [MQTT Call: ygw] INFO  com.example.mqtt.MessageData - Data sent to InfluxDBService: data/s/nhnacademy/b/gyeongnam_campus/p/class_a/d/24e124126d152969/n/왼쪽 뒤/e/temperature -> 23.6
2025-04-23 13:27:42 [MQTT Call: ygw] INFO  com.example.mqtt.MessageData - Topic: data/s/nhnacademy/b/gyeongnam_campus/p/class_a/d/24e124126d152969/n/왼쪽 뒤/e/humidity
Message Data:
time: 1745382462476
value: 51.5

2025-04-23 13:27:42 [MQTT Call: ygw] INFO  com.example.mqtt.InfluxDBService - Extracted tagkey -> location: class_a, kind: 왼쪽 뒤, data: humidity
Value into InfluxDB: 51.5
2025-04-23 13:27:42 [MQTT Call: ygw] INFO  com.example.mqtt.MessageData - Data sent to InfluxDBService: data/s/nhnacademy/b/gyeongnam_campus/p/class_a/d/24e124126d152969/n/왼쪽 뒤/e/humidity -> 51.5
2025-04-23 13:27:42 [MQTT Call: ygw] INFO  com.example.mqtt.MessageData - Topic: data/s/nhnacademy/b/gyeongnam_campus/p/class_a/d/24e124126d152969/n/왼쪽 뒤/g/24e124fffef79304/e/lora
Message Data:
time: 1745382462476
value: 

2025-04-23 13:27:42 [MQTT Call: ygw] INFO  com.example.mqtt.InfluxDBService - Extracted tagkey -> location: class_a, kind: 왼쪽 뒤, data: lora
Value into InfluxDB: 0.0
2025-04-23 13:27:42 [MQTT Call: ygw] INFO  com.example.mqtt.MessageData - Data sent to InfluxDBService: data/s/nhnacademy/b/gyeongnam_campus/p/class_a/d/24e124126d152969/n/왼쪽 뒤/g/24e124fffef79304/e/lora -> 0.0
2025-04-23 13:27:42 [MQTT Call: ygw] INFO  com.example.mqtt.MessageData - Topic: data/s/nhnacademy/b/gyeongnam_campus/p/class_a/d/24e124126d152969/n/왼쪽 뒤/g/24e124fffef5dccc/e/lora
Message Data:
time: 1745382462476
value: 

2025-04-23 13:27:42 [MQTT Call: ygw] INFO  com.example.mqtt.InfluxDBService - Extracted tagkey -> location: class_a, kind: 왼쪽 뒤, data: lora
Value into InfluxDB: 0.0
2025-04-23 13:27:42 [MQTT Call: ygw] INFO  com.example.mqtt.MessageData - Data sent to InfluxDBService: data/s/nhnacademy/b/gyeongnam_campus/p/class_a/d/24e124126d152969/n/왼쪽 뒤/g/24e124fffef5dccc/e/lora -> 0.0
2025-04-23 13:27:43 [MQTT Call: ygw] INFO  com.example.mqtt.MessageData - Topic: data/s/nhnacademy/b/gyeongnam_campus/p/storage/d/24e124136d151547/n/입구/e/battery
Message Data:
time: 1745382462825
value: 1

2025-04-23 13:27:43 [MQTT Call: ygw] INFO  com.example.mqtt.InfluxDBService - Extracted tagkey -> location: storage, kind: 입구, data: battery
Value into InfluxDB: 1.0
2025-04-23 13:27:43 [MQTT Call: ygw] INFO  com.example.mqtt.MessageData - Data sent to InfluxDBService: data/s/nhnacademy/b/gyeongnam_campus/p/storage/d/24e124136d151547/n/입구/e/battery -> 1.0
2025-04-23 13:27:43 [MQTT Call: ygw] INFO  com.example.mqtt.MessageData - Topic: data/s/nhnacademy/b/gyeongnam_campus/p/storage/d/24e124136d151547/n/입구/e/temperature
Message Data:
time: 1745382462825
value: -0.1

2025-04-23 13:27:43 [MQTT Call: ygw] INFO  com.example.mqtt.InfluxDBService - Extracted tagkey -> location: storage, kind: 입구, data: temperature
Value into InfluxDB: -0.1
2025-04-23 13:27:43 [MQTT Call: ygw] INFO  com.example.mqtt.MessageData - Data sent to InfluxDBService: data/s/nhnacademy/b/gyeongnam_campus/p/storage/d/24e124136d151547/n/입구/e/temperature -> -0.1
2025-04-23 13:27:43 [MQTT Call: ygw] INFO  com.example.mqtt.MessageData - Topic: data/s/nhnacademy/b/gyeongnam_campus/p/storage/d/24e124136d151547/n/입구/e/humidity
Message Data:
time: 1745382462825
value: 127.5

2025-04-23 13:27:43 [MQTT Call: ygw] INFO  com.example.mqtt.InfluxDBService - Extracted tagkey -> location: storage, kind: 입구, data: humidity
Value into InfluxDB: 127.5
2025-04-23 13:27:43 [MQTT Call: ygw] INFO  com.example.mqtt.MessageData - Data sent to InfluxDBService: data/s/nhnacademy/b/gyeongnam_campus/p/storage/d/24e124136d151547/n/입구/e/humidity -> 127.5
2025-04-23 13:27:43 [MQTT Call: ygw] INFO  com.example.mqtt.MessageData - Topic: data/s/nhnacademy/b/gyeongnam_campus/p/storage/d/24e124136d151547/n/입구/g/24e124fffef5dccc/e/lora
Message Data:
time: 1745382462825
value: 

2025-04-23 13:27:43 [MQTT Call: ygw] INFO  com.example.mqtt.InfluxDBService - Extracted tagkey -> location: storage, kind: 입구, data: lora
Value into InfluxDB: 0.0
2025-04-23 13:27:43 [MQTT Call: ygw] INFO  com.example.mqtt.MessageData - Data sent to InfluxDBService: data/s/nhnacademy/b/gyeongnam_campus/p/storage/d/24e124136d151547/n/입구/g/24e124fffef5dccc/e/lora -> 0.0
2025-04-23 13:27:43 [MQTT Call: ygw] INFO  com.example.mqtt.MessageData - Topic: data/s/nhnacademy/b/gyeongnam_campus/p/storage/d/24e124136d151547/n/입구/g/24e124fffef79304/e/lora
Message Data:
time: 1745382462825
value: 

2025-04-23 13:27:43 [MQTT Call: ygw] INFO  com.example.mqtt.InfluxDBService - Extracted tagkey -> location: storage, kind: 입구, data: lora
Value into InfluxDB: 0.0
2025-04-23 13:27:43 [MQTT Call: ygw] INFO  com.example.mqtt.MessageData - Data sent to InfluxDBService: data/s/nhnacademy/b/gyeongnam_campus/p/storage/d/24e124136d151547/n/입구/g/24e124fffef79304/e/lora -> 0.0
2025-04-23 13:27:43 [MQTT Call: ygw] INFO  com.example.mqtt.MessageData - Topic: data/s/nhnacademy/b/gyeongnam_campus/p/hive/d/24e124126d111937/sp/farm/n/스마트팜/e/illumination
Message Data:
time: 1745382462864
value: 320

2025-04-23 13:27:43 [MQTT Call: ygw] INFO  com.example.mqtt.InfluxDBService - Extracted tagkey -> location: hive, kind: 스마트팜, data: illumination
Value into InfluxDB: 320.0
2025-04-23 13:27:43 [MQTT Call: ygw] INFO  com.example.mqtt.MessageData - Data sent to InfluxDBService: data/s/nhnacademy/b/gyeongnam_campus/p/hive/d/24e124126d111937/sp/farm/n/스마트팜/e/illumination -> 320.0
2025-04-23 13:27:43 [MQTT Call: ygw] INFO  com.example.mqtt.MessageData - Topic: data/s/nhnacademy/b/gyeongnam_campus/p/hive/d/24e124126d111937/sp/farm/n/스마트팜/g/24e124fffef5dccc/e/lora
Message Data:
time: 1745382462864
value: 

2025-04-23 13:27:43 [MQTT Call: ygw] INFO  com.example.mqtt.InfluxDBService - Extracted tagkey -> location: hive, kind: 스마트팜, data: lora
Value into InfluxDB: 0.0
2025-04-23 13:27:43 [MQTT Call: ygw] INFO  com.example.mqtt.MessageData - Data sent to InfluxDBService: data/s/nhnacademy/b/gyeongnam_campus/p/hive/d/24e124126d111937/sp/farm/n/스마트팜/g/24e124fffef5dccc/e/lora -> 0.0
2025-04-23 13:27:43 [MQTT Call: ygw] INFO  com.example.mqtt.MessageData - Topic: data/s/nhnacademy/b/gyeongnam_campus/p/hive/d/24e124126d111937/sp/farm/n/스마트팜/g/24e124fffef79304/e/lora
Message Data:
time: 1745382462864
value: 

2025-04-23 13:27:43 [MQTT Call: ygw] INFO  com.example.mqtt.InfluxDBService - Extracted tagkey -> location: hive, kind: 스마트팜, data: lora
Value into InfluxDB: 0.0
2025-04-23 13:27:43 [MQTT Call: ygw] INFO  com.example.mqtt.MessageData - Data sent to InfluxDBService: data/s/nhnacademy/b/gyeongnam_campus/p/hive/d/24e124126d111937/sp/farm/n/스마트팜/g/24e124fffef79304/e/lora -> 0.0
2025-04-23 13:27:46 [MQTT Call: ygw] INFO  com.example.mqtt.MessageData - Topic: data/s/nhnacademy/b/gyeongnam_campus/p/pair_room/d/24e124617d159573/n/2/e/battery
Message Data:
time: 1745382464058
value: 32

2025-04-23 13:27:46 [MQTT Call: ygw] INFO  com.example.mqtt.InfluxDBService - Extracted tagkey -> location: pair_room, kind: 2, data: battery
Value into InfluxDB: 32.0
2025-04-23 13:27:46 [MQTT Call: ygw] INFO  com.example.mqtt.MessageData - Data sent to InfluxDBService: data/s/nhnacademy/b/gyeongnam_campus/p/pair_room/d/24e124617d159573/n/2/e/battery -> 32.0
2025-04-23 13:27:46 [MQTT Call: ygw] INFO  com.example.mqtt.MessageData - Topic: data/s/nhnacademy/b/gyeongnam_campus/p/pair_room/d/24e124617d159573/n/2/e/distance
Message Data:
time: 1745382464058
value: 2234

2025-04-23 13:27:46 [MQTT Call: ygw] INFO  com.example.mqtt.InfluxDBService - Extracted tagkey -> location: pair_room, kind: 2, data: distance
Value into InfluxDB: 2234.0
2025-04-23 13:27:46 [MQTT Call: ygw] INFO  com.example.mqtt.MessageData - Data sent to InfluxDBService: data/s/nhnacademy/b/gyeongnam_campus/p/pair_room/d/24e124617d159573/n/2/e/distance -> 2234.0
2025-04-23 13:27:46 [MQTT Call: ygw] INFO  com.example.mqtt.MessageData - Topic: data/s/nhnacademy/b/gyeongnam_campus/p/pair_room/d/24e124617d159573/n/2/e/occupancy
Message Data:
time: 1745382464058
value: 0

2025-04-23 13:27:46 [MQTT Call: ygw] INFO  com.example.mqtt.InfluxDBService - Extracted tagkey -> location: pair_room, kind: 2, data: occupancy
Value into InfluxDB: 0.0
2025-04-23 13:27:46 [MQTT Call: ygw] INFO  com.example.mqtt.MessageData - Data sent to InfluxDBService: data/s/nhnacademy/b/gyeongnam_campus/p/pair_room/d/24e124617d159573/n/2/e/occupancy -> 0.0
2025-04-23 13:27:46 [MQTT Call: ygw] INFO  com.example.mqtt.MessageData - Topic: data/s/nhnacademy/b/gyeongnam_campus/p/pair_room/d/24e124617d159573/n/2/g/24e124fffef79304/e/lora
Message Data:
time: 1745382464058
value: 

2025-04-23 13:27:46 [MQTT Call: ygw] INFO  com.example.mqtt.InfluxDBService - Extracted tagkey -> location: pair_room, kind: 2, data: lora
Value into InfluxDB: 0.0
2025-04-23 13:27:46 [MQTT Call: ygw] INFO  com.example.mqtt.MessageData - Data sent to InfluxDBService: data/s/nhnacademy/b/gyeongnam_campus/p/pair_room/d/24e124617d159573/n/2/g/24e124fffef79304/e/lora -> 0.0
2025-04-23 13:27:50 [MQTT Call: ygw] INFO  com.example.mqtt.MessageData - Topic: data/s/nhnacademy/b/gyeongnam_campus/p/campus/d/gem3500_1/n/캠퍼스_LL/e/voltage
Message Data:
time: 1745382470235
value: 380.26

2025-04-23 13:27:50 [MQTT Call: ygw] INFO  com.example.mqtt.InfluxDBService - Extracted tagkey -> location: campus, kind: 캠퍼스_LL, data: voltage
Value into InfluxDB: 380.26
2025-04-23 13:27:50 [MQTT Call: ygw] INFO  com.example.mqtt.MessageData - Data sent to InfluxDBService: data/s/nhnacademy/b/gyeongnam_campus/p/campus/d/gem3500_1/n/캠퍼스_LL/e/voltage -> 380.26
2025-04-23 13:27:51 [MQTT Call: ygw] INFO  com.example.mqtt.MessageData - Topic: data/s/nhnacademy/b/gyeongnam_campus/p/campus/d/gem3500_1/n/캠퍼스_LN/e/voltage
Message Data:
time: 1745382470235
value: 219.54

2025-04-23 13:27:51 [MQTT Call: ygw] INFO  com.example.mqtt.InfluxDBService - Extracted tagkey -> location: campus, kind: 캠퍼스_LN, data: voltage
Value into InfluxDB: 219.54
2025-04-23 13:27:51 [MQTT Call: ygw] INFO  com.example.mqtt.MessageData - Data sent to InfluxDBService: data/s/nhnacademy/b/gyeongnam_campus/p/campus/d/gem3500_1/n/캠퍼스_LN/e/voltage -> 219.54
2025-04-23 13:27:51 [MQTT Call: ygw] INFO  com.example.mqtt.MessageData - Topic: data/s/nhnacademy/b/gyeongnam_campus/p/campus/d/gem3500_1/n/캠퍼스1/e/power_meter
Message Data:
time: 1745382470338
type: 5
leakageCurrent: 0
current: 2772
activePower: 5165
reactivePower: -1904
tapparentPower: 6111
powerFactor: 84.51
currentUnbalance: 53.46
lines: 

2025-04-23 13:27:51 [MQTT Call: ygw] WARN  com.example.mqtt.MessageData - No 'value' field found in message, skipping InfluxDB write.
2025-04-23 13:27:51 [MQTT Call: ygw] INFO  com.example.mqtt.MessageData - Topic: data/s/nhnacademy/b/gyeongnam_campus/p/campus/d/gem3500_1/n/전등1/e/power_meter
Message Data:
time: 1745382470438
type: 3
leakageCurrent: 0
current: 698
activePower: 1308
reactivePower: -329
tapparentPower: 1532
powerFactor: 85.42
currentUnbalance: 0
lines: 

2025-04-23 13:27:51 [MQTT Call: ygw] WARN  com.example.mqtt.MessageData - No 'value' field found in message, skipping InfluxDB write.
2025-04-23 13:27:51 [MQTT Call: ygw] INFO  com.example.mqtt.MessageData - Topic: data/s/nhnacademy/b/gyeongnam_campus/p/campus/d/gem3500_1/n/전등2/e/power_meter
Message Data:
time: 1745382470541
type: 1
leakageCurrent: 0
current: 660
activePower: 1340
reactivePower: -333
tapparentPower: 1455
powerFactor: 92.07
currentUnbalance: 0
lines: 

2025-04-23 13:27:51 [MQTT Call: ygw] WARN  com.example.mqtt.MessageData - No 'value' field found in message, skipping InfluxDB write.
2025-04-23 13:27:51 [MQTT Call: ygw] INFO  com.example.mqtt.MessageData - Topic: data/s/nhnacademy/b/gyeongnam_campus/p/campus/d/gem3500_1/n/전등3/e/power_meter
Message Data:
time: 1745382470642
type: 2
leakageCurrent: 0
current: 0
activePower: 0
reactivePower: 0
tapparentPower: 0
powerFactor: 0
currentUnbalance: 0
lines: 

2025-04-23 13:27:51 [MQTT Call: ygw] WARN  com.example.mqtt.MessageData - No 'value' field found in message, skipping InfluxDB write.
2025-04-23 13:27:51 [MQTT Call: ygw] INFO  com.example.mqtt.MessageData - Topic: data/s/nhnacademy/b/gyeongnam_campus/p/campus/d/gem3500_1/n/강의실b_바닥/e/power_meter
Message Data:
time: 1745382470744
type: 3
leakageCurrent: 0
current: 245
activePower: 413
reactivePower: -244
tapparentPower: 535
powerFactor: 77.13
currentUnbalance: 0
lines: 

2025-04-23 13:27:51 [MQTT Call: ygw] WARN  com.example.mqtt.MessageData - No 'value' field found in message, skipping InfluxDB write.
2025-04-23 13:27:51 [MQTT Call: ygw] INFO  com.example.mqtt.MessageData - Topic: data/s/nhnacademy/b/gyeongnam_campus/p/campus/d/gem3500_1/n/강의실a_바닥1/e/power_meter
Message Data:
time: 1745382470846
type: 1
leakageCurrent: 0
current: 289
activePower: 470
reactivePower: -345
tapparentPower: 626
powerFactor: 75.09
currentUnbalance: 0
lines: 

2025-04-23 13:27:51 [MQTT Call: ygw] WARN  com.example.mqtt.MessageData - No 'value' field found in message, skipping InfluxDB write.
2025-04-23 13:27:51 [MQTT Call: ygw] INFO  com.example.mqtt.MessageData - Topic: data/s/nhnacademy/b/gyeongnam_campus/p/campus/d/gem3500_1/n/강의실a_바닥2/e/power_meter
Message Data:
time: 1745382470948
type: 2
leakageCurrent: 0
current: 199
activePower: 369
reactivePower: -192
tapparentPower: 449
powerFactor: 82.35
currentUnbalance: 0
lines: 

2025-04-23 13:27:51 [MQTT Call: ygw] WARN  com.example.mqtt.MessageData - No 'value' field found in message, skipping InfluxDB write.
2025-04-23 13:27:51 [MQTT Call: ygw] INFO  com.example.mqtt.MessageData - Topic: data/s/nhnacademy/b/gyeongnam_campus/p/campus/d/gem3500_1/n/프로젝터1/e/power_meter
Message Data:
time: 1745382471048
type: 3
leakageCurrent: 0
current: 101
activePower: 132
reactivePower: -153
tapparentPower: 220
powerFactor: 59.78
currentUnbalance: 0
lines: 

2025-04-23 13:27:51 [MQTT Call: ygw] WARN  com.example.mqtt.MessageData - No 'value' field found in message, skipping InfluxDB write.
2025-04-23 13:27:51 [MQTT Call: ygw] INFO  com.example.mqtt.MessageData - Topic: data/s/nhnacademy/b/gyeongnam_campus/p/campus/d/gem3500_1/n/프로젝터2/e/power_meter
Message Data:
time: 1745382471150
type: 1
leakageCurrent: 0
current: 39
activePower: 45
reactivePower: -69
tapparentPower: 88
powerFactor: 51.35
currentUnbalance: 0
lines: 

2025-04-23 13:27:51 [MQTT Call: ygw] WARN  com.example.mqtt.MessageData - No 'value' field found in message, skipping InfluxDB write.
2025-04-23 13:27:51 [MQTT Call: ygw] INFO  com.example.mqtt.MessageData - Topic: data/s/nhnacademy/b/gyeongnam_campus/p/campus/d/gem3500_1/n/회의실/e/power_meter
Message Data:
time: 1745382471251
type: 2
leakageCurrent: 0
current: 13
activePower: 4
reactivePower: -28
tapparentPower: 31
powerFactor: 15.38
currentUnbalance: 0
lines: 

2025-04-23 13:27:51 [MQTT Call: ygw] WARN  com.example.mqtt.MessageData - No 'value' field found in message, skipping InfluxDB write.
2025-04-23 13:27:51 [MQTT Call: ygw] INFO  com.example.mqtt.MessageData - Topic: data/s/nhnacademy/b/gyeongnam_campus/p/campus/d/gem3500_1/n/서버실/e/power_meter
Message Data:
time: 1745382471353
type: 3
leakageCurrent: 0
current: 197
activePower: 396
reactivePower: -112
tapparentPower: 439
powerFactor: 90.16
currentUnbalance: 0
lines: 

2025-04-23 13:27:51 [MQTT Call: ygw] WARN  com.example.mqtt.MessageData - No 'value' field found in message, skipping InfluxDB write.
2025-04-23 13:27:51 [MQTT Call: ygw] INFO  com.example.mqtt.MessageData - Topic: data/s/nhnacademy/b/gyeongnam_campus/p/campus/d/gem3500_1/n/간판/e/power_meter
Message Data:
time: 1745382471455
type: 1
leakageCurrent: 0
current: 0
activePower: 0
reactivePower: 0
tapparentPower: 0
powerFactor: 0
currentUnbalance: 0
lines: 

2025-04-23 13:27:51 [MQTT Call: ygw] WARN  com.example.mqtt.MessageData - No 'value' field found in message, skipping InfluxDB write.
2025-04-23 13:27:51 [MQTT Call: ygw] INFO  com.example.mqtt.MessageData - Topic: data/s/nhnacademy/b/gyeongnam_campus/p/campus/d/gem3500_1/n/페어룸/e/power_meter
Message Data:
time: 1745382471556
type: 2
leakageCurrent: 0
current: 0
activePower: 0
reactivePower: 0
tapparentPower: 0
powerFactor: 0
currentUnbalance: 0
lines: 

2025-04-23 13:27:51 [MQTT Call: ygw] WARN  com.example.mqtt.MessageData - No 'value' field found in message, skipping InfluxDB write.
2025-04-23 13:27:51 [MQTT Call: ygw] INFO  com.example.mqtt.MessageData - Topic: data/s/nhnacademy/b/gyeongnam_campus/p/campus/d/gem3500_1/n/사무실_전열1/e/power_meter
Message Data:
time: 1745382471657
type: 3
leakageCurrent: 0
current: 83
activePower: 110
reactivePower: -57
tapparentPower: 187
powerFactor: 58.97
currentUnbalance: 0
lines: 

2025-04-23 13:27:51 [MQTT Call: ygw] WARN  com.example.mqtt.MessageData - No 'value' field found in message, skipping InfluxDB write.
2025-04-23 13:27:51 [MQTT Call: ygw] INFO  com.example.mqtt.MessageData - Topic: data/s/nhnacademy/b/gyeongnam_campus/p/campus/d/gem3500_1/n/사무실_전열2/e/power_meter
Message Data:
time: 1745382471759
type: 3
leakageCurrent: 0
current: 87
activePower: 98
reactivePower: -60
tapparentPower: 189
powerFactor: 51.89
currentUnbalance: 0
lines: 

2025-04-23 13:27:51 [MQTT Call: ygw] WARN  com.example.mqtt.MessageData - No 'value' field found in message, skipping InfluxDB write.
2025-04-23 13:27:51 [MQTT Call: ygw] INFO  com.example.mqtt.MessageData - Topic: data/s/nhnacademy/b/gyeongnam_campus/p/campus/d/gem3500_1/n/사무실_복사기/e/power_meter
Message Data:
time: 1745382471858
type: 1
leakageCurrent: 0
current: 7
activePower: 7
reactivePower: 0
tapparentPower: 16
powerFactor: 42.85
currentUnbalance: 0
lines: 

2025-04-23 13:27:51 [MQTT Call: ygw] WARN  com.example.mqtt.MessageData - No 'value' field found in message, skipping InfluxDB write.
2025-04-23 13:27:51 [MQTT Call: ygw] INFO  com.example.mqtt.MessageData - Topic: data/s/nhnacademy/b/gyeongnam_campus/p/campus/d/gem3500_1/n/빌트인_전열/e/power_meter
Message Data:
time: 1745382471959
type: 2
leakageCurrent: 0
current: 5
activePower: 2
reactivePower: -7
tapparentPower: 14
powerFactor: 16.66
currentUnbalance: 0
lines: 

2025-04-23 13:27:51 [MQTT Call: ygw] WARN  com.example.mqtt.MessageData - No 'value' field found in message, skipping InfluxDB write.
2025-04-23 13:27:52 [MQTT Call: ygw] INFO  com.example.mqtt.MessageData - Topic: data/s/nhnacademy/b/gyeongnam_campus/p/campus/d/gem3500_1/n/사무실_전열3/e/power_meter
Message Data:
time: 1745382472060
type: 3
leakageCurrent: 0
current: 0
activePower: 0
reactivePower: 0
tapparentPower: 0
powerFactor: 0
currentUnbalance: 0
lines: 

2025-04-23 13:27:52 [MQTT Call: ygw] WARN  com.example.mqtt.MessageData - No 'value' field found in message, skipping InfluxDB write.
2025-04-23 13:27:52 [MQTT Call: ygw] INFO  com.example.mqtt.MessageData - Topic: data/s/nhnacademy/b/gyeongnam_campus/p/campus/d/gem3500_1/n/정수기/e/power_meter
Message Data:
time: 1745382472163
type: 1
leakageCurrent: 0
current: 70
activePower: 96
reactivePower: 122
tapparentPower: 153
powerFactor: 62.5
currentUnbalance: 0
lines: 

2025-04-23 13:27:52 [MQTT Call: ygw] WARN  com.example.mqtt.MessageData - No 'value' field found in message, skipping InfluxDB write.
2025-04-23 13:27:52 [MQTT Call: ygw] INFO  com.example.mqtt.MessageData - Topic: data/s/nhnacademy/b/gyeongnam_campus/p/campus/d/gem3500_1/n/하이브_전열/e/power_meter
Message Data:
time: 1745382472265
type: 2
leakageCurrent: 0
current: 65
activePower: 124
reactivePower: -45
tapparentPower: 144
powerFactor: 86.66
currentUnbalance: 0
lines: 

2025-04-23 13:27:52 [MQTT Call: ygw] WARN  com.example.mqtt.MessageData - No 'value' field found in message, skipping InfluxDB write.
2025-04-23 13:27:52 [MQTT Call: ygw] INFO  com.example.mqtt.MessageData - Topic: data/s/nhnacademy/b/gyeongnam_campus/p/campus/d/gem3500_1/n/바텐_전열/e/power_meter
Message Data:
time: 1745382472364
type: 3
leakageCurrent: 0
current: 0
activePower: 0
reactivePower: 0
tapparentPower: 0
powerFactor: 0
currentUnbalance: 0
lines: 

2025-04-23 13:27:52 [MQTT Call: ygw] WARN  com.example.mqtt.MessageData - No 'value' field found in message, skipping InfluxDB write.
2025-04-23 13:27:52 [MQTT Call: ygw] INFO  com.example.mqtt.MessageData - Topic: data/s/nhnacademy/b/gyeongnam_campus/p/campus/d/gem3500_1/n/S_P/e/power_meter
Message Data:
time: 1745382472465
type: 1
leakageCurrent: 0
current: 0
activePower: 0
reactivePower: 0
tapparentPower: 0
powerFactor: 0
currentUnbalance: 0
lines: 

2025-04-23 13:27:52 [MQTT Call: ygw] WARN  com.example.mqtt.MessageData - No 'value' field found in message, skipping InfluxDB write.
2025-04-23 13:27:52 [MQTT Call: ygw] INFO  com.example.mqtt.MessageData - Topic: data/s/nhnacademy/b/gyeongnam_campus/p/campus/d/gem3500_1/n/공조기/e/power_meter
Message Data:
time: 1745382472568
type: 2
leakageCurrent: 0
current: 198
activePower: 225
reactivePower: -21
tapparentPower: 434
powerFactor: 51.93
currentUnbalance: 0
lines: 

2025-04-23 13:27:52 [MQTT Call: ygw] WARN  com.example.mqtt.MessageData - No 'value' field found in message, skipping InfluxDB write.
2025-04-23 13:27:53 [MQTT Call: ygw] INFO  com.example.mqtt.MessageData - Topic: data/s/nhnacademy/b/gyeongnam_campus/p/campus/d/gem3500_1/n/AC/e/power_meter
Message Data:
time: 1745382472668
type: 3
leakageCurrent: 0
current: 18
activePower: 16
reactivePower: -24
tapparentPower: 40
powerFactor: 41.17
currentUnbalance: 0
lines: 

2025-04-23 13:27:53 [MQTT Call: ygw] WARN  com.example.mqtt.MessageData - No 'value' field found in message, skipping InfluxDB write.
2025-04-23 13:28:07 [MQTT Call: ygw] INFO  com.example.mqtt.MessageData - Topic: data/s/nhnacademy/b/gyeongnam_campus/p/meeting_room/d/24e124600d186154/n/TV 위/g/24e124fffef5dccc/e/lora
Message Data:
time: 1745382487055
value: 

2025-04-23 13:28:07 [MQTT Call: ygw] INFO  com.example.mqtt.InfluxDBService - Extracted tagkey -> location: meeting_room, kind: TV 위, data: lora
Value into InfluxDB: 0.0
2025-04-23 13:28:07 [MQTT Call: ygw] INFO  com.example.mqtt.MessageData - Data sent to InfluxDBService: data/s/nhnacademy/b/gyeongnam_campus/p/meeting_room/d/24e124600d186154/n/TV 위/g/24e124fffef5dccc/e/lora -> 0.0
2025-04-23 13:28:07 [MQTT Call: ygw] INFO  com.example.mqtt.MessageData - Topic: data/s/nhnacademy/b/gyeongnam_campus/p/meeting_room/d/24e124600d186154/n/TV 위/g/24e124fffef79304/e/lora
Message Data:
time: 1745382487055
value: 

2025-04-23 13:28:07 [MQTT Call: ygw] INFO  com.example.mqtt.InfluxDBService - Extracted tagkey -> location: meeting_room, kind: TV 위, data: lora
Value into InfluxDB: 0.0
2025-04-23 13:28:07 [MQTT Call: ygw] INFO  com.example.mqtt.MessageData - Data sent to InfluxDBService: data/s/nhnacademy/b/gyeongnam_campus/p/meeting_room/d/24e124600d186154/n/TV 위/g/24e124fffef79304/e/lora -> 0.0
2025-04-23 13:28:10 [MQTT Call: ygw] INFO  com.example.mqtt.MessageData - Topic: data/s/nhnacademy/b/gyeongnam_campus/p/hive/d/24e124725d081175/sp/8인 책상/n/8인 책상/e/humidity
Message Data:
time: 1745382490182
value: 43

2025-04-23 13:28:10 [MQTT Call: ygw] INFO  com.example.mqtt.InfluxDBService - Extracted tagkey -> location: hive, kind: 8인 책상, data: humidity
Value into InfluxDB: 43.0
2025-04-23 13:28:10 [MQTT Call: ygw] INFO  com.example.mqtt.MessageData - Data sent to InfluxDBService: data/s/nhnacademy/b/gyeongnam_campus/p/hive/d/24e124725d081175/sp/8인 책상/n/8인 책상/e/humidity -> 43.0
2025-04-23 13:28:10 [MQTT Call: ygw] INFO  com.example.mqtt.MessageData - Topic: data/s/nhnacademy/b/gyeongnam_campus/p/hive/d/24e124725d081175/sp/8인 책상/n/8인 책상/e/co2
Message Data:
time: 1745382490182
value: 524

2025-04-23 13:28:10 [MQTT Call: ygw] INFO  com.example.mqtt.InfluxDBService - Extracted tagkey -> location: hive, kind: 8인 책상, data: co2
Value into InfluxDB: 524.0
2025-04-23 13:28:10 [MQTT Call: ygw] INFO  com.example.mqtt.MessageData - Data sent to InfluxDBService: data/s/nhnacademy/b/gyeongnam_campus/p/hive/d/24e124725d081175/sp/8인 책상/n/8인 책상/e/co2 -> 524.0
2025-04-23 13:28:10 [MQTT Call: ygw] INFO  com.example.mqtt.MessageData - Topic: data/s/nhnacademy/b/gyeongnam_campus/p/hive/d/24e124725d081175/sp/8인 책상/n/8인 책상/e/temperature
Message Data:
time: 1745382490182
value: 23.8

2025-04-23 13:28:10 [MQTT Call: ygw] INFO  com.example.mqtt.InfluxDBService - Extracted tagkey -> location: hive, kind: 8인 책상, data: temperature
Value into InfluxDB: 23.8
2025-04-23 13:28:10 [MQTT Call: ygw] INFO  com.example.mqtt.MessageData - Data sent to InfluxDBService: data/s/nhnacademy/b/gyeongnam_campus/p/hive/d/24e124725d081175/sp/8인 책상/n/8인 책상/e/temperature -> 23.8
2025-04-23 13:28:10 [MQTT Call: ygw] INFO  com.example.mqtt.MessageData - Topic: data/s/nhnacademy/b/gyeongnam_campus/p/hive/d/24e124725d081175/sp/8인 책상/n/8인 책상/e/battery
Message Data:
time: 1745382490182
value: 76

2025-04-23 13:28:10 [MQTT Call: ygw] INFO  com.example.mqtt.InfluxDBService - Extracted tagkey -> location: hive, kind: 8인 책상, data: battery
Value into InfluxDB: 76.0
2025-04-23 13:28:10 [MQTT Call: ygw] INFO  com.example.mqtt.MessageData - Data sent to InfluxDBService: data/s/nhnacademy/b/gyeongnam_campus/p/hive/d/24e124725d081175/sp/8인 책상/n/8인 책상/e/battery -> 76.0
2025-04-23 13:28:10 [MQTT Call: ygw] INFO  com.example.mqtt.MessageData - Topic: data/s/nhnacademy/b/gyeongnam_campus/p/hive/d/24e124725d081175/sp/8인 책상/n/8인 책상/g/24e124fffef79304/e/lora
Message Data:
time: 1745382490182
value: 

2025-04-23 13:28:10 [MQTT Call: ygw] INFO  com.example.mqtt.InfluxDBService - Extracted tagkey -> location: hive, kind: 8인 책상, data: lora
Value into InfluxDB: 0.0
2025-04-23 13:28:10 [MQTT Call: ygw] INFO  com.example.mqtt.MessageData - Data sent to InfluxDBService: data/s/nhnacademy/b/gyeongnam_campus/p/hive/d/24e124725d081175/sp/8인 책상/n/8인 책상/g/24e124fffef79304/e/lora -> 0.0
2025-04-23 13:28:10 [MQTT Call: ygw] INFO  com.example.mqtt.MessageData - Topic: data/s/nhnacademy/b/gyeongnam_campus/p/hive/d/24e124725d081175/sp/8인 책상/n/8인 책상/g/24e124fffef5dccc/e/lora
Message Data:
time: 1745382490182
value: 

2025-04-23 13:28:10 [MQTT Call: ygw] INFO  com.example.mqtt.InfluxDBService - Extracted tagkey -> location: hive, kind: 8인 책상, data: lora
Value into InfluxDB: 0.0
2025-04-23 13:28:10 [MQTT Call: ygw] INFO  com.example.mqtt.MessageData - Data sent to InfluxDBService: data/s/nhnacademy/b/gyeongnam_campus/p/hive/d/24e124725d081175/sp/8인 책상/n/8인 책상/g/24e124fffef5dccc/e/lora -> 0.0
2025-04-23 13:28:10 [MQTT Call: ygw] INFO  com.example.mqtt.MessageData - Topic: data/s/nhnacademy/b/gyeongnam_campus/p/hive/d/24e124785c389010/n/정수기 위/e/temperature
Message Data:
time: 1745382490230
value: 23.3

2025-04-23 13:28:10 [MQTT Call: ygw] INFO  com.example.mqtt.InfluxDBService - Extracted tagkey -> location: hive, kind: 정수기 위, data: temperature
Value into InfluxDB: 23.3
2025-04-23 13:28:10 [MQTT Call: ygw] INFO  com.example.mqtt.MessageData - Data sent to InfluxDBService: data/s/nhnacademy/b/gyeongnam_campus/p/hive/d/24e124785c389010/n/정수기 위/e/temperature -> 23.3
2025-04-23 13:28:10 [MQTT Call: ygw] INFO  com.example.mqtt.MessageData - Topic: data/s/nhnacademy/b/gyeongnam_campus/p/hive/d/24e124785c389010/n/정수기 위/e/humidity
Message Data:
time: 1745382490230
value: 44

2025-04-23 13:28:10 [MQTT Call: ygw] INFO  com.example.mqtt.InfluxDBService - Extracted tagkey -> location: hive, kind: 정수기 위, data: humidity
Value into InfluxDB: 44.0
2025-04-23 13:28:10 [MQTT Call: ygw] INFO  com.example.mqtt.MessageData - Data sent to InfluxDBService: data/s/nhnacademy/b/gyeongnam_campus/p/hive/d/24e124785c389010/n/정수기 위/e/humidity -> 44.0
2025-04-23 13:28:10 [MQTT Call: ygw] INFO  com.example.mqtt.MessageData - Topic: data/s/nhnacademy/b/gyeongnam_campus/p/hive/d/24e124785c389010/n/정수기 위/e/battery
Message Data:
time: 1745382490230
value: 85

2025-04-23 13:28:10 [MQTT Call: ygw] INFO  com.example.mqtt.InfluxDBService - Extracted tagkey -> location: hive, kind: 정수기 위, data: battery
Value into InfluxDB: 85.0
2025-04-23 13:28:10 [MQTT Call: ygw] INFO  com.example.mqtt.MessageData - Data sent to InfluxDBService: data/s/nhnacademy/b/gyeongnam_campus/p/hive/d/24e124785c389010/n/정수기 위/e/battery -> 85.0
2025-04-23 13:28:10 [MQTT Call: ygw] INFO  com.example.mqtt.MessageData - Topic: data/s/nhnacademy/b/gyeongnam_campus/p/hive/d/24e124785c389010/n/정수기 위/g/24e124fffef5dccc/e/lora
Message Data:
time: 1745382490230
value: 

2025-04-23 13:28:10 [MQTT Call: ygw] INFO  com.example.mqtt.InfluxDBService - Extracted tagkey -> location: hive, kind: 정수기 위, data: lora
Value into InfluxDB: 0.0
2025-04-23 13:28:10 [MQTT Call: ygw] INFO  com.example.mqtt.MessageData - Data sent to InfluxDBService: data/s/nhnacademy/b/gyeongnam_campus/p/hive/d/24e124785c389010/n/정수기 위/g/24e124fffef5dccc/e/lora -> 0.0
2025-04-23 13:28:10 [MQTT Call: ygw] INFO  com.example.mqtt.MessageData - Topic: data/s/nhnacademy/b/gyeongnam_campus/p/hive/d/24e124785c389010/n/정수기 위/g/24e124fffef79304/e/lora
Message Data:
time: 1745382490230
value: 

2025-04-23 13:28:10 [MQTT Call: ygw] INFO  com.example.mqtt.InfluxDBService - Extracted tagkey -> location: hive, kind: 정수기 위, data: lora
Value into InfluxDB: 0.0
2025-04-23 13:28:10 [MQTT Call: ygw] INFO  com.example.mqtt.MessageData - Data sent to InfluxDBService: data/s/nhnacademy/b/gyeongnam_campus/p/hive/d/24e124785c389010/n/정수기 위/g/24e124fffef79304/e/lora -> 0.0
2025-04-23 13:28:18 [MQTT Call: ygw] INFO  com.example.mqtt.MessageData - Topic: data/s/nhnacademy/b/gyeongnam_campus/p/class_a/d/24e124128c067999/sp/입구/n/입구/e/co2
Message Data:
time: 1745382498606
value: 1052

2025-04-23 13:28:18 [MQTT Call: ygw] INFO  com.example.mqtt.InfluxDBService - Extracted tagkey -> location: class_a, kind: 입구, data: co2
Value into InfluxDB: 1052.0
2025-04-23 13:28:18 [MQTT Call: ygw] INFO  com.example.mqtt.MessageData - Data sent to InfluxDBService: data/s/nhnacademy/b/gyeongnam_campus/p/class_a/d/24e124128c067999/sp/입구/n/입구/e/co2 -> 1052.0
2025-04-23 13:28:18 [MQTT Call: ygw] INFO  com.example.mqtt.MessageData - Topic: data/s/nhnacademy/b/gyeongnam_campus/p/class_a/d/24e124128c067999/sp/입구/n/입구/e/infrared_and_visible
Message Data:
time: 1745382498606
value: 46

2025-04-23 13:28:18 [MQTT Call: ygw] INFO  com.example.mqtt.InfluxDBService - Extracted tagkey -> location: class_a, kind: 입구, data: infrared_and_visible
Value into InfluxDB: 46.0
2025-04-23 13:28:18 [MQTT Call: ygw] INFO  com.example.mqtt.MessageData - Data sent to InfluxDBService: data/s/nhnacademy/b/gyeongnam_campus/p/class_a/d/24e124128c067999/sp/입구/n/입구/e/infrared_and_visible -> 46.0
2025-04-23 13:28:18 [MQTT Call: ygw] INFO  com.example.mqtt.MessageData - Topic: data/s/nhnacademy/b/gyeongnam_campus/p/class_a/d/24e124128c067999/sp/입구/n/입구/e/illumination
Message Data:
time: 1745382498606
value: 67

2025-04-23 13:28:18 [MQTT Call: ygw] INFO  com.example.mqtt.InfluxDBService - Extracted tagkey -> location: class_a, kind: 입구, data: illumination
Value into InfluxDB: 67.0
2025-04-23 13:28:18 [MQTT Call: ygw] INFO  com.example.mqtt.MessageData - Data sent to InfluxDBService: data/s/nhnacademy/b/gyeongnam_campus/p/class_a/d/24e124128c067999/sp/입구/n/입구/e/illumination -> 67.0
2025-04-23 13:28:18 [MQTT Call: ygw] INFO  com.example.mqtt.MessageData - Topic: data/s/nhnacademy/b/gyeongnam_campus/p/class_a/d/24e124128c067999/sp/입구/n/입구/e/activity
Message Data:
time: 1745382498606
value: 12

2025-04-23 13:28:18 [MQTT Call: ygw] INFO  com.example.mqtt.InfluxDBService - Extracted tagkey -> location: class_a, kind: 입구, data: activity
Value into InfluxDB: 12.0
2025-04-23 13:28:18 [MQTT Call: ygw] INFO  com.example.mqtt.MessageData - Data sent to InfluxDBService: data/s/nhnacademy/b/gyeongnam_campus/p/class_a/d/24e124128c067999/sp/입구/n/입구/e/activity -> 12.0
2025-04-23 13:28:18 [MQTT Call: ygw] INFO  com.example.mqtt.MessageData - Topic: data/s/nhnacademy/b/gyeongnam_campus/p/class_a/d/24e124128c067999/sp/입구/n/입구/e/tvoc
Message Data:
time: 1745382498606
value: 303

2025-04-23 13:28:18 [MQTT Call: ygw] INFO  com.example.mqtt.InfluxDBService - Extracted tagkey -> location: class_a, kind: 입구, data: tvoc
Value into InfluxDB: 303.0
2025-04-23 13:28:18 [MQTT Call: ygw] INFO  com.example.mqtt.MessageData - Data sent to InfluxDBService: data/s/nhnacademy/b/gyeongnam_campus/p/class_a/d/24e124128c067999/sp/입구/n/입구/e/tvoc -> 303.0
2025-04-23 13:28:18 [MQTT Call: ygw] INFO  com.example.mqtt.MessageData - Topic: data/s/nhnacademy/b/gyeongnam_campus/p/class_a/d/24e124128c067999/sp/입구/n/입구/e/humidity
Message Data:
time: 1745382498606
value: 46.5

2025-04-23 13:28:18 [MQTT Call: ygw] INFO  com.example.mqtt.InfluxDBService - Extracted tagkey -> location: class_a, kind: 입구, data: humidity
Value into InfluxDB: 46.5
2025-04-23 13:28:18 [MQTT Call: ygw] INFO  com.example.mqtt.MessageData - Data sent to InfluxDBService: data/s/nhnacademy/b/gyeongnam_campus/p/class_a/d/24e124128c067999/sp/입구/n/입구/e/humidity -> 46.5
2025-04-23 13:28:18 [MQTT Call: ygw] INFO  com.example.mqtt.MessageData - Topic: data/s/nhnacademy/b/gyeongnam_campus/p/class_a/d/24e124128c067999/sp/입구/n/입구/e/infrared
Message Data:
time: 1745382498606
value: 7

2025-04-23 13:28:18 [MQTT Call: ygw] INFO  com.example.mqtt.InfluxDBService - Extracted tagkey -> location: class_a, kind: 입구, data: infrared
Value into InfluxDB: 7.0
2025-04-23 13:28:18 [MQTT Call: ygw] INFO  com.example.mqtt.MessageData - Data sent to InfluxDBService: data/s/nhnacademy/b/gyeongnam_campus/p/class_a/d/24e124128c067999/sp/입구/n/입구/e/infrared -> 7.0
2025-04-23 13:28:18 [MQTT Call: ygw] INFO  com.example.mqtt.MessageData - Topic: data/s/nhnacademy/b/gyeongnam_campus/p/class_a/d/24e124128c067999/sp/입구/n/입구/e/pressure
Message Data:
time: 1745382498606
value: 997.6

2025-04-23 13:28:18 [MQTT Call: ygw] INFO  com.example.mqtt.InfluxDBService - Extracted tagkey -> location: class_a, kind: 입구, data: pressure
Value into InfluxDB: 997.6
2025-04-23 13:28:18 [MQTT Call: ygw] INFO  com.example.mqtt.MessageData - Data sent to InfluxDBService: data/s/nhnacademy/b/gyeongnam_campus/p/class_a/d/24e124128c067999/sp/입구/n/입구/e/pressure -> 997.6
2025-04-23 13:28:18 [MQTT Call: ygw] INFO  com.example.mqtt.MessageData - Topic: data/s/nhnacademy/b/gyeongnam_campus/p/class_a/d/24e124128c067999/sp/입구/n/입구/e/temperature
Message Data:
time: 1745382498606
value: 24.1

2025-04-23 13:28:18 [MQTT Call: ygw] INFO  com.example.mqtt.InfluxDBService - Extracted tagkey -> location: class_a, kind: 입구, data: temperature
Value into InfluxDB: 24.1
2025-04-23 13:28:18 [MQTT Call: ygw] INFO  com.example.mqtt.MessageData - Data sent to InfluxDBService: data/s/nhnacademy/b/gyeongnam_campus/p/class_a/d/24e124128c067999/sp/입구/n/입구/e/temperature -> 24.1
2025-04-23 13:28:18 [MQTT Call: ygw] INFO  com.example.mqtt.MessageData - Topic: data/s/nhnacademy/b/gyeongnam_campus/p/class_a/d/24e124128c067999/sp/입구/n/입구/g/24e124fffef5dccc/e/lora
Message Data:
time: 1745382498606
value: 

2025-04-23 13:28:18 [MQTT Call: ygw] INFO  com.example.mqtt.InfluxDBService - Extracted tagkey -> location: class_a, kind: 입구, data: lora
Value into InfluxDB: 0.0
2025-04-23 13:28:18 [MQTT Call: ygw] INFO  com.example.mqtt.MessageData - Data sent to InfluxDBService: data/s/nhnacademy/b/gyeongnam_campus/p/class_a/d/24e124128c067999/sp/입구/n/입구/g/24e124fffef5dccc/e/lora -> 0.0
2025-04-23 13:28:19 [MQTT Call: ygw] INFO  com.example.mqtt.MessageData - Topic: data/s/nhnacademy/b/gyeongnam_campus/p/class_a/d/24e124128c067999/sp/입구/n/입구/g/24e124fffef79304/e/lora
Message Data:
time: 1745382498606
value: 

2025-04-23 13:28:19 [MQTT Call: ygw] INFO  com.example.mqtt.InfluxDBService - Extracted tagkey -> location: class_a, kind: 입구, data: lora
Value into InfluxDB: 0.0
2025-04-23 13:28:19 [MQTT Call: ygw] INFO  com.example.mqtt.MessageData - Data sent to InfluxDBService: data/s/nhnacademy/b/gyeongnam_campus/p/class_a/d/24e124128c067999/sp/입구/n/입구/g/24e124fffef79304/e/lora -> 0.0
2025-04-23 13:28:24 [MQTT Call: ygw] INFO  com.example.mqtt.MessageData - Topic: data/s/nhnacademy/b/gyeongnam_campus/p/server_room/d/24e124136d151368/n/입구/e/temperature
Message Data:
time: 1745382503714
value: 23.7

2025-04-23 13:28:24 [MQTT Call: ygw] INFO  com.example.mqtt.InfluxDBService - Extracted tagkey -> location: server_room, kind: 입구, data: temperature
Value into InfluxDB: 23.7
2025-04-23 13:28:24 [MQTT Call: ygw] INFO  com.example.mqtt.MessageData - Data sent to InfluxDBService: data/s/nhnacademy/b/gyeongnam_campus/p/server_room/d/24e124136d151368/n/입구/e/temperature -> 23.7
2025-04-23 13:28:24 [MQTT Call: ygw] INFO  com.example.mqtt.MessageData - Topic: data/s/nhnacademy/b/gyeongnam_campus/p/server_room/d/24e124136d151368/n/입구/e/humidity
Message Data:
time: 1745382503714
value: 47

2025-04-23 13:28:24 [MQTT Call: ygw] INFO  com.example.mqtt.InfluxDBService - Extracted tagkey -> location: server_room, kind: 입구, data: humidity
Value into InfluxDB: 47.0
2025-04-23 13:28:24 [MQTT Call: ygw] INFO  com.example.mqtt.MessageData - Data sent to InfluxDBService: data/s/nhnacademy/b/gyeongnam_campus/p/server_room/d/24e124136d151368/n/입구/e/humidity -> 47.0
2025-04-23 13:28:24 [MQTT Call: ygw] INFO  com.example.mqtt.MessageData - Topic: data/s/nhnacademy/b/gyeongnam_campus/p/server_room/d/24e124136d151368/n/입구/g/24e124fffef5dccc/e/lora
Message Data:
time: 1745382503714
value: 

2025-04-23 13:28:24 [MQTT Call: ygw] INFO  com.example.mqtt.InfluxDBService - Extracted tagkey -> location: server_room, kind: 입구, data: lora
Value into InfluxDB: 0.0
2025-04-23 13:28:24 [MQTT Call: ygw] INFO  com.example.mqtt.MessageData - Data sent to InfluxDBService: data/s/nhnacademy/b/gyeongnam_campus/p/server_room/d/24e124136d151368/n/입구/g/24e124fffef5dccc/e/lora -> 0.0
2025-04-23 13:28:24 [MQTT Call: ygw] INFO  com.example.mqtt.MessageData - Topic: data/s/nhnacademy/b/gyeongnam_campus/p/server_room/d/24e124136d151368/n/입구/g/24e124fffef79304/e/lora
Message Data:
time: 1745382503714
value: 

2025-04-23 13:28:24 [MQTT Call: ygw] INFO  com.example.mqtt.InfluxDBService - Extracted tagkey -> location: server_room, kind: 입구, data: lora
Value into InfluxDB: 0.0
2025-04-23 13:28:24 [MQTT Call: ygw] INFO  com.example.mqtt.MessageData - Data sent to InfluxDBService: data/s/nhnacademy/b/gyeongnam_campus/p/server_room/d/24e124136d151368/n/입구/g/24e124fffef79304/e/lora -> 0.0
2025-04-23 13:28:33 [MQTT Call: ygw] INFO  com.example.mqtt.MessageData - Topic: data/s/nhnacademy/b/gyeongnam_campus/p/hive/d/24e124126c452091/sp/farm/n/스마트팜/e/temperature
Message Data:
time: 1745382511331
value: 23.2

2025-04-23 13:28:33 [MQTT Call: ygw] INFO  com.example.mqtt.InfluxDBService - Extracted tagkey -> location: hive, kind: 스마트팜, data: temperature
Value into InfluxDB: 23.2
2025-04-23 13:28:33 [MQTT Call: ygw] INFO  com.example.mqtt.MessageData - Data sent to InfluxDBService: data/s/nhnacademy/b/gyeongnam_campus/p/hive/d/24e124126c452091/sp/farm/n/스마트팜/e/temperature -> 23.2
2025-04-23 13:28:33 [MQTT Call: ygw] INFO  com.example.mqtt.MessageData - Topic: data/s/nhnacademy/b/gyeongnam_campus/p/hive/d/24e124126c452091/sp/farm/n/스마트팜/g/24e124fffef79304/e/lora
Message Data:
time: 1745382511331
value: 

2025-04-23 13:28:33 [MQTT Call: ygw] INFO  com.example.mqtt.InfluxDBService - Extracted tagkey -> location: hive, kind: 스마트팜, data: lora
Value into InfluxDB: 0.0
2025-04-23 13:28:33 [MQTT Call: ygw] INFO  com.example.mqtt.MessageData - Data sent to InfluxDBService: data/s/nhnacademy/b/gyeongnam_campus/p/hive/d/24e124126c452091/sp/farm/n/스마트팜/g/24e124fffef79304/e/lora -> 0.0
2025-04-23 13:28:33 [MQTT Call: ygw] INFO  com.example.mqtt.MessageData - Topic: data/s/nhnacademy/b/gyeongnam_campus/p/hive/d/24e124126c452091/sp/farm/n/스마트팜/g/24e124fffef5dccc/e/lora
Message Data:
time: 1745382511331
value: 

2025-04-23 13:28:33 [MQTT Call: ygw] INFO  com.example.mqtt.InfluxDBService - Extracted tagkey -> location: hive, kind: 스마트팜, data: lora
Value into InfluxDB: 0.0
2025-04-23 13:28:33 [MQTT Call: ygw] INFO  com.example.mqtt.MessageData - Data sent to InfluxDBService: data/s/nhnacademy/b/gyeongnam_campus/p/hive/d/24e124126c452091/sp/farm/n/스마트팜/g/24e124fffef5dccc/e/lora -> 0.0
2025-04-23 13:28:43 [MQTT Call: ygw] INFO  com.example.mqtt.MessageData - Topic: data/s/nhnacademy/b/gyeongnam_campus/p/storage/d/24e124136d151547/n/입구/e/humidity
Message Data:
time: 1745382522822
value: 127.5

2025-04-23 13:28:43 [MQTT Call: ygw] INFO  com.example.mqtt.InfluxDBService - Extracted tagkey -> location: storage, kind: 입구, data: humidity
Value into InfluxDB: 127.5
2025-04-23 13:28:43 [MQTT Call: ygw] INFO  com.example.mqtt.MessageData - Data sent to InfluxDBService: data/s/nhnacademy/b/gyeongnam_campus/p/storage/d/24e124136d151547/n/입구/e/humidity -> 127.5
2025-04-23 13:28:43 [MQTT Call: ygw] INFO  com.example.mqtt.MessageData - Topic: data/s/nhnacademy/b/gyeongnam_campus/p/storage/d/24e124136d151547/n/입구/e/battery
Message Data:
time: 1745382522822
value: 1

2025-04-23 13:28:43 [MQTT Call: ygw] INFO  com.example.mqtt.InfluxDBService - Extracted tagkey -> location: storage, kind: 입구, data: battery
Value into InfluxDB: 1.0
2025-04-23 13:28:43 [MQTT Call: ygw] INFO  com.example.mqtt.MessageData - Data sent to InfluxDBService: data/s/nhnacademy/b/gyeongnam_campus/p/storage/d/24e124136d151547/n/입구/e/battery -> 1.0
2025-04-23 13:28:43 [MQTT Call: ygw] INFO  com.example.mqtt.MessageData - Topic: data/s/nhnacademy/b/gyeongnam_campus/p/storage/d/24e124136d151547/n/입구/e/temperature
Message Data:
time: 1745382522822
value: -0.1

2025-04-23 13:28:43 [MQTT Call: ygw] INFO  com.example.mqtt.InfluxDBService - Extracted tagkey -> location: storage, kind: 입구, data: temperature
Value into InfluxDB: -0.1
2025-04-23 13:28:43 [MQTT Call: ygw] INFO  com.example.mqtt.MessageData - Data sent to InfluxDBService: data/s/nhnacademy/b/gyeongnam_campus/p/storage/d/24e124136d151547/n/입구/e/temperature -> -0.1
2025-04-23 13:28:43 [MQTT Call: ygw] INFO  com.example.mqtt.MessageData - Topic: data/s/nhnacademy/b/gyeongnam_campus/p/storage/d/24e124136d151547/n/입구/g/24e124fffef5dccc/e/lora
Message Data:
time: 1745382522822
value: 

2025-04-23 13:28:43 [MQTT Call: ygw] INFO  com.example.mqtt.InfluxDBService - Extracted tagkey -> location: storage, kind: 입구, data: lora
Value into InfluxDB: 0.0
2025-04-23 13:28:43 [MQTT Call: ygw] INFO  com.example.mqtt.MessageData - Data sent to InfluxDBService: data/s/nhnacademy/b/gyeongnam_campus/p/storage/d/24e124136d151547/n/입구/g/24e124fffef5dccc/e/lora -> 0.0
2025-04-23 13:28:43 [MQTT Call: ygw] INFO  com.example.mqtt.MessageData - Topic: data/s/nhnacademy/b/gyeongnam_campus/p/storage/d/24e124136d151547/n/입구/g/24e124fffef79304/e/lora
Message Data:
time: 1745382522822
value: 

2025-04-23 13:28:43 [MQTT Call: ygw] INFO  com.example.mqtt.InfluxDBService - Extracted tagkey -> location: storage, kind: 입구, data: lora
Value into InfluxDB: 0.0
2025-04-23 13:28:43 [MQTT Call: ygw] INFO  com.example.mqtt.MessageData - Data sent to InfluxDBService: data/s/nhnacademy/b/gyeongnam_campus/p/storage/d/24e124136d151547/n/입구/g/24e124fffef79304/e/lora -> 0.0
2025-04-23 13:28:47 [MQTT Call: ygw] INFO  com.example.mqtt.MessageData - Topic: data/s/nhnacademy/b/gyeongnam_campus/p/hive/d/24e124126d111937/sp/farm/n/스마트팜/e/illumination
Message Data:
time: 1745382524406
value: 320

2025-04-23 13:28:47 [MQTT Call: ygw] INFO  com.example.mqtt.InfluxDBService - Extracted tagkey -> location: hive, kind: 스마트팜, data: illumination
Value into InfluxDB: 320.0
2025-04-23 13:28:47 [MQTT Call: ygw] INFO  com.example.mqtt.MessageData - Data sent to InfluxDBService: data/s/nhnacademy/b/gyeongnam_campus/p/hive/d/24e124126d111937/sp/farm/n/스마트팜/e/illumination -> 320.0
2025-04-23 13:28:47 [MQTT Call: ygw] INFO  com.example.mqtt.MessageData - Topic: data/s/nhnacademy/b/gyeongnam_campus/p/hive/d/24e124126d111937/sp/farm/n/스마트팜/g/24e124fffef5dccc/e/lora
Message Data:
time: 1745382524406
value: 

2025-04-23 13:28:47 [MQTT Call: ygw] INFO  com.example.mqtt.InfluxDBService - Extracted tagkey -> location: hive, kind: 스마트팜, data: lora
Value into InfluxDB: 0.0
2025-04-23 13:28:47 [MQTT Call: ygw] INFO  com.example.mqtt.MessageData - Data sent to InfluxDBService: data/s/nhnacademy/b/gyeongnam_campus/p/hive/d/24e124126d111937/sp/farm/n/스마트팜/g/24e124fffef5dccc/e/lora -> 0.0
2025-04-23 13:28:47 [MQTT Call: ygw] INFO  com.example.mqtt.MessageData - Topic: data/s/nhnacademy/b/gyeongnam_campus/p/hive/d/24e124126d111937/sp/farm/n/스마트팜/g/24e124fffef79304/e/lora
Message Data:
time: 1745382524406
value: 

2025-04-23 13:28:47 [MQTT Call: ygw] INFO  com.example.mqtt.InfluxDBService - Extracted tagkey -> location: hive, kind: 스마트팜, data: lora
Value into InfluxDB: 0.0
2025-04-23 13:28:47 [MQTT Call: ygw] INFO  com.example.mqtt.MessageData - Data sent to InfluxDBService: data/s/nhnacademy/b/gyeongnam_campus/p/hive/d/24e124126d111937/sp/farm/n/스마트팜/g/24e124fffef79304/e/lora -> 0.0
2025-04-23 13:28:49 [MQTT Call: ygw] INFO  com.example.mqtt.MessageData - Topic: data/s/nhnacademy/b/gyeongnam_campus/p/pair_room/d/24e124617d159573/n/2/e/occupancy
Message Data:
time: 1745382529036
value: 0

2025-04-23 13:28:49 [MQTT Call: ygw] INFO  com.example.mqtt.InfluxDBService - Extracted tagkey -> location: pair_room, kind: 2, data: occupancy
Value into InfluxDB: 0.0
2025-04-23 13:28:49 [MQTT Call: ygw] INFO  com.example.mqtt.MessageData - Data sent to InfluxDBService: data/s/nhnacademy/b/gyeongnam_campus/p/pair_room/d/24e124617d159573/n/2/e/occupancy -> 0.0
2025-04-23 13:28:49 [MQTT Call: ygw] INFO  com.example.mqtt.MessageData - Topic: data/s/nhnacademy/b/gyeongnam_campus/p/pair_room/d/24e124617d159573/n/2/e/battery
Message Data:
time: 1745382529036
value: 32

2025-04-23 13:28:49 [MQTT Call: ygw] INFO  com.example.mqtt.InfluxDBService - Extracted tagkey -> location: pair_room, kind: 2, data: battery
Value into InfluxDB: 32.0
2025-04-23 13:28:49 [MQTT Call: ygw] INFO  com.example.mqtt.MessageData - Data sent to InfluxDBService: data/s/nhnacademy/b/gyeongnam_campus/p/pair_room/d/24e124617d159573/n/2/e/battery -> 32.0
2025-04-23 13:28:49 [MQTT Call: ygw] INFO  com.example.mqtt.MessageData - Topic: data/s/nhnacademy/b/gyeongnam_campus/p/pair_room/d/24e124617d159573/n/2/e/distance
Message Data:
time: 1745382529036
value: 2236

2025-04-23 13:28:49 [MQTT Call: ygw] INFO  com.example.mqtt.InfluxDBService - Extracted tagkey -> location: pair_room, kind: 2, data: distance
Value into InfluxDB: 2236.0
2025-04-23 13:28:49 [MQTT Call: ygw] INFO  com.example.mqtt.MessageData - Data sent to InfluxDBService: data/s/nhnacademy/b/gyeongnam_campus/p/pair_room/d/24e124617d159573/n/2/e/distance -> 2236.0
2025-04-23 13:28:49 [MQTT Call: ygw] INFO  com.example.mqtt.MessageData - Topic: data/s/nhnacademy/b/gyeongnam_campus/p/pair_room/d/24e124617d159573/n/2/g/24e124fffef5dccc/e/lora
Message Data:
time: 1745382529036
value: 

2025-04-23 13:28:49 [MQTT Call: ygw] INFO  com.example.mqtt.InfluxDBService - Extracted tagkey -> location: pair_room, kind: 2, data: lora
Value into InfluxDB: 0.0
2025-04-23 13:28:49 [MQTT Call: ygw] INFO  com.example.mqtt.MessageData - Data sent to InfluxDBService: data/s/nhnacademy/b/gyeongnam_campus/p/pair_room/d/24e124617d159573/n/2/g/24e124fffef5dccc/e/lora -> 0.0
2025-04-23 13:28:50 [MQTT Call: ygw] INFO  com.example.mqtt.MessageData - Topic: data/s/nhnacademy/b/gyeongnam_campus/p/campus/d/gem3500_1/n/캠퍼스_LL/e/voltage
Message Data:
time: 1745382530236
value: 379.41

2025-04-23 13:28:50 [MQTT Call: ygw] INFO  com.example.mqtt.InfluxDBService - Extracted tagkey -> location: campus, kind: 캠퍼스_LL, data: voltage
Value into InfluxDB: 379.41
2025-04-23 13:28:50 [MQTT Call: ygw] INFO  com.example.mqtt.MessageData - Data sent to InfluxDBService: data/s/nhnacademy/b/gyeongnam_campus/p/campus/d/gem3500_1/n/캠퍼스_LL/e/voltage -> 379.41
2025-04-23 13:28:50 [MQTT Call: ygw] INFO  com.example.mqtt.MessageData - Topic: data/s/nhnacademy/b/gyeongnam_campus/p/campus/d/gem3500_1/n/캠퍼스_LN/e/voltage
Message Data:
time: 1745382530236
value: 219.05

2025-04-23 13:28:50 [MQTT Call: ygw] INFO  com.example.mqtt.InfluxDBService - Extracted tagkey -> location: campus, kind: 캠퍼스_LN, data: voltage
Value into InfluxDB: 219.05
2025-04-23 13:28:50 [MQTT Call: ygw] INFO  com.example.mqtt.MessageData - Data sent to InfluxDBService: data/s/nhnacademy/b/gyeongnam_campus/p/campus/d/gem3500_1/n/캠퍼스_LN/e/voltage -> 219.05
2025-04-23 13:28:50 [MQTT Call: ygw] INFO  com.example.mqtt.MessageData - Topic: data/s/nhnacademy/b/gyeongnam_campus/p/campus/d/gem3500_1/n/캠퍼스1/e/power_meter
Message Data:
time: 1745382530337
type: 5
leakageCurrent: 0
current: 2809
activePower: 5181
reactivePower: -1908
tapparentPower: 6125
powerFactor: 84.59
currentUnbalance: 52.91
lines: 

2025-04-23 13:28:50 [MQTT Call: ygw] WARN  com.example.mqtt.MessageData - No 'value' field found in message, skipping InfluxDB write.
2025-04-23 13:28:50 [MQTT Call: ygw] INFO  com.example.mqtt.MessageData - Topic: data/s/nhnacademy/b/gyeongnam_campus/p/campus/d/gem3500_1/n/전등1/e/power_meter
Message Data:
time: 1745382530439
type: 3
leakageCurrent: 0
current: 700
activePower: 1308
reactivePower: -328
tapparentPower: 1531
powerFactor: 85.42
currentUnbalance: 0
lines: 

2025-04-23 13:28:50 [MQTT Call: ygw] WARN  com.example.mqtt.MessageData - No 'value' field found in message, skipping InfluxDB write.
2025-04-23 13:28:50 [MQTT Call: ygw] INFO  com.example.mqtt.MessageData - Topic: data/s/nhnacademy/b/gyeongnam_campus/p/campus/d/gem3500_1/n/전등2/e/power_meter
Message Data:
time: 1745382530542
type: 1
leakageCurrent: 0
current: 661
activePower: 1339
reactivePower: -333
tapparentPower: 1457
powerFactor: 91.92
currentUnbalance: 0
lines: 

2025-04-23 13:28:50 [MQTT Call: ygw] WARN  com.example.mqtt.MessageData - No 'value' field found in message, skipping InfluxDB write.
2025-04-23 13:28:50 [MQTT Call: ygw] INFO  com.example.mqtt.MessageData - Topic: data/s/nhnacademy/b/gyeongnam_campus/p/campus/d/gem3500_1/n/전등3/e/power_meter
Message Data:
time: 1745382530642
type: 2
leakageCurrent: 0
current: 0
activePower: 0
reactivePower: 0
tapparentPower: 0
powerFactor: 0
currentUnbalance: 0
lines: 

2025-04-23 13:28:50 [MQTT Call: ygw] WARN  com.example.mqtt.MessageData - No 'value' field found in message, skipping InfluxDB write.
2025-04-23 13:28:50 [MQTT Call: ygw] INFO  com.example.mqtt.MessageData - Topic: data/s/nhnacademy/b/gyeongnam_campus/p/campus/d/gem3500_1/n/강의실b_바닥/e/power_meter
Message Data:
time: 1745382530743
type: 3
leakageCurrent: 0
current: 244
activePower: 403
reactivePower: -242
tapparentPower: 528
powerFactor: 76.36
currentUnbalance: 0
lines: 

2025-04-23 13:28:50 [MQTT Call: ygw] WARN  com.example.mqtt.MessageData - No 'value' field found in message, skipping InfluxDB write.
2025-04-23 13:28:51 [MQTT Call: ygw] INFO  com.example.mqtt.MessageData - Topic: data/s/nhnacademy/b/gyeongnam_campus/p/campus/d/gem3500_1/n/강의실a_바닥1/e/power_meter
Message Data:
time: 1745382530844
type: 1
leakageCurrent: 0
current: 294
activePower: 494
reactivePower: -345
tapparentPower: 646
powerFactor: 76.57
currentUnbalance: 0
lines: 

2025-04-23 13:28:51 [MQTT Call: ygw] WARN  com.example.mqtt.MessageData - No 'value' field found in message, skipping InfluxDB write.
2025-04-23 13:28:51 [MQTT Call: ygw] INFO  com.example.mqtt.MessageData - Topic: data/s/nhnacademy/b/gyeongnam_campus/p/campus/d/gem3500_1/n/강의실a_바닥2/e/power_meter
Message Data:
time: 1745382530946
type: 2
leakageCurrent: 0
current: 207
activePower: 372
reactivePower: -192
tapparentPower: 451
powerFactor: 82.44
currentUnbalance: 0
lines: 

2025-04-23 13:28:51 [MQTT Call: ygw] WARN  com.example.mqtt.MessageData - No 'value' field found in message, skipping InfluxDB write.
2025-04-23 13:28:51 [MQTT Call: ygw] INFO  com.example.mqtt.MessageData - Topic: data/s/nhnacademy/b/gyeongnam_campus/p/campus/d/gem3500_1/n/프로젝터1/e/power_meter
Message Data:
time: 1745382531046
type: 3
leakageCurrent: 0
current: 102
activePower: 134
reactivePower: -153
tapparentPower: 220
powerFactor: 60.86
currentUnbalance: 0
lines: 

2025-04-23 13:28:51 [MQTT Call: ygw] WARN  com.example.mqtt.MessageData - No 'value' field found in message, skipping InfluxDB write.
2025-04-23 13:28:51 [MQTT Call: ygw] INFO  com.example.mqtt.MessageData - Topic: data/s/nhnacademy/b/gyeongnam_campus/p/campus/d/gem3500_1/n/프로젝터2/e/power_meter
Message Data:
time: 1745382531147
type: 1
leakageCurrent: 0
current: 41
activePower: 45
reactivePower: -69
tapparentPower: 88
powerFactor: 51.35
currentUnbalance: 0
lines: 

2025-04-23 13:28:51 [MQTT Call: ygw] WARN  com.example.mqtt.MessageData - No 'value' field found in message, skipping InfluxDB write.
2025-04-23 13:28:51 [MQTT Call: ygw] INFO  com.example.mqtt.MessageData - Topic: data/s/nhnacademy/b/gyeongnam_campus/p/campus/d/gem3500_1/n/회의실/e/power_meter
Message Data:
time: 1745382531249
type: 2
leakageCurrent: 0
current: 14
activePower: 4
reactivePower: -26
tapparentPower: 31
powerFactor: 15.38
currentUnbalance: 0
lines: 

2025-04-23 13:28:51 [MQTT Call: ygw] WARN  com.example.mqtt.MessageData - No 'value' field found in message, skipping InfluxDB write.
2025-04-23 13:28:51 [MQTT Call: ygw] INFO  com.example.mqtt.MessageData - Topic: data/s/nhnacademy/b/gyeongnam_campus/p/campus/d/gem3500_1/n/서버실/e/power_meter
Message Data:
time: 1745382531350
type: 3
leakageCurrent: 0
current: 201
activePower: 391
reactivePower: -110
tapparentPower: 439
powerFactor: 89.07
currentUnbalance: 0
lines: 

2025-04-23 13:28:51 [MQTT Call: ygw] WARN  com.example.mqtt.MessageData - No 'value' field found in message, skipping InfluxDB write.
2025-04-23 13:28:51 [MQTT Call: ygw] INFO  com.example.mqtt.MessageData - Topic: data/s/nhnacademy/b/gyeongnam_campus/p/campus/d/gem3500_1/n/간판/e/power_meter
Message Data:
time: 1745382531451
type: 1
leakageCurrent: 0
current: 0
activePower: 0
reactivePower: 0
tapparentPower: 0
powerFactor: 0
currentUnbalance: 0
lines: 

2025-04-23 13:28:51 [MQTT Call: ygw] WARN  com.example.mqtt.MessageData - No 'value' field found in message, skipping InfluxDB write.
2025-04-23 13:28:51 [MQTT Call: ygw] INFO  com.example.mqtt.MessageData - Topic: data/s/nhnacademy/b/gyeongnam_campus/p/campus/d/gem3500_1/n/페어룸/e/power_meter
Message Data:
time: 1745382531553
type: 2
leakageCurrent: 0
current: 0
activePower: 0
reactivePower: 0
tapparentPower: 0
powerFactor: 0
currentUnbalance: 0
lines: 

2025-04-23 13:28:51 [MQTT Call: ygw] WARN  com.example.mqtt.MessageData - No 'value' field found in message, skipping InfluxDB write.
2025-04-23 13:28:51 [MQTT Call: ygw] INFO  com.example.mqtt.MessageData - Topic: data/s/nhnacademy/b/gyeongnam_campus/p/campus/d/gem3500_1/n/사무실_전열1/e/power_meter
Message Data:
time: 1745382531654
type: 3
leakageCurrent: 0
current: 86
activePower: 105
reactivePower: -55
tapparentPower: 184
powerFactor: 57.14
currentUnbalance: 0
lines: 

2025-04-23 13:28:51 [MQTT Call: ygw] WARN  com.example.mqtt.MessageData - No 'value' field found in message, skipping InfluxDB write.
2025-04-23 13:28:51 [MQTT Call: ygw] INFO  com.example.mqtt.MessageData - Topic: data/s/nhnacademy/b/gyeongnam_campus/p/campus/d/gem3500_1/n/사무실_전열2/e/power_meter
Message Data:
time: 1745382531754
type: 3
leakageCurrent: 0
current: 92
activePower: 105
reactivePower: -62
tapparentPower: 206
powerFactor: 51.16
currentUnbalance: 0
lines: 

2025-04-23 13:28:51 [MQTT Call: ygw] WARN  com.example.mqtt.MessageData - No 'value' field found in message, skipping InfluxDB write.
2025-04-23 13:28:52 [MQTT Call: ygw] INFO  com.example.mqtt.MessageData - Topic: data/s/nhnacademy/b/gyeongnam_campus/p/campus/d/gem3500_1/n/사무실_복사기/e/power_meter
Message Data:
time: 1745382531855
type: 1
leakageCurrent: 0
current: 7
activePower: 7
reactivePower: 0
tapparentPower: 16
powerFactor: 42.85
currentUnbalance: 0
lines: 

2025-04-23 13:28:52 [MQTT Call: ygw] WARN  com.example.mqtt.MessageData - No 'value' field found in message, skipping InfluxDB write.
2025-04-23 13:28:52 [MQTT Call: ygw] INFO  com.example.mqtt.MessageData - Topic: data/s/nhnacademy/b/gyeongnam_campus/p/campus/d/gem3500_1/n/빌트인_전열/e/power_meter
Message Data:
time: 1745382531957
type: 2
leakageCurrent: 0
current: 5
activePower: 4
reactivePower: -7
tapparentPower: 12
powerFactor: 40
currentUnbalance: 0
lines: 

2025-04-23 13:28:52 [MQTT Call: ygw] WARN  com.example.mqtt.MessageData - No 'value' field found in message, skipping InfluxDB write.
2025-04-23 13:28:52 [MQTT Call: ygw] INFO  com.example.mqtt.MessageData - Topic: data/s/nhnacademy/b/gyeongnam_campus/p/campus/d/gem3500_1/n/사무실_전열3/e/power_meter
Message Data:
time: 1745382532057
type: 3
leakageCurrent: 0
current: 0
activePower: 0
reactivePower: 0
tapparentPower: 0
powerFactor: 0
currentUnbalance: 0
lines: 

2025-04-23 13:28:52 [MQTT Call: ygw] WARN  com.example.mqtt.MessageData - No 'value' field found in message, skipping InfluxDB write.
2025-04-23 13:28:52 [MQTT Call: ygw] INFO  com.example.mqtt.MessageData - Topic: data/s/nhnacademy/b/gyeongnam_campus/p/campus/d/gem3500_1/n/정수기/e/power_meter
Message Data:
time: 1745382532159
type: 1
leakageCurrent: 0
current: 70
activePower: 96
reactivePower: 120
tapparentPower: 156
powerFactor: 61.53
currentUnbalance: 0
lines: 

2025-04-23 13:28:52 [MQTT Call: ygw] WARN  com.example.mqtt.MessageData - No 'value' field found in message, skipping InfluxDB write.
2025-04-23 13:28:52 [MQTT Call: ygw] INFO  com.example.mqtt.MessageData - Topic: data/s/nhnacademy/b/gyeongnam_campus/p/campus/d/gem3500_1/n/하이브_전열/e/power_meter
Message Data:
time: 1745382532259
type: 2
leakageCurrent: 0
current: 65
activePower: 124
reactivePower: -45
tapparentPower: 144
powerFactor: 86.66
currentUnbalance: 0
lines: 

2025-04-23 13:28:52 [MQTT Call: ygw] WARN  com.example.mqtt.MessageData - No 'value' field found in message, skipping InfluxDB write.
2025-04-23 13:28:52 [MQTT Call: ygw] INFO  com.example.mqtt.MessageData - Topic: data/s/nhnacademy/b/gyeongnam_campus/p/campus/d/gem3500_1/n/바텐_전열/e/power_meter
Message Data:
time: 1745382532361
type: 3
leakageCurrent: 0
current: 0
activePower: 0
reactivePower: 0
tapparentPower: 0
powerFactor: 0
currentUnbalance: 0
lines: 

2025-04-23 13:28:52 [MQTT Call: ygw] WARN  com.example.mqtt.MessageData - No 'value' field found in message, skipping InfluxDB write.
2025-04-23 13:28:52 [MQTT Call: ygw] INFO  com.example.mqtt.MessageData - Topic: data/s/nhnacademy/b/gyeongnam_campus/p/campus/d/gem3500_1/n/S_P/e/power_meter
Message Data:
time: 1745382532463
type: 1
leakageCurrent: 0
current: 0
activePower: 0
reactivePower: 0
tapparentPower: 0
powerFactor: 0
currentUnbalance: 0
lines: 

2025-04-23 13:28:52 [MQTT Call: ygw] WARN  com.example.mqtt.MessageData - No 'value' field found in message, skipping InfluxDB write.
2025-04-23 13:28:52 [MQTT Call: ygw] INFO  com.example.mqtt.MessageData - Topic: data/s/nhnacademy/b/gyeongnam_campus/p/campus/d/gem3500_1/n/공조기/e/power_meter
Message Data:
time: 1745382532562
type: 2
leakageCurrent: 0
current: 199
activePower: 223
reactivePower: -21
tapparentPower: 437
powerFactor: 51.09
currentUnbalance: 0
lines: 

2025-04-23 13:28:52 [MQTT Call: ygw] WARN  com.example.mqtt.MessageData - No 'value' field found in message, skipping InfluxDB write.
2025-04-23 13:28:52 [MQTT Call: ygw] INFO  com.example.mqtt.MessageData - Topic: data/s/nhnacademy/b/gyeongnam_campus/p/campus/d/gem3500_1/n/AC/e/power_meter
Message Data:
time: 1745382532663
type: 3
leakageCurrent: 0
current: 17
activePower: 14
reactivePower: -24
tapparentPower: 38
powerFactor: 37.5
currentUnbalance: 0
lines: 

2025-04-23 13:28:52 [MQTT Call: ygw] WARN  com.example.mqtt.MessageData - No 'value' field found in message, skipping InfluxDB write.
2025-04-23 13:29:04 [MQTT Call: ygw] INFO  com.example.mqtt.MessageData - Topic: data/s/nhnacademy/b/gyeongnam_campus/p/office/d/24e124126d152919/n/보드/e/pressure
Message Data:
time: 1745382544330
value: 1004.9

2025-04-23 13:29:04 [MQTT Call: ygw] INFO  com.example.mqtt.InfluxDBService - Extracted tagkey -> location: office, kind: 보드, data: pressure
Value into InfluxDB: 1004.9
2025-04-23 13:29:04 [MQTT Call: ygw] INFO  com.example.mqtt.MessageData - Data sent to InfluxDBService: data/s/nhnacademy/b/gyeongnam_campus/p/office/d/24e124126d152919/n/보드/e/pressure -> 1004.9
2025-04-23 13:29:06 [MQTT Call: ygw] INFO  com.example.mqtt.MessageData - Topic: data/s/nhnacademy/b/gyeongnam_campus/p/office/d/24e124126d152919/n/보드/e/humidity
Message Data:
time: 1745382544330
value: 48.5

2025-04-23 13:29:06 [MQTT Call: ygw] INFO  com.example.mqtt.InfluxDBService - Extracted tagkey -> location: office, kind: 보드, data: humidity
Value into InfluxDB: 48.5
2025-04-23 13:29:06 [MQTT Call: ygw] INFO  com.example.mqtt.MessageData - Data sent to InfluxDBService: data/s/nhnacademy/b/gyeongnam_campus/p/office/d/24e124126d152919/n/보드/e/humidity -> 48.5
2025-04-23 13:29:06 [MQTT Call: ygw] INFO  com.example.mqtt.MessageData - Topic: data/s/nhnacademy/b/gyeongnam_campus/p/office/d/24e124126d152919/n/보드/e/temperature
Message Data:
time: 1745382544330
value: 24.5

2025-04-23 13:29:06 [MQTT Call: ygw] INFO  com.example.mqtt.InfluxDBService - Extracted tagkey -> location: office, kind: 보드, data: temperature
Value into InfluxDB: 24.5
2025-04-23 13:29:06 [MQTT Call: ygw] INFO  com.example.mqtt.MessageData - Data sent to InfluxDBService: data/s/nhnacademy/b/gyeongnam_campus/p/office/d/24e124126d152919/n/보드/e/temperature -> 24.5
2025-04-23 13:29:06 [MQTT Call: ygw] INFO  com.example.mqtt.MessageData - Topic: data/s/nhnacademy/b/gyeongnam_campus/p/office/d/24e124126d152919/n/보드/e/co2
Message Data:
time: 1745382544330
value: 719

2025-04-23 13:29:06 [MQTT Call: ygw] INFO  com.example.mqtt.InfluxDBService - Extracted tagkey -> location: office, kind: 보드, data: co2
Value into InfluxDB: 719.0
2025-04-23 13:29:06 [MQTT Call: ygw] INFO  com.example.mqtt.MessageData - Data sent to InfluxDBService: data/s/nhnacademy/b/gyeongnam_campus/p/office/d/24e124126d152919/n/보드/e/co2 -> 719.0
2025-04-23 13:29:06 [MQTT Call: ygw] INFO  com.example.mqtt.MessageData - Topic: data/s/nhnacademy/b/gyeongnam_campus/p/office/d/24e124126d152919/n/보드/g/24e124fffef5dccc/e/lora
Message Data:
time: 1745382544330
value: 

2025-04-23 13:29:06 [MQTT Call: ygw] INFO  com.example.mqtt.InfluxDBService - Extracted tagkey -> location: office, kind: 보드, data: lora
Value into InfluxDB: 0.0
2025-04-23 13:29:06 [MQTT Call: ygw] INFO  com.example.mqtt.MessageData - Data sent to InfluxDBService: data/s/nhnacademy/b/gyeongnam_campus/p/office/d/24e124126d152919/n/보드/g/24e124fffef5dccc/e/lora -> 0.0
2025-04-23 13:29:06 [MQTT Call: ygw] INFO  com.example.mqtt.MessageData - Topic: data/s/nhnacademy/b/gyeongnam_campus/p/office/d/24e124126d152919/n/보드/g/24e124fffef79304/e/lora
Message Data:
time: 1745382544330
value: 

2025-04-23 13:29:06 [MQTT Call: ygw] INFO  com.example.mqtt.InfluxDBService - Extracted tagkey -> location: office, kind: 보드, data: lora
Value into InfluxDB: 0.0
2025-04-23 13:29:06 [MQTT Call: ygw] INFO  com.example.mqtt.MessageData - Data sent to InfluxDBService: data/s/nhnacademy/b/gyeongnam_campus/p/office/d/24e124126d152919/n/보드/g/24e124fffef79304/e/lora -> 0.0
2025-04-23 13:29:10 [MQTT Call: ygw] INFO  com.example.mqtt.MessageData - Topic: data/s/nhnacademy/b/gyeongnam_campus/p/hive/d/24e124785c389010/n/정수기 위/e/temperature
Message Data:
time: 1745382550184
value: 23.3

2025-04-23 13:29:10 [MQTT Call: ygw] INFO  com.example.mqtt.InfluxDBService - Extracted tagkey -> location: hive, kind: 정수기 위, data: temperature
Value into InfluxDB: 23.3
2025-04-23 13:29:10 [MQTT Call: ygw] INFO  com.example.mqtt.MessageData - Data sent to InfluxDBService: data/s/nhnacademy/b/gyeongnam_campus/p/hive/d/24e124785c389010/n/정수기 위/e/temperature -> 23.3
2025-04-23 13:29:11 [MQTT Call: ygw] INFO  com.example.mqtt.MessageData - Topic: data/s/nhnacademy/b/gyeongnam_campus/p/hive/d/24e124785c389010/n/정수기 위/e/humidity
Message Data:
time: 1745382550184
value: 44

2025-04-23 13:29:11 [MQTT Call: ygw] INFO  com.example.mqtt.InfluxDBService - Extracted tagkey -> location: hive, kind: 정수기 위, data: humidity
Value into InfluxDB: 44.0
2025-04-23 13:29:11 [MQTT Call: ygw] INFO  com.example.mqtt.MessageData - Data sent to InfluxDBService: data/s/nhnacademy/b/gyeongnam_campus/p/hive/d/24e124785c389010/n/정수기 위/e/humidity -> 44.0
2025-04-23 13:29:11 [MQTT Call: ygw] INFO  com.example.mqtt.MessageData - Topic: data/s/nhnacademy/b/gyeongnam_campus/p/hive/d/24e124785c389010/n/정수기 위/e/battery
Message Data:
time: 1745382550184
value: 85

2025-04-23 13:29:11 [MQTT Call: ygw] INFO  com.example.mqtt.InfluxDBService - Extracted tagkey -> location: hive, kind: 정수기 위, data: battery
Value into InfluxDB: 85.0
2025-04-23 13:29:11 [MQTT Call: ygw] INFO  com.example.mqtt.MessageData - Data sent to InfluxDBService: data/s/nhnacademy/b/gyeongnam_campus/p/hive/d/24e124785c389010/n/정수기 위/e/battery -> 85.0
2025-04-23 13:29:11 [MQTT Call: ygw] INFO  com.example.mqtt.MessageData - Topic: data/s/nhnacademy/b/gyeongnam_campus/p/hive/d/24e124785c389010/n/정수기 위/g/24e124fffef79304/e/lora
Message Data:
time: 1745382550184
value: 

2025-04-23 13:29:11 [MQTT Call: ygw] INFO  com.example.mqtt.InfluxDBService - Extracted tagkey -> location: hive, kind: 정수기 위, data: lora
Value into InfluxDB: 0.0
2025-04-23 13:29:11 [MQTT Call: ygw] INFO  com.example.mqtt.MessageData - Data sent to InfluxDBService: data/s/nhnacademy/b/gyeongnam_campus/p/hive/d/24e124785c389010/n/정수기 위/g/24e124fffef79304/e/lora -> 0.0
2025-04-23 13:29:11 [MQTT Call: ygw] INFO  com.example.mqtt.MessageData - Topic: data/s/nhnacademy/b/gyeongnam_campus/p/hive/d/24e124785c389010/n/정수기 위/g/24e124fffef5dccc/e/lora
Message Data:
time: 1745382550184
value: 

2025-04-23 13:29:11 [MQTT Call: ygw] INFO  com.example.mqtt.InfluxDBService - Extracted tagkey -> location: hive, kind: 정수기 위, data: lora
Value into InfluxDB: 0.0
2025-04-23 13:29:11 [MQTT Call: ygw] INFO  com.example.mqtt.MessageData - Data sent to InfluxDBService: data/s/nhnacademy/b/gyeongnam_campus/p/hive/d/24e124785c389010/n/정수기 위/g/24e124fffef5dccc/e/lora -> 0.0
2025-04-23 13:29:12 [MQTT Call: ygw] INFO  com.example.mqtt.MessageData - Topic: data/s/nhnacademy/b/gyeongnam_campus/p/hive/d/24e124725d081175/sp/8인 책상/n/8인 책상/e/humidity
Message Data:
time: 1745382552645
value: 43

2025-04-23 13:29:12 [MQTT Call: ygw] INFO  com.example.mqtt.InfluxDBService - Extracted tagkey -> location: hive, kind: 8인 책상, data: humidity
Value into InfluxDB: 43.0
2025-04-23 13:29:12 [MQTT Call: ygw] INFO  com.example.mqtt.MessageData - Data sent to InfluxDBService: data/s/nhnacademy/b/gyeongnam_campus/p/hive/d/24e124725d081175/sp/8인 책상/n/8인 책상/e/humidity -> 43.0
2025-04-23 13:29:13 [MQTT Call: ygw] INFO  com.example.mqtt.MessageData - Topic: data/s/nhnacademy/b/gyeongnam_campus/p/hive/d/24e124725d081175/sp/8인 책상/n/8인 책상/e/battery
Message Data:
time: 1745382552645
value: 76

2025-04-23 13:29:13 [MQTT Call: ygw] INFO  com.example.mqtt.InfluxDBService - Extracted tagkey -> location: hive, kind: 8인 책상, data: battery
Value into InfluxDB: 76.0
2025-04-23 13:29:13 [MQTT Call: ygw] INFO  com.example.mqtt.MessageData - Data sent to InfluxDBService: data/s/nhnacademy/b/gyeongnam_campus/p/hive/d/24e124725d081175/sp/8인 책상/n/8인 책상/e/battery -> 76.0
2025-04-23 13:29:13 [MQTT Call: ygw] INFO  com.example.mqtt.MessageData - Topic: data/s/nhnacademy/b/gyeongnam_campus/p/hive/d/24e124725d081175/sp/8인 책상/n/8인 책상/e/co2
Message Data:
time: 1745382552645
value: 552

2025-04-23 13:29:13 [MQTT Call: ygw] INFO  com.example.mqtt.InfluxDBService - Extracted tagkey -> location: hive, kind: 8인 책상, data: co2
Value into InfluxDB: 552.0
2025-04-23 13:29:13 [MQTT Call: ygw] INFO  com.example.mqtt.MessageData - Data sent to InfluxDBService: data/s/nhnacademy/b/gyeongnam_campus/p/hive/d/24e124725d081175/sp/8인 책상/n/8인 책상/e/co2 -> 552.0
2025-04-23 13:29:13 [MQTT Call: ygw] INFO  com.example.mqtt.MessageData - Topic: data/s/nhnacademy/b/gyeongnam_campus/p/hive/d/24e124725d081175/sp/8인 책상/n/8인 책상/e/temperature
Message Data:
time: 1745382552645
value: 23.8

2025-04-23 13:29:13 [MQTT Call: ygw] INFO  com.example.mqtt.InfluxDBService - Extracted tagkey -> location: hive, kind: 8인 책상, data: temperature
Value into InfluxDB: 23.8
2025-04-23 13:29:13 [MQTT Call: ygw] INFO  com.example.mqtt.MessageData - Data sent to InfluxDBService: data/s/nhnacademy/b/gyeongnam_campus/p/hive/d/24e124725d081175/sp/8인 책상/n/8인 책상/e/temperature -> 23.8
2025-04-23 13:29:13 [MQTT Call: ygw] INFO  com.example.mqtt.MessageData - Topic: data/s/nhnacademy/b/gyeongnam_campus/p/hive/d/24e124725d081175/sp/8인 책상/n/8인 책상/g/24e124fffef79304/e/lora
Message Data:
time: 1745382552645
value: 

2025-04-23 13:29:13 [MQTT Call: ygw] INFO  com.example.mqtt.InfluxDBService - Extracted tagkey -> location: hive, kind: 8인 책상, data: lora
Value into InfluxDB: 0.0
2025-04-23 13:29:13 [MQTT Call: ygw] INFO  com.example.mqtt.MessageData - Data sent to InfluxDBService: data/s/nhnacademy/b/gyeongnam_campus/p/hive/d/24e124725d081175/sp/8인 책상/n/8인 책상/g/24e124fffef79304/e/lora -> 0.0
2025-04-23 13:29:13 [MQTT Call: ygw] INFO  com.example.mqtt.MessageData - Topic: data/s/nhnacademy/b/gyeongnam_campus/p/hive/d/24e124725d081175/sp/8인 책상/n/8인 책상/g/24e124fffef5dccc/e/lora
Message Data:
time: 1745382552645
value: 

2025-04-23 13:29:13 [MQTT Call: ygw] INFO  com.example.mqtt.InfluxDBService - Extracted tagkey -> location: hive, kind: 8인 책상, data: lora
Value into InfluxDB: 0.0
2025-04-23 13:29:13 [MQTT Call: ygw] INFO  com.example.mqtt.MessageData - Data sent to InfluxDBService: data/s/nhnacademy/b/gyeongnam_campus/p/hive/d/24e124725d081175/sp/8인 책상/n/8인 책상/g/24e124fffef5dccc/e/lora -> 0.0
2025-04-23 13:29:19 [MQTT Call: ygw] INFO  com.example.mqtt.MessageData - Topic: data/s/nhnacademy/b/gyeongnam_campus/p/class_a/d/24e124128c067999/sp/입구/n/입구/e/tvoc
Message Data:
time: 1745382558580
value: 297

2025-04-23 13:29:19 [MQTT Call: ygw] INFO  com.example.mqtt.InfluxDBService - Extracted tagkey -> location: class_a, kind: 입구, data: tvoc
Value into InfluxDB: 297.0
2025-04-23 13:29:19 [MQTT Call: ygw] INFO  com.example.mqtt.MessageData - Data sent to InfluxDBService: data/s/nhnacademy/b/gyeongnam_campus/p/class_a/d/24e124128c067999/sp/입구/n/입구/e/tvoc -> 297.0
2025-04-23 13:29:19 [MQTT Call: ygw] INFO  com.example.mqtt.MessageData - Topic: data/s/nhnacademy/b/gyeongnam_campus/p/class_a/d/24e124128c067999/sp/입구/n/입구/e/pressure
Message Data:
time: 1745382558580
value: 997.6

2025-04-23 13:29:19 [MQTT Call: ygw] INFO  com.example.mqtt.InfluxDBService - Extracted tagkey -> location: class_a, kind: 입구, data: pressure
Value into InfluxDB: 997.6
2025-04-23 13:29:19 [MQTT Call: ygw] INFO  com.example.mqtt.MessageData - Data sent to InfluxDBService: data/s/nhnacademy/b/gyeongnam_campus/p/class_a/d/24e124128c067999/sp/입구/n/입구/e/pressure -> 997.6
2025-04-23 13:29:19 [MQTT Call: ygw] INFO  com.example.mqtt.MessageData - Topic: data/s/nhnacademy/b/gyeongnam_campus/p/class_a/d/24e124128c067999/sp/입구/n/입구/e/illumination
Message Data:
time: 1745382558580
value: 67

2025-04-23 13:29:19 [MQTT Call: ygw] INFO  com.example.mqtt.InfluxDBService - Extracted tagkey -> location: class_a, kind: 입구, data: illumination
Value into InfluxDB: 67.0
2025-04-23 13:29:19 [MQTT Call: ygw] INFO  com.example.mqtt.MessageData - Data sent to InfluxDBService: data/s/nhnacademy/b/gyeongnam_campus/p/class_a/d/24e124128c067999/sp/입구/n/입구/e/illumination -> 67.0
2025-04-23 13:29:19 [MQTT Call: ygw] INFO  com.example.mqtt.MessageData - Topic: data/s/nhnacademy/b/gyeongnam_campus/p/class_a/d/24e124128c067999/sp/입구/n/입구/e/humidity
Message Data:
time: 1745382558580
value: 46.5

2025-04-23 13:29:19 [MQTT Call: ygw] INFO  com.example.mqtt.InfluxDBService - Extracted tagkey -> location: class_a, kind: 입구, data: humidity
Value into InfluxDB: 46.5
2025-04-23 13:29:19 [MQTT Call: ygw] INFO  com.example.mqtt.MessageData - Data sent to InfluxDBService: data/s/nhnacademy/b/gyeongnam_campus/p/class_a/d/24e124128c067999/sp/입구/n/입구/e/humidity -> 46.5
2025-04-23 13:29:19 [MQTT Call: ygw] INFO  com.example.mqtt.MessageData - Topic: data/s/nhnacademy/b/gyeongnam_campus/p/class_a/d/24e124128c067999/sp/입구/n/입구/e/infrared_and_visible
Message Data:
time: 1745382558580
value: 46

2025-04-23 13:29:19 [MQTT Call: ygw] INFO  com.example.mqtt.InfluxDBService - Extracted tagkey -> location: class_a, kind: 입구, data: infrared_and_visible
Value into InfluxDB: 46.0
2025-04-23 13:29:19 [MQTT Call: ygw] INFO  com.example.mqtt.MessageData - Data sent to InfluxDBService: data/s/nhnacademy/b/gyeongnam_campus/p/class_a/d/24e124128c067999/sp/입구/n/입구/e/infrared_and_visible -> 46.0
2025-04-23 13:29:19 [MQTT Call: ygw] INFO  com.example.mqtt.MessageData - Topic: data/s/nhnacademy/b/gyeongnam_campus/p/class_a/d/24e124128c067999/sp/입구/n/입구/e/temperature
Message Data:
time: 1745382558580
value: 24

2025-04-23 13:29:19 [MQTT Call: ygw] INFO  com.example.mqtt.InfluxDBService - Extracted tagkey -> location: class_a, kind: 입구, data: temperature
Value into InfluxDB: 24.0
2025-04-23 13:29:19 [MQTT Call: ygw] INFO  com.example.mqtt.MessageData - Data sent to InfluxDBService: data/s/nhnacademy/b/gyeongnam_campus/p/class_a/d/24e124128c067999/sp/입구/n/입구/e/temperature -> 24.0
2025-04-23 13:29:19 [MQTT Call: ygw] INFO  com.example.mqtt.MessageData - Topic: data/s/nhnacademy/b/gyeongnam_campus/p/class_a/d/24e124128c067999/sp/입구/n/입구/e/activity
Message Data:
time: 1745382558580
value: 8

2025-04-23 13:29:19 [MQTT Call: ygw] INFO  com.example.mqtt.InfluxDBService - Extracted tagkey -> location: class_a, kind: 입구, data: activity
Value into InfluxDB: 8.0
2025-04-23 13:29:19 [MQTT Call: ygw] INFO  com.example.mqtt.MessageData - Data sent to InfluxDBService: data/s/nhnacademy/b/gyeongnam_campus/p/class_a/d/24e124128c067999/sp/입구/n/입구/e/activity -> 8.0
2025-04-23 13:29:19 [MQTT Call: ygw] INFO  com.example.mqtt.MessageData - Topic: data/s/nhnacademy/b/gyeongnam_campus/p/class_a/d/24e124128c067999/sp/입구/n/입구/e/co2
Message Data:
time: 1745382558580
value: 1052

2025-04-23 13:29:19 [MQTT Call: ygw] INFO  com.example.mqtt.InfluxDBService - Extracted tagkey -> location: class_a, kind: 입구, data: co2
Value into InfluxDB: 1052.0
2025-04-23 13:29:19 [MQTT Call: ygw] INFO  com.example.mqtt.MessageData - Data sent to InfluxDBService: data/s/nhnacademy/b/gyeongnam_campus/p/class_a/d/24e124128c067999/sp/입구/n/입구/e/co2 -> 1052.0
2025-04-23 13:29:19 [MQTT Call: ygw] INFO  com.example.mqtt.MessageData - Topic: data/s/nhnacademy/b/gyeongnam_campus/p/class_a/d/24e124128c067999/sp/입구/n/입구/e/infrared
Message Data:
time: 1745382558580
value: 7

2025-04-23 13:29:19 [MQTT Call: ygw] INFO  com.example.mqtt.InfluxDBService - Extracted tagkey -> location: class_a, kind: 입구, data: infrared
Value into InfluxDB: 7.0
2025-04-23 13:29:19 [MQTT Call: ygw] INFO  com.example.mqtt.MessageData - Data sent to InfluxDBService: data/s/nhnacademy/b/gyeongnam_campus/p/class_a/d/24e124128c067999/sp/입구/n/입구/e/infrared -> 7.0
2025-04-23 13:29:19 [MQTT Call: ygw] INFO  com.example.mqtt.MessageData - Topic: data/s/nhnacademy/b/gyeongnam_campus/p/class_a/d/24e124128c067999/sp/입구/n/입구/g/24e124fffef79304/e/lora
Message Data:
time: 1745382558580
value: 

2025-04-23 13:29:19 [MQTT Call: ygw] INFO  com.example.mqtt.InfluxDBService - Extracted tagkey -> location: class_a, kind: 입구, data: lora
Value into InfluxDB: 0.0
2025-04-23 13:29:19 [MQTT Call: ygw] INFO  com.example.mqtt.MessageData - Data sent to InfluxDBService: data/s/nhnacademy/b/gyeongnam_campus/p/class_a/d/24e124128c067999/sp/입구/n/입구/g/24e124fffef79304/e/lora -> 0.0
2025-04-23 13:29:19 [MQTT Call: ygw] INFO  com.example.mqtt.MessageData - Topic: data/s/nhnacademy/b/gyeongnam_campus/p/class_a/d/24e124128c067999/sp/입구/n/입구/g/24e124fffef5dccc/e/lora
Message Data:
time: 1745382558580
value: 

2025-04-23 13:29:19 [MQTT Call: ygw] INFO  com.example.mqtt.InfluxDBService - Extracted tagkey -> location: class_a, kind: 입구, data: lora
Value into InfluxDB: 0.0
2025-04-23 13:29:19 [MQTT Call: ygw] INFO  com.example.mqtt.MessageData - Data sent to InfluxDBService: data/s/nhnacademy/b/gyeongnam_campus/p/class_a/d/24e124128c067999/sp/입구/n/입구/g/24e124fffef5dccc/e/lora -> 0.0
2025-04-23 13:29:23 [MQTT Call: ygw] INFO  com.example.mqtt.MessageData - Topic: data/s/nhnacademy/b/gyeongnam_campus/p/meeting_room/d/24e124136d151836/n/안쪽벽 중앙/e/temperature
Message Data:
time: 1745382563046
value: 23.4

2025-04-23 13:29:23 [MQTT Call: ygw] INFO  com.example.mqtt.InfluxDBService - Extracted tagkey -> location: meeting_room, kind: 안쪽벽 중앙, data: temperature
Value into InfluxDB: 23.4
2025-04-23 13:29:23 [MQTT Call: ygw] INFO  com.example.mqtt.MessageData - Data sent to InfluxDBService: data/s/nhnacademy/b/gyeongnam_campus/p/meeting_room/d/24e124136d151836/n/안쪽벽 중앙/e/temperature -> 23.4
2025-04-23 13:29:23 [MQTT Call: ygw] INFO  com.example.mqtt.MessageData - Topic: data/s/nhnacademy/b/gyeongnam_campus/p/meeting_room/d/24e124136d151836/n/안쪽벽 중앙/e/humidity
Message Data:
time: 1745382563046
value: 47.5

2025-04-23 13:29:23 [MQTT Call: ygw] INFO  com.example.mqtt.InfluxDBService - Extracted tagkey -> location: meeting_room, kind: 안쪽벽 중앙, data: humidity
Value into InfluxDB: 47.5
2025-04-23 13:29:23 [MQTT Call: ygw] INFO  com.example.mqtt.MessageData - Data sent to InfluxDBService: data/s/nhnacademy/b/gyeongnam_campus/p/meeting_room/d/24e124136d151836/n/안쪽벽 중앙/e/humidity -> 47.5
2025-04-23 13:29:23 [MQTT Call: ygw] INFO  com.example.mqtt.MessageData - Topic: data/s/nhnacademy/b/gyeongnam_campus/p/meeting_room/d/24e124136d151836/n/안쪽벽 중앙/g/24e124fffef5dccc/e/lora
Message Data:
time: 1745382563046
value: 

2025-04-23 13:29:23 [MQTT Call: ygw] INFO  com.example.mqtt.InfluxDBService - Extracted tagkey -> location: meeting_room, kind: 안쪽벽 중앙, data: lora
Value into InfluxDB: 0.0
2025-04-23 13:29:23 [MQTT Call: ygw] INFO  com.example.mqtt.MessageData - Data sent to InfluxDBService: data/s/nhnacademy/b/gyeongnam_campus/p/meeting_room/d/24e124136d151836/n/안쪽벽 중앙/g/24e124fffef5dccc/e/lora -> 0.0
2025-04-23 13:29:23 [MQTT Call: ygw] INFO  com.example.mqtt.MessageData - Topic: data/s/nhnacademy/b/gyeongnam_campus/p/meeting_room/d/24e124136d151836/n/안쪽벽 중앙/g/24e124fffef79304/e/lora
Message Data:
time: 1745382563046
value: 

2025-04-23 13:29:23 [MQTT Call: ygw] INFO  com.example.mqtt.InfluxDBService - Extracted tagkey -> location: meeting_room, kind: 안쪽벽 중앙, data: lora
Value into InfluxDB: 0.0
2025-04-23 13:29:24 [MQTT Call: ygw] INFO  com.example.mqtt.MessageData - Data sent to InfluxDBService: data/s/nhnacademy/b/gyeongnam_campus/p/meeting_room/d/24e124136d151836/n/안쪽벽 중앙/g/24e124fffef79304/e/lora -> 0.0
2025-04-23 13:29:26 [MQTT Call: ygw] INFO  com.example.mqtt.MessageData - Topic: data/s/nhnacademy/b/gyeongnam_campus/p/server_room/d/24e124136d151368/n/입구/e/humidity
Message Data:
time: 1745382563711
value: 47

2025-04-23 13:29:26 [MQTT Call: ygw] INFO  com.example.mqtt.InfluxDBService - Extracted tagkey -> location: server_room, kind: 입구, data: humidity
Value into InfluxDB: 47.0
2025-04-23 13:29:26 [MQTT Call: ygw] INFO  com.example.mqtt.MessageData - Data sent to InfluxDBService: data/s/nhnacademy/b/gyeongnam_campus/p/server_room/d/24e124136d151368/n/입구/e/humidity -> 47.0
2025-04-23 13:29:26 [MQTT Call: ygw] INFO  com.example.mqtt.MessageData - Topic: data/s/nhnacademy/b/gyeongnam_campus/p/server_room/d/24e124136d151368/n/입구/e/temperature
Message Data:
time: 1745382563711
value: 23.9

2025-04-23 13:29:26 [MQTT Call: ygw] INFO  com.example.mqtt.InfluxDBService - Extracted tagkey -> location: server_room, kind: 입구, data: temperature
Value into InfluxDB: 23.9
2025-04-23 13:29:26 [MQTT Call: ygw] INFO  com.example.mqtt.MessageData - Data sent to InfluxDBService: data/s/nhnacademy/b/gyeongnam_campus/p/server_room/d/24e124136d151368/n/입구/e/temperature -> 23.9
2025-04-23 13:29:26 [MQTT Call: ygw] INFO  com.example.mqtt.MessageData - Topic: data/s/nhnacademy/b/gyeongnam_campus/p/server_room/d/24e124136d151368/n/입구/g/24e124fffef5dccc/e/lora
Message Data:
time: 1745382563711
value: 

2025-04-23 13:29:26 [MQTT Call: ygw] INFO  com.example.mqtt.InfluxDBService - Extracted tagkey -> location: server_room, kind: 입구, data: lora
Value into InfluxDB: 0.0
2025-04-23 13:29:26 [MQTT Call: ygw] INFO  com.example.mqtt.MessageData - Data sent to InfluxDBService: data/s/nhnacademy/b/gyeongnam_campus/p/server_room/d/24e124136d151368/n/입구/g/24e124fffef5dccc/e/lora -> 0.0
2025-04-23 13:29:26 [MQTT Call: ygw] INFO  com.example.mqtt.MessageData - Topic: data/s/nhnacademy/b/gyeongnam_campus/p/server_room/d/24e124136d151368/n/입구/g/24e124fffef79304/e/lora
Message Data:
time: 1745382563711
value: 

2025-04-23 13:29:26 [MQTT Call: ygw] INFO  com.example.mqtt.InfluxDBService - Extracted tagkey -> location: server_room, kind: 입구, data: lora
Value into InfluxDB: 0.0
2025-04-23 13:29:26 [MQTT Call: ygw] INFO  com.example.mqtt.MessageData - Data sent to InfluxDBService: data/s/nhnacademy/b/gyeongnam_campus/p/server_room/d/24e124136d151368/n/입구/g/24e124fffef79304/e/lora -> 0.0
2025-04-23 13:29:33 [MQTT Call: ygw] INFO  com.example.mqtt.MessageData - Topic: data/s/nhnacademy/b/gyeongnam_campus/p/hive/d/24e124126c452091/sp/farm/n/스마트팜/e/temperature
Message Data:
time: 1745382571987
value: 23.2

2025-04-23 13:29:33 [MQTT Call: ygw] INFO  com.example.mqtt.InfluxDBService - Extracted tagkey -> location: hive, kind: 스마트팜, data: temperature
Value into InfluxDB: 23.2
2025-04-23 13:29:34 [MQTT Call: ygw] INFO  com.example.mqtt.MessageData - Data sent to InfluxDBService: data/s/nhnacademy/b/gyeongnam_campus/p/hive/d/24e124126c452091/sp/farm/n/스마트팜/e/temperature -> 23.2
2025-04-23 13:29:39 [MQTT Call: ygw] INFO  com.example.mqtt.MessageData - Topic: data/s/nhnacademy/b/gyeongnam_campus/p/hive/d/24e124126c452091/sp/farm/n/스마트팜/g/24e124fffef5dccc/e/lora
Message Data:
time: 1745382571987
value: 

2025-04-23 13:29:39 [MQTT Call: ygw] INFO  com.example.mqtt.InfluxDBService - Extracted tagkey -> location: hive, kind: 스마트팜, data: lora
Value into InfluxDB: 0.0
2025-04-23 13:29:39 [MQTT Call: ygw] INFO  com.example.mqtt.MessageData - Data sent to InfluxDBService: data/s/nhnacademy/b/gyeongnam_campus/p/hive/d/24e124126c452091/sp/farm/n/스마트팜/g/24e124fffef5dccc/e/lora -> 0.0
2025-04-23 13:29:39 [MQTT Call: ygw] INFO  com.example.mqtt.MessageData - Topic: data/s/nhnacademy/b/gyeongnam_campus/p/hive/d/24e124126c452091/sp/farm/n/스마트팜/g/24e124fffef79304/e/lora
Message Data:
time: 1745382571987
value: 

2025-04-23 13:29:39 [MQTT Call: ygw] INFO  com.example.mqtt.InfluxDBService - Extracted tagkey -> location: hive, kind: 스마트팜, data: lora
Value into InfluxDB: 0.0
2025-04-23 13:29:39 [MQTT Call: ygw] INFO  com.example.mqtt.MessageData - Data sent to InfluxDBService: data/s/nhnacademy/b/gyeongnam_campus/p/hive/d/24e124126c452091/sp/farm/n/스마트팜/g/24e124fffef79304/e/lora -> 0.0
2025-04-23 13:29:43 [MQTT Call: ygw] INFO  com.example.mqtt.MessageData - Topic: data/s/nhnacademy/b/gyeongnam_campus/p/storage/d/24e124136d151547/n/입구/e/humidity
Message Data:
time: 1745382582818
value: 127.5

2025-04-23 13:29:43 [MQTT Call: ygw] INFO  com.example.mqtt.InfluxDBService - Extracted tagkey -> location: storage, kind: 입구, data: humidity
Value into InfluxDB: 127.5
2025-04-23 13:29:43 [MQTT Call: ygw] INFO  com.example.mqtt.MessageData - Data sent to InfluxDBService: data/s/nhnacademy/b/gyeongnam_campus/p/storage/d/24e124136d151547/n/입구/e/humidity -> 127.5
2025-04-23 13:29:44 [MQTT Call: ygw] INFO  com.example.mqtt.MessageData - Topic: data/s/nhnacademy/b/gyeongnam_campus/p/storage/d/24e124136d151547/n/입구/e/battery
Message Data:
time: 1745382582818
value: 1

2025-04-23 13:29:44 [MQTT Call: ygw] INFO  com.example.mqtt.InfluxDBService - Extracted tagkey -> location: storage, kind: 입구, data: battery
Value into InfluxDB: 1.0
2025-04-23 13:29:44 [MQTT Call: ygw] INFO  com.example.mqtt.MessageData - Data sent to InfluxDBService: data/s/nhnacademy/b/gyeongnam_campus/p/storage/d/24e124136d151547/n/입구/e/battery -> 1.0
2025-04-23 13:29:44 [MQTT Call: ygw] INFO  com.example.mqtt.MessageData - Topic: data/s/nhnacademy/b/gyeongnam_campus/p/storage/d/24e124136d151547/n/입구/e/temperature
Message Data:
time: 1745382582818
value: -0.1

2025-04-23 13:29:44 [MQTT Call: ygw] INFO  com.example.mqtt.InfluxDBService - Extracted tagkey -> location: storage, kind: 입구, data: temperature
Value into InfluxDB: -0.1
2025-04-23 13:29:44 [MQTT Call: ygw] INFO  com.example.mqtt.MessageData - Data sent to InfluxDBService: data/s/nhnacademy/b/gyeongnam_campus/p/storage/d/24e124136d151547/n/입구/e/temperature -> -0.1
2025-04-23 13:29:44 [MQTT Call: ygw] INFO  com.example.mqtt.MessageData - Topic: data/s/nhnacademy/b/gyeongnam_campus/p/storage/d/24e124136d151547/n/입구/g/24e124fffef5dccc/e/lora
Message Data:
time: 1745382582818
value: 

2025-04-23 13:29:44 [MQTT Call: ygw] INFO  com.example.mqtt.InfluxDBService - Extracted tagkey -> location: storage, kind: 입구, data: lora
Value into InfluxDB: 0.0
2025-04-23 13:29:44 [MQTT Call: ygw] INFO  com.example.mqtt.MessageData - Data sent to InfluxDBService: data/s/nhnacademy/b/gyeongnam_campus/p/storage/d/24e124136d151547/n/입구/g/24e124fffef5dccc/e/lora -> 0.0
2025-04-23 13:29:44 [MQTT Call: ygw] INFO  com.example.mqtt.MessageData - Topic: data/s/nhnacademy/b/gyeongnam_campus/p/storage/d/24e124136d151547/n/입구/g/24e124fffef79304/e/lora
Message Data:
time: 1745382582818
value: 

2025-04-23 13:29:44 [MQTT Call: ygw] INFO  com.example.mqtt.InfluxDBService - Extracted tagkey -> location: storage, kind: 입구, data: lora
Value into InfluxDB: 0.0
2025-04-23 13:29:44 [MQTT Call: ygw] INFO  com.example.mqtt.MessageData - Data sent to InfluxDBService: data/s/nhnacademy/b/gyeongnam_campus/p/storage/d/24e124136d151547/n/입구/g/24e124fffef79304/e/lora -> 0.0
2025-04-23 13:29:46 [MQTT Call: ygw] INFO  com.example.mqtt.MessageData - Topic: data/s/nhnacademy/b/gyeongnam_campus/p/class_a/d/24e124126d152969/n/왼쪽 뒤/e/humidity
Message Data:
time: 1745382584229
value: 51.5

2025-04-23 13:29:46 [MQTT Call: ygw] INFO  com.example.mqtt.InfluxDBService - Extracted tagkey -> location: class_a, kind: 왼쪽 뒤, data: humidity
Value into InfluxDB: 51.5
2025-04-23 13:29:46 [MQTT Call: ygw] INFO  com.example.mqtt.MessageData - Data sent to InfluxDBService: data/s/nhnacademy/b/gyeongnam_campus/p/class_a/d/24e124126d152969/n/왼쪽 뒤/e/humidity -> 51.5
2025-04-23 13:29:46 [MQTT Call: ygw] INFO  com.example.mqtt.MessageData - Topic: data/s/nhnacademy/b/gyeongnam_campus/p/class_a/d/24e124126d152969/n/왼쪽 뒤/e/temperature
Message Data:
time: 1745382584229
value: 23.6

2025-04-23 13:29:46 [MQTT Call: ygw] INFO  com.example.mqtt.InfluxDBService - Extracted tagkey -> location: class_a, kind: 왼쪽 뒤, data: temperature
Value into InfluxDB: 23.6
2025-04-23 13:29:46 [MQTT Call: ygw] INFO  com.example.mqtt.MessageData - Data sent to InfluxDBService: data/s/nhnacademy/b/gyeongnam_campus/p/class_a/d/24e124126d152969/n/왼쪽 뒤/e/temperature -> 23.6
2025-04-23 13:29:46 [MQTT Call: ygw] INFO  com.example.mqtt.MessageData - Topic: data/s/nhnacademy/b/gyeongnam_campus/p/class_a/d/24e124126d152969/n/왼쪽 뒤/e/co2
Message Data:
time: 1745382584229
value: 1137

2025-04-23 13:29:46 [MQTT Call: ygw] INFO  com.example.mqtt.InfluxDBService - Extracted tagkey -> location: class_a, kind: 왼쪽 뒤, data: co2
Value into InfluxDB: 1137.0
2025-04-23 13:29:46 [MQTT Call: ygw] INFO  com.example.mqtt.MessageData - Data sent to InfluxDBService: data/s/nhnacademy/b/gyeongnam_campus/p/class_a/d/24e124126d152969/n/왼쪽 뒤/e/co2 -> 1137.0
2025-04-23 13:29:46 [MQTT Call: ygw] INFO  com.example.mqtt.MessageData - Topic: data/s/nhnacademy/b/gyeongnam_campus/p/class_a/d/24e124126d152969/n/왼쪽 뒤/e/pressure
Message Data:
time: 1745382584229
value: 1004.9

2025-04-23 13:29:46 [MQTT Call: ygw] INFO  com.example.mqtt.InfluxDBService - Extracted tagkey -> location: class_a, kind: 왼쪽 뒤, data: pressure
Value into InfluxDB: 1004.9
2025-04-23 13:29:46 [MQTT Call: ygw] INFO  com.example.mqtt.MessageData - Data sent to InfluxDBService: data/s/nhnacademy/b/gyeongnam_campus/p/class_a/d/24e124126d152969/n/왼쪽 뒤/e/pressure -> 1004.9
2025-04-23 13:29:46 [MQTT Call: ygw] INFO  com.example.mqtt.MessageData - Topic: data/s/nhnacademy/b/gyeongnam_campus/p/class_a/d/24e124126d152969/n/왼쪽 뒤/g/24e124fffef79304/e/lora
Message Data:
time: 1745382584229
value: 

2025-04-23 13:29:46 [MQTT Call: ygw] INFO  com.example.mqtt.InfluxDBService - Extracted tagkey -> location: class_a, kind: 왼쪽 뒤, data: lora
Value into InfluxDB: 0.0
2025-04-23 13:29:46 [MQTT Call: ygw] INFO  com.example.mqtt.MessageData - Data sent to InfluxDBService: data/s/nhnacademy/b/gyeongnam_campus/p/class_a/d/24e124126d152969/n/왼쪽 뒤/g/24e124fffef79304/e/lora -> 0.0
2025-04-23 13:29:46 [MQTT Call: ygw] INFO  com.example.mqtt.MessageData - Topic: data/s/nhnacademy/b/gyeongnam_campus/p/class_a/d/24e124126d152969/n/왼쪽 뒤/g/24e124fffef5dccc/e/lora
Message Data:
time: 1745382584229
value: 

2025-04-23 13:29:46 [MQTT Call: ygw] INFO  com.example.mqtt.InfluxDBService - Extracted tagkey -> location: class_a, kind: 왼쪽 뒤, data: lora
Value into InfluxDB: 0.0
2025-04-23 13:29:46 [MQTT Call: ygw] INFO  com.example.mqtt.MessageData - Data sent to InfluxDBService: data/s/nhnacademy/b/gyeongnam_campus/p/class_a/d/24e124126d152969/n/왼쪽 뒤/g/24e124fffef5dccc/e/lora -> 0.0
2025-04-23 13:29:46 [MQTT Call: ygw] INFO  com.example.mqtt.MessageData - Topic: data/s/nhnacademy/b/gyeongnam_campus/p/hive/d/24e124126d111937/sp/farm/n/스마트팜/e/illumination
Message Data:
time: 1745382585943
value: 320

2025-04-23 13:29:46 [MQTT Call: ygw] INFO  com.example.mqtt.InfluxDBService - Extracted tagkey -> location: hive, kind: 스마트팜, data: illumination
Value into InfluxDB: 320.0
2025-04-23 13:29:46 [MQTT Call: ygw] INFO  com.example.mqtt.MessageData - Data sent to InfluxDBService: data/s/nhnacademy/b/gyeongnam_campus/p/hive/d/24e124126d111937/sp/farm/n/스마트팜/e/illumination -> 320.0
2025-04-23 13:29:48 [MQTT Call: ygw] INFO  com.example.mqtt.MessageData - Topic: data/s/nhnacademy/b/gyeongnam_campus/p/hive/d/24e124126d111937/sp/farm/n/스마트팜/g/24e124fffef79304/e/lora
Message Data:
time: 1745382585943
value: 

2025-04-23 13:29:48 [MQTT Call: ygw] INFO  com.example.mqtt.InfluxDBService - Extracted tagkey -> location: hive, kind: 스마트팜, data: lora
Value into InfluxDB: 0.0
2025-04-23 13:29:48 [MQTT Call: ygw] INFO  com.example.mqtt.MessageData - Data sent to InfluxDBService: data/s/nhnacademy/b/gyeongnam_campus/p/hive/d/24e124126d111937/sp/farm/n/스마트팜/g/24e124fffef79304/e/lora -> 0.0
2025-04-23 13:29:48 [MQTT Call: ygw] INFO  com.example.mqtt.MessageData - Topic: data/s/nhnacademy/b/gyeongnam_campus/p/hive/d/24e124126d111937/sp/farm/n/스마트팜/g/24e124fffef5dccc/e/lora
Message Data:
time: 1745382585943
value: 

2025-04-23 13:29:48 [MQTT Call: ygw] INFO  com.example.mqtt.InfluxDBService - Extracted tagkey -> location: hive, kind: 스마트팜, data: lora
Value into InfluxDB: 0.0
2025-04-23 13:29:48 [MQTT Call: ygw] INFO  com.example.mqtt.MessageData - Data sent to InfluxDBService: data/s/nhnacademy/b/gyeongnam_campus/p/hive/d/24e124126d111937/sp/farm/n/스마트팜/g/24e124fffef5dccc/e/lora -> 0.0
2025-04-23 13:29:50 [MQTT Call: ygw] INFO  com.example.mqtt.MessageData - Topic: data/s/nhnacademy/b/gyeongnam_campus/p/campus/d/gem3500_1/n/캠퍼스_LL/e/voltage
Message Data:
time: 1745382590237
value: 377.97

2025-04-23 13:29:50 [MQTT Call: ygw] INFO  com.example.mqtt.InfluxDBService - Extracted tagkey -> location: campus, kind: 캠퍼스_LL, data: voltage
Value into InfluxDB: 377.97
2025-04-23 13:29:50 [MQTT Call: ygw] INFO  com.example.mqtt.MessageData - Data sent to InfluxDBService: data/s/nhnacademy/b/gyeongnam_campus/p/campus/d/gem3500_1/n/캠퍼스_LL/e/voltage -> 377.97
2025-04-23 13:29:50 [MQTT Call: ygw] INFO  com.example.mqtt.MessageData - Topic: data/s/nhnacademy/b/gyeongnam_campus/p/campus/d/gem3500_1/n/캠퍼스_LN/e/voltage
Message Data:
time: 1745382590237
value: 218.22

2025-04-23 13:29:50 [MQTT Call: ygw] INFO  com.example.mqtt.InfluxDBService - Extracted tagkey -> location: campus, kind: 캠퍼스_LN, data: voltage
Value into InfluxDB: 218.22
2025-04-23 13:29:50 [MQTT Call: ygw] INFO  com.example.mqtt.MessageData - Data sent to InfluxDBService: data/s/nhnacademy/b/gyeongnam_campus/p/campus/d/gem3500_1/n/캠퍼스_LN/e/voltage -> 218.22
2025-04-23 13:29:50 [MQTT Call: ygw] INFO  com.example.mqtt.MessageData - Topic: data/s/nhnacademy/b/gyeongnam_campus/p/campus/d/gem3500_1/n/캠퍼스1/e/power_meter
Message Data:
time: 1745382590338
type: 5
leakageCurrent: 0
current: 2785
activePower: 5104
reactivePower: -1871
tapparentPower: 6049
powerFactor: 84.37
currentUnbalance: 53.25
lines: 

2025-04-23 13:29:50 [MQTT Call: ygw] WARN  com.example.mqtt.MessageData - No 'value' field found in message, skipping InfluxDB write.
2025-04-23 13:29:50 [MQTT Call: ygw] INFO  com.example.mqtt.MessageData - Topic: data/s/nhnacademy/b/gyeongnam_campus/p/campus/d/gem3500_1/n/전등1/e/power_meter
Message Data:
time: 1745382590439
type: 3
leakageCurrent: 0
current: 701
activePower: 1307
reactivePower: -326
tapparentPower: 1528
powerFactor: 85.55
currentUnbalance: 0
lines: 

2025-04-23 13:29:50 [MQTT Call: ygw] WARN  com.example.mqtt.MessageData - No 'value' field found in message, skipping InfluxDB write.
2025-04-23 13:29:50 [MQTT Call: ygw] INFO  com.example.mqtt.MessageData - Topic: data/s/nhnacademy/b/gyeongnam_campus/p/campus/d/gem3500_1/n/전등2/e/power_meter
Message Data:
time: 1745382590541
type: 1
leakageCurrent: 0
current: 663
activePower: 1338
reactivePower: -328
tapparentPower: 1454
powerFactor: 92.07
currentUnbalance: 0
lines: 

2025-04-23 13:29:50 [MQTT Call: ygw] WARN  com.example.mqtt.MessageData - No 'value' field found in message, skipping InfluxDB write.
2025-04-23 13:29:50 [MQTT Call: ygw] INFO  com.example.mqtt.MessageData - Topic: data/s/nhnacademy/b/gyeongnam_campus/p/campus/d/gem3500_1/n/전등3/e/power_meter
Message Data:
time: 1745382590640
type: 2
leakageCurrent: 0
current: 0
activePower: 0
reactivePower: 0
tapparentPower: 0
powerFactor: 0
currentUnbalance: 0
lines: 

2025-04-23 13:29:50 [MQTT Call: ygw] WARN  com.example.mqtt.MessageData - No 'value' field found in message, skipping InfluxDB write.
2025-04-23 13:29:50 [MQTT Call: ygw] INFO  com.example.mqtt.MessageData - Topic: data/s/nhnacademy/b/gyeongnam_campus/p/campus/d/gem3500_1/n/강의실b_바닥/e/power_meter
Message Data:
time: 1745382590742
type: 3
leakageCurrent: 0
current: 235
activePower: 376
reactivePower: -232
tapparentPower: 499
powerFactor: 75.48
currentUnbalance: 0
lines: 

2025-04-23 13:29:50 [MQTT Call: ygw] WARN  com.example.mqtt.MessageData - No 'value' field found in message, skipping InfluxDB write.
2025-04-23 13:29:51 [MQTT Call: ygw] INFO  com.example.mqtt.MessageData - Topic: data/s/nhnacademy/b/gyeongnam_campus/p/campus/d/gem3500_1/n/강의실a_바닥1/e/power_meter
Message Data:
time: 1745382590847
type: 1
leakageCurrent: 0
current: 278
activePower: 463
reactivePower: -340
tapparentPower: 619
powerFactor: 74.8
currentUnbalance: 0
lines: 

2025-04-23 13:29:51 [MQTT Call: ygw] WARN  com.example.mqtt.MessageData - No 'value' field found in message, skipping InfluxDB write.
2025-04-23 13:29:51 [MQTT Call: ygw] INFO  com.example.mqtt.MessageData - Topic: data/s/nhnacademy/b/gyeongnam_campus/p/campus/d/gem3500_1/n/강의실a_바닥2/e/power_meter
Message Data:
time: 1745382590946
type: 2
leakageCurrent: 0
current: 198
activePower: 355
reactivePower: -187
tapparentPower: 434
powerFactor: 81.76
currentUnbalance: 0
lines: 

2025-04-23 13:29:51 [MQTT Call: ygw] WARN  com.example.mqtt.MessageData - No 'value' field found in message, skipping InfluxDB write.
2025-04-23 13:29:51 [MQTT Call: ygw] INFO  com.example.mqtt.MessageData - Topic: data/s/nhnacademy/b/gyeongnam_campus/p/campus/d/gem3500_1/n/프로젝터1/e/power_meter
Message Data:
time: 1745382591045
type: 3
leakageCurrent: 0
current: 100
activePower: 134
reactivePower: -151
tapparentPower: 220
powerFactor: 60.86
currentUnbalance: 0
lines: 

2025-04-23 13:29:51 [MQTT Call: ygw] WARN  com.example.mqtt.MessageData - No 'value' field found in message, skipping InfluxDB write.
2025-04-23 13:29:51 [MQTT Call: ygw] INFO  com.example.mqtt.MessageData - Topic: data/s/nhnacademy/b/gyeongnam_campus/p/campus/d/gem3500_1/n/프로젝터2/e/power_meter
Message Data:
time: 1745382591147
type: 1
leakageCurrent: 0
current: 39
activePower: 45
reactivePower: -69
tapparentPower: 86
powerFactor: 52.77
currentUnbalance: 0
lines: 

2025-04-23 13:29:51 [MQTT Call: ygw] WARN  com.example.mqtt.MessageData - No 'value' field found in message, skipping InfluxDB write.
2025-04-23 13:29:51 [MQTT Call: ygw] INFO  com.example.mqtt.MessageData - Topic: data/s/nhnacademy/b/gyeongnam_campus/p/campus/d/gem3500_1/n/회의실/e/power_meter
Message Data:
time: 1745382591248
type: 2
leakageCurrent: 0
current: 14
activePower: 4
reactivePower: -28
tapparentPower: 31
powerFactor: 15.38
currentUnbalance: 0
lines: 

2025-04-23 13:29:51 [MQTT Call: ygw] WARN  com.example.mqtt.MessageData - No 'value' field found in message, skipping InfluxDB write.
2025-04-23 13:29:51 [MQTT Call: ygw] INFO  com.example.mqtt.MessageData - Topic: data/s/nhnacademy/b/gyeongnam_campus/p/campus/d/gem3500_1/n/서버실/e/power_meter
Message Data:
time: 1745382591352
type: 3
leakageCurrent: 0
current: 198
activePower: 388
reactivePower: -108
tapparentPower: 434
powerFactor: 89.5
currentUnbalance: 0
lines: 

2025-04-23 13:29:51 [MQTT Call: ygw] WARN  com.example.mqtt.MessageData - No 'value' field found in message, skipping InfluxDB write.
2025-04-23 13:29:51 [MQTT Call: ygw] INFO  com.example.mqtt.MessageData - Topic: data/s/nhnacademy/b/gyeongnam_campus/p/campus/d/gem3500_1/n/간판/e/power_meter
Message Data:
time: 1745382591451
type: 1
leakageCurrent: 0
current: 0
activePower: 0
reactivePower: 0
tapparentPower: 0
powerFactor: 0
currentUnbalance: 0
lines: 

2025-04-23 13:29:51 [MQTT Call: ygw] WARN  com.example.mqtt.MessageData - No 'value' field found in message, skipping InfluxDB write.
2025-04-23 13:29:51 [MQTT Call: ygw] INFO  com.example.mqtt.MessageData - Topic: data/s/nhnacademy/b/gyeongnam_campus/p/campus/d/gem3500_1/n/페어룸/e/power_meter
Message Data:
time: 1745382591552
type: 2
leakageCurrent: 0
current: 0
activePower: 0
reactivePower: 0
tapparentPower: 0
powerFactor: 0
currentUnbalance: 0
lines: 

2025-04-23 13:29:51 [MQTT Call: ygw] WARN  com.example.mqtt.MessageData - No 'value' field found in message, skipping InfluxDB write.
2025-04-23 13:29:51 [MQTT Call: ygw] INFO  com.example.mqtt.MessageData - Topic: data/s/nhnacademy/b/gyeongnam_campus/p/campus/d/gem3500_1/n/사무실_전열1/e/power_meter
Message Data:
time: 1745382591653
type: 3
leakageCurrent: 0
current: 83
activePower: 98
reactivePower: -52
tapparentPower: 177
powerFactor: 55.4
currentUnbalance: 0
lines: 

2025-04-23 13:29:51 [MQTT Call: ygw] WARN  com.example.mqtt.MessageData - No 'value' field found in message, skipping InfluxDB write.
2025-04-23 13:29:52 [MQTT Call: ygw] INFO  com.example.mqtt.MessageData - Topic: data/s/nhnacademy/b/gyeongnam_campus/p/campus/d/gem3500_1/n/사무실_전열2/e/power_meter
Message Data:
time: 1745382591755
type: 3
leakageCurrent: 0
current: 91
activePower: 103
reactivePower: -60
tapparentPower: 201
powerFactor: 51.19
currentUnbalance: 0
lines: 

2025-04-23 13:29:52 [MQTT Call: ygw] WARN  com.example.mqtt.MessageData - No 'value' field found in message, skipping InfluxDB write.
2025-04-23 13:29:52 [MQTT Call: ygw] INFO  com.example.mqtt.MessageData - Topic: data/s/nhnacademy/b/gyeongnam_campus/p/campus/d/gem3500_1/n/사무실_복사기/e/power_meter
Message Data:
time: 1745382591855
type: 1
leakageCurrent: 0
current: 7
activePower: 7
reactivePower: 0
tapparentPower: 14
powerFactor: 50
currentUnbalance: 0
lines: 

2025-04-23 13:29:52 [MQTT Call: ygw] WARN  com.example.mqtt.MessageData - No 'value' field found in message, skipping InfluxDB write.
2025-04-23 13:29:52 [MQTT Call: ygw] INFO  com.example.mqtt.MessageData - Topic: data/s/nhnacademy/b/gyeongnam_campus/p/campus/d/gem3500_1/n/빌트인_전열/e/power_meter
Message Data:
time: 1745382591955
type: 2
leakageCurrent: 0
current: 5
activePower: 4
reactivePower: -7
tapparentPower: 11
powerFactor: 40
currentUnbalance: 0
lines: 

2025-04-23 13:29:52 [MQTT Call: ygw] WARN  com.example.mqtt.MessageData - No 'value' field found in message, skipping InfluxDB write.
2025-04-23 13:29:52 [MQTT Call: ygw] INFO  com.example.mqtt.MessageData - Topic: data/s/nhnacademy/b/gyeongnam_campus/p/campus/d/gem3500_1/n/사무실_전열3/e/power_meter
Message Data:
time: 1745382592056
type: 3
leakageCurrent: 0
current: 0
activePower: 0
reactivePower: 0
tapparentPower: 0
powerFactor: 0
currentUnbalance: 0
lines: 

2025-04-23 13:29:52 [MQTT Call: ygw] WARN  com.example.mqtt.MessageData - No 'value' field found in message, skipping InfluxDB write.
2025-04-23 13:29:52 [MQTT Call: ygw] INFO  com.example.mqtt.MessageData - Topic: data/s/nhnacademy/b/gyeongnam_campus/p/campus/d/gem3500_1/n/정수기/e/power_meter
Message Data:
time: 1745382592157
type: 1
leakageCurrent: 0
current: 72
activePower: 103
reactivePower: 120
tapparentPower: 160
powerFactor: 64.17
currentUnbalance: 0
lines: 

2025-04-23 13:29:52 [MQTT Call: ygw] WARN  com.example.mqtt.MessageData - No 'value' field found in message, skipping InfluxDB write.
2025-04-23 13:29:52 [MQTT Call: ygw] INFO  com.example.mqtt.MessageData - Topic: data/s/nhnacademy/b/gyeongnam_campus/p/campus/d/gem3500_1/n/하이브_전열/e/power_meter
Message Data:
time: 1745382592259
type: 2
leakageCurrent: 0
current: 65
activePower: 124
reactivePower: -45
tapparentPower: 144
powerFactor: 86.66
currentUnbalance: 0
lines: 

2025-04-23 13:29:52 [MQTT Call: ygw] WARN  com.example.mqtt.MessageData - No 'value' field found in message, skipping InfluxDB write.
2025-04-23 13:29:52 [MQTT Call: ygw] INFO  com.example.mqtt.MessageData - Topic: data/s/nhnacademy/b/gyeongnam_campus/p/campus/d/gem3500_1/n/바텐_전열/e/power_meter
Message Data:
time: 1745382592361
type: 3
leakageCurrent: 0
current: 0
activePower: 0
reactivePower: 0
tapparentPower: 0
powerFactor: 0
currentUnbalance: 0
lines: 

2025-04-23 13:29:52 [MQTT Call: ygw] WARN  com.example.mqtt.MessageData - No 'value' field found in message, skipping InfluxDB write.
2025-04-23 13:29:52 [MQTT Call: ygw] INFO  com.example.mqtt.MessageData - Topic: data/s/nhnacademy/b/gyeongnam_campus/p/campus/d/gem3500_1/n/S_P/e/power_meter
Message Data:
time: 1745382592461
type: 1
leakageCurrent: 0
current: 0
activePower: 0
reactivePower: 0
tapparentPower: 0
powerFactor: 0
currentUnbalance: 0
lines: 

2025-04-23 13:29:52 [MQTT Call: ygw] WARN  com.example.mqtt.MessageData - No 'value' field found in message, skipping InfluxDB write.
2025-04-23 13:29:52 [MQTT Call: ygw] INFO  com.example.mqtt.MessageData - Topic: data/s/nhnacademy/b/gyeongnam_campus/p/campus/d/gem3500_1/n/공조기/e/power_meter
Message Data:
time: 1745382592563
type: 2
leakageCurrent: 0
current: 199
activePower: 223
reactivePower: -21
tapparentPower: 436
powerFactor: 51.09
currentUnbalance: 0
lines: 

2025-04-23 13:29:52 [MQTT Call: ygw] WARN  com.example.mqtt.MessageData - No 'value' field found in message, skipping InfluxDB write.
2025-04-23 13:29:53 [MQTT Call: ygw] INFO  com.example.mqtt.MessageData - Topic: data/s/nhnacademy/b/gyeongnam_campus/p/campus/d/gem3500_1/n/AC/e/power_meter
Message Data:
time: 1745382592663
type: 3
leakageCurrent: 0
current: 17
activePower: 11
reactivePower: -23
tapparentPower: 38
powerFactor: 31.24
currentUnbalance: 0
lines: 

2025-04-23 13:29:53 [MQTT Call: ygw] WARN  com.example.mqtt.MessageData - No 'value' field found in message, skipping InfluxDB write.
2025-04-23 13:29:54 [MQTT Call: ygw] INFO  com.example.mqtt.MessageData - Topic: data/s/nhnacademy/b/gyeongnam_campus/p/pair_room/d/24e124617d159573/n/2/e/distance
Message Data:
time: 1745382594054
value: 2234

2025-04-23 13:29:54 [MQTT Call: ygw] INFO  com.example.mqtt.InfluxDBService - Extracted tagkey -> location: pair_room, kind: 2, data: distance
Value into InfluxDB: 2234.0
2025-04-23 13:29:54 [MQTT Call: ygw] INFO  com.example.mqtt.MessageData - Data sent to InfluxDBService: data/s/nhnacademy/b/gyeongnam_campus/p/pair_room/d/24e124617d159573/n/2/e/distance -> 2234.0
2025-04-23 13:29:54 [MQTT Call: ygw] INFO  com.example.mqtt.MessageData - Topic: data/s/nhnacademy/b/gyeongnam_campus/p/pair_room/d/24e124617d159573/n/2/e/occupancy
Message Data:
time: 1745382594054
value: 0

2025-04-23 13:29:54 [MQTT Call: ygw] INFO  com.example.mqtt.InfluxDBService - Extracted tagkey -> location: pair_room, kind: 2, data: occupancy
Value into InfluxDB: 0.0
2025-04-23 13:29:54 [MQTT Call: ygw] INFO  com.example.mqtt.MessageData - Data sent to InfluxDBService: data/s/nhnacademy/b/gyeongnam_campus/p/pair_room/d/24e124617d159573/n/2/e/occupancy -> 0.0
2025-04-23 13:29:54 [MQTT Call: ygw] INFO  com.example.mqtt.MessageData - Topic: data/s/nhnacademy/b/gyeongnam_campus/p/pair_room/d/24e124617d159573/n/2/e/battery
Message Data:
time: 1745382594054
value: 32

2025-04-23 13:29:54 [MQTT Call: ygw] INFO  com.example.mqtt.InfluxDBService - Extracted tagkey -> location: pair_room, kind: 2, data: battery
Value into InfluxDB: 32.0
2025-04-23 13:29:54 [MQTT Call: ygw] INFO  com.example.mqtt.MessageData - Data sent to InfluxDBService: data/s/nhnacademy/b/gyeongnam_campus/p/pair_room/d/24e124617d159573/n/2/e/battery -> 32.0
2025-04-23 13:29:54 [MQTT Call: ygw] INFO  com.example.mqtt.MessageData - Topic: data/s/nhnacademy/b/gyeongnam_campus/p/pair_room/d/24e124617d159573/n/2/g/24e124fffef5dccc/e/lora
Message Data:
time: 1745382594054
value: 

2025-04-23 13:29:54 [MQTT Call: ygw] INFO  com.example.mqtt.InfluxDBService - Extracted tagkey -> location: pair_room, kind: 2, data: lora
Value into InfluxDB: 0.0
2025-04-23 13:29:54 [MQTT Call: ygw] INFO  com.example.mqtt.MessageData - Data sent to InfluxDBService: data/s/nhnacademy/b/gyeongnam_campus/p/pair_room/d/24e124617d159573/n/2/g/24e124fffef5dccc/e/lora -> 0.0
2025-04-23 13:29:54 [MQTT Call: ygw] INFO  com.example.mqtt.MessageData - Topic: data/s/nhnacademy/b/gyeongnam_campus/p/pair_room/d/24e124617d159573/n/2/g/24e124fffef79304/e/lora
Message Data:
time: 1745382594054
value: 

2025-04-23 13:29:54 [MQTT Call: ygw] INFO  com.example.mqtt.InfluxDBService - Extracted tagkey -> location: pair_room, kind: 2, data: lora
Value into InfluxDB: 0.0
2025-04-23 13:29:54 [MQTT Call: ygw] INFO  com.example.mqtt.MessageData - Data sent to InfluxDBService: data/s/nhnacademy/b/gyeongnam_campus/p/pair_room/d/24e124617d159573/n/2/g/24e124fffef79304/e/lora -> 0.0
2025-04-23 13:30:11 [MQTT Call: ygw] INFO  com.example.mqtt.MessageData - Topic: data/s/nhnacademy/b/gyeongnam_campus/p/hive/d/24e124785c389010/n/정수기 위/e/temperature
Message Data:
time: 1745382610184
value: 23.3

2025-04-23 13:30:11 [MQTT Call: ygw] INFO  com.example.mqtt.InfluxDBService - Extracted tagkey -> location: hive, kind: 정수기 위, data: temperature
Value into InfluxDB: 23.3
2025-04-23 13:30:11 [MQTT Call: ygw] INFO  com.example.mqtt.MessageData - Data sent to InfluxDBService: data/s/nhnacademy/b/gyeongnam_campus/p/hive/d/24e124785c389010/n/정수기 위/e/temperature -> 23.3
2025-04-23 13:30:11 [MQTT Call: ygw] INFO  com.example.mqtt.MessageData - Topic: data/s/nhnacademy/b/gyeongnam_campus/p/hive/d/24e124785c389010/n/정수기 위/e/humidity
Message Data:
time: 1745382610184
value: 44.5

2025-04-23 13:30:11 [MQTT Call: ygw] INFO  com.example.mqtt.InfluxDBService - Extracted tagkey -> location: hive, kind: 정수기 위, data: humidity
Value into InfluxDB: 44.5
2025-04-23 13:30:11 [MQTT Call: ygw] INFO  com.example.mqtt.MessageData - Data sent to InfluxDBService: data/s/nhnacademy/b/gyeongnam_campus/p/hive/d/24e124785c389010/n/정수기 위/e/humidity -> 44.5
2025-04-23 13:30:11 [MQTT Call: ygw] INFO  com.example.mqtt.MessageData - Topic: data/s/nhnacademy/b/gyeongnam_campus/p/hive/d/24e124785c389010/n/정수기 위/e/battery
Message Data:
time: 1745382610184
value: 85

2025-04-23 13:30:11 [MQTT Call: ygw] INFO  com.example.mqtt.InfluxDBService - Extracted tagkey -> location: hive, kind: 정수기 위, data: battery
Value into InfluxDB: 85.0
2025-04-23 13:30:11 [MQTT Call: ygw] INFO  com.example.mqtt.MessageData - Data sent to InfluxDBService: data/s/nhnacademy/b/gyeongnam_campus/p/hive/d/24e124785c389010/n/정수기 위/e/battery -> 85.0
2025-04-23 13:30:11 [MQTT Call: ygw] INFO  com.example.mqtt.MessageData - Topic: data/s/nhnacademy/b/gyeongnam_campus/p/hive/d/24e124785c389010/n/정수기 위/g/24e124fffef5dccc/e/lora
Message Data:
time: 1745382610184
value: 

2025-04-23 13:30:11 [MQTT Call: ygw] INFO  com.example.mqtt.InfluxDBService - Extracted tagkey -> location: hive, kind: 정수기 위, data: lora
Value into InfluxDB: 0.0
2025-04-23 13:30:11 [MQTT Call: ygw] INFO  com.example.mqtt.MessageData - Data sent to InfluxDBService: data/s/nhnacademy/b/gyeongnam_campus/p/hive/d/24e124785c389010/n/정수기 위/g/24e124fffef5dccc/e/lora -> 0.0
2025-04-23 13:30:11 [MQTT Call: ygw] INFO  com.example.mqtt.MessageData - Topic: data/s/nhnacademy/b/gyeongnam_campus/p/hive/d/24e124785c389010/n/정수기 위/g/24e124fffef79304/e/lora
Message Data:
time: 1745382610184
value: 

2025-04-23 13:30:11 [MQTT Call: ygw] INFO  com.example.mqtt.InfluxDBService - Extracted tagkey -> location: hive, kind: 정수기 위, data: lora
Value into InfluxDB: 0.0
2025-04-23 13:30:11 [MQTT Call: ygw] INFO  com.example.mqtt.MessageData - Data sent to InfluxDBService: data/s/nhnacademy/b/gyeongnam_campus/p/hive/d/24e124785c389010/n/정수기 위/g/24e124fffef79304/e/lora -> 0.0
2025-04-23 13:30:11 [MQTT Call: ygw] INFO  com.example.mqtt.MessageData - Topic: data/s/nhnacademy/b/gyeongnam_campus/p/hive/d/24e124725d081175/sp/8인 책상/n/8인 책상/e/humidity
Message Data:
time: 1745382610975
value: 43

2025-04-23 13:30:11 [MQTT Call: ygw] INFO  com.example.mqtt.InfluxDBService - Extracted tagkey -> location: hive, kind: 8인 책상, data: humidity
Value into InfluxDB: 43.0
2025-04-23 13:30:11 [MQTT Call: ygw] INFO  com.example.mqtt.MessageData - Data sent to InfluxDBService: data/s/nhnacademy/b/gyeongnam_campus/p/hive/d/24e124725d081175/sp/8인 책상/n/8인 책상/e/humidity -> 43.0
2025-04-23 13:30:11 [MQTT Call: ygw] INFO  com.example.mqtt.MessageData - Topic: data/s/nhnacademy/b/gyeongnam_campus/p/hive/d/24e124725d081175/sp/8인 책상/n/8인 책상/e/temperature
Message Data:
time: 1745382610975
value: 23.8

2025-04-23 13:30:11 [MQTT Call: ygw] INFO  com.example.mqtt.InfluxDBService - Extracted tagkey -> location: hive, kind: 8인 책상, data: temperature
Value into InfluxDB: 23.8
2025-04-23 13:30:11 [MQTT Call: ygw] INFO  com.example.mqtt.MessageData - Data sent to InfluxDBService: data/s/nhnacademy/b/gyeongnam_campus/p/hive/d/24e124725d081175/sp/8인 책상/n/8인 책상/e/temperature -> 23.8
2025-04-23 13:30:11 [MQTT Call: ygw] INFO  com.example.mqtt.MessageData - Topic: data/s/nhnacademy/b/gyeongnam_campus/p/hive/d/24e124725d081175/sp/8인 책상/n/8인 책상/e/co2
Message Data:
time: 1745382610975
value: 552

2025-04-23 13:30:11 [MQTT Call: ygw] INFO  com.example.mqtt.InfluxDBService - Extracted tagkey -> location: hive, kind: 8인 책상, data: co2
Value into InfluxDB: 552.0
2025-04-23 13:30:11 [MQTT Call: ygw] INFO  com.example.mqtt.MessageData - Data sent to InfluxDBService: data/s/nhnacademy/b/gyeongnam_campus/p/hive/d/24e124725d081175/sp/8인 책상/n/8인 책상/e/co2 -> 552.0
2025-04-23 13:30:11 [MQTT Call: ygw] INFO  com.example.mqtt.MessageData - Topic: data/s/nhnacademy/b/gyeongnam_campus/p/hive/d/24e124725d081175/sp/8인 책상/n/8인 책상/e/battery
Message Data:
time: 1745382610975
value: 76

2025-04-23 13:30:11 [MQTT Call: ygw] INFO  com.example.mqtt.InfluxDBService - Extracted tagkey -> location: hive, kind: 8인 책상, data: battery
Value into InfluxDB: 76.0
2025-04-23 13:30:11 [MQTT Call: ygw] INFO  com.example.mqtt.MessageData - Data sent to InfluxDBService: data/s/nhnacademy/b/gyeongnam_campus/p/hive/d/24e124725d081175/sp/8인 책상/n/8인 책상/e/battery -> 76.0
2025-04-23 13:30:11 [MQTT Call: ygw] INFO  com.example.mqtt.MessageData - Topic: data/s/nhnacademy/b/gyeongnam_campus/p/hive/d/24e124725d081175/sp/8인 책상/n/8인 책상/g/24e124fffef79304/e/lora
Message Data:
time: 1745382610975
value: 

2025-04-23 13:30:11 [MQTT Call: ygw] INFO  com.example.mqtt.InfluxDBService - Extracted tagkey -> location: hive, kind: 8인 책상, data: lora
Value into InfluxDB: 0.0
2025-04-23 13:30:11 [MQTT Call: ygw] INFO  com.example.mqtt.MessageData - Data sent to InfluxDBService: data/s/nhnacademy/b/gyeongnam_campus/p/hive/d/24e124725d081175/sp/8인 책상/n/8인 책상/g/24e124fffef79304/e/lora -> 0.0
2025-04-23 13:30:11 [MQTT Call: ygw] INFO  com.example.mqtt.MessageData - Topic: data/s/nhnacademy/b/gyeongnam_campus/p/hive/d/24e124725d081175/sp/8인 책상/n/8인 책상/g/24e124fffef5dccc/e/lora
Message Data:
time: 1745382610975
value: 

2025-04-23 13:30:11 [MQTT Call: ygw] INFO  com.example.mqtt.InfluxDBService - Extracted tagkey -> location: hive, kind: 8인 책상, data: lora
Value into InfluxDB: 0.0
2025-04-23 13:30:11 [MQTT Call: ygw] INFO  com.example.mqtt.MessageData - Data sent to InfluxDBService: data/s/nhnacademy/b/gyeongnam_campus/p/hive/d/24e124725d081175/sp/8인 책상/n/8인 책상/g/24e124fffef5dccc/e/lora -> 0.0
2025-04-23 13:30:18 [MQTT Call: ygw] INFO  com.example.mqtt.MessageData - Topic: data/s/nhnacademy/b/gyeongnam_campus/p/class_a/d/24e124128c067999/sp/입구/n/입구/e/temperature
Message Data:
time: 1745382618547
value: 24.1

2025-04-23 13:30:18 [MQTT Call: ygw] INFO  com.example.mqtt.InfluxDBService - Extracted tagkey -> location: class_a, kind: 입구, data: temperature
Value into InfluxDB: 24.1
2025-04-23 13:30:18 [MQTT Call: ygw] INFO  com.example.mqtt.MessageData - Data sent to InfluxDBService: data/s/nhnacademy/b/gyeongnam_campus/p/class_a/d/24e124128c067999/sp/입구/n/입구/e/temperature -> 24.1
2025-04-23 13:30:18 [MQTT Call: ygw] INFO  com.example.mqtt.MessageData - Topic: data/s/nhnacademy/b/gyeongnam_campus/p/class_a/d/24e124128c067999/sp/입구/n/입구/e/humidity
Message Data:
time: 1745382618547
value: 46.5

2025-04-23 13:30:18 [MQTT Call: ygw] INFO  com.example.mqtt.InfluxDBService - Extracted tagkey -> location: class_a, kind: 입구, data: humidity
Value into InfluxDB: 46.5
2025-04-23 13:30:18 [MQTT Call: ygw] INFO  com.example.mqtt.MessageData - Data sent to InfluxDBService: data/s/nhnacademy/b/gyeongnam_campus/p/class_a/d/24e124128c067999/sp/입구/n/입구/e/humidity -> 46.5
2025-04-23 13:30:18 [MQTT Call: ygw] INFO  com.example.mqtt.MessageData - Topic: data/s/nhnacademy/b/gyeongnam_campus/p/class_a/d/24e124128c067999/sp/입구/n/입구/e/illumination
Message Data:
time: 1745382618547
value: 63

2025-04-23 13:30:18 [MQTT Call: ygw] INFO  com.example.mqtt.InfluxDBService - Extracted tagkey -> location: class_a, kind: 입구, data: illumination
Value into InfluxDB: 63.0
2025-04-23 13:30:18 [MQTT Call: ygw] INFO  com.example.mqtt.MessageData - Data sent to InfluxDBService: data/s/nhnacademy/b/gyeongnam_campus/p/class_a/d/24e124128c067999/sp/입구/n/입구/e/illumination -> 63.0
2025-04-23 13:30:18 [MQTT Call: ygw] INFO  com.example.mqtt.MessageData - Topic: data/s/nhnacademy/b/gyeongnam_campus/p/class_a/d/24e124128c067999/sp/입구/n/입구/e/infrared_and_visible
Message Data:
time: 1745382618547
value: 46

2025-04-23 13:30:18 [MQTT Call: ygw] INFO  com.example.mqtt.InfluxDBService - Extracted tagkey -> location: class_a, kind: 입구, data: infrared_and_visible
Value into InfluxDB: 46.0
2025-04-23 13:30:18 [MQTT Call: ygw] INFO  com.example.mqtt.MessageData - Data sent to InfluxDBService: data/s/nhnacademy/b/gyeongnam_campus/p/class_a/d/24e124128c067999/sp/입구/n/입구/e/infrared_and_visible -> 46.0
2025-04-23 13:30:18 [MQTT Call: ygw] INFO  com.example.mqtt.MessageData - Topic: data/s/nhnacademy/b/gyeongnam_campus/p/class_a/d/24e124128c067999/sp/입구/n/입구/e/activity
Message Data:
time: 1745382618547
value: 1

2025-04-23 13:30:18 [MQTT Call: ygw] INFO  com.example.mqtt.InfluxDBService - Extracted tagkey -> location: class_a, kind: 입구, data: activity
Value into InfluxDB: 1.0
2025-04-23 13:30:18 [MQTT Call: ygw] INFO  com.example.mqtt.MessageData - Data sent to InfluxDBService: data/s/nhnacademy/b/gyeongnam_campus/p/class_a/d/24e124128c067999/sp/입구/n/입구/e/activity -> 1.0
2025-04-23 13:30:18 [MQTT Call: ygw] INFO  com.example.mqtt.MessageData - Topic: data/s/nhnacademy/b/gyeongnam_campus/p/class_a/d/24e124128c067999/sp/입구/n/입구/e/infrared
Message Data:
time: 1745382618547
value: 8

2025-04-23 13:30:18 [MQTT Call: ygw] INFO  com.example.mqtt.InfluxDBService - Extracted tagkey -> location: class_a, kind: 입구, data: infrared
Value into InfluxDB: 8.0
2025-04-23 13:30:18 [MQTT Call: ygw] INFO  com.example.mqtt.MessageData - Data sent to InfluxDBService: data/s/nhnacademy/b/gyeongnam_campus/p/class_a/d/24e124128c067999/sp/입구/n/입구/e/infrared -> 8.0
2025-04-23 13:30:18 [MQTT Call: ygw] INFO  com.example.mqtt.MessageData - Topic: data/s/nhnacademy/b/gyeongnam_campus/p/class_a/d/24e124128c067999/sp/입구/n/입구/e/co2
Message Data:
time: 1745382618547
value: 1057

2025-04-23 13:30:18 [MQTT Call: ygw] INFO  com.example.mqtt.InfluxDBService - Extracted tagkey -> location: class_a, kind: 입구, data: co2
Value into InfluxDB: 1057.0
2025-04-23 13:30:18 [MQTT Call: ygw] INFO  com.example.mqtt.MessageData - Data sent to InfluxDBService: data/s/nhnacademy/b/gyeongnam_campus/p/class_a/d/24e124128c067999/sp/입구/n/입구/e/co2 -> 1057.0
2025-04-23 13:30:18 [MQTT Call: ygw] INFO  com.example.mqtt.MessageData - Topic: data/s/nhnacademy/b/gyeongnam_campus/p/class_a/d/24e124128c067999/sp/입구/n/입구/e/tvoc
Message Data:
time: 1745382618547
value: 303

2025-04-23 13:30:18 [MQTT Call: ygw] INFO  com.example.mqtt.InfluxDBService - Extracted tagkey -> location: class_a, kind: 입구, data: tvoc
Value into InfluxDB: 303.0
2025-04-23 13:30:18 [MQTT Call: ygw] INFO  com.example.mqtt.MessageData - Data sent to InfluxDBService: data/s/nhnacademy/b/gyeongnam_campus/p/class_a/d/24e124128c067999/sp/입구/n/입구/e/tvoc -> 303.0
2025-04-23 13:30:18 [MQTT Call: ygw] INFO  com.example.mqtt.MessageData - Topic: data/s/nhnacademy/b/gyeongnam_campus/p/class_a/d/24e124128c067999/sp/입구/n/입구/e/pressure
Message Data:
time: 1745382618547
value: 997.6

2025-04-23 13:30:18 [MQTT Call: ygw] INFO  com.example.mqtt.InfluxDBService - Extracted tagkey -> location: class_a, kind: 입구, data: pressure
Value into InfluxDB: 997.6
2025-04-23 13:30:18 [MQTT Call: ygw] INFO  com.example.mqtt.MessageData - Data sent to InfluxDBService: data/s/nhnacademy/b/gyeongnam_campus/p/class_a/d/24e124128c067999/sp/입구/n/입구/e/pressure -> 997.6
2025-04-23 13:30:18 [MQTT Call: ygw] INFO  com.example.mqtt.MessageData - Topic: data/s/nhnacademy/b/gyeongnam_campus/p/class_a/d/24e124128c067999/sp/입구/n/입구/g/24e124fffef79304/e/lora
Message Data:
time: 1745382618547
value: 

2025-04-23 13:30:18 [MQTT Call: ygw] INFO  com.example.mqtt.InfluxDBService - Extracted tagkey -> location: class_a, kind: 입구, data: lora
Value into InfluxDB: 0.0
2025-04-23 13:30:18 [MQTT Call: ygw] INFO  com.example.mqtt.MessageData - Data sent to InfluxDBService: data/s/nhnacademy/b/gyeongnam_campus/p/class_a/d/24e124128c067999/sp/입구/n/입구/g/24e124fffef79304/e/lora -> 0.0
2025-04-23 13:30:18 [MQTT Call: ygw] INFO  com.example.mqtt.MessageData - Topic: data/s/nhnacademy/b/gyeongnam_campus/p/class_a/d/24e124128c067999/sp/입구/n/입구/g/24e124fffef5dccc/e/lora
Message Data:
time: 1745382618547
value: 

2025-04-23 13:30:18 [MQTT Call: ygw] INFO  com.example.mqtt.InfluxDBService - Extracted tagkey -> location: class_a, kind: 입구, data: lora
Value into InfluxDB: 0.0
2025-04-23 13:30:18 [MQTT Call: ygw] INFO  com.example.mqtt.MessageData - Data sent to InfluxDBService: data/s/nhnacademy/b/gyeongnam_campus/p/class_a/d/24e124128c067999/sp/입구/n/입구/g/24e124fffef5dccc/e/lora -> 0.0
2025-04-23 13:30:23 [MQTT Call: ygw] INFO  com.example.mqtt.MessageData - Topic: data/s/nhnacademy/b/gyeongnam_campus/p/server_room/d/24e124136d151368/n/입구/e/humidity
Message Data:
time: 1745382623712
value: 47

2025-04-23 13:30:23 [MQTT Call: ygw] INFO  com.example.mqtt.InfluxDBService - Extracted tagkey -> location: server_room, kind: 입구, data: humidity
Value into InfluxDB: 47.0
2025-04-23 13:30:23 [MQTT Call: ygw] INFO  com.example.mqtt.MessageData - Data sent to InfluxDBService: data/s/nhnacademy/b/gyeongnam_campus/p/server_room/d/24e124136d151368/n/입구/e/humidity -> 47.0
2025-04-23 13:30:23 [MQTT Call: ygw] INFO  com.example.mqtt.MessageData - Topic: data/s/nhnacademy/b/gyeongnam_campus/p/server_room/d/24e124136d151368/n/입구/e/temperature
Message Data:
time: 1745382623712
value: 23.9

2025-04-23 13:30:23 [MQTT Call: ygw] INFO  com.example.mqtt.InfluxDBService - Extracted tagkey -> location: server_room, kind: 입구, data: temperature
Value into InfluxDB: 23.9
2025-04-23 13:30:23 [MQTT Call: ygw] INFO  com.example.mqtt.MessageData - Data sent to InfluxDBService: data/s/nhnacademy/b/gyeongnam_campus/p/server_room/d/24e124136d151368/n/입구/e/temperature -> 23.9
2025-04-23 13:30:23 [MQTT Call: ygw] INFO  com.example.mqtt.MessageData - Topic: data/s/nhnacademy/b/gyeongnam_campus/p/server_room/d/24e124136d151368/n/입구/g/24e124fffef79304/e/lora
Message Data:
time: 1745382623712
value: 

2025-04-23 13:30:23 [MQTT Call: ygw] INFO  com.example.mqtt.InfluxDBService - Extracted tagkey -> location: server_room, kind: 입구, data: lora
Value into InfluxDB: 0.0
2025-04-23 13:30:23 [MQTT Call: ygw] INFO  com.example.mqtt.MessageData - Data sent to InfluxDBService: data/s/nhnacademy/b/gyeongnam_campus/p/server_room/d/24e124136d151368/n/입구/g/24e124fffef79304/e/lora -> 0.0
2025-04-23 13:30:23 [MQTT Call: ygw] INFO  com.example.mqtt.MessageData - Topic: data/s/nhnacademy/b/gyeongnam_campus/p/server_room/d/24e124136d151368/n/입구/g/24e124fffef5dccc/e/lora
Message Data:
time: 1745382623712
value: 

2025-04-23 13:30:23 [MQTT Call: ygw] INFO  com.example.mqtt.InfluxDBService - Extracted tagkey -> location: server_room, kind: 입구, data: lora
Value into InfluxDB: 0.0
2025-04-23 13:30:23 [MQTT Call: ygw] INFO  com.example.mqtt.MessageData - Data sent to InfluxDBService: data/s/nhnacademy/b/gyeongnam_campus/p/server_room/d/24e124136d151368/n/입구/g/24e124fffef5dccc/e/lora -> 0.0
2025-04-23 13:30:32 [MQTT Call: ygw] INFO  com.example.mqtt.MessageData - Topic: data/s/nhnacademy/b/gyeongnam_campus/p/hive/d/24e124126c452091/sp/farm/n/스마트팜/e/temperature
Message Data:
time: 1745382632638
value: 23.2

2025-04-23 13:30:32 [MQTT Call: ygw] INFO  com.example.mqtt.InfluxDBService - Extracted tagkey -> location: hive, kind: 스마트팜, data: temperature
Value into InfluxDB: 23.2
2025-04-23 13:30:32 [MQTT Call: ygw] INFO  com.example.mqtt.MessageData - Data sent to InfluxDBService: data/s/nhnacademy/b/gyeongnam_campus/p/hive/d/24e124126c452091/sp/farm/n/스마트팜/e/temperature -> 23.2
2025-04-23 13:30:32 [MQTT Call: ygw] INFO  com.example.mqtt.MessageData - Topic: data/s/nhnacademy/b/gyeongnam_campus/p/hive/d/24e124126c452091/sp/farm/n/스마트팜/g/24e124fffef5dccc/e/lora
Message Data:
time: 1745382632638
value: 

2025-04-23 13:30:32 [MQTT Call: ygw] INFO  com.example.mqtt.InfluxDBService - Extracted tagkey -> location: hive, kind: 스마트팜, data: lora
Value into InfluxDB: 0.0
2025-04-23 13:30:32 [MQTT Call: ygw] INFO  com.example.mqtt.MessageData - Data sent to InfluxDBService: data/s/nhnacademy/b/gyeongnam_campus/p/hive/d/24e124126c452091/sp/farm/n/스마트팜/g/24e124fffef5dccc/e/lora -> 0.0
2025-04-23 13:30:32 [MQTT Call: ygw] INFO  com.example.mqtt.MessageData - Topic: data/s/nhnacademy/b/gyeongnam_campus/p/hive/d/24e124126c452091/sp/farm/n/스마트팜/g/24e124fffef79304/e/lora
Message Data:
time: 1745382632638
value: 

2025-04-23 13:30:32 [MQTT Call: ygw] INFO  com.example.mqtt.InfluxDBService - Extracted tagkey -> location: hive, kind: 스마트팜, data: lora
Value into InfluxDB: 0.0
2025-04-23 13:30:32 [MQTT Call: ygw] INFO  com.example.mqtt.MessageData - Data sent to InfluxDBService: data/s/nhnacademy/b/gyeongnam_campus/p/hive/d/24e124126c452091/sp/farm/n/스마트팜/g/24e124fffef79304/e/lora -> 0.0
2025-04-23 13:30:38 [MQTT Call: ygw] INFO  com.example.mqtt.MessageData - Topic: data/s/nhnacademy/b/gyeongnam_campus/p/office/d/24e124126c457594/n/냉장고 내부/e/temperature
Message Data:
time: 1745382637496
value: 3.9

2025-04-23 13:30:38 [MQTT Call: ygw] INFO  com.example.mqtt.InfluxDBService - Extracted tagkey -> location: office, kind: 냉장고 내부, data: temperature
Value into InfluxDB: 3.9
2025-04-23 13:30:38 [MQTT Call: ygw] INFO  com.example.mqtt.MessageData - Data sent to InfluxDBService: data/s/nhnacademy/b/gyeongnam_campus/p/office/d/24e124126c457594/n/냉장고 내부/e/temperature -> 3.9
2025-04-23 13:30:38 [MQTT Call: ygw] INFO  com.example.mqtt.MessageData - Topic: data/s/nhnacademy/b/gyeongnam_campus/p/office/d/24e124126c457594/n/냉장고 내부/g/24e124fffef5dccc/e/lora
Message Data:
time: 1745382637496
value: 

2025-04-23 13:30:38 [MQTT Call: ygw] INFO  com.example.mqtt.InfluxDBService - Extracted tagkey -> location: office, kind: 냉장고 내부, data: lora
Value into InfluxDB: 0.0
2025-04-23 13:30:38 [MQTT Call: ygw] INFO  com.example.mqtt.MessageData - Data sent to InfluxDBService: data/s/nhnacademy/b/gyeongnam_campus/p/office/d/24e124126c457594/n/냉장고 내부/g/24e124fffef5dccc/e/lora -> 0.0
2025-04-23 13:30:38 [MQTT Call: ygw] INFO  com.example.mqtt.MessageData - Topic: data/s/nhnacademy/b/gyeongnam_campus/p/office/d/24e124126c457594/n/냉장고 내부/g/24e124fffef79304/e/lora
Message Data:
time: 1745382637496
value: 

2025-04-23 13:30:38 [MQTT Call: ygw] INFO  com.example.mqtt.InfluxDBService - Extracted tagkey -> location: office, kind: 냉장고 내부, data: lora
Value into InfluxDB: 0.0
2025-04-23 13:30:38 [MQTT Call: ygw] INFO  com.example.mqtt.MessageData - Data sent to InfluxDBService: data/s/nhnacademy/b/gyeongnam_campus/p/office/d/24e124126c457594/n/냉장고 내부/g/24e124fffef79304/e/lora -> 0.0
2025-04-23 13:30:43 [MQTT Call: ygw] INFO  com.example.mqtt.MessageData - Topic: data/s/nhnacademy/b/gyeongnam_campus/p/storage/d/24e124136d151547/n/입구/e/battery
Message Data:
time: 1745382642817
value: 1

2025-04-23 13:30:43 [MQTT Call: ygw] INFO  com.example.mqtt.InfluxDBService - Extracted tagkey -> location: storage, kind: 입구, data: battery
Value into InfluxDB: 1.0
2025-04-23 13:30:43 [MQTT Call: ygw] INFO  com.example.mqtt.MessageData - Data sent to InfluxDBService: data/s/nhnacademy/b/gyeongnam_campus/p/storage/d/24e124136d151547/n/입구/e/battery -> 1.0
2025-04-23 13:30:43 [MQTT Call: ygw] INFO  com.example.mqtt.MessageData - Topic: data/s/nhnacademy/b/gyeongnam_campus/p/storage/d/24e124136d151547/n/입구/e/temperature
Message Data:
time: 1745382642817
value: -0.1

2025-04-23 13:30:43 [MQTT Call: ygw] INFO  com.example.mqtt.InfluxDBService - Extracted tagkey -> location: storage, kind: 입구, data: temperature
Value into InfluxDB: -0.1
2025-04-23 13:30:43 [MQTT Call: ygw] INFO  com.example.mqtt.MessageData - Data sent to InfluxDBService: data/s/nhnacademy/b/gyeongnam_campus/p/storage/d/24e124136d151547/n/입구/e/temperature -> -0.1
2025-04-23 13:30:43 [MQTT Call: ygw] INFO  com.example.mqtt.MessageData - Topic: data/s/nhnacademy/b/gyeongnam_campus/p/storage/d/24e124136d151547/n/입구/e/humidity
Message Data:
time: 1745382642817
value: 127.5

2025-04-23 13:30:43 [MQTT Call: ygw] INFO  com.example.mqtt.InfluxDBService - Extracted tagkey -> location: storage, kind: 입구, data: humidity
Value into InfluxDB: 127.5
2025-04-23 13:30:43 [MQTT Call: ygw] INFO  com.example.mqtt.MessageData - Data sent to InfluxDBService: data/s/nhnacademy/b/gyeongnam_campus/p/storage/d/24e124136d151547/n/입구/e/humidity -> 127.5
2025-04-23 13:30:43 [MQTT Call: ygw] INFO  com.example.mqtt.MessageData - Topic: data/s/nhnacademy/b/gyeongnam_campus/p/storage/d/24e124136d151547/n/입구/g/24e124fffef5dccc/e/lora
Message Data:
time: 1745382642817
value: 

2025-04-23 13:30:43 [MQTT Call: ygw] INFO  com.example.mqtt.InfluxDBService - Extracted tagkey -> location: storage, kind: 입구, data: lora
Value into InfluxDB: 0.0
2025-04-23 13:30:43 [MQTT Call: ygw] INFO  com.example.mqtt.MessageData - Data sent to InfluxDBService: data/s/nhnacademy/b/gyeongnam_campus/p/storage/d/24e124136d151547/n/입구/g/24e124fffef5dccc/e/lora -> 0.0
2025-04-23 13:30:43 [MQTT Call: ygw] INFO  com.example.mqtt.MessageData - Topic: data/s/nhnacademy/b/gyeongnam_campus/p/storage/d/24e124136d151547/n/입구/g/24e124fffef79304/e/lora
Message Data:
time: 1745382642817
value: 

2025-04-23 13:30:43 [MQTT Call: ygw] INFO  com.example.mqtt.InfluxDBService - Extracted tagkey -> location: storage, kind: 입구, data: lora
Value into InfluxDB: 0.0
2025-04-23 13:30:43 [MQTT Call: ygw] INFO  com.example.mqtt.MessageData - Data sent to InfluxDBService: data/s/nhnacademy/b/gyeongnam_campus/p/storage/d/24e124136d151547/n/입구/g/24e124fffef79304/e/lora -> 0.0
2025-04-23 13:30:48 [MQTT Call: ygw] INFO  com.example.mqtt.MessageData - Topic: data/s/nhnacademy/b/gyeongnam_campus/p/hive/d/24e124126d111937/sp/farm/n/스마트팜/e/illumination
Message Data:
time: 1745382647478
value: 320

2025-04-23 13:30:48 [MQTT Call: ygw] INFO  com.example.mqtt.InfluxDBService - Extracted tagkey -> location: hive, kind: 스마트팜, data: illumination
Value into InfluxDB: 320.0
2025-04-23 13:30:48 [MQTT Call: ygw] INFO  com.example.mqtt.MessageData - Data sent to InfluxDBService: data/s/nhnacademy/b/gyeongnam_campus/p/hive/d/24e124126d111937/sp/farm/n/스마트팜/e/illumination -> 320.0
2025-04-23 13:30:48 [MQTT Call: ygw] INFO  com.example.mqtt.MessageData - Topic: data/s/nhnacademy/b/gyeongnam_campus/p/hive/d/24e124126d111937/sp/farm/n/스마트팜/g/24e124fffef79304/e/lora
Message Data:
time: 1745382647478
value: 

2025-04-23 13:30:48 [MQTT Call: ygw] INFO  com.example.mqtt.InfluxDBService - Extracted tagkey -> location: hive, kind: 스마트팜, data: lora
Value into InfluxDB: 0.0
2025-04-23 13:30:48 [MQTT Call: ygw] INFO  com.example.mqtt.MessageData - Data sent to InfluxDBService: data/s/nhnacademy/b/gyeongnam_campus/p/hive/d/24e124126d111937/sp/farm/n/스마트팜/g/24e124fffef79304/e/lora -> 0.0
2025-04-23 13:30:48 [MQTT Call: ygw] INFO  com.example.mqtt.MessageData - Topic: data/s/nhnacademy/b/gyeongnam_campus/p/hive/d/24e124126d111937/sp/farm/n/스마트팜/g/24e124fffef5dccc/e/lora
Message Data:
time: 1745382647478
value: 

2025-04-23 13:30:48 [MQTT Call: ygw] INFO  com.example.mqtt.InfluxDBService - Extracted tagkey -> location: hive, kind: 스마트팜, data: lora
Value into InfluxDB: 0.0
2025-04-23 13:30:48 [MQTT Call: ygw] INFO  com.example.mqtt.MessageData - Data sent to InfluxDBService: data/s/nhnacademy/b/gyeongnam_campus/p/hive/d/24e124126d111937/sp/farm/n/스마트팜/g/24e124fffef5dccc/e/lora -> 0.0
2025-04-23 13:30:50 [MQTT Call: ygw] INFO  com.example.mqtt.MessageData - Topic: data/s/nhnacademy/b/gyeongnam_campus/p/campus/d/gem3500_1/n/캠퍼스_LL/e/voltage
Message Data:
time: 1745382650241
value: 378.24

2025-04-23 13:30:50 [MQTT Call: ygw] INFO  com.example.mqtt.InfluxDBService - Extracted tagkey -> location: campus, kind: 캠퍼스_LL, data: voltage
Value into InfluxDB: 378.24
2025-04-23 13:30:50 [MQTT Call: ygw] INFO  com.example.mqtt.MessageData - Data sent to InfluxDBService: data/s/nhnacademy/b/gyeongnam_campus/p/campus/d/gem3500_1/n/캠퍼스_LL/e/voltage -> 378.24
2025-04-23 13:30:50 [MQTT Call: ygw] INFO  com.example.mqtt.MessageData - Topic: data/s/nhnacademy/b/gyeongnam_campus/p/campus/d/gem3500_1/n/캠퍼스_LN/e/voltage
Message Data:
time: 1745382650241
value: 218.37

2025-04-23 13:30:50 [MQTT Call: ygw] INFO  com.example.mqtt.InfluxDBService - Extracted tagkey -> location: campus, kind: 캠퍼스_LN, data: voltage
Value into InfluxDB: 218.37
2025-04-23 13:30:50 [MQTT Call: ygw] INFO  com.example.mqtt.MessageData - Data sent to InfluxDBService: data/s/nhnacademy/b/gyeongnam_campus/p/campus/d/gem3500_1/n/캠퍼스_LN/e/voltage -> 218.37
2025-04-23 13:30:50 [MQTT Call: ygw] INFO  com.example.mqtt.MessageData - Topic: data/s/nhnacademy/b/gyeongnam_campus/p/campus/d/gem3500_1/n/캠퍼스1/e/power_meter
Message Data:
time: 1745382650339
type: 5
leakageCurrent: 0
current: 2764
activePower: 5096
reactivePower: -1873
tapparentPower: 6036
powerFactor: 84.41
currentUnbalance: 52.86
lines: 

2025-04-23 13:30:50 [MQTT Call: ygw] WARN  com.example.mqtt.MessageData - No 'value' field found in message, skipping InfluxDB write.
2025-04-23 13:30:50 [MQTT Call: ygw] INFO  com.example.mqtt.MessageData - Topic: data/s/nhnacademy/b/gyeongnam_campus/p/campus/d/gem3500_1/n/전등1/e/power_meter
Message Data:
time: 1745382650439
type: 3
leakageCurrent: 0
current: 701
activePower: 1307
reactivePower: -326
tapparentPower: 1528
powerFactor: 85.55
currentUnbalance: 0
lines: 

2025-04-23 13:30:50 [MQTT Call: ygw] WARN  com.example.mqtt.MessageData - No 'value' field found in message, skipping InfluxDB write.
2025-04-23 13:30:50 [MQTT Call: ygw] INFO  com.example.mqtt.MessageData - Topic: data/s/nhnacademy/b/gyeongnam_campus/p/campus/d/gem3500_1/n/전등2/e/power_meter
Message Data:
time: 1745382650541
type: 1
leakageCurrent: 0
current: 662
activePower: 1338
reactivePower: -331
tapparentPower: 1454
powerFactor: 92.07
currentUnbalance: 0
lines: 

2025-04-23 13:30:50 [MQTT Call: ygw] WARN  com.example.mqtt.MessageData - No 'value' field found in message, skipping InfluxDB write.
2025-04-23 13:30:50 [MQTT Call: ygw] INFO  com.example.mqtt.MessageData - Topic: data/s/nhnacademy/b/gyeongnam_campus/p/campus/d/gem3500_1/n/전등3/e/power_meter
Message Data:
time: 1745382650642
type: 2
leakageCurrent: 0
current: 0
activePower: 0
reactivePower: 0
tapparentPower: 0
powerFactor: 0
currentUnbalance: 0
lines: 

2025-04-23 13:30:50 [MQTT Call: ygw] WARN  com.example.mqtt.MessageData - No 'value' field found in message, skipping InfluxDB write.
2025-04-23 13:30:50 [MQTT Call: ygw] INFO  com.example.mqtt.MessageData - Topic: data/s/nhnacademy/b/gyeongnam_campus/p/campus/d/gem3500_1/n/강의실b_바닥/e/power_meter
Message Data:
time: 1745382650743
type: 3
leakageCurrent: 0
current: 228
activePower: 359
reactivePower: -230
tapparentPower: 482
powerFactor: 74.62
currentUnbalance: 0
lines: 

2025-04-23 13:30:50 [MQTT Call: ygw] WARN  com.example.mqtt.MessageData - No 'value' field found in message, skipping InfluxDB write.
2025-04-23 13:30:50 [MQTT Call: ygw] INFO  com.example.mqtt.MessageData - Topic: data/s/nhnacademy/b/gyeongnam_campus/p/campus/d/gem3500_1/n/강의실a_바닥1/e/power_meter
Message Data:
time: 1745382650845
type: 1
leakageCurrent: 0
current: 285
activePower: 463
reactivePower: -340
tapparentPower: 621
powerFactor: 74.51
currentUnbalance: 0
lines: 

2025-04-23 13:30:50 [MQTT Call: ygw] WARN  com.example.mqtt.MessageData - No 'value' field found in message, skipping InfluxDB write.
2025-04-23 13:30:51 [MQTT Call: ygw] INFO  com.example.mqtt.MessageData - Topic: data/s/nhnacademy/b/gyeongnam_campus/p/campus/d/gem3500_1/n/강의실a_바닥2/e/power_meter
Message Data:
time: 1745382650948
type: 2
leakageCurrent: 0
current: 206
activePower: 367
reactivePower: -187
tapparentPower: 446
powerFactor: 82.25
currentUnbalance: 0
lines: 

2025-04-23 13:30:51 [MQTT Call: ygw] WARN  com.example.mqtt.MessageData - No 'value' field found in message, skipping InfluxDB write.
2025-04-23 13:30:51 [MQTT Call: ygw] INFO  com.example.mqtt.MessageData - Topic: data/s/nhnacademy/b/gyeongnam_campus/p/campus/d/gem3500_1/n/프로젝터1/e/power_meter
Message Data:
time: 1745382651046
type: 3
leakageCurrent: 0
current: 99
activePower: 127
reactivePower: -151
tapparentPower: 215
powerFactor: 58.88
currentUnbalance: 0
lines: 

2025-04-23 13:30:51 [MQTT Call: ygw] WARN  com.example.mqtt.MessageData - No 'value' field found in message, skipping InfluxDB write.
2025-04-23 13:30:51 [MQTT Call: ygw] INFO  com.example.mqtt.MessageData - Topic: data/s/nhnacademy/b/gyeongnam_campus/p/campus/d/gem3500_1/n/프로젝터2/e/power_meter
Message Data:
time: 1745382651147
type: 1
leakageCurrent: 0
current: 45
activePower: 55
reactivePower: -69
tapparentPower: 95
powerFactor: 57.49
currentUnbalance: 0
lines: 

2025-04-23 13:30:51 [MQTT Call: ygw] WARN  com.example.mqtt.MessageData - No 'value' field found in message, skipping InfluxDB write.
2025-04-23 13:30:51 [MQTT Call: ygw] INFO  com.example.mqtt.MessageData - Topic: data/s/nhnacademy/b/gyeongnam_campus/p/campus/d/gem3500_1/n/회의실/e/power_meter
Message Data:
time: 1745382651248
type: 2
leakageCurrent: 0
current: 13
activePower: 4
reactivePower: -28
tapparentPower: 31
powerFactor: 15.38
currentUnbalance: 0
lines: 

2025-04-23 13:30:51 [MQTT Call: ygw] WARN  com.example.mqtt.MessageData - No 'value' field found in message, skipping InfluxDB write.
2025-04-23 13:30:51 [MQTT Call: ygw] INFO  com.example.mqtt.MessageData - Topic: data/s/nhnacademy/b/gyeongnam_campus/p/campus/d/gem3500_1/n/서버실/e/power_meter
Message Data:
time: 1745382651350
type: 3
leakageCurrent: 0
current: 198
activePower: 388
reactivePower: -110
tapparentPower: 436
powerFactor: 89.01
currentUnbalance: 0
lines: 

2025-04-23 13:30:51 [MQTT Call: ygw] WARN  com.example.mqtt.MessageData - No 'value' field found in message, skipping InfluxDB write.
2025-04-23 13:30:51 [MQTT Call: ygw] INFO  com.example.mqtt.MessageData - Topic: data/s/nhnacademy/b/gyeongnam_campus/p/campus/d/gem3500_1/n/간판/e/power_meter
Message Data:
time: 1745382651450
type: 1
leakageCurrent: 0
current: 0
activePower: 0
reactivePower: 0
tapparentPower: 0
powerFactor: 0
currentUnbalance: 0
lines: 

2025-04-23 13:30:51 [MQTT Call: ygw] WARN  com.example.mqtt.MessageData - No 'value' field found in message, skipping InfluxDB write.
2025-04-23 13:30:52 [MQTT Call: ygw] INFO  com.example.mqtt.MessageData - Topic: data/s/nhnacademy/b/gyeongnam_campus/p/campus/d/gem3500_1/n/페어룸/e/power_meter
Message Data:
time: 1745382651554
type: 2
leakageCurrent: 0
current: 0
activePower: 0
reactivePower: 0
tapparentPower: 0
powerFactor: 0
currentUnbalance: 0
lines: 

2025-04-23 13:30:52 [MQTT Call: ygw] WARN  com.example.mqtt.MessageData - No 'value' field found in message, skipping InfluxDB write.
2025-04-23 13:30:52 [MQTT Call: ygw] INFO  com.example.mqtt.MessageData - Topic: data/s/nhnacademy/b/gyeongnam_campus/p/campus/d/gem3500_1/n/사무실_전열1/e/power_meter
Message Data:
time: 1745382651653
type: 3
leakageCurrent: 0
current: 83
activePower: 98
reactivePower: -52
tapparentPower: 179
powerFactor: 54.66
currentUnbalance: 0
lines: 

2025-04-23 13:30:52 [MQTT Call: ygw] WARN  com.example.mqtt.MessageData - No 'value' field found in message, skipping InfluxDB write.
2025-04-23 13:30:52 [MQTT Call: ygw] INFO  com.example.mqtt.MessageData - Topic: data/s/nhnacademy/b/gyeongnam_campus/p/campus/d/gem3500_1/n/사무실_전열2/e/power_meter
Message Data:
time: 1745382651756
type: 3
leakageCurrent: 0
current: 89
activePower: 98
reactivePower: -59
tapparentPower: 194
powerFactor: 50.61
currentUnbalance: 0
lines: 

2025-04-23 13:30:52 [MQTT Call: ygw] WARN  com.example.mqtt.MessageData - No 'value' field found in message, skipping InfluxDB write.
2025-04-23 13:30:52 [MQTT Call: ygw] INFO  com.example.mqtt.MessageData - Topic: data/s/nhnacademy/b/gyeongnam_campus/p/campus/d/gem3500_1/n/사무실_복사기/e/power_meter
Message Data:
time: 1745382651857
type: 1
leakageCurrent: 0
current: 7
activePower: 7
reactivePower: 0
tapparentPower: 16
powerFactor: 42.85
currentUnbalance: 0
lines: 

2025-04-23 13:30:52 [MQTT Call: ygw] WARN  com.example.mqtt.MessageData - No 'value' field found in message, skipping InfluxDB write.
2025-04-23 13:30:52 [MQTT Call: ygw] INFO  com.example.mqtt.MessageData - Topic: data/s/nhnacademy/b/gyeongnam_campus/p/campus/d/gem3500_1/n/빌트인_전열/e/power_meter
Message Data:
time: 1745382651958
type: 2
leakageCurrent: 0
current: 5
activePower: 4
reactivePower: -7
tapparentPower: 11
powerFactor: 39.99
currentUnbalance: 0
lines: 

2025-04-23 13:30:52 [MQTT Call: ygw] WARN  com.example.mqtt.MessageData - No 'value' field found in message, skipping InfluxDB write.
2025-04-23 13:30:52 [MQTT Call: ygw] INFO  com.example.mqtt.MessageData - Topic: data/s/nhnacademy/b/gyeongnam_campus/p/campus/d/gem3500_1/n/사무실_전열3/e/power_meter
Message Data:
time: 1745382652059
type: 3
leakageCurrent: 0
current: 0
activePower: 0
reactivePower: 0
tapparentPower: 0
powerFactor: 0
currentUnbalance: 0
lines: 

2025-04-23 13:30:52 [MQTT Call: ygw] WARN  com.example.mqtt.MessageData - No 'value' field found in message, skipping InfluxDB write.
2025-04-23 13:30:52 [MQTT Call: ygw] INFO  com.example.mqtt.MessageData - Topic: data/s/nhnacademy/b/gyeongnam_campus/p/campus/d/gem3500_1/n/정수기/e/power_meter
Message Data:
time: 1745382652162
type: 1
leakageCurrent: 0
current: 70
activePower: 95
reactivePower: 119
tapparentPower: 153
powerFactor: 62.5
currentUnbalance: 0
lines: 

2025-04-23 13:30:52 [MQTT Call: ygw] WARN  com.example.mqtt.MessageData - No 'value' field found in message, skipping InfluxDB write.
2025-04-23 13:30:52 [MQTT Call: ygw] INFO  com.example.mqtt.MessageData - Topic: data/s/nhnacademy/b/gyeongnam_campus/p/campus/d/gem3500_1/n/하이브_전열/e/power_meter
Message Data:
time: 1745382652261
type: 2
leakageCurrent: 0
current: 65
activePower: 124
reactivePower: -45
tapparentPower: 141
powerFactor: 88.13
currentUnbalance: 0
lines: 

2025-04-23 13:30:52 [MQTT Call: ygw] WARN  com.example.mqtt.MessageData - No 'value' field found in message, skipping InfluxDB write.
2025-04-23 13:30:53 [MQTT Call: ygw] INFO  com.example.mqtt.MessageData - Topic: data/s/nhnacademy/b/gyeongnam_campus/p/campus/d/gem3500_1/n/바텐_전열/e/power_meter
Message Data:
time: 1745382652362
type: 3
leakageCurrent: 0
current: 0
activePower: 0
reactivePower: 0
tapparentPower: 0
powerFactor: 0
currentUnbalance: 0
lines: 

2025-04-23 13:30:53 [MQTT Call: ygw] WARN  com.example.mqtt.MessageData - No 'value' field found in message, skipping InfluxDB write.
2025-04-23 13:30:53 [MQTT Call: ygw] INFO  com.example.mqtt.MessageData - Topic: data/s/nhnacademy/b/gyeongnam_campus/p/campus/d/gem3500_1/n/S_P/e/power_meter
Message Data:
time: 1745382652463
type: 1
leakageCurrent: 0
current: 0
activePower: 0
reactivePower: 0
tapparentPower: 0
powerFactor: 0
currentUnbalance: 0
lines: 

2025-04-23 13:30:53 [MQTT Call: ygw] WARN  com.example.mqtt.MessageData - No 'value' field found in message, skipping InfluxDB write.
2025-04-23 13:30:53 [MQTT Call: ygw] INFO  com.example.mqtt.MessageData - Topic: data/s/nhnacademy/b/gyeongnam_campus/p/campus/d/gem3500_1/n/공조기/e/power_meter
Message Data:
time: 1745382652566
type: 2
leakageCurrent: 0
current: 200
activePower: 223
reactivePower: -23
tapparentPower: 436
powerFactor: 51.09
currentUnbalance: 0
lines: 

2025-04-23 13:30:53 [MQTT Call: ygw] WARN  com.example.mqtt.MessageData - No 'value' field found in message, skipping InfluxDB write.
2025-04-23 13:30:53 [MQTT Call: ygw] INFO  com.example.mqtt.MessageData - Topic: data/s/nhnacademy/b/gyeongnam_campus/p/campus/d/gem3500_1/n/AC/e/power_meter
Message Data:
time: 1745382652665
type: 3
leakageCurrent: 0
current: 16
activePower: 11
reactivePower: -23
tapparentPower: 35
powerFactor: 33.33
currentUnbalance: 0
lines: 

2025-04-23 13:30:53 [MQTT Call: ygw] WARN  com.example.mqtt.MessageData - No 'value' field found in message, skipping InfluxDB write.
2025-04-23 13:31:01 [MQTT Call: ygw] INFO  com.example.mqtt.MessageData - Topic: data/s/nhnacademy/b/gyeongnam_campus/p/pair_room/d/24e124617d159573/n/2/e/occupancy
Message Data:
time: 1745382659063
value: 0

2025-04-23 13:31:01 [MQTT Call: ygw] INFO  com.example.mqtt.InfluxDBService - Extracted tagkey -> location: pair_room, kind: 2, data: occupancy
Value into InfluxDB: 0.0
2025-04-23 13:31:01 [MQTT Call: ygw] INFO  com.example.mqtt.MessageData - Data sent to InfluxDBService: data/s/nhnacademy/b/gyeongnam_campus/p/pair_room/d/24e124617d159573/n/2/e/occupancy -> 0.0
2025-04-23 13:31:01 [MQTT Call: ygw] INFO  com.example.mqtt.MessageData - Topic: data/s/nhnacademy/b/gyeongnam_campus/p/pair_room/d/24e124617d159573/n/2/e/distance
Message Data:
time: 1745382659063
value: 2233

2025-04-23 13:31:01 [MQTT Call: ygw] INFO  com.example.mqtt.InfluxDBService - Extracted tagkey -> location: pair_room, kind: 2, data: distance
Value into InfluxDB: 2233.0
2025-04-23 13:31:01 [MQTT Call: ygw] INFO  com.example.mqtt.MessageData - Data sent to InfluxDBService: data/s/nhnacademy/b/gyeongnam_campus/p/pair_room/d/24e124617d159573/n/2/e/distance -> 2233.0
2025-04-23 13:31:01 [MQTT Call: ygw] INFO  com.example.mqtt.MessageData - Topic: data/s/nhnacademy/b/gyeongnam_campus/p/pair_room/d/24e124617d159573/n/2/e/battery
Message Data:
time: 1745382659063
value: 32

2025-04-23 13:31:01 [MQTT Call: ygw] INFO  com.example.mqtt.InfluxDBService - Extracted tagkey -> location: pair_room, kind: 2, data: battery
Value into InfluxDB: 32.0
2025-04-23 13:31:01 [MQTT Call: ygw] INFO  com.example.mqtt.MessageData - Data sent to InfluxDBService: data/s/nhnacademy/b/gyeongnam_campus/p/pair_room/d/24e124617d159573/n/2/e/battery -> 32.0
2025-04-23 13:31:01 [MQTT Call: ygw] INFO  com.example.mqtt.MessageData - Topic: data/s/nhnacademy/b/gyeongnam_campus/p/pair_room/d/24e124617d159573/n/2/g/24e124fffef5dccc/e/lora
Message Data:
time: 1745382659063
value: 

2025-04-23 13:31:01 [MQTT Call: ygw] INFO  com.example.mqtt.InfluxDBService - Extracted tagkey -> location: pair_room, kind: 2, data: lora
Value into InfluxDB: 0.0
2025-04-23 13:31:01 [MQTT Call: ygw] INFO  com.example.mqtt.MessageData - Data sent to InfluxDBService: data/s/nhnacademy/b/gyeongnam_campus/p/pair_room/d/24e124617d159573/n/2/g/24e124fffef5dccc/e/lora -> 0.0
2025-04-23 13:31:01 [MQTT Call: ygw] INFO  com.example.mqtt.MessageData - Topic: data/s/nhnacademy/b/gyeongnam_campus/p/pair_room/d/24e124617d159573/n/2/g/24e124fffef79304/e/lora
Message Data:
time: 1745382659063
value: 

2025-04-23 13:31:01 [MQTT Call: ygw] INFO  com.example.mqtt.InfluxDBService - Extracted tagkey -> location: pair_room, kind: 2, data: lora
Value into InfluxDB: 0.0
2025-04-23 13:31:01 [MQTT Call: ygw] INFO  com.example.mqtt.MessageData - Data sent to InfluxDBService: data/s/nhnacademy/b/gyeongnam_campus/p/pair_room/d/24e124617d159573/n/2/g/24e124fffef79304/e/lora -> 0.0
2025-04-23 13:31:07 [MQTT Call: ygw] INFO  com.example.mqtt.MessageData - Topic: data/s/nhnacademy/b/gyeongnam_campus/p/office/d/24e124126d152919/n/보드/e/temperature
Message Data:
time: 1745382666116
value: 24.6

2025-04-23 13:31:07 [MQTT Call: ygw] INFO  com.example.mqtt.InfluxDBService - Extracted tagkey -> location: office, kind: 보드, data: temperature
Value into InfluxDB: 24.6
2025-04-23 13:31:07 [MQTT Call: ygw] INFO  com.example.mqtt.MessageData - Data sent to InfluxDBService: data/s/nhnacademy/b/gyeongnam_campus/p/office/d/24e124126d152919/n/보드/e/temperature -> 24.6
2025-04-23 13:31:07 [MQTT Call: ygw] INFO  com.example.mqtt.MessageData - Topic: data/s/nhnacademy/b/gyeongnam_campus/p/office/d/24e124126d152919/n/보드/e/humidity
Message Data:
time: 1745382666116
value: 48.5

2025-04-23 13:31:07 [MQTT Call: ygw] INFO  com.example.mqtt.InfluxDBService - Extracted tagkey -> location: office, kind: 보드, data: humidity
Value into InfluxDB: 48.5
2025-04-23 13:31:07 [MQTT Call: ygw] INFO  com.example.mqtt.MessageData - Data sent to InfluxDBService: data/s/nhnacademy/b/gyeongnam_campus/p/office/d/24e124126d152919/n/보드/e/humidity -> 48.5
2025-04-23 13:31:07 [MQTT Call: ygw] INFO  com.example.mqtt.MessageData - Topic: data/s/nhnacademy/b/gyeongnam_campus/p/office/d/24e124126d152919/n/보드/e/co2
Message Data:
time: 1745382666116
value: 725

2025-04-23 13:31:07 [MQTT Call: ygw] INFO  com.example.mqtt.InfluxDBService - Extracted tagkey -> location: office, kind: 보드, data: co2
Value into InfluxDB: 725.0
2025-04-23 13:31:07 [MQTT Call: ygw] INFO  com.example.mqtt.MessageData - Data sent to InfluxDBService: data/s/nhnacademy/b/gyeongnam_campus/p/office/d/24e124126d152919/n/보드/e/co2 -> 725.0
2025-04-23 13:31:07 [MQTT Call: ygw] INFO  com.example.mqtt.MessageData - Topic: data/s/nhnacademy/b/gyeongnam_campus/p/office/d/24e124126d152919/n/보드/e/pressure
Message Data:
time: 1745382666116
value: 1004.8

2025-04-23 13:31:07 [MQTT Call: ygw] INFO  com.example.mqtt.InfluxDBService - Extracted tagkey -> location: office, kind: 보드, data: pressure
Value into InfluxDB: 1004.8
2025-04-23 13:31:07 [MQTT Call: ygw] INFO  com.example.mqtt.MessageData - Data sent to InfluxDBService: data/s/nhnacademy/b/gyeongnam_campus/p/office/d/24e124126d152919/n/보드/e/pressure -> 1004.8
2025-04-23 13:31:07 [MQTT Call: ygw] INFO  com.example.mqtt.MessageData - Topic: data/s/nhnacademy/b/gyeongnam_campus/p/office/d/24e124126d152919/n/보드/g/24e124fffef79304/e/lora
Message Data:
time: 1745382666116
value: 

2025-04-23 13:31:07 [MQTT Call: ygw] INFO  com.example.mqtt.InfluxDBService - Extracted tagkey -> location: office, kind: 보드, data: lora
Value into InfluxDB: 0.0
2025-04-23 13:31:07 [MQTT Call: ygw] INFO  com.example.mqtt.MessageData - Data sent to InfluxDBService: data/s/nhnacademy/b/gyeongnam_campus/p/office/d/24e124126d152919/n/보드/g/24e124fffef79304/e/lora -> 0.0
2025-04-23 13:31:07 [MQTT Call: ygw] INFO  com.example.mqtt.MessageData - Topic: data/s/nhnacademy/b/gyeongnam_campus/p/office/d/24e124126d152919/n/보드/g/24e124fffef5dccc/e/lora
Message Data:
time: 1745382666116
value: 

2025-04-23 13:31:07 [MQTT Call: ygw] INFO  com.example.mqtt.InfluxDBService - Extracted tagkey -> location: office, kind: 보드, data: lora
Value into InfluxDB: 0.0
2025-04-23 13:31:07 [MQTT Call: ygw] INFO  com.example.mqtt.MessageData - Data sent to InfluxDBService: data/s/nhnacademy/b/gyeongnam_campus/p/office/d/24e124126d152919/n/보드/g/24e124fffef5dccc/e/lora -> 0.0
2025-04-23 13:31:11 [MQTT Call: ygw] INFO  com.example.mqtt.MessageData - Topic: data/s/nhnacademy/b/gyeongnam_campus/p/hive/d/24e124785c389010/n/정수기 위/e/humidity
Message Data:
time: 1745382670187
value: 44

2025-04-23 13:31:11 [MQTT Call: ygw] INFO  com.example.mqtt.InfluxDBService - Extracted tagkey -> location: hive, kind: 정수기 위, data: humidity
Value into InfluxDB: 44.0
2025-04-23 13:31:11 [MQTT Call: ygw] INFO  com.example.mqtt.MessageData - Data sent to InfluxDBService: data/s/nhnacademy/b/gyeongnam_campus/p/hive/d/24e124785c389010/n/정수기 위/e/humidity -> 44.0
2025-04-23 13:31:11 [MQTT Call: ygw] INFO  com.example.mqtt.MessageData - Topic: data/s/nhnacademy/b/gyeongnam_campus/p/hive/d/24e124785c389010/n/정수기 위/e/temperature
Message Data:
time: 1745382670187
value: 23.3

2025-04-23 13:31:11 [MQTT Call: ygw] INFO  com.example.mqtt.InfluxDBService - Extracted tagkey -> location: hive, kind: 정수기 위, data: temperature
Value into InfluxDB: 23.3
2025-04-23 13:31:11 [MQTT Call: ygw] INFO  com.example.mqtt.MessageData - Data sent to InfluxDBService: data/s/nhnacademy/b/gyeongnam_campus/p/hive/d/24e124785c389010/n/정수기 위/e/temperature -> 23.3
2025-04-23 13:31:11 [MQTT Call: ygw] INFO  com.example.mqtt.MessageData - Topic: data/s/nhnacademy/b/gyeongnam_campus/p/hive/d/24e124785c389010/n/정수기 위/e/battery
Message Data:
time: 1745382670187
value: 85

2025-04-23 13:31:11 [MQTT Call: ygw] INFO  com.example.mqtt.InfluxDBService - Extracted tagkey -> location: hive, kind: 정수기 위, data: battery
Value into InfluxDB: 85.0
2025-04-23 13:31:11 [MQTT Call: ygw] INFO  com.example.mqtt.MessageData - Data sent to InfluxDBService: data/s/nhnacademy/b/gyeongnam_campus/p/hive/d/24e124785c389010/n/정수기 위/e/battery -> 85.0
2025-04-23 13:31:11 [MQTT Call: ygw] INFO  com.example.mqtt.MessageData - Topic: data/s/nhnacademy/b/gyeongnam_campus/p/hive/d/24e124785c389010/n/정수기 위/g/24e124fffef79304/e/lora
Message Data:
time: 1745382670187
value: 

2025-04-23 13:31:11 [MQTT Call: ygw] INFO  com.example.mqtt.InfluxDBService - Extracted tagkey -> location: hive, kind: 정수기 위, data: lora
Value into InfluxDB: 0.0
2025-04-23 13:31:11 [MQTT Call: ygw] INFO  com.example.mqtt.MessageData - Data sent to InfluxDBService: data/s/nhnacademy/b/gyeongnam_campus/p/hive/d/24e124785c389010/n/정수기 위/g/24e124fffef79304/e/lora -> 0.0
2025-04-23 13:31:11 [MQTT Call: ygw] INFO  com.example.mqtt.MessageData - Topic: data/s/nhnacademy/b/gyeongnam_campus/p/hive/d/24e124785c389010/n/정수기 위/g/24e124fffef5dccc/e/lora
Message Data:
time: 1745382670187
value: 

2025-04-23 13:31:11 [MQTT Call: ygw] INFO  com.example.mqtt.InfluxDBService - Extracted tagkey -> location: hive, kind: 정수기 위, data: lora
Value into InfluxDB: 0.0
2025-04-23 13:31:11 [MQTT Call: ygw] INFO  com.example.mqtt.MessageData - Data sent to InfluxDBService: data/s/nhnacademy/b/gyeongnam_campus/p/hive/d/24e124785c389010/n/정수기 위/g/24e124fffef5dccc/e/lora -> 0.0
2025-04-23 13:31:11 [MQTT Call: ygw] INFO  com.example.mqtt.MessageData - Topic: data/s/nhnacademy/b/gyeongnam_campus/p/hive/d/24e124725d081175/sp/8인 책상/n/8인 책상/e/co2
Message Data:
time: 1745382671330
value: 546

2025-04-23 13:31:11 [MQTT Call: ygw] INFO  com.example.mqtt.InfluxDBService - Extracted tagkey -> location: hive, kind: 8인 책상, data: co2
Value into InfluxDB: 546.0
2025-04-23 13:31:11 [MQTT Call: ygw] INFO  com.example.mqtt.MessageData - Data sent to InfluxDBService: data/s/nhnacademy/b/gyeongnam_campus/p/hive/d/24e124725d081175/sp/8인 책상/n/8인 책상/e/co2 -> 546.0
2025-04-23 13:31:11 [MQTT Call: ygw] INFO  com.example.mqtt.MessageData - Topic: data/s/nhnacademy/b/gyeongnam_campus/p/hive/d/24e124725d081175/sp/8인 책상/n/8인 책상/e/battery
Message Data:
time: 1745382671330
value: 76

2025-04-23 13:31:11 [MQTT Call: ygw] INFO  com.example.mqtt.InfluxDBService - Extracted tagkey -> location: hive, kind: 8인 책상, data: battery
Value into InfluxDB: 76.0
2025-04-23 13:31:11 [MQTT Call: ygw] INFO  com.example.mqtt.MessageData - Data sent to InfluxDBService: data/s/nhnacademy/b/gyeongnam_campus/p/hive/d/24e124725d081175/sp/8인 책상/n/8인 책상/e/battery -> 76.0
2025-04-23 13:31:11 [MQTT Call: ygw] INFO  com.example.mqtt.MessageData - Topic: data/s/nhnacademy/b/gyeongnam_campus/p/hive/d/24e124725d081175/sp/8인 책상/n/8인 책상/e/temperature
Message Data:
time: 1745382671330
value: 23.8

2025-04-23 13:31:11 [MQTT Call: ygw] INFO  com.example.mqtt.InfluxDBService - Extracted tagkey -> location: hive, kind: 8인 책상, data: temperature
Value into InfluxDB: 23.8
2025-04-23 13:31:11 [MQTT Call: ygw] INFO  com.example.mqtt.MessageData - Data sent to InfluxDBService: data/s/nhnacademy/b/gyeongnam_campus/p/hive/d/24e124725d081175/sp/8인 책상/n/8인 책상/e/temperature -> 23.8
2025-04-23 13:31:11 [MQTT Call: ygw] INFO  com.example.mqtt.MessageData - Topic: data/s/nhnacademy/b/gyeongnam_campus/p/hive/d/24e124725d081175/sp/8인 책상/n/8인 책상/e/humidity
Message Data:
time: 1745382671330
value: 43

2025-04-23 13:31:11 [MQTT Call: ygw] INFO  com.example.mqtt.InfluxDBService - Extracted tagkey -> location: hive, kind: 8인 책상, data: humidity
Value into InfluxDB: 43.0
2025-04-23 13:31:11 [MQTT Call: ygw] INFO  com.example.mqtt.MessageData - Data sent to InfluxDBService: data/s/nhnacademy/b/gyeongnam_campus/p/hive/d/24e124725d081175/sp/8인 책상/n/8인 책상/e/humidity -> 43.0
2025-04-23 13:31:11 [MQTT Call: ygw] INFO  com.example.mqtt.MessageData - Topic: data/s/nhnacademy/b/gyeongnam_campus/p/hive/d/24e124725d081175/sp/8인 책상/n/8인 책상/g/24e124fffef79304/e/lora
Message Data:
time: 1745382671330
value: 

2025-04-23 13:31:11 [MQTT Call: ygw] INFO  com.example.mqtt.InfluxDBService - Extracted tagkey -> location: hive, kind: 8인 책상, data: lora
Value into InfluxDB: 0.0
2025-04-23 13:31:11 [MQTT Call: ygw] INFO  com.example.mqtt.MessageData - Data sent to InfluxDBService: data/s/nhnacademy/b/gyeongnam_campus/p/hive/d/24e124725d081175/sp/8인 책상/n/8인 책상/g/24e124fffef79304/e/lora -> 0.0
2025-04-23 13:31:19 [MQTT Call: ygw] INFO  com.example.mqtt.MessageData - Topic: data/s/nhnacademy/b/gyeongnam_campus/p/class_a/d/24e124128c067999/sp/입구/n/입구/e/infrared_and_visible
Message Data:
time: 1745382678522
value: 46

2025-04-23 13:31:19 [MQTT Call: ygw] INFO  com.example.mqtt.InfluxDBService - Extracted tagkey -> location: class_a, kind: 입구, data: infrared_and_visible
Value into InfluxDB: 46.0
2025-04-23 13:31:19 [MQTT Call: ygw] INFO  com.example.mqtt.MessageData - Data sent to InfluxDBService: data/s/nhnacademy/b/gyeongnam_campus/p/class_a/d/24e124128c067999/sp/입구/n/입구/e/infrared_and_visible -> 46.0
2025-04-23 13:31:19 [MQTT Call: ygw] INFO  com.example.mqtt.MessageData - Topic: data/s/nhnacademy/b/gyeongnam_campus/p/class_a/d/24e124128c067999/sp/입구/n/입구/e/pressure
Message Data:
time: 1745382678522
value: 997.5

2025-04-23 13:31:19 [MQTT Call: ygw] INFO  com.example.mqtt.InfluxDBService - Extracted tagkey -> location: class_a, kind: 입구, data: pressure
Value into InfluxDB: 997.5
2025-04-23 13:31:19 [MQTT Call: ygw] INFO  com.example.mqtt.MessageData - Data sent to InfluxDBService: data/s/nhnacademy/b/gyeongnam_campus/p/class_a/d/24e124128c067999/sp/입구/n/입구/e/pressure -> 997.5
2025-04-23 13:31:19 [MQTT Call: ygw] INFO  com.example.mqtt.MessageData - Topic: data/s/nhnacademy/b/gyeongnam_campus/p/class_a/d/24e124128c067999/sp/입구/n/입구/e/illumination
Message Data:
time: 1745382678522
value: 63

2025-04-23 13:31:19 [MQTT Call: ygw] INFO  com.example.mqtt.InfluxDBService - Extracted tagkey -> location: class_a, kind: 입구, data: illumination
Value into InfluxDB: 63.0
2025-04-23 13:31:19 [MQTT Call: ygw] INFO  com.example.mqtt.MessageData - Data sent to InfluxDBService: data/s/nhnacademy/b/gyeongnam_campus/p/class_a/d/24e124128c067999/sp/입구/n/입구/e/illumination -> 63.0
2025-04-23 13:31:19 [MQTT Call: ygw] INFO  com.example.mqtt.MessageData - Topic: data/s/nhnacademy/b/gyeongnam_campus/p/class_a/d/24e124128c067999/sp/입구/n/입구/e/humidity
Message Data:
time: 1745382678522
value: 46.5

2025-04-23 13:31:19 [MQTT Call: ygw] INFO  com.example.mqtt.InfluxDBService - Extracted tagkey -> location: class_a, kind: 입구, data: humidity
Value into InfluxDB: 46.5
2025-04-23 13:31:19 [MQTT Call: ygw] INFO  com.example.mqtt.MessageData - Data sent to InfluxDBService: data/s/nhnacademy/b/gyeongnam_campus/p/class_a/d/24e124128c067999/sp/입구/n/입구/e/humidity -> 46.5
2025-04-23 13:31:19 [MQTT Call: ygw] INFO  com.example.mqtt.MessageData - Topic: data/s/nhnacademy/b/gyeongnam_campus/p/class_a/d/24e124128c067999/sp/입구/n/입구/e/activity
Message Data:
time: 1745382678522
value: 1

2025-04-23 13:31:19 [MQTT Call: ygw] INFO  com.example.mqtt.InfluxDBService - Extracted tagkey -> location: class_a, kind: 입구, data: activity
Value into InfluxDB: 1.0
2025-04-23 13:31:19 [MQTT Call: ygw] INFO  com.example.mqtt.MessageData - Data sent to InfluxDBService: data/s/nhnacademy/b/gyeongnam_campus/p/class_a/d/24e124128c067999/sp/입구/n/입구/e/activity -> 1.0
2025-04-23 13:31:19 [MQTT Call: ygw] INFO  com.example.mqtt.MessageData - Topic: data/s/nhnacademy/b/gyeongnam_campus/p/class_a/d/24e124128c067999/sp/입구/n/입구/e/tvoc
Message Data:
time: 1745382678522
value: 302

2025-04-23 13:31:19 [MQTT Call: ygw] INFO  com.example.mqtt.InfluxDBService - Extracted tagkey -> location: class_a, kind: 입구, data: tvoc
Value into InfluxDB: 302.0
2025-04-23 13:31:19 [MQTT Call: ygw] INFO  com.example.mqtt.MessageData - Data sent to InfluxDBService: data/s/nhnacademy/b/gyeongnam_campus/p/class_a/d/24e124128c067999/sp/입구/n/입구/e/tvoc -> 302.0
2025-04-23 13:31:19 [MQTT Call: ygw] INFO  com.example.mqtt.MessageData - Topic: data/s/nhnacademy/b/gyeongnam_campus/p/class_a/d/24e124128c067999/sp/입구/n/입구/e/infrared
Message Data:
time: 1745382678522
value: 8

2025-04-23 13:31:19 [MQTT Call: ygw] INFO  com.example.mqtt.InfluxDBService - Extracted tagkey -> location: class_a, kind: 입구, data: infrared
Value into InfluxDB: 8.0
2025-04-23 13:31:19 [MQTT Call: ygw] INFO  com.example.mqtt.MessageData - Data sent to InfluxDBService: data/s/nhnacademy/b/gyeongnam_campus/p/class_a/d/24e124128c067999/sp/입구/n/입구/e/infrared -> 8.0
2025-04-23 13:31:19 [MQTT Call: ygw] INFO  com.example.mqtt.MessageData - Topic: data/s/nhnacademy/b/gyeongnam_campus/p/class_a/d/24e124128c067999/sp/입구/n/입구/e/co2
Message Data:
time: 1745382678522
value: 1057

2025-04-23 13:31:19 [MQTT Call: ygw] INFO  com.example.mqtt.InfluxDBService - Extracted tagkey -> location: class_a, kind: 입구, data: co2
Value into InfluxDB: 1057.0
2025-04-23 13:31:19 [MQTT Call: ygw] INFO  com.example.mqtt.MessageData - Data sent to InfluxDBService: data/s/nhnacademy/b/gyeongnam_campus/p/class_a/d/24e124128c067999/sp/입구/n/입구/e/co2 -> 1057.0
2025-04-23 13:31:19 [MQTT Call: ygw] INFO  com.example.mqtt.MessageData - Topic: data/s/nhnacademy/b/gyeongnam_campus/p/class_a/d/24e124128c067999/sp/입구/n/입구/e/temperature
Message Data:
time: 1745382678522
value: 24.1

2025-04-23 13:31:19 [MQTT Call: ygw] INFO  com.example.mqtt.InfluxDBService - Extracted tagkey -> location: class_a, kind: 입구, data: temperature
Value into InfluxDB: 24.1
2025-04-23 13:31:19 [MQTT Call: ygw] INFO  com.example.mqtt.MessageData - Data sent to InfluxDBService: data/s/nhnacademy/b/gyeongnam_campus/p/class_a/d/24e124128c067999/sp/입구/n/입구/e/temperature -> 24.1
2025-04-23 13:31:19 [MQTT Call: ygw] INFO  com.example.mqtt.MessageData - Topic: data/s/nhnacademy/b/gyeongnam_campus/p/class_a/d/24e124128c067999/sp/입구/n/입구/g/24e124fffef5dccc/e/lora
Message Data:
time: 1745382678522
value: 

2025-04-23 13:31:19 [MQTT Call: ygw] INFO  com.example.mqtt.InfluxDBService - Extracted tagkey -> location: class_a, kind: 입구, data: lora
Value into InfluxDB: 0.0
2025-04-23 13:31:19 [MQTT Call: ygw] INFO  com.example.mqtt.MessageData - Data sent to InfluxDBService: data/s/nhnacademy/b/gyeongnam_campus/p/class_a/d/24e124128c067999/sp/입구/n/입구/g/24e124fffef5dccc/e/lora -> 0.0
2025-04-23 13:31:19 [MQTT Call: ygw] INFO  com.example.mqtt.MessageData - Topic: data/s/nhnacademy/b/gyeongnam_campus/p/class_a/d/24e124128c067999/sp/입구/n/입구/g/24e124fffef79304/e/lora
Message Data:
time: 1745382678522
value: 

2025-04-23 13:31:19 [MQTT Call: ygw] INFO  com.example.mqtt.InfluxDBService - Extracted tagkey -> location: class_a, kind: 입구, data: lora
Value into InfluxDB: 0.0
2025-04-23 13:31:19 [MQTT Call: ygw] INFO  com.example.mqtt.MessageData - Data sent to InfluxDBService: data/s/nhnacademy/b/gyeongnam_campus/p/class_a/d/24e124128c067999/sp/입구/n/입구/g/24e124fffef79304/e/lora -> 0.0
2025-04-23 13:31:25 [MQTT Call: ygw] INFO  com.example.mqtt.MessageData - Topic: data/s/nhnacademy/b/gyeongnam_campus/p/server_room/d/24e124136d151368/n/입구/e/humidity
Message Data:
time: 1745382683710
value: 47

2025-04-23 13:31:25 [MQTT Call: ygw] INFO  com.example.mqtt.InfluxDBService - Extracted tagkey -> location: server_room, kind: 입구, data: humidity
Value into InfluxDB: 47.0
2025-04-23 13:31:25 [MQTT Call: ygw] INFO  com.example.mqtt.MessageData - Data sent to InfluxDBService: data/s/nhnacademy/b/gyeongnam_campus/p/server_room/d/24e124136d151368/n/입구/e/humidity -> 47.0
2025-04-23 13:31:25 [MQTT Call: ygw] INFO  com.example.mqtt.MessageData - Topic: data/s/nhnacademy/b/gyeongnam_campus/p/server_room/d/24e124136d151368/n/입구/e/temperature
Message Data:
time: 1745382683710
value: 23.9

2025-04-23 13:31:25 [MQTT Call: ygw] INFO  com.example.mqtt.InfluxDBService - Extracted tagkey -> location: server_room, kind: 입구, data: temperature
Value into InfluxDB: 23.9
2025-04-23 13:31:25 [MQTT Call: ygw] INFO  com.example.mqtt.MessageData - Data sent to InfluxDBService: data/s/nhnacademy/b/gyeongnam_campus/p/server_room/d/24e124136d151368/n/입구/e/temperature -> 23.9
2025-04-23 13:31:25 [MQTT Call: ygw] INFO  com.example.mqtt.MessageData - Topic: data/s/nhnacademy/b/gyeongnam_campus/p/server_room/d/24e124136d151368/n/입구/g/24e124fffef79304/e/lora
Message Data:
time: 1745382683710
value: 

2025-04-23 13:31:25 [MQTT Call: ygw] INFO  com.example.mqtt.InfluxDBService - Extracted tagkey -> location: server_room, kind: 입구, data: lora
Value into InfluxDB: 0.0
2025-04-23 13:31:25 [MQTT Call: ygw] INFO  com.example.mqtt.MessageData - Data sent to InfluxDBService: data/s/nhnacademy/b/gyeongnam_campus/p/server_room/d/24e124136d151368/n/입구/g/24e124fffef79304/e/lora -> 0.0
2025-04-23 13:31:25 [MQTT Call: ygw] INFO  com.example.mqtt.MessageData - Topic: data/s/nhnacademy/b/gyeongnam_campus/p/server_room/d/24e124136d151368/n/입구/g/24e124fffef5dccc/e/lora
Message Data:
time: 1745382683710
value: 

2025-04-23 13:31:25 [MQTT Call: ygw] INFO  com.example.mqtt.InfluxDBService - Extracted tagkey -> location: server_room, kind: 입구, data: lora
Value into InfluxDB: 0.0
2025-04-23 13:31:25 [MQTT Call: ygw] INFO  com.example.mqtt.MessageData - Data sent to InfluxDBService: data/s/nhnacademy/b/gyeongnam_campus/p/server_room/d/24e124136d151368/n/입구/g/24e124fffef5dccc/e/lora -> 0.0
2025-04-23 13:31:37 [MQTT Call: ygw] INFO  com.example.mqtt.MessageData - Topic: data/s/nhnacademy/b/gyeongnam_campus/p/hive/d/24e124126c452091/sp/farm/n/스마트팜/e/temperature
Message Data:
time: 1745382693305
value: 23.2

2025-04-23 13:31:37 [MQTT Call: ygw] INFO  com.example.mqtt.InfluxDBService - Extracted tagkey -> location: hive, kind: 스마트팜, data: temperature
Value into InfluxDB: 23.2
2025-04-23 13:31:37 [MQTT Call: ygw] INFO  com.example.mqtt.MessageData - Data sent to InfluxDBService: data/s/nhnacademy/b/gyeongnam_campus/p/hive/d/24e124126c452091/sp/farm/n/스마트팜/e/temperature -> 23.2
2025-04-23 13:31:37 [MQTT Call: ygw] INFO  com.example.mqtt.MessageData - Topic: data/s/nhnacademy/b/gyeongnam_campus/p/hive/d/24e124126c452091/sp/farm/n/스마트팜/g/24e124fffef5dccc/e/lora
Message Data:
time: 1745382693305
value: 

2025-04-23 13:31:37 [MQTT Call: ygw] INFO  com.example.mqtt.InfluxDBService - Extracted tagkey -> location: hive, kind: 스마트팜, data: lora
Value into InfluxDB: 0.0
2025-04-23 13:31:37 [MQTT Call: ygw] INFO  com.example.mqtt.MessageData - Data sent to InfluxDBService: data/s/nhnacademy/b/gyeongnam_campus/p/hive/d/24e124126c452091/sp/farm/n/스마트팜/g/24e124fffef5dccc/e/lora -> 0.0
2025-04-23 13:31:37 [MQTT Call: ygw] INFO  com.example.mqtt.MessageData - Topic: data/s/nhnacademy/b/gyeongnam_campus/p/hive/d/24e124126c452091/sp/farm/n/스마트팜/g/24e124fffef79304/e/lora
Message Data:
time: 1745382693305
value: 

2025-04-23 13:31:37 [MQTT Call: ygw] INFO  com.example.mqtt.InfluxDBService - Extracted tagkey -> location: hive, kind: 스마트팜, data: lora
Value into InfluxDB: 0.0
2025-04-23 13:31:37 [MQTT Call: ygw] INFO  com.example.mqtt.MessageData - Data sent to InfluxDBService: data/s/nhnacademy/b/gyeongnam_campus/p/hive/d/24e124126c452091/sp/farm/n/스마트팜/g/24e124fffef79304/e/lora -> 0.0
2025-04-23 13:31:43 [MQTT Call: ygw] INFO  com.example.mqtt.MessageData - Topic: data/s/nhnacademy/b/gyeongnam_campus/p/storage/d/24e124136d151547/n/입구/e/battery
Message Data:
time: 1745382702819
value: 1

2025-04-23 13:31:43 [MQTT Call: ygw] INFO  com.example.mqtt.InfluxDBService - Extracted tagkey -> location: storage, kind: 입구, data: battery
Value into InfluxDB: 1.0
2025-04-23 13:31:43 [MQTT Call: ygw] INFO  com.example.mqtt.MessageData - Data sent to InfluxDBService: data/s/nhnacademy/b/gyeongnam_campus/p/storage/d/24e124136d151547/n/입구/e/battery -> 1.0
2025-04-23 13:31:46 [MQTT Call: ygw] INFO  com.example.mqtt.MessageData - Topic: data/s/nhnacademy/b/gyeongnam_campus/p/storage/d/24e124136d151547/n/입구/e/humidity
Message Data:
time: 1745382702819
value: 127.5

2025-04-23 13:31:46 [MQTT Call: ygw] INFO  com.example.mqtt.InfluxDBService - Extracted tagkey -> location: storage, kind: 입구, data: humidity
Value into InfluxDB: 127.5
2025-04-23 13:31:46 [MQTT Call: ygw] INFO  com.example.mqtt.MessageData - Data sent to InfluxDBService: data/s/nhnacademy/b/gyeongnam_campus/p/storage/d/24e124136d151547/n/입구/e/humidity -> 127.5
2025-04-23 13:31:46 [MQTT Call: ygw] INFO  com.example.mqtt.MessageData - Topic: data/s/nhnacademy/b/gyeongnam_campus/p/storage/d/24e124136d151547/n/입구/e/temperature
Message Data:
time: 1745382702819
value: -0.1

2025-04-23 13:31:46 [MQTT Call: ygw] INFO  com.example.mqtt.InfluxDBService - Extracted tagkey -> location: storage, kind: 입구, data: temperature
Value into InfluxDB: -0.1
2025-04-23 13:31:46 [MQTT Call: ygw] INFO  com.example.mqtt.MessageData - Data sent to InfluxDBService: data/s/nhnacademy/b/gyeongnam_campus/p/storage/d/24e124136d151547/n/입구/e/temperature -> -0.1
2025-04-23 13:31:46 [MQTT Call: ygw] INFO  com.example.mqtt.MessageData - Topic: data/s/nhnacademy/b/gyeongnam_campus/p/storage/d/24e124136d151547/n/입구/g/24e124fffef5dccc/e/lora
Message Data:
time: 1745382702819
value: 

2025-04-23 13:31:46 [MQTT Call: ygw] INFO  com.example.mqtt.InfluxDBService - Extracted tagkey -> location: storage, kind: 입구, data: lora
Value into InfluxDB: 0.0
2025-04-23 13:31:46 [MQTT Call: ygw] INFO  com.example.mqtt.MessageData - Data sent to InfluxDBService: data/s/nhnacademy/b/gyeongnam_campus/p/storage/d/24e124136d151547/n/입구/g/24e124fffef5dccc/e/lora -> 0.0
2025-04-23 13:31:46 [MQTT Call: ygw] INFO  com.example.mqtt.MessageData - Topic: data/s/nhnacademy/b/gyeongnam_campus/p/storage/d/24e124136d151547/n/입구/g/24e124fffef79304/e/lora
Message Data:
time: 1745382702819
value: 

2025-04-23 13:31:46 [MQTT Call: ygw] INFO  com.example.mqtt.InfluxDBService - Extracted tagkey -> location: storage, kind: 입구, data: lora
Value into InfluxDB: 0.0
2025-04-23 13:31:46 [MQTT Call: ygw] INFO  com.example.mqtt.MessageData - Data sent to InfluxDBService: data/s/nhnacademy/b/gyeongnam_campus/p/storage/d/24e124136d151547/n/입구/g/24e124fffef79304/e/lora -> 0.0
2025-04-23 13:31:47 [MQTT Call: ygw] INFO  com.example.mqtt.MessageData - Topic: data/s/nhnacademy/b/gyeongnam_campus/p/class_a/d/24e124126d152969/n/왼쪽 뒤/e/temperature
Message Data:
time: 1745382705994
value: 23.6

2025-04-23 13:31:47 [MQTT Call: ygw] INFO  com.example.mqtt.InfluxDBService - Extracted tagkey -> location: class_a, kind: 왼쪽 뒤, data: temperature
Value into InfluxDB: 23.6
2025-04-23 13:31:47 [MQTT Call: ygw] INFO  com.example.mqtt.MessageData - Data sent to InfluxDBService: data/s/nhnacademy/b/gyeongnam_campus/p/class_a/d/24e124126d152969/n/왼쪽 뒤/e/temperature -> 23.6
2025-04-23 13:31:47 [MQTT Call: ygw] INFO  com.example.mqtt.MessageData - Topic: data/s/nhnacademy/b/gyeongnam_campus/p/class_a/d/24e124126d152969/n/왼쪽 뒤/e/co2
Message Data:
time: 1745382705994
value: 1190

2025-04-23 13:31:47 [MQTT Call: ygw] INFO  com.example.mqtt.InfluxDBService - Extracted tagkey -> location: class_a, kind: 왼쪽 뒤, data: co2
Value into InfluxDB: 1190.0
2025-04-23 13:31:47 [MQTT Call: ygw] INFO  com.example.mqtt.MessageData - Data sent to InfluxDBService: data/s/nhnacademy/b/gyeongnam_campus/p/class_a/d/24e124126d152969/n/왼쪽 뒤/e/co2 -> 1190.0
2025-04-23 13:31:47 [MQTT Call: ygw] INFO  com.example.mqtt.MessageData - Topic: data/s/nhnacademy/b/gyeongnam_campus/p/class_a/d/24e124126d152969/n/왼쪽 뒤/e/pressure
Message Data:
time: 1745382705994
value: 1004.8

2025-04-23 13:31:47 [MQTT Call: ygw] INFO  com.example.mqtt.InfluxDBService - Extracted tagkey -> location: class_a, kind: 왼쪽 뒤, data: pressure
Value into InfluxDB: 1004.8
2025-04-23 13:31:47 [MQTT Call: ygw] INFO  com.example.mqtt.MessageData - Data sent to InfluxDBService: data/s/nhnacademy/b/gyeongnam_campus/p/class_a/d/24e124126d152969/n/왼쪽 뒤/e/pressure -> 1004.8
2025-04-23 13:31:47 [MQTT Call: ygw] INFO  com.example.mqtt.MessageData - Topic: data/s/nhnacademy/b/gyeongnam_campus/p/class_a/d/24e124126d152969/n/왼쪽 뒤/e/humidity
Message Data:
time: 1745382705994
value: 51.5

2025-04-23 13:31:47 [MQTT Call: ygw] INFO  com.example.mqtt.InfluxDBService - Extracted tagkey -> location: class_a, kind: 왼쪽 뒤, data: humidity
Value into InfluxDB: 51.5
2025-04-23 13:31:47 [MQTT Call: ygw] INFO  com.example.mqtt.MessageData - Data sent to InfluxDBService: data/s/nhnacademy/b/gyeongnam_campus/p/class_a/d/24e124126d152969/n/왼쪽 뒤/e/humidity -> 51.5
2025-04-23 13:31:47 [MQTT Call: ygw] INFO  com.example.mqtt.MessageData - Topic: data/s/nhnacademy/b/gyeongnam_campus/p/class_a/d/24e124126d152969/n/왼쪽 뒤/g/24e124fffef5dccc/e/lora
Message Data:
time: 1745382705994
value: 

2025-04-23 13:31:47 [MQTT Call: ygw] INFO  com.example.mqtt.InfluxDBService - Extracted tagkey -> location: class_a, kind: 왼쪽 뒤, data: lora
Value into InfluxDB: 0.0
2025-04-23 13:31:47 [MQTT Call: ygw] INFO  com.example.mqtt.MessageData - Data sent to InfluxDBService: data/s/nhnacademy/b/gyeongnam_campus/p/class_a/d/24e124126d152969/n/왼쪽 뒤/g/24e124fffef5dccc/e/lora -> 0.0
2025-04-23 13:31:47 [MQTT Call: ygw] INFO  com.example.mqtt.MessageData - Topic: data/s/nhnacademy/b/gyeongnam_campus/p/class_a/d/24e124126d152969/n/왼쪽 뒤/g/24e124fffef79304/e/lora
Message Data:
time: 1745382705994
value: 

2025-04-23 13:31:47 [MQTT Call: ygw] INFO  com.example.mqtt.InfluxDBService - Extracted tagkey -> location: class_a, kind: 왼쪽 뒤, data: lora
Value into InfluxDB: 0.0
2025-04-23 13:31:47 [MQTT Call: ygw] INFO  com.example.mqtt.MessageData - Data sent to InfluxDBService: data/s/nhnacademy/b/gyeongnam_campus/p/class_a/d/24e124126d152969/n/왼쪽 뒤/g/24e124fffef79304/e/lora -> 0.0
2025-04-23 13:31:50 [MQTT Call: ygw] INFO  com.example.mqtt.MessageData - Topic: data/s/nhnacademy/b/gyeongnam_campus/p/hive/d/24e124126d111937/sp/farm/n/스마트팜/e/illumination
Message Data:
time: 1745382709013
value: 320

2025-04-23 13:31:50 [MQTT Call: ygw] INFO  com.example.mqtt.InfluxDBService - Extracted tagkey -> location: hive, kind: 스마트팜, data: illumination
Value into InfluxDB: 320.0
2025-04-23 13:31:50 [MQTT Call: ygw] INFO  com.example.mqtt.MessageData - Data sent to InfluxDBService: data/s/nhnacademy/b/gyeongnam_campus/p/hive/d/24e124126d111937/sp/farm/n/스마트팜/e/illumination -> 320.0
2025-04-23 13:31:50 [MQTT Call: ygw] INFO  com.example.mqtt.MessageData - Topic: data/s/nhnacademy/b/gyeongnam_campus/p/hive/d/24e124126d111937/sp/farm/n/스마트팜/g/24e124fffef5dccc/e/lora
Message Data:
time: 1745382709013
value: 

2025-04-23 13:31:50 [MQTT Call: ygw] INFO  com.example.mqtt.InfluxDBService - Extracted tagkey -> location: hive, kind: 스마트팜, data: lora
Value into InfluxDB: 0.0
2025-04-23 13:31:50 [MQTT Call: ygw] INFO  com.example.mqtt.MessageData - Data sent to InfluxDBService: data/s/nhnacademy/b/gyeongnam_campus/p/hive/d/24e124126d111937/sp/farm/n/스마트팜/g/24e124fffef5dccc/e/lora -> 0.0
2025-04-23 13:31:50 [MQTT Call: ygw] INFO  com.example.mqtt.MessageData - Topic: data/s/nhnacademy/b/gyeongnam_campus/p/hive/d/24e124126d111937/sp/farm/n/스마트팜/g/24e124fffef79304/e/lora
Message Data:
time: 1745382709013
value: 

2025-04-23 13:31:50 [MQTT Call: ygw] INFO  com.example.mqtt.InfluxDBService - Extracted tagkey -> location: hive, kind: 스마트팜, data: lora
Value into InfluxDB: 0.0
2025-04-23 13:31:50 [MQTT Call: ygw] INFO  com.example.mqtt.MessageData - Data sent to InfluxDBService: data/s/nhnacademy/b/gyeongnam_campus/p/hive/d/24e124126d111937/sp/farm/n/스마트팜/g/24e124fffef79304/e/lora -> 0.0
2025-04-23 13:31:50 [MQTT Call: ygw] INFO  com.example.mqtt.MessageData - Topic: data/s/nhnacademy/b/gyeongnam_campus/p/campus/d/gem3500_1/n/캠퍼스_LL/e/voltage
Message Data:
time: 1745382710237
value: 377.6

2025-04-23 13:31:50 [MQTT Call: ygw] INFO  com.example.mqtt.InfluxDBService - Extracted tagkey -> location: campus, kind: 캠퍼스_LL, data: voltage
Value into InfluxDB: 377.6
2025-04-23 13:31:50 [MQTT Call: ygw] INFO  com.example.mqtt.MessageData - Data sent to InfluxDBService: data/s/nhnacademy/b/gyeongnam_campus/p/campus/d/gem3500_1/n/캠퍼스_LL/e/voltage -> 377.6
2025-04-23 13:31:50 [MQTT Call: ygw] INFO  com.example.mqtt.MessageData - Topic: data/s/nhnacademy/b/gyeongnam_campus/p/campus/d/gem3500_1/n/캠퍼스_LN/e/voltage
Message Data:
time: 1745382710237
value: 218.01

2025-04-23 13:31:50 [MQTT Call: ygw] INFO  com.example.mqtt.InfluxDBService - Extracted tagkey -> location: campus, kind: 캠퍼스_LN, data: voltage
Value into InfluxDB: 218.01
2025-04-23 13:31:50 [MQTT Call: ygw] INFO  com.example.mqtt.MessageData - Data sent to InfluxDBService: data/s/nhnacademy/b/gyeongnam_campus/p/campus/d/gem3500_1/n/캠퍼스_LN/e/voltage -> 218.01
2025-04-23 13:31:50 [MQTT Call: ygw] INFO  com.example.mqtt.MessageData - Topic: data/s/nhnacademy/b/gyeongnam_campus/p/campus/d/gem3500_1/n/캠퍼스1/e/power_meter
Message Data:
time: 1745382710337
type: 5
leakageCurrent: 0
current: 2795
activePower: 5147
reactivePower: -1881
tapparentPower: 6092
powerFactor: 84.48
currentUnbalance: 53.19
lines: 

2025-04-23 13:31:50 [MQTT Call: ygw] WARN  com.example.mqtt.MessageData - No 'value' field found in message, skipping InfluxDB write.
2025-04-23 13:31:50 [MQTT Call: ygw] INFO  com.example.mqtt.MessageData - Topic: data/s/nhnacademy/b/gyeongnam_campus/p/campus/d/gem3500_1/n/전등1/e/power_meter
Message Data:
time: 1745382710439
type: 3
leakageCurrent: 0
current: 703
activePower: 1307
reactivePower: -323
tapparentPower: 1528
powerFactor: 85.55
currentUnbalance: 0
lines: 

2025-04-23 13:31:50 [MQTT Call: ygw] WARN  com.example.mqtt.MessageData - No 'value' field found in message, skipping InfluxDB write.
2025-04-23 13:31:50 [MQTT Call: ygw] INFO  com.example.mqtt.MessageData - Topic: data/s/nhnacademy/b/gyeongnam_campus/p/campus/d/gem3500_1/n/전등2/e/power_meter
Message Data:
time: 1745382710541
type: 1
leakageCurrent: 0
current: 664
activePower: 1338
reactivePower: -331
tapparentPower: 1454
powerFactor: 92.07
currentUnbalance: 0
lines: 

2025-04-23 13:31:50 [MQTT Call: ygw] WARN  com.example.mqtt.MessageData - No 'value' field found in message, skipping InfluxDB write.
2025-04-23 13:31:50 [MQTT Call: ygw] INFO  com.example.mqtt.MessageData - Topic: data/s/nhnacademy/b/gyeongnam_campus/p/campus/d/gem3500_1/n/전등3/e/power_meter
Message Data:
time: 1745382710642
type: 2
leakageCurrent: 0
current: 0
activePower: 0
reactivePower: 0
tapparentPower: 0
powerFactor: 0
currentUnbalance: 0
lines: 

2025-04-23 13:31:50 [MQTT Call: ygw] WARN  com.example.mqtt.MessageData - No 'value' field found in message, skipping InfluxDB write.
2025-04-23 13:31:50 [MQTT Call: ygw] INFO  com.example.mqtt.MessageData - Topic: data/s/nhnacademy/b/gyeongnam_campus/p/campus/d/gem3500_1/n/강의실b_바닥/e/power_meter
Message Data:
time: 1745382710745
type: 3
leakageCurrent: 0
current: 233
activePower: 362
reactivePower: -230
tapparentPower: 484
powerFactor: 74.75
currentUnbalance: 0
lines: 

2025-04-23 13:31:50 [MQTT Call: ygw] WARN  com.example.mqtt.MessageData - No 'value' field found in message, skipping InfluxDB write.
2025-04-23 13:31:50 [MQTT Call: ygw] INFO  com.example.mqtt.MessageData - Topic: data/s/nhnacademy/b/gyeongnam_campus/p/campus/d/gem3500_1/n/강의실a_바닥1/e/power_meter
Message Data:
time: 1745382710845
type: 1
leakageCurrent: 0
current: 292
activePower: 494
reactivePower: -345
tapparentPower: 647
powerFactor: 76.29
currentUnbalance: 0
lines: 

2025-04-23 13:31:50 [MQTT Call: ygw] WARN  com.example.mqtt.MessageData - No 'value' field found in message, skipping InfluxDB write.
2025-04-23 13:31:50 [MQTT Call: ygw] INFO  com.example.mqtt.MessageData - Topic: data/s/nhnacademy/b/gyeongnam_campus/p/campus/d/gem3500_1/n/강의실a_바닥2/e/power_meter
Message Data:
time: 1745382710946
type: 2
leakageCurrent: 0
current: 201
activePower: 369
reactivePower: -189
tapparentPower: 446
powerFactor: 82.79
currentUnbalance: 0
lines: 

2025-04-23 13:31:50 [MQTT Call: ygw] WARN  com.example.mqtt.MessageData - No 'value' field found in message, skipping InfluxDB write.
2025-04-23 13:31:51 [MQTT Call: ygw] INFO  com.example.mqtt.MessageData - Topic: data/s/nhnacademy/b/gyeongnam_campus/p/campus/d/gem3500_1/n/프로젝터1/e/power_meter
Message Data:
time: 1745382711046
type: 3
leakageCurrent: 0
current: 101
activePower: 129
reactivePower: -151
tapparentPower: 215
powerFactor: 60
currentUnbalance: 0
lines: 

2025-04-23 13:31:51 [MQTT Call: ygw] WARN  com.example.mqtt.MessageData - No 'value' field found in message, skipping InfluxDB write.
2025-04-23 13:31:51 [MQTT Call: ygw] INFO  com.example.mqtt.MessageData - Topic: data/s/nhnacademy/b/gyeongnam_campus/p/campus/d/gem3500_1/n/프로젝터2/e/power_meter
Message Data:
time: 1745382711149
type: 1
leakageCurrent: 0
current: 43
activePower: 57
reactivePower: -69
tapparentPower: 95
powerFactor: 59.99
currentUnbalance: 0
lines: 

2025-04-23 13:31:51 [MQTT Call: ygw] WARN  com.example.mqtt.MessageData - No 'value' field found in message, skipping InfluxDB write.
2025-04-23 13:31:51 [MQTT Call: ygw] INFO  com.example.mqtt.MessageData - Topic: data/s/nhnacademy/b/gyeongnam_campus/p/campus/d/gem3500_1/n/회의실/e/power_meter
Message Data:
time: 1745382711250
type: 2
leakageCurrent: 0
current: 13
activePower: 4
reactivePower: -28
tapparentPower: 31
powerFactor: 15.38
currentUnbalance: 0
lines: 

2025-04-23 13:31:51 [MQTT Call: ygw] WARN  com.example.mqtt.MessageData - No 'value' field found in message, skipping InfluxDB write.
2025-04-23 13:31:51 [MQTT Call: ygw] INFO  com.example.mqtt.MessageData - Topic: data/s/nhnacademy/b/gyeongnam_campus/p/campus/d/gem3500_1/n/서버실/e/power_meter
Message Data:
time: 1745382711351
type: 3
leakageCurrent: 0
current: 201
activePower: 391
reactivePower: -107
tapparentPower: 439
powerFactor: 89.07
currentUnbalance: 0
lines: 

2025-04-23 13:31:51 [MQTT Call: ygw] WARN  com.example.mqtt.MessageData - No 'value' field found in message, skipping InfluxDB write.
2025-04-23 13:31:51 [MQTT Call: ygw] INFO  com.example.mqtt.MessageData - Topic: data/s/nhnacademy/b/gyeongnam_campus/p/campus/d/gem3500_1/n/간판/e/power_meter
Message Data:
time: 1745382711454
type: 1
leakageCurrent: 0
current: 0
activePower: 0
reactivePower: 0
tapparentPower: 0
powerFactor: 0
currentUnbalance: 0
lines: 

2025-04-23 13:31:51 [MQTT Call: ygw] WARN  com.example.mqtt.MessageData - No 'value' field found in message, skipping InfluxDB write.
2025-04-23 13:31:51 [MQTT Call: ygw] INFO  com.example.mqtt.MessageData - Topic: data/s/nhnacademy/b/gyeongnam_campus/p/campus/d/gem3500_1/n/페어룸/e/power_meter
Message Data:
time: 1745382711553
type: 2
leakageCurrent: 0
current: 0
activePower: 0
reactivePower: 0
tapparentPower: 0
powerFactor: 0
currentUnbalance: 0
lines: 

2025-04-23 13:31:51 [MQTT Call: ygw] WARN  com.example.mqtt.MessageData - No 'value' field found in message, skipping InfluxDB write.
2025-04-23 13:31:51 [MQTT Call: ygw] INFO  com.example.mqtt.MessageData - Topic: data/s/nhnacademy/b/gyeongnam_campus/p/campus/d/gem3500_1/n/사무실_전열1/e/power_meter
Message Data:
time: 1745382711655
type: 3
leakageCurrent: 0
current: 82
activePower: 100
reactivePower: -52
tapparentPower: 179
powerFactor: 56
currentUnbalance: 0
lines: 

2025-04-23 13:31:51 [MQTT Call: ygw] WARN  com.example.mqtt.MessageData - No 'value' field found in message, skipping InfluxDB write.
2025-04-23 13:31:51 [MQTT Call: ygw] INFO  com.example.mqtt.MessageData - Topic: data/s/nhnacademy/b/gyeongnam_campus/p/campus/d/gem3500_1/n/사무실_전열2/e/power_meter
Message Data:
time: 1745382711756
type: 3
leakageCurrent: 0
current: 87
activePower: 105
reactivePower: -59
tapparentPower: 206
powerFactor: 51.16
currentUnbalance: 0
lines: 

2025-04-23 13:31:51 [MQTT Call: ygw] WARN  com.example.mqtt.MessageData - No 'value' field found in message, skipping InfluxDB write.
2025-04-23 13:31:51 [MQTT Call: ygw] INFO  com.example.mqtt.MessageData - Topic: data/s/nhnacademy/b/gyeongnam_campus/p/campus/d/gem3500_1/n/사무실_복사기/e/power_meter
Message Data:
time: 1745382711859
type: 1
leakageCurrent: 0
current: 7
activePower: 7
reactivePower: 0
tapparentPower: 16
powerFactor: 42.85
currentUnbalance: 0
lines: 

2025-04-23 13:31:51 [MQTT Call: ygw] WARN  com.example.mqtt.MessageData - No 'value' field found in message, skipping InfluxDB write.
2025-04-23 13:31:51 [MQTT Call: ygw] INFO  com.example.mqtt.MessageData - Topic: data/s/nhnacademy/b/gyeongnam_campus/p/campus/d/gem3500_1/n/빌트인_전열/e/power_meter
Message Data:
time: 1745382711960
type: 2
leakageCurrent: 0
current: 5
activePower: 2
reactivePower: -7
tapparentPower: 14
powerFactor: 16.66
currentUnbalance: 0
lines: 

2025-04-23 13:31:51 [MQTT Call: ygw] WARN  com.example.mqtt.MessageData - No 'value' field found in message, skipping InfluxDB write.
2025-04-23 13:31:52 [MQTT Call: ygw] INFO  com.example.mqtt.MessageData - Topic: data/s/nhnacademy/b/gyeongnam_campus/p/campus/d/gem3500_1/n/사무실_전열3/e/power_meter
Message Data:
time: 1745382712061
type: 3
leakageCurrent: 0
current: 0
activePower: 0
reactivePower: 0
tapparentPower: 0
powerFactor: 0
currentUnbalance: 0
lines: 

2025-04-23 13:31:52 [MQTT Call: ygw] WARN  com.example.mqtt.MessageData - No 'value' field found in message, skipping InfluxDB write.
2025-04-23 13:31:52 [MQTT Call: ygw] INFO  com.example.mqtt.MessageData - Topic: data/s/nhnacademy/b/gyeongnam_campus/p/campus/d/gem3500_1/n/정수기/e/power_meter
Message Data:
time: 1745382712162
type: 1
leakageCurrent: 0
current: 71
activePower: 100
reactivePower: 119
tapparentPower: 155
powerFactor: 64.61
currentUnbalance: 0
lines: 

2025-04-23 13:31:52 [MQTT Call: ygw] WARN  com.example.mqtt.MessageData - No 'value' field found in message, skipping InfluxDB write.
2025-04-23 13:31:52 [MQTT Call: ygw] INFO  com.example.mqtt.MessageData - Topic: data/s/nhnacademy/b/gyeongnam_campus/p/campus/d/gem3500_1/n/하이브_전열/e/power_meter
Message Data:
time: 1745382712264
type: 2
leakageCurrent: 0
current: 65
activePower: 122
reactivePower: -45
tapparentPower: 141
powerFactor: 86.44
currentUnbalance: 0
lines: 

2025-04-23 13:31:52 [MQTT Call: ygw] WARN  com.example.mqtt.MessageData - No 'value' field found in message, skipping InfluxDB write.
2025-04-23 13:31:52 [MQTT Call: ygw] INFO  com.example.mqtt.MessageData - Topic: data/s/nhnacademy/b/gyeongnam_campus/p/campus/d/gem3500_1/n/바텐_전열/e/power_meter
Message Data:
time: 1745382712366
type: 3
leakageCurrent: 0
current: 0
activePower: 0
reactivePower: 0
tapparentPower: 0
powerFactor: 0
currentUnbalance: 0
lines: 

2025-04-23 13:31:52 [MQTT Call: ygw] WARN  com.example.mqtt.MessageData - No 'value' field found in message, skipping InfluxDB write.
2025-04-23 13:31:52 [MQTT Call: ygw] INFO  com.example.mqtt.MessageData - Topic: data/s/nhnacademy/b/gyeongnam_campus/p/campus/d/gem3500_1/n/S_P/e/power_meter
Message Data:
time: 1745382712464
type: 1
leakageCurrent: 0
current: 0
activePower: 0
reactivePower: 0
tapparentPower: 0
powerFactor: 0
currentUnbalance: 0
lines: 

2025-04-23 13:31:52 [MQTT Call: ygw] WARN  com.example.mqtt.MessageData - No 'value' field found in message, skipping InfluxDB write.
2025-04-23 13:31:52 [MQTT Call: ygw] INFO  com.example.mqtt.MessageData - Topic: data/s/nhnacademy/b/gyeongnam_campus/p/campus/d/gem3500_1/n/공조기/e/power_meter
Message Data:
time: 1745382712564
type: 2
leakageCurrent: 0
current: 201
activePower: 223
reactivePower: -23
tapparentPower: 436
powerFactor: 51.09
currentUnbalance: 0
lines: 

2025-04-23 13:31:52 [MQTT Call: ygw] WARN  com.example.mqtt.MessageData - No 'value' field found in message, skipping InfluxDB write.
2025-04-23 13:31:53 [MQTT Call: ygw] INFO  com.example.mqtt.MessageData - Topic: data/s/nhnacademy/b/gyeongnam_campus/p/campus/d/gem3500_1/n/AC/e/power_meter
Message Data:
time: 1745382712668
type: 3
leakageCurrent: 0
current: 16
activePower: 11
reactivePower: -23
tapparentPower: 35
powerFactor: 33.33
currentUnbalance: 0
lines: 

2025-04-23 13:31:53 [MQTT Call: ygw] WARN  com.example.mqtt.MessageData - No 'value' field found in message, skipping InfluxDB write.
2025-04-23 13:32:04 [MQTT Call: ygw] INFO  com.example.mqtt.MessageData - Topic: data/s/nhnacademy/b/gyeongnam_campus/p/pair_room/d/24e124617d159573/n/2/e/distance
Message Data:
time: 1745382724036
value: 2234

2025-04-23 13:32:04 [MQTT Call: ygw] INFO  com.example.mqtt.InfluxDBService - Extracted tagkey -> location: pair_room, kind: 2, data: distance
Value into InfluxDB: 2234.0
2025-04-23 13:32:04 [MQTT Call: ygw] INFO  com.example.mqtt.MessageData - Data sent to InfluxDBService: data/s/nhnacademy/b/gyeongnam_campus/p/pair_room/d/24e124617d159573/n/2/e/distance -> 2234.0
2025-04-23 13:32:06 [MQTT Call: ygw] INFO  com.example.mqtt.MessageData - Topic: data/s/nhnacademy/b/gyeongnam_campus/p/pair_room/d/24e124617d159573/n/2/e/battery
Message Data:
time: 1745382724036
value: 32

2025-04-23 13:32:06 [MQTT Call: ygw] INFO  com.example.mqtt.InfluxDBService - Extracted tagkey -> location: pair_room, kind: 2, data: battery
Value into InfluxDB: 32.0
2025-04-23 13:32:06 [MQTT Call: ygw] INFO  com.example.mqtt.MessageData - Data sent to InfluxDBService: data/s/nhnacademy/b/gyeongnam_campus/p/pair_room/d/24e124617d159573/n/2/e/battery -> 32.0
2025-04-23 13:32:06 [MQTT Call: ygw] INFO  com.example.mqtt.MessageData - Topic: data/s/nhnacademy/b/gyeongnam_campus/p/pair_room/d/24e124617d159573/n/2/e/occupancy
Message Data:
time: 1745382724036
value: 0

2025-04-23 13:32:06 [MQTT Call: ygw] INFO  com.example.mqtt.InfluxDBService - Extracted tagkey -> location: pair_room, kind: 2, data: occupancy
Value into InfluxDB: 0.0
2025-04-23 13:32:06 [MQTT Call: ygw] INFO  com.example.mqtt.MessageData - Data sent to InfluxDBService: data/s/nhnacademy/b/gyeongnam_campus/p/pair_room/d/24e124617d159573/n/2/e/occupancy -> 0.0
2025-04-23 13:32:06 [MQTT Call: ygw] INFO  com.example.mqtt.MessageData - Topic: data/s/nhnacademy/b/gyeongnam_campus/p/pair_room/d/24e124617d159573/n/2/g/24e124fffef5dccc/e/lora
Message Data:
time: 1745382724036
value: 

2025-04-23 13:32:06 [MQTT Call: ygw] INFO  com.example.mqtt.InfluxDBService - Extracted tagkey -> location: pair_room, kind: 2, data: lora
Value into InfluxDB: 0.0
2025-04-23 13:32:06 [MQTT Call: ygw] INFO  com.example.mqtt.MessageData - Data sent to InfluxDBService: data/s/nhnacademy/b/gyeongnam_campus/p/pair_room/d/24e124617d159573/n/2/g/24e124fffef5dccc/e/lora -> 0.0
2025-04-23 13:32:06 [MQTT Call: ygw] INFO  com.example.mqtt.MessageData - Topic: data/s/nhnacademy/b/gyeongnam_campus/p/pair_room/d/24e124617d159573/n/2/g/24e124fffef79304/e/lora
Message Data:
time: 1745382724036
value: 

2025-04-23 13:32:06 [MQTT Call: ygw] INFO  com.example.mqtt.InfluxDBService - Extracted tagkey -> location: pair_room, kind: 2, data: lora
Value into InfluxDB: 0.0
2025-04-23 13:32:06 [MQTT Call: ygw] INFO  com.example.mqtt.MessageData - Data sent to InfluxDBService: data/s/nhnacademy/b/gyeongnam_campus/p/pair_room/d/24e124617d159573/n/2/g/24e124fffef79304/e/lora -> 0.0
2025-04-23 13:32:10 [MQTT Call: ygw] INFO  com.example.mqtt.MessageData - Topic: data/s/nhnacademy/b/gyeongnam_campus/p/hive/d/24e124785c389010/n/정수기 위/e/temperature
Message Data:
time: 1745382730185
value: 23.3

2025-04-23 13:32:10 [MQTT Call: ygw] INFO  com.example.mqtt.InfluxDBService - Extracted tagkey -> location: hive, kind: 정수기 위, data: temperature
Value into InfluxDB: 23.3
2025-04-23 13:32:10 [MQTT Call: ygw] INFO  com.example.mqtt.MessageData - Data sent to InfluxDBService: data/s/nhnacademy/b/gyeongnam_campus/p/hive/d/24e124785c389010/n/정수기 위/e/temperature -> 23.3
2025-04-23 13:32:10 [MQTT Call: ygw] INFO  com.example.mqtt.MessageData - Topic: data/s/nhnacademy/b/gyeongnam_campus/p/hive/d/24e124785c389010/n/정수기 위/e/humidity
Message Data:
time: 1745382730185
value: 44

2025-04-23 13:32:10 [MQTT Call: ygw] INFO  com.example.mqtt.InfluxDBService - Extracted tagkey -> location: hive, kind: 정수기 위, data: humidity
Value into InfluxDB: 44.0
2025-04-23 13:32:10 [MQTT Call: ygw] INFO  com.example.mqtt.MessageData - Data sent to InfluxDBService: data/s/nhnacademy/b/gyeongnam_campus/p/hive/d/24e124785c389010/n/정수기 위/e/humidity -> 44.0
2025-04-23 13:32:10 [MQTT Call: ygw] INFO  com.example.mqtt.MessageData - Topic: data/s/nhnacademy/b/gyeongnam_campus/p/hive/d/24e124785c389010/n/정수기 위/e/battery
Message Data:
time: 1745382730185
value: 85

2025-04-23 13:32:10 [MQTT Call: ygw] INFO  com.example.mqtt.InfluxDBService - Extracted tagkey -> location: hive, kind: 정수기 위, data: battery
Value into InfluxDB: 85.0
2025-04-23 13:32:10 [MQTT Call: ygw] INFO  com.example.mqtt.MessageData - Data sent to InfluxDBService: data/s/nhnacademy/b/gyeongnam_campus/p/hive/d/24e124785c389010/n/정수기 위/e/battery -> 85.0
2025-04-23 13:32:10 [MQTT Call: ygw] INFO  com.example.mqtt.MessageData - Topic: data/s/nhnacademy/b/gyeongnam_campus/p/hive/d/24e124785c389010/n/정수기 위/g/24e124fffef5dccc/e/lora
Message Data:
time: 1745382730185
value: 

2025-04-23 13:32:10 [MQTT Call: ygw] INFO  com.example.mqtt.InfluxDBService - Extracted tagkey -> location: hive, kind: 정수기 위, data: lora
Value into InfluxDB: 0.0
2025-04-23 13:32:10 [MQTT Call: ygw] INFO  com.example.mqtt.MessageData - Data sent to InfluxDBService: data/s/nhnacademy/b/gyeongnam_campus/p/hive/d/24e124785c389010/n/정수기 위/g/24e124fffef5dccc/e/lora -> 0.0
2025-04-23 13:32:10 [MQTT Call: ygw] INFO  com.example.mqtt.MessageData - Topic: data/s/nhnacademy/b/gyeongnam_campus/p/hive/d/24e124785c389010/n/정수기 위/g/24e124fffef79304/e/lora
Message Data:
time: 1745382730185
value: 

2025-04-23 13:32:10 [MQTT Call: ygw] INFO  com.example.mqtt.InfluxDBService - Extracted tagkey -> location: hive, kind: 정수기 위, data: lora
Value into InfluxDB: 0.0
2025-04-23 13:32:10 [MQTT Call: ygw] INFO  com.example.mqtt.MessageData - Data sent to InfluxDBService: data/s/nhnacademy/b/gyeongnam_campus/p/hive/d/24e124785c389010/n/정수기 위/g/24e124fffef79304/e/lora -> 0.0
2025-04-23 13:32:11 [MQTT Call: ygw] INFO  com.example.mqtt.MessageData - Topic: data/s/nhnacademy/b/gyeongnam_campus/p/hive/d/24e124725d081175/sp/8인 책상/n/8인 책상/e/co2
Message Data:
time: 1745382730795
value: 546

2025-04-23 13:32:11 [MQTT Call: ygw] INFO  com.example.mqtt.InfluxDBService - Extracted tagkey -> location: hive, kind: 8인 책상, data: co2
Value into InfluxDB: 546.0
2025-04-23 13:32:11 [MQTT Call: ygw] INFO  com.example.mqtt.MessageData - Data sent to InfluxDBService: data/s/nhnacademy/b/gyeongnam_campus/p/hive/d/24e124725d081175/sp/8인 책상/n/8인 책상/e/co2 -> 546.0
2025-04-23 13:32:11 [MQTT Call: ygw] INFO  com.example.mqtt.MessageData - Topic: data/s/nhnacademy/b/gyeongnam_campus/p/hive/d/24e124725d081175/sp/8인 책상/n/8인 책상/e/temperature
Message Data:
time: 1745382730795
value: 23.8

2025-04-23 13:32:11 [MQTT Call: ygw] INFO  com.example.mqtt.InfluxDBService - Extracted tagkey -> location: hive, kind: 8인 책상, data: temperature
Value into InfluxDB: 23.8
2025-04-23 13:32:11 [MQTT Call: ygw] INFO  com.example.mqtt.MessageData - Data sent to InfluxDBService: data/s/nhnacademy/b/gyeongnam_campus/p/hive/d/24e124725d081175/sp/8인 책상/n/8인 책상/e/temperature -> 23.8
2025-04-23 13:32:11 [MQTT Call: ygw] INFO  com.example.mqtt.MessageData - Topic: data/s/nhnacademy/b/gyeongnam_campus/p/hive/d/24e124725d081175/sp/8인 책상/n/8인 책상/e/battery
Message Data:
time: 1745382730795
value: 76

2025-04-23 13:32:11 [MQTT Call: ygw] INFO  com.example.mqtt.InfluxDBService - Extracted tagkey -> location: hive, kind: 8인 책상, data: battery
Value into InfluxDB: 76.0
2025-04-23 13:32:11 [MQTT Call: ygw] INFO  com.example.mqtt.MessageData - Data sent to InfluxDBService: data/s/nhnacademy/b/gyeongnam_campus/p/hive/d/24e124725d081175/sp/8인 책상/n/8인 책상/e/battery -> 76.0
2025-04-23 13:32:11 [MQTT Call: ygw] INFO  com.example.mqtt.MessageData - Topic: data/s/nhnacademy/b/gyeongnam_campus/p/hive/d/24e124725d081175/sp/8인 책상/n/8인 책상/e/humidity
Message Data:
time: 1745382730795
value: 43

2025-04-23 13:32:11 [MQTT Call: ygw] INFO  com.example.mqtt.InfluxDBService - Extracted tagkey -> location: hive, kind: 8인 책상, data: humidity
Value into InfluxDB: 43.0
2025-04-23 13:32:11 [MQTT Call: ygw] INFO  com.example.mqtt.MessageData - Data sent to InfluxDBService: data/s/nhnacademy/b/gyeongnam_campus/p/hive/d/24e124725d081175/sp/8인 책상/n/8인 책상/e/humidity -> 43.0
2025-04-23 13:32:11 [MQTT Call: ygw] INFO  com.example.mqtt.MessageData - Topic: data/s/nhnacademy/b/gyeongnam_campus/p/hive/d/24e124725d081175/sp/8인 책상/n/8인 책상/g/24e124fffef5dccc/e/lora
Message Data:
time: 1745382730795
value: 

2025-04-23 13:32:11 [MQTT Call: ygw] INFO  com.example.mqtt.InfluxDBService - Extracted tagkey -> location: hive, kind: 8인 책상, data: lora
Value into InfluxDB: 0.0
2025-04-23 13:32:11 [MQTT Call: ygw] INFO  com.example.mqtt.MessageData - Data sent to InfluxDBService: data/s/nhnacademy/b/gyeongnam_campus/p/hive/d/24e124725d081175/sp/8인 책상/n/8인 책상/g/24e124fffef5dccc/e/lora -> 0.0
2025-04-23 13:32:11 [MQTT Call: ygw] INFO  com.example.mqtt.MessageData - Topic: data/s/nhnacademy/b/gyeongnam_campus/p/hive/d/24e124725d081175/sp/8인 책상/n/8인 책상/g/24e124fffef79304/e/lora
Message Data:
time: 1745382730795
value: 

2025-04-23 13:32:11 [MQTT Call: ygw] INFO  com.example.mqtt.InfluxDBService - Extracted tagkey -> location: hive, kind: 8인 책상, data: lora
Value into InfluxDB: 0.0
2025-04-23 13:32:11 [MQTT Call: ygw] INFO  com.example.mqtt.MessageData - Data sent to InfluxDBService: data/s/nhnacademy/b/gyeongnam_campus/p/hive/d/24e124725d081175/sp/8인 책상/n/8인 책상/g/24e124fffef79304/e/lora -> 0.0
2025-04-23 13:32:18 [MQTT Call: ygw] INFO  com.example.mqtt.MessageData - Topic: data/s/nhnacademy/b/gyeongnam_campus/p/class_a/d/24e124128c067999/sp/입구/n/입구/e/humidity
Message Data:
time: 1745382738487
value: 46.5

2025-04-23 13:32:18 [MQTT Call: ygw] INFO  com.example.mqtt.InfluxDBService - Extracted tagkey -> location: class_a, kind: 입구, data: humidity
Value into InfluxDB: 46.5
2025-04-23 13:32:18 [MQTT Call: ygw] INFO  com.example.mqtt.MessageData - Data sent to InfluxDBService: data/s/nhnacademy/b/gyeongnam_campus/p/class_a/d/24e124128c067999/sp/입구/n/입구/e/humidity -> 46.5
2025-04-23 13:32:18 [MQTT Call: ygw] INFO  com.example.mqtt.MessageData - Topic: data/s/nhnacademy/b/gyeongnam_campus/p/class_a/d/24e124128c067999/sp/입구/n/입구/e/infrared
Message Data:
time: 1745382738487
value: 7

2025-04-23 13:32:18 [MQTT Call: ygw] INFO  com.example.mqtt.InfluxDBService - Extracted tagkey -> location: class_a, kind: 입구, data: infrared
Value into InfluxDB: 7.0
2025-04-23 13:32:18 [MQTT Call: ygw] INFO  com.example.mqtt.MessageData - Data sent to InfluxDBService: data/s/nhnacademy/b/gyeongnam_campus/p/class_a/d/24e124128c067999/sp/입구/n/입구/e/infrared -> 7.0
2025-04-23 13:32:18 [MQTT Call: ygw] INFO  com.example.mqtt.MessageData - Topic: data/s/nhnacademy/b/gyeongnam_campus/p/class_a/d/24e124128c067999/sp/입구/n/입구/e/illumination
Message Data:
time: 1745382738487
value: 67

2025-04-23 13:32:18 [MQTT Call: ygw] INFO  com.example.mqtt.InfluxDBService - Extracted tagkey -> location: class_a, kind: 입구, data: illumination
Value into InfluxDB: 67.0
2025-04-23 13:32:18 [MQTT Call: ygw] INFO  com.example.mqtt.MessageData - Data sent to InfluxDBService: data/s/nhnacademy/b/gyeongnam_campus/p/class_a/d/24e124128c067999/sp/입구/n/입구/e/illumination -> 67.0
2025-04-23 13:32:18 [MQTT Call: ygw] INFO  com.example.mqtt.MessageData - Topic: data/s/nhnacademy/b/gyeongnam_campus/p/class_a/d/24e124128c067999/sp/입구/n/입구/e/activity
Message Data:
time: 1745382738487
value: 0

2025-04-23 13:32:18 [MQTT Call: ygw] INFO  com.example.mqtt.InfluxDBService - Extracted tagkey -> location: class_a, kind: 입구, data: activity
Value into InfluxDB: 0.0
2025-04-23 13:32:18 [MQTT Call: ygw] INFO  com.example.mqtt.MessageData - Data sent to InfluxDBService: data/s/nhnacademy/b/gyeongnam_campus/p/class_a/d/24e124128c067999/sp/입구/n/입구/e/activity -> 0.0
2025-04-23 13:32:18 [MQTT Call: ygw] INFO  com.example.mqtt.MessageData - Topic: data/s/nhnacademy/b/gyeongnam_campus/p/class_a/d/24e124128c067999/sp/입구/n/입구/e/infrared_and_visible
Message Data:
time: 1745382738487
value: 46

2025-04-23 13:32:18 [MQTT Call: ygw] INFO  com.example.mqtt.InfluxDBService - Extracted tagkey -> location: class_a, kind: 입구, data: infrared_and_visible
Value into InfluxDB: 46.0
2025-04-23 13:32:18 [MQTT Call: ygw] INFO  com.example.mqtt.MessageData - Data sent to InfluxDBService: data/s/nhnacademy/b/gyeongnam_campus/p/class_a/d/24e124128c067999/sp/입구/n/입구/e/infrared_and_visible -> 46.0
2025-04-23 13:32:18 [MQTT Call: ygw] INFO  com.example.mqtt.MessageData - Topic: data/s/nhnacademy/b/gyeongnam_campus/p/class_a/d/24e124128c067999/sp/입구/n/입구/e/pressure
Message Data:
time: 1745382738487
value: 997.5

2025-04-23 13:32:18 [MQTT Call: ygw] INFO  com.example.mqtt.InfluxDBService - Extracted tagkey -> location: class_a, kind: 입구, data: pressure
Value into InfluxDB: 997.5
2025-04-23 13:32:18 [MQTT Call: ygw] INFO  com.example.mqtt.MessageData - Data sent to InfluxDBService: data/s/nhnacademy/b/gyeongnam_campus/p/class_a/d/24e124128c067999/sp/입구/n/입구/e/pressure -> 997.5
2025-04-23 13:32:18 [MQTT Call: ygw] INFO  com.example.mqtt.MessageData - Topic: data/s/nhnacademy/b/gyeongnam_campus/p/class_a/d/24e124128c067999/sp/입구/n/입구/e/co2
Message Data:
time: 1745382738487
value: 1070

2025-04-23 13:32:18 [MQTT Call: ygw] INFO  com.example.mqtt.InfluxDBService - Extracted tagkey -> location: class_a, kind: 입구, data: co2
Value into InfluxDB: 1070.0
2025-04-23 13:32:18 [MQTT Call: ygw] INFO  com.example.mqtt.MessageData - Data sent to InfluxDBService: data/s/nhnacademy/b/gyeongnam_campus/p/class_a/d/24e124128c067999/sp/입구/n/입구/e/co2 -> 1070.0
2025-04-23 13:32:18 [MQTT Call: ygw] INFO  com.example.mqtt.MessageData - Topic: data/s/nhnacademy/b/gyeongnam_campus/p/class_a/d/24e124128c067999/sp/입구/n/입구/e/tvoc
Message Data:
time: 1745382738487
value: 304

2025-04-23 13:32:18 [MQTT Call: ygw] INFO  com.example.mqtt.InfluxDBService - Extracted tagkey -> location: class_a, kind: 입구, data: tvoc
Value into InfluxDB: 304.0
2025-04-23 13:32:18 [MQTT Call: ygw] INFO  com.example.mqtt.MessageData - Data sent to InfluxDBService: data/s/nhnacademy/b/gyeongnam_campus/p/class_a/d/24e124128c067999/sp/입구/n/입구/e/tvoc -> 304.0
2025-04-23 13:32:18 [MQTT Call: ygw] INFO  com.example.mqtt.MessageData - Topic: data/s/nhnacademy/b/gyeongnam_campus/p/class_a/d/24e124128c067999/sp/입구/n/입구/e/temperature
Message Data:
time: 1745382738487
value: 24.1

2025-04-23 13:32:18 [MQTT Call: ygw] INFO  com.example.mqtt.InfluxDBService - Extracted tagkey -> location: class_a, kind: 입구, data: temperature
Value into InfluxDB: 24.1
2025-04-23 13:32:18 [MQTT Call: ygw] INFO  com.example.mqtt.MessageData - Data sent to InfluxDBService: data/s/nhnacademy/b/gyeongnam_campus/p/class_a/d/24e124128c067999/sp/입구/n/입구/e/temperature -> 24.1
2025-04-23 13:32:18 [MQTT Call: ygw] INFO  com.example.mqtt.MessageData - Topic: data/s/nhnacademy/b/gyeongnam_campus/p/class_a/d/24e124128c067999/sp/입구/n/입구/g/24e124fffef79304/e/lora
Message Data:
time: 1745382738487
value: 

2025-04-23 13:32:18 [MQTT Call: ygw] INFO  com.example.mqtt.InfluxDBService - Extracted tagkey -> location: class_a, kind: 입구, data: lora
Value into InfluxDB: 0.0
2025-04-23 13:32:18 [MQTT Call: ygw] INFO  com.example.mqtt.MessageData - Data sent to InfluxDBService: data/s/nhnacademy/b/gyeongnam_campus/p/class_a/d/24e124128c067999/sp/입구/n/입구/g/24e124fffef79304/e/lora -> 0.0
2025-04-23 13:32:19 [MQTT Call: ygw] INFO  com.example.mqtt.MessageData - Topic: data/s/nhnacademy/b/gyeongnam_campus/p/class_a/d/24e124128c067999/sp/입구/n/입구/g/24e124fffef5dccc/e/lora
Message Data:
time: 1745382738487
value: 

2025-04-23 13:32:19 [MQTT Call: ygw] INFO  com.example.mqtt.InfluxDBService - Extracted tagkey -> location: class_a, kind: 입구, data: lora
Value into InfluxDB: 0.0
2025-04-23 13:32:19 [MQTT Call: ygw] INFO  com.example.mqtt.MessageData - Data sent to InfluxDBService: data/s/nhnacademy/b/gyeongnam_campus/p/class_a/d/24e124128c067999/sp/입구/n/입구/g/24e124fffef5dccc/e/lora -> 0.0
2025-04-23 13:32:24 [MQTT Call: ygw] INFO  com.example.mqtt.MessageData - Topic: data/s/nhnacademy/b/gyeongnam_campus/p/server_room/d/24e124136d151368/n/입구/e/humidity
Message Data:
time: 1745382743707
value: 47

2025-04-23 13:32:24 [MQTT Call: ygw] INFO  com.example.mqtt.InfluxDBService - Extracted tagkey -> location: server_room, kind: 입구, data: humidity
Value into InfluxDB: 47.0
2025-04-23 13:32:24 [MQTT Call: ygw] INFO  com.example.mqtt.MessageData - Data sent to InfluxDBService: data/s/nhnacademy/b/gyeongnam_campus/p/server_room/d/24e124136d151368/n/입구/e/humidity -> 47.0
2025-04-23 13:32:25 [MQTT Call: ygw] INFO  com.example.mqtt.MessageData - Topic: data/s/nhnacademy/b/gyeongnam_campus/p/server_room/d/24e124136d151368/n/입구/e/temperature
Message Data:
time: 1745382743707
value: 24.1

2025-04-23 13:32:25 [MQTT Call: ygw] INFO  com.example.mqtt.InfluxDBService - Extracted tagkey -> location: server_room, kind: 입구, data: temperature
Value into InfluxDB: 24.1
2025-04-23 13:32:25 [MQTT Call: ygw] INFO  com.example.mqtt.MessageData - Data sent to InfluxDBService: data/s/nhnacademy/b/gyeongnam_campus/p/server_room/d/24e124136d151368/n/입구/e/temperature -> 24.1
2025-04-23 13:32:25 [MQTT Call: ygw] INFO  com.example.mqtt.MessageData - Topic: data/s/nhnacademy/b/gyeongnam_campus/p/server_room/d/24e124136d151368/n/입구/g/24e124fffef79304/e/lora
Message Data:
time: 1745382743707
value: 

2025-04-23 13:32:25 [MQTT Call: ygw] INFO  com.example.mqtt.InfluxDBService - Extracted tagkey -> location: server_room, kind: 입구, data: lora
Value into InfluxDB: 0.0
2025-04-23 13:32:25 [MQTT Call: ygw] INFO  com.example.mqtt.MessageData - Data sent to InfluxDBService: data/s/nhnacademy/b/gyeongnam_campus/p/server_room/d/24e124136d151368/n/입구/g/24e124fffef79304/e/lora -> 0.0
2025-04-23 13:32:25 [MQTT Call: ygw] INFO  com.example.mqtt.MessageData - Topic: data/s/nhnacademy/b/gyeongnam_campus/p/server_room/d/24e124136d151368/n/입구/g/24e124fffef5dccc/e/lora
Message Data:
time: 1745382743707
value: 

2025-04-23 13:32:25 [MQTT Call: ygw] INFO  com.example.mqtt.InfluxDBService - Extracted tagkey -> location: server_room, kind: 입구, data: lora
Value into InfluxDB: 0.0
2025-04-23 13:32:25 [MQTT Call: ygw] INFO  com.example.mqtt.MessageData - Data sent to InfluxDBService: data/s/nhnacademy/b/gyeongnam_campus/p/server_room/d/24e124136d151368/n/입구/g/24e124fffef5dccc/e/lora -> 0.0
2025-04-23 13:32:34 [MQTT Call: ygw] INFO  com.example.mqtt.MessageData - Topic: data/s/nhnacademy/b/gyeongnam_campus/p/hive/d/24e124126c452091/sp/farm/n/스마트팜/e/temperature
Message Data:
time: 1745382753953
value: 23.2

2025-04-23 13:32:34 [MQTT Call: ygw] INFO  com.example.mqtt.InfluxDBService - Extracted tagkey -> location: hive, kind: 스마트팜, data: temperature
Value into InfluxDB: 23.2
2025-04-23 13:32:34 [MQTT Call: ygw] INFO  com.example.mqtt.MessageData - Data sent to InfluxDBService: data/s/nhnacademy/b/gyeongnam_campus/p/hive/d/24e124126c452091/sp/farm/n/스마트팜/e/temperature -> 23.2
2025-04-23 13:32:35 [MQTT Call: ygw] INFO  com.example.mqtt.MessageData - Topic: data/s/nhnacademy/b/gyeongnam_campus/p/hive/d/24e124126c452091/sp/farm/n/스마트팜/g/24e124fffef79304/e/lora
Message Data:
time: 1745382753953
value: 

2025-04-23 13:32:35 [MQTT Call: ygw] INFO  com.example.mqtt.InfluxDBService - Extracted tagkey -> location: hive, kind: 스마트팜, data: lora
Value into InfluxDB: 0.0
2025-04-23 13:32:35 [MQTT Call: ygw] INFO  com.example.mqtt.MessageData - Data sent to InfluxDBService: data/s/nhnacademy/b/gyeongnam_campus/p/hive/d/24e124126c452091/sp/farm/n/스마트팜/g/24e124fffef79304/e/lora -> 0.0
2025-04-23 13:32:35 [MQTT Call: ygw] INFO  com.example.mqtt.MessageData - Topic: data/s/nhnacademy/b/gyeongnam_campus/p/hive/d/24e124126c452091/sp/farm/n/스마트팜/g/24e124fffef5dccc/e/lora
Message Data:
time: 1745382753953
value: 

2025-04-23 13:32:35 [MQTT Call: ygw] INFO  com.example.mqtt.InfluxDBService - Extracted tagkey -> location: hive, kind: 스마트팜, data: lora
Value into InfluxDB: 0.0
2025-04-23 13:32:35 [MQTT Call: ygw] INFO  com.example.mqtt.MessageData - Data sent to InfluxDBService: data/s/nhnacademy/b/gyeongnam_campus/p/hive/d/24e124126c452091/sp/farm/n/스마트팜/g/24e124fffef5dccc/e/lora -> 0.0
2025-04-23 13:32:43 [MQTT Call: ygw] INFO  com.example.mqtt.MessageData - Topic: data/s/nhnacademy/b/gyeongnam_campus/p/storage/d/24e124136d151547/n/입구/e/humidity
Message Data:
time: 1745382762819
value: 127.5

2025-04-23 13:32:43 [MQTT Call: ygw] INFO  com.example.mqtt.InfluxDBService - Extracted tagkey -> location: storage, kind: 입구, data: humidity
Value into InfluxDB: 127.5
2025-04-23 13:32:43 [MQTT Call: ygw] INFO  com.example.mqtt.MessageData - Data sent to InfluxDBService: data/s/nhnacademy/b/gyeongnam_campus/p/storage/d/24e124136d151547/n/입구/e/humidity -> 127.5
2025-04-23 13:32:43 [MQTT Call: ygw] INFO  com.example.mqtt.MessageData - Topic: data/s/nhnacademy/b/gyeongnam_campus/p/storage/d/24e124136d151547/n/입구/e/battery
Message Data:
time: 1745382762819
value: 1

2025-04-23 13:32:43 [MQTT Call: ygw] INFO  com.example.mqtt.InfluxDBService - Extracted tagkey -> location: storage, kind: 입구, data: battery
Value into InfluxDB: 1.0
2025-04-23 13:32:43 [MQTT Call: ygw] INFO  com.example.mqtt.MessageData - Data sent to InfluxDBService: data/s/nhnacademy/b/gyeongnam_campus/p/storage/d/24e124136d151547/n/입구/e/battery -> 1.0
2025-04-23 13:32:43 [MQTT Call: ygw] INFO  com.example.mqtt.MessageData - Topic: data/s/nhnacademy/b/gyeongnam_campus/p/storage/d/24e124136d151547/n/입구/e/temperature
Message Data:
time: 1745382762819
value: -0.1

2025-04-23 13:32:43 [MQTT Call: ygw] INFO  com.example.mqtt.InfluxDBService - Extracted tagkey -> location: storage, kind: 입구, data: temperature
Value into InfluxDB: -0.1
2025-04-23 13:32:43 [MQTT Call: ygw] INFO  com.example.mqtt.MessageData - Data sent to InfluxDBService: data/s/nhnacademy/b/gyeongnam_campus/p/storage/d/24e124136d151547/n/입구/e/temperature -> -0.1
2025-04-23 13:32:43 [MQTT Call: ygw] INFO  com.example.mqtt.MessageData - Topic: data/s/nhnacademy/b/gyeongnam_campus/p/storage/d/24e124136d151547/n/입구/g/24e124fffef5dccc/e/lora
Message Data:
time: 1745382762819
value: 

2025-04-23 13:32:43 [MQTT Call: ygw] INFO  com.example.mqtt.InfluxDBService - Extracted tagkey -> location: storage, kind: 입구, data: lora
Value into InfluxDB: 0.0
2025-04-23 13:32:43 [MQTT Call: ygw] INFO  com.example.mqtt.MessageData - Data sent to InfluxDBService: data/s/nhnacademy/b/gyeongnam_campus/p/storage/d/24e124136d151547/n/입구/g/24e124fffef5dccc/e/lora -> 0.0
2025-04-23 13:32:43 [MQTT Call: ygw] INFO  com.example.mqtt.MessageData - Topic: data/s/nhnacademy/b/gyeongnam_campus/p/storage/d/24e124136d151547/n/입구/g/24e124fffef79304/e/lora
Message Data:
time: 1745382762819
value: 

2025-04-23 13:32:43 [MQTT Call: ygw] INFO  com.example.mqtt.InfluxDBService - Extracted tagkey -> location: storage, kind: 입구, data: lora
Value into InfluxDB: 0.0
2025-04-23 13:32:43 [MQTT Call: ygw] INFO  com.example.mqtt.MessageData - Data sent to InfluxDBService: data/s/nhnacademy/b/gyeongnam_campus/p/storage/d/24e124136d151547/n/입구/g/24e124fffef79304/e/lora -> 0.0
2025-04-23 13:32:50 [MQTT Call: ygw] INFO  com.example.mqtt.MessageData - Topic: data/s/nhnacademy/b/gyeongnam_campus/p/campus/d/gem3500_1/n/캠퍼스_LL/e/voltage
Message Data:
time: 1745382770237
value: 378.55

2025-04-23 13:32:50 [MQTT Call: ygw] INFO  com.example.mqtt.InfluxDBService - Extracted tagkey -> location: campus, kind: 캠퍼스_LL, data: voltage
Value into InfluxDB: 378.55
2025-04-23 13:32:50 [MQTT Call: ygw] INFO  com.example.mqtt.MessageData - Data sent to InfluxDBService: data/s/nhnacademy/b/gyeongnam_campus/p/campus/d/gem3500_1/n/캠퍼스_LL/e/voltage -> 378.55
2025-04-23 13:32:50 [MQTT Call: ygw] INFO  com.example.mqtt.MessageData - Topic: data/s/nhnacademy/b/gyeongnam_campus/p/campus/d/gem3500_1/n/캠퍼스_LN/e/voltage
Message Data:
time: 1745382770237
value: 218.55

2025-04-23 13:32:50 [MQTT Call: ygw] INFO  com.example.mqtt.InfluxDBService - Extracted tagkey -> location: campus, kind: 캠퍼스_LN, data: voltage
Value into InfluxDB: 218.55
2025-04-23 13:32:50 [MQTT Call: ygw] INFO  com.example.mqtt.MessageData - Data sent to InfluxDBService: data/s/nhnacademy/b/gyeongnam_campus/p/campus/d/gem3500_1/n/캠퍼스_LN/e/voltage -> 218.55
2025-04-23 13:32:50 [MQTT Call: ygw] INFO  com.example.mqtt.MessageData - Topic: data/s/nhnacademy/b/gyeongnam_campus/p/campus/d/gem3500_1/n/캠퍼스1/e/power_meter
Message Data:
time: 1745382770339
type: 5
leakageCurrent: 0
current: 2785
activePower: 5181
reactivePower: -1902
tapparentPower: 6124
powerFactor: 84.6
currentUnbalance: 52.21
lines: 

2025-04-23 13:32:50 [MQTT Call: ygw] WARN  com.example.mqtt.MessageData - No 'value' field found in message, skipping InfluxDB write.
2025-04-23 13:32:50 [MQTT Call: ygw] INFO  com.example.mqtt.MessageData - Topic: data/s/nhnacademy/b/gyeongnam_campus/p/campus/d/gem3500_1/n/전등1/e/power_meter
Message Data:
time: 1745382770439
type: 3
leakageCurrent: 0
current: 700
activePower: 1307
reactivePower: -328
tapparentPower: 1530
powerFactor: 85.42
currentUnbalance: 0
lines: 

2025-04-23 13:32:50 [MQTT Call: ygw] WARN  com.example.mqtt.MessageData - No 'value' field found in message, skipping InfluxDB write.
2025-04-23 13:32:50 [MQTT Call: ygw] INFO  com.example.mqtt.MessageData - Topic: data/s/nhnacademy/b/gyeongnam_campus/p/campus/d/gem3500_1/n/전등2/e/power_meter
Message Data:
time: 1745382770541
type: 1
leakageCurrent: 0
current: 661
activePower: 1338
reactivePower: -331
tapparentPower: 1453
powerFactor: 92.07
currentUnbalance: 0
lines: 

2025-04-23 13:32:50 [MQTT Call: ygw] WARN  com.example.mqtt.MessageData - No 'value' field found in message, skipping InfluxDB write.
2025-04-23 13:32:50 [MQTT Call: ygw] INFO  com.example.mqtt.MessageData - Topic: data/s/nhnacademy/b/gyeongnam_campus/p/campus/d/gem3500_1/n/전등3/e/power_meter
Message Data:
time: 1745382770642
type: 2
leakageCurrent: 0
current: 0
activePower: 0
reactivePower: 0
tapparentPower: 0
powerFactor: 0
currentUnbalance: 0
lines: 

2025-04-23 13:32:50 [MQTT Call: ygw] WARN  com.example.mqtt.MessageData - No 'value' field found in message, skipping InfluxDB write.
2025-04-23 13:32:50 [MQTT Call: ygw] INFO  com.example.mqtt.MessageData - Topic: data/s/nhnacademy/b/gyeongnam_campus/p/campus/d/gem3500_1/n/강의실b_바닥/e/power_meter
Message Data:
time: 1745382770743
type: 3
leakageCurrent: 0
current: 229
activePower: 362
reactivePower: -230
tapparentPower: 484
powerFactor: 74.75
currentUnbalance: 0
lines: 

2025-04-23 13:32:50 [MQTT Call: ygw] WARN  com.example.mqtt.MessageData - No 'value' field found in message, skipping InfluxDB write.
2025-04-23 13:32:50 [MQTT Call: ygw] INFO  com.example.mqtt.MessageData - Topic: data/s/nhnacademy/b/gyeongnam_campus/p/hive/d/24e124126d111937/sp/farm/n/스마트팜/e/illumination
Message Data:
time: 1745382770537
value: 320

2025-04-23 13:32:50 [MQTT Call: ygw] INFO  com.example.mqtt.InfluxDBService - Extracted tagkey -> location: hive, kind: 스마트팜, data: illumination
Value into InfluxDB: 320.0
2025-04-23 13:32:50 [MQTT Call: ygw] INFO  com.example.mqtt.MessageData - Data sent to InfluxDBService: data/s/nhnacademy/b/gyeongnam_campus/p/hive/d/24e124126d111937/sp/farm/n/스마트팜/e/illumination -> 320.0
2025-04-23 13:32:50 [MQTT Call: ygw] INFO  com.example.mqtt.MessageData - Topic: data/s/nhnacademy/b/gyeongnam_campus/p/hive/d/24e124126d111937/sp/farm/n/스마트팜/g/24e124fffef5dccc/e/lora
Message Data:
time: 1745382770537
value: 

2025-04-23 13:32:50 [MQTT Call: ygw] INFO  com.example.mqtt.InfluxDBService - Extracted tagkey -> location: hive, kind: 스마트팜, data: lora
Value into InfluxDB: 0.0
2025-04-23 13:32:50 [MQTT Call: ygw] INFO  com.example.mqtt.MessageData - Data sent to InfluxDBService: data/s/nhnacademy/b/gyeongnam_campus/p/hive/d/24e124126d111937/sp/farm/n/스마트팜/g/24e124fffef5dccc/e/lora -> 0.0
2025-04-23 13:32:50 [MQTT Call: ygw] INFO  com.example.mqtt.MessageData - Topic: data/s/nhnacademy/b/gyeongnam_campus/p/hive/d/24e124126d111937/sp/farm/n/스마트팜/g/24e124fffef79304/e/lora
Message Data:
time: 1745382770537
value: 

2025-04-23 13:32:50 [MQTT Call: ygw] INFO  com.example.mqtt.InfluxDBService - Extracted tagkey -> location: hive, kind: 스마트팜, data: lora
Value into InfluxDB: 0.0
2025-04-23 13:32:50 [MQTT Call: ygw] INFO  com.example.mqtt.MessageData - Data sent to InfluxDBService: data/s/nhnacademy/b/gyeongnam_campus/p/hive/d/24e124126d111937/sp/farm/n/스마트팜/g/24e124fffef79304/e/lora -> 0.0
2025-04-23 13:32:50 [MQTT Call: ygw] INFO  com.example.mqtt.MessageData - Topic: data/s/nhnacademy/b/gyeongnam_campus/p/hive/d/24e124126d111937/sp/farm/n/스마트팜/e/illumination
Message Data:
time: 1745382770535
value: 320

2025-04-23 13:32:50 [MQTT Call: ygw] INFO  com.example.mqtt.InfluxDBService - Extracted tagkey -> location: hive, kind: 스마트팜, data: illumination
Value into InfluxDB: 320.0
2025-04-23 13:32:50 [MQTT Call: ygw] INFO  com.example.mqtt.MessageData - Data sent to InfluxDBService: data/s/nhnacademy/b/gyeongnam_campus/p/hive/d/24e124126d111937/sp/farm/n/스마트팜/e/illumination -> 320.0
2025-04-23 13:32:50 [MQTT Call: ygw] INFO  com.example.mqtt.MessageData - Topic: data/s/nhnacademy/b/gyeongnam_campus/p/hive/d/24e124126d111937/sp/farm/n/스마트팜/g/24e124fffef79304/e/lora
Message Data:
time: 1745382770535
value: 

2025-04-23 13:32:50 [MQTT Call: ygw] INFO  com.example.mqtt.InfluxDBService - Extracted tagkey -> location: hive, kind: 스마트팜, data: lora
Value into InfluxDB: 0.0
2025-04-23 13:32:50 [MQTT Call: ygw] INFO  com.example.mqtt.MessageData - Data sent to InfluxDBService: data/s/nhnacademy/b/gyeongnam_campus/p/hive/d/24e124126d111937/sp/farm/n/스마트팜/g/24e124fffef79304/e/lora -> 0.0
2025-04-23 13:32:50 [MQTT Call: ygw] INFO  com.example.mqtt.MessageData - Topic: data/s/nhnacademy/b/gyeongnam_campus/p/campus/d/gem3500_1/n/강의실a_바닥1/e/power_meter
Message Data:
time: 1745382770843
type: 1
leakageCurrent: 0
current: 297
activePower: 527
reactivePower: -357
tapparentPower: 683
powerFactor: 77.19
currentUnbalance: 0
lines: 

2025-04-23 13:32:50 [MQTT Call: ygw] WARN  com.example.mqtt.MessageData - No 'value' field found in message, skipping InfluxDB write.
2025-04-23 13:32:51 [MQTT Call: ygw] INFO  com.example.mqtt.MessageData - Topic: data/s/nhnacademy/b/gyeongnam_campus/p/campus/d/gem3500_1/n/강의실a_바닥2/e/power_meter
Message Data:
time: 1745382770945
type: 2
leakageCurrent: 0
current: 211
activePower: 374
reactivePower: -189
tapparentPower: 453
powerFactor: 82.53
currentUnbalance: 0
lines: 

2025-04-23 13:32:51 [MQTT Call: ygw] WARN  com.example.mqtt.MessageData - No 'value' field found in message, skipping InfluxDB write.
2025-04-23 13:32:51 [MQTT Call: ygw] INFO  com.example.mqtt.MessageData - Topic: data/s/nhnacademy/b/gyeongnam_campus/p/campus/d/gem3500_1/n/프로젝터1/e/power_meter
Message Data:
time: 1745382771045
type: 3
leakageCurrent: 0
current: 101
activePower: 131
reactivePower: -151
tapparentPower: 220
powerFactor: 59.78
currentUnbalance: 0
lines: 

2025-04-23 13:32:51 [MQTT Call: ygw] WARN  com.example.mqtt.MessageData - No 'value' field found in message, skipping InfluxDB write.
2025-04-23 13:32:51 [MQTT Call: ygw] INFO  com.example.mqtt.MessageData - Topic: data/s/nhnacademy/b/gyeongnam_campus/p/campus/d/gem3500_1/n/프로젝터2/e/power_meter
Message Data:
time: 1745382771148
type: 1
leakageCurrent: 0
current: 42
activePower: 62
reactivePower: -69
tapparentPower: 100
powerFactor: 61.9
currentUnbalance: 0
lines: 

2025-04-23 13:32:51 [MQTT Call: ygw] WARN  com.example.mqtt.MessageData - No 'value' field found in message, skipping InfluxDB write.
2025-04-23 13:32:52 [MQTT Call: ygw] INFO  com.example.mqtt.MessageData - Topic: data/s/nhnacademy/b/gyeongnam_campus/p/campus/d/gem3500_1/n/회의실/e/power_meter
Message Data:
time: 1745382771249
type: 2
leakageCurrent: 0
current: 14
activePower: 4
reactivePower: -28
tapparentPower: 31
powerFactor: 15.38
currentUnbalance: 0
lines: 

2025-04-23 13:32:52 [MQTT Call: ygw] WARN  com.example.mqtt.MessageData - No 'value' field found in message, skipping InfluxDB write.
2025-04-23 13:32:52 [MQTT Call: ygw] INFO  com.example.mqtt.MessageData - Topic: data/s/nhnacademy/b/gyeongnam_campus/p/campus/d/gem3500_1/n/서버실/e/power_meter
Message Data:
time: 1745382771350
type: 3
leakageCurrent: 0
current: 201
activePower: 391
reactivePower: -110
tapparentPower: 439
powerFactor: 89.07
currentUnbalance: 0
lines: 

2025-04-23 13:32:52 [MQTT Call: ygw] WARN  com.example.mqtt.MessageData - No 'value' field found in message, skipping InfluxDB write.
2025-04-23 13:32:52 [MQTT Call: ygw] INFO  com.example.mqtt.MessageData - Topic: data/s/nhnacademy/b/gyeongnam_campus/p/campus/d/gem3500_1/n/간판/e/power_meter
Message Data:
time: 1745382771452
type: 1
leakageCurrent: 0
current: 0
activePower: 0
reactivePower: 0
tapparentPower: 0
powerFactor: 0
currentUnbalance: 0
lines: 

2025-04-23 13:32:52 [MQTT Call: ygw] WARN  com.example.mqtt.MessageData - No 'value' field found in message, skipping InfluxDB write.
2025-04-23 13:32:52 [MQTT Call: ygw] INFO  com.example.mqtt.MessageData - Topic: data/s/nhnacademy/b/gyeongnam_campus/p/campus/d/gem3500_1/n/페어룸/e/power_meter
Message Data:
time: 1745382771552
type: 2
leakageCurrent: 0
current: 0
activePower: 0
reactivePower: 0
tapparentPower: 0
powerFactor: 0
currentUnbalance: 0
lines: 

2025-04-23 13:32:52 [MQTT Call: ygw] WARN  com.example.mqtt.MessageData - No 'value' field found in message, skipping InfluxDB write.
2025-04-23 13:32:52 [MQTT Call: ygw] INFO  com.example.mqtt.MessageData - Topic: data/s/nhnacademy/b/gyeongnam_campus/p/campus/d/gem3500_1/n/사무실_전열1/e/power_meter
Message Data:
time: 1745382771652
type: 3
leakageCurrent: 0
current: 84
activePower: 100
reactivePower: -52
tapparentPower: 179
powerFactor: 55.99
currentUnbalance: 0
lines: 

2025-04-23 13:32:52 [MQTT Call: ygw] WARN  com.example.mqtt.MessageData - No 'value' field found in message, skipping InfluxDB write.
2025-04-23 13:32:52 [MQTT Call: ygw] INFO  com.example.mqtt.MessageData - Topic: data/s/nhnacademy/b/gyeongnam_campus/p/campus/d/gem3500_1/n/사무실_전열2/e/power_meter
Message Data:
time: 1745382771754
type: 3
leakageCurrent: 0
current: 91
activePower: 100
reactivePower: -59
tapparentPower: 196
powerFactor: 51.21
currentUnbalance: 0
lines: 

2025-04-23 13:32:52 [MQTT Call: ygw] WARN  com.example.mqtt.MessageData - No 'value' field found in message, skipping InfluxDB write.
2025-04-23 13:32:52 [MQTT Call: ygw] INFO  com.example.mqtt.MessageData - Topic: data/s/nhnacademy/b/gyeongnam_campus/p/campus/d/gem3500_1/n/사무실_복사기/e/power_meter
Message Data:
time: 1745382771857
type: 1
leakageCurrent: 0
current: 7
activePower: 7
reactivePower: 0
tapparentPower: 16
powerFactor: 42.85
currentUnbalance: 0
lines: 

2025-04-23 13:32:52 [MQTT Call: ygw] WARN  com.example.mqtt.MessageData - No 'value' field found in message, skipping InfluxDB write.
2025-04-23 13:32:52 [MQTT Call: ygw] INFO  com.example.mqtt.MessageData - Topic: data/s/nhnacademy/b/gyeongnam_campus/p/campus/d/gem3500_1/n/빌트인_전열/e/power_meter
Message Data:
time: 1745382771957
type: 2
leakageCurrent: 0
current: 5
activePower: 4
reactivePower: -7
tapparentPower: 11
powerFactor: 40.01
currentUnbalance: 0
lines: 

2025-04-23 13:32:52 [MQTT Call: ygw] WARN  com.example.mqtt.MessageData - No 'value' field found in message, skipping InfluxDB write.
2025-04-23 13:32:52 [MQTT Call: ygw] INFO  com.example.mqtt.MessageData - Topic: data/s/nhnacademy/b/gyeongnam_campus/p/campus/d/gem3500_1/n/사무실_전열3/e/power_meter
Message Data:
time: 1745382772058
type: 3
leakageCurrent: 0
current: 0
activePower: 0
reactivePower: 0
tapparentPower: 0
powerFactor: 0
currentUnbalance: 0
lines: 

2025-04-23 13:32:52 [MQTT Call: ygw] WARN  com.example.mqtt.MessageData - No 'value' field found in message, skipping InfluxDB write.
2025-04-23 13:32:52 [MQTT Call: ygw] INFO  com.example.mqtt.MessageData - Topic: data/s/nhnacademy/b/gyeongnam_campus/p/campus/d/gem3500_1/n/정수기/e/power_meter
Message Data:
time: 1745382772161
type: 1
leakageCurrent: 0
current: 70
activePower: 95
reactivePower: 119
tapparentPower: 153
powerFactor: 62.5
currentUnbalance: 0
lines: 

2025-04-23 13:32:52 [MQTT Call: ygw] WARN  com.example.mqtt.MessageData - No 'value' field found in message, skipping InfluxDB write.
2025-04-23 13:32:52 [MQTT Call: ygw] INFO  com.example.mqtt.MessageData - Topic: data/s/nhnacademy/b/gyeongnam_campus/p/campus/d/gem3500_1/n/하이브_전열/e/power_meter
Message Data:
time: 1745382772261
type: 2
leakageCurrent: 0
current: 65
activePower: 124
reactivePower: -45
tapparentPower: 143
powerFactor: 86.66
currentUnbalance: 0
lines: 

2025-04-23 13:32:52 [MQTT Call: ygw] WARN  com.example.mqtt.MessageData - No 'value' field found in message, skipping InfluxDB write.
2025-04-23 13:32:52 [MQTT Call: ygw] INFO  com.example.mqtt.MessageData - Topic: data/s/nhnacademy/b/gyeongnam_campus/p/campus/d/gem3500_1/n/바텐_전열/e/power_meter
Message Data:
time: 1745382772362
type: 3
leakageCurrent: 0
current: 0
activePower: 0
reactivePower: 0
tapparentPower: 0
powerFactor: 0
currentUnbalance: 0
lines: 

2025-04-23 13:32:52 [MQTT Call: ygw] WARN  com.example.mqtt.MessageData - No 'value' field found in message, skipping InfluxDB write.
2025-04-23 13:32:52 [MQTT Call: ygw] INFO  com.example.mqtt.MessageData - Topic: data/s/nhnacademy/b/gyeongnam_campus/p/campus/d/gem3500_1/n/S_P/e/power_meter
Message Data:
time: 1745382772464
type: 1
leakageCurrent: 0
current: 0
activePower: 0
reactivePower: 0
tapparentPower: 0
powerFactor: 0
currentUnbalance: 0
lines: 

2025-04-23 13:32:52 [MQTT Call: ygw] WARN  com.example.mqtt.MessageData - No 'value' field found in message, skipping InfluxDB write.
2025-04-23 13:32:52 [MQTT Call: ygw] INFO  com.example.mqtt.MessageData - Topic: data/s/nhnacademy/b/gyeongnam_campus/p/campus/d/gem3500_1/n/공조기/e/power_meter
Message Data:
time: 1745382772566
type: 2
leakageCurrent: 0
current: 199
activePower: 223
reactivePower: -23
tapparentPower: 439
powerFactor: 50.81
currentUnbalance: 0
lines: 

2025-04-23 13:32:52 [MQTT Call: ygw] WARN  com.example.mqtt.MessageData - No 'value' field found in message, skipping InfluxDB write.
2025-04-23 13:32:52 [MQTT Call: ygw] INFO  com.example.mqtt.MessageData - Topic: data/s/nhnacademy/b/gyeongnam_campus/p/campus/d/gem3500_1/n/AC/e/power_meter
Message Data:
time: 1745382772665
type: 3
leakageCurrent: 0
current: 16
activePower: 14
reactivePower: -23
tapparentPower: 35
powerFactor: 40
currentUnbalance: 0
lines: 

2025-04-23 13:32:52 [MQTT Call: ygw] WARN  com.example.mqtt.MessageData - No 'value' field found in message, skipping InfluxDB write.
