2025-04-21 11:11:50 [main] INFO  com.example.mqtt.ConnectService - Connecting to broker...
2025-04-21 11:11:51 [main] INFO  com.example.mqtt.ConnectService - Connected to broker!
2025-04-21 11:11:51 [main] INFO  com.example.mqtt.ConnectService - Subscribed to topic: data/#
2025-04-21 11:11:51 [main] INFO  com.example.Main - Connected to broker and subscribed to topic: data/#
2025-04-21 11:12:00 [MQTT Call: JavaClientExample] INFO  com.example.mqtt.MessageData - Topic: data/s/nhnacademy/b/gyeongnam_campus/p/hive/d/24e124126c452091/sp/farm/n/스마트팜/e/temperature
Message Data:
time: 1745201520283
value: 24.5

2025-04-21 11:12:00 [MQTT Call: JavaClientExample] INFO  com.example.mqtt.InfluxDBService - Extracted tagkey -> location: hive, kind: 스마트팜, data: temperature
Value into InfluxDB: 24.5
2025-04-21 11:12:00 [MQTT Call: JavaClientExample] INFO  com.example.mqtt.MessageData - Data sent to InfluxDBService: data/s/nhnacademy/b/gyeongnam_campus/p/hive/d/24e124126c452091/sp/farm/n/스마트팜/e/temperature -> 24.5
2025-04-21 11:12:02 [MQTT Call: JavaClientExample] INFO  com.example.mqtt.MessageData - Topic: data/s/nhnacademy/b/gyeongnam_campus/p/hive/d/24e124126c452091/sp/farm/n/스마트팜/g/24e124fffef5dccc/e/lora
Message Data:
time: 1745201520283
value: 

2025-04-21 11:12:02 [MQTT Call: JavaClientExample] INFO  com.example.mqtt.InfluxDBService - Extracted tagkey -> location: hive, kind: 스마트팜, data: lora
Value into InfluxDB: 0.0
2025-04-21 11:12:02 [MQTT Call: JavaClientExample] INFO  com.example.mqtt.MessageData - Data sent to InfluxDBService: data/s/nhnacademy/b/gyeongnam_campus/p/hive/d/24e124126c452091/sp/farm/n/스마트팜/g/24e124fffef5dccc/e/lora -> 0.0
2025-04-21 11:12:02 [MQTT Call: JavaClientExample] INFO  com.example.mqtt.MessageData - Topic: data/s/nhnacademy/b/gyeongnam_campus/p/hive/d/24e124126c452091/sp/farm/n/스마트팜/g/24e124fffef79304/e/lora
Message Data:
time: 1745201520283
value: 

2025-04-21 11:12:02 [MQTT Call: JavaClientExample] INFO  com.example.mqtt.InfluxDBService - Extracted tagkey -> location: hive, kind: 스마트팜, data: lora
Value into InfluxDB: 0.0
2025-04-21 11:12:02 [MQTT Call: JavaClientExample] INFO  com.example.mqtt.MessageData - Data sent to InfluxDBService: data/s/nhnacademy/b/gyeongnam_campus/p/hive/d/24e124126c452091/sp/farm/n/스마트팜/g/24e124fffef79304/e/lora -> 0.0
2025-04-21 11:12:09 [MQTT Call: JavaClientExample] INFO  com.example.mqtt.MessageData - Topic: data/s/nhnacademy/b/gyeongnam_campus/p/office/d/24e124126d152919/n/보드/e/humidity
Message Data:
time: 1745201525733
value: 47.5

2025-04-21 11:12:09 [MQTT Call: JavaClientExample] INFO  com.example.mqtt.InfluxDBService - Extracted tagkey -> location: office, kind: 보드, data: humidity
Value into InfluxDB: 47.5
2025-04-21 11:12:09 [MQTT Call: JavaClientExample] INFO  com.example.mqtt.MessageData - Data sent to InfluxDBService: data/s/nhnacademy/b/gyeongnam_campus/p/office/d/24e124126d152919/n/보드/e/humidity -> 47.5
2025-04-21 11:12:09 [MQTT Call: JavaClientExample] INFO  com.example.mqtt.MessageData - Topic: data/s/nhnacademy/b/gyeongnam_campus/p/office/d/24e124126d152919/n/보드/e/pressure
Message Data:
time: 1745201525733
value: 1016.7

2025-04-21 11:12:09 [MQTT Call: JavaClientExample] INFO  com.example.mqtt.InfluxDBService - Extracted tagkey -> location: office, kind: 보드, data: pressure
Value into InfluxDB: 1016.7
2025-04-21 11:12:09 [MQTT Call: JavaClientExample] INFO  com.example.mqtt.MessageData - Data sent to InfluxDBService: data/s/nhnacademy/b/gyeongnam_campus/p/office/d/24e124126d152919/n/보드/e/pressure -> 1016.7
2025-04-21 11:12:09 [MQTT Call: JavaClientExample] INFO  com.example.mqtt.MessageData - Topic: data/s/nhnacademy/b/gyeongnam_campus/p/office/d/24e124126d152919/n/보드/e/temperature
Message Data:
time: 1745201525733
value: 23.6

2025-04-21 11:12:09 [MQTT Call: JavaClientExample] INFO  com.example.mqtt.InfluxDBService - Extracted tagkey -> location: office, kind: 보드, data: temperature
Value into InfluxDB: 23.6
2025-04-21 11:12:09 [MQTT Call: JavaClientExample] INFO  com.example.mqtt.MessageData - Data sent to InfluxDBService: data/s/nhnacademy/b/gyeongnam_campus/p/office/d/24e124126d152919/n/보드/e/temperature -> 23.6
2025-04-21 11:12:09 [MQTT Call: JavaClientExample] INFO  com.example.mqtt.MessageData - Topic: data/s/nhnacademy/b/gyeongnam_campus/p/office/d/24e124126d152919/n/보드/e/co2
Message Data:
time: 1745201525733
value: 693

2025-04-21 11:12:09 [MQTT Call: JavaClientExample] INFO  com.example.mqtt.InfluxDBService - Extracted tagkey -> location: office, kind: 보드, data: co2
Value into InfluxDB: 693.0
2025-04-21 11:12:09 [MQTT Call: JavaClientExample] INFO  com.example.mqtt.MessageData - Data sent to InfluxDBService: data/s/nhnacademy/b/gyeongnam_campus/p/office/d/24e124126d152919/n/보드/e/co2 -> 693.0
2025-04-21 11:12:09 [MQTT Call: JavaClientExample] INFO  com.example.mqtt.MessageData - Topic: data/s/nhnacademy/b/gyeongnam_campus/p/office/d/24e124126d152919/n/보드/g/24e124fffef5dccc/e/lora
Message Data:
time: 1745201525733
value: 

2025-04-21 11:12:09 [MQTT Call: JavaClientExample] INFO  com.example.mqtt.InfluxDBService - Extracted tagkey -> location: office, kind: 보드, data: lora
Value into InfluxDB: 0.0
2025-04-21 11:12:09 [MQTT Call: JavaClientExample] INFO  com.example.mqtt.MessageData - Data sent to InfluxDBService: data/s/nhnacademy/b/gyeongnam_campus/p/office/d/24e124126d152919/n/보드/g/24e124fffef5dccc/e/lora -> 0.0
2025-04-21 11:12:09 [MQTT Call: JavaClientExample] INFO  com.example.mqtt.MessageData - Topic: data/s/nhnacademy/b/gyeongnam_campus/p/office/d/24e124126d152919/n/보드/g/24e124fffef79304/e/lora
Message Data:
time: 1745201525733
value: 

2025-04-21 11:12:09 [MQTT Call: JavaClientExample] INFO  com.example.mqtt.InfluxDBService - Extracted tagkey -> location: office, kind: 보드, data: lora
Value into InfluxDB: 0.0
2025-04-21 11:12:09 [MQTT Call: JavaClientExample] INFO  com.example.mqtt.MessageData - Data sent to InfluxDBService: data/s/nhnacademy/b/gyeongnam_campus/p/office/d/24e124126d152919/n/보드/g/24e124fffef79304/e/lora -> 0.0
2025-04-21 11:12:11 [MQTT Call: JavaClientExample] INFO  com.example.mqtt.MessageData - Topic: data/s/nhnacademy/b/gyeongnam_campus/p/hive/d/24e124725d081175/sp/8인 책상/n/8인 책상/e/battery
Message Data:
time: 1745201531405
value: 77

2025-04-21 11:12:11 [MQTT Call: JavaClientExample] INFO  com.example.mqtt.InfluxDBService - Extracted tagkey -> location: hive, kind: 8인 책상, data: battery
Value into InfluxDB: 77.0
2025-04-21 11:12:11 [MQTT Call: JavaClientExample] INFO  com.example.mqtt.MessageData - Data sent to InfluxDBService: data/s/nhnacademy/b/gyeongnam_campus/p/hive/d/24e124725d081175/sp/8인 책상/n/8인 책상/e/battery -> 77.0
2025-04-21 11:12:11 [MQTT Call: JavaClientExample] INFO  com.example.mqtt.MessageData - Topic: data/s/nhnacademy/b/gyeongnam_campus/p/hive/d/24e124725d081175/sp/8인 책상/n/8인 책상/e/humidity
Message Data:
time: 1745201531405
value: 42

2025-04-21 11:12:11 [MQTT Call: JavaClientExample] INFO  com.example.mqtt.InfluxDBService - Extracted tagkey -> location: hive, kind: 8인 책상, data: humidity
Value into InfluxDB: 42.0
2025-04-21 11:12:11 [MQTT Call: JavaClientExample] INFO  com.example.mqtt.MessageData - Data sent to InfluxDBService: data/s/nhnacademy/b/gyeongnam_campus/p/hive/d/24e124725d081175/sp/8인 책상/n/8인 책상/e/humidity -> 42.0
2025-04-21 11:12:11 [MQTT Call: JavaClientExample] INFO  com.example.mqtt.MessageData - Topic: data/s/nhnacademy/b/gyeongnam_campus/p/hive/d/24e124725d081175/sp/8인 책상/n/8인 책상/e/temperature
Message Data:
time: 1745201531405
value: 25.4

2025-04-21 11:12:11 [MQTT Call: JavaClientExample] INFO  com.example.mqtt.InfluxDBService - Extracted tagkey -> location: hive, kind: 8인 책상, data: temperature
Value into InfluxDB: 25.4
2025-04-21 11:12:11 [MQTT Call: JavaClientExample] INFO  com.example.mqtt.MessageData - Data sent to InfluxDBService: data/s/nhnacademy/b/gyeongnam_campus/p/hive/d/24e124725d081175/sp/8인 책상/n/8인 책상/e/temperature -> 25.4
2025-04-21 11:12:11 [MQTT Call: JavaClientExample] INFO  com.example.mqtt.MessageData - Topic: data/s/nhnacademy/b/gyeongnam_campus/p/hive/d/24e124725d081175/sp/8인 책상/n/8인 책상/e/co2
Message Data:
time: 1745201531405
value: 570

2025-04-21 11:12:11 [MQTT Call: JavaClientExample] INFO  com.example.mqtt.InfluxDBService - Extracted tagkey -> location: hive, kind: 8인 책상, data: co2
Value into InfluxDB: 570.0
2025-04-21 11:12:11 [MQTT Call: JavaClientExample] INFO  com.example.mqtt.MessageData - Data sent to InfluxDBService: data/s/nhnacademy/b/gyeongnam_campus/p/hive/d/24e124725d081175/sp/8인 책상/n/8인 책상/e/co2 -> 570.0
2025-04-21 11:12:11 [MQTT Call: JavaClientExample] INFO  com.example.mqtt.MessageData - Topic: data/s/nhnacademy/b/gyeongnam_campus/p/hive/d/24e124725d081175/sp/8인 책상/n/8인 책상/g/24e124fffef5dccc/e/lora
Message Data:
time: 1745201531405
value: 

2025-04-21 11:12:11 [MQTT Call: JavaClientExample] INFO  com.example.mqtt.InfluxDBService - Extracted tagkey -> location: hive, kind: 8인 책상, data: lora
Value into InfluxDB: 0.0
2025-04-21 11:12:11 [MQTT Call: JavaClientExample] INFO  com.example.mqtt.MessageData - Data sent to InfluxDBService: data/s/nhnacademy/b/gyeongnam_campus/p/hive/d/24e124725d081175/sp/8인 책상/n/8인 책상/g/24e124fffef5dccc/e/lora -> 0.0
2025-04-21 11:12:11 [MQTT Call: JavaClientExample] INFO  com.example.mqtt.MessageData - Topic: data/s/nhnacademy/b/gyeongnam_campus/p/hive/d/24e124725d081175/sp/8인 책상/n/8인 책상/g/24e124fffef79304/e/lora
Message Data:
time: 1745201531405
value: 

2025-04-21 11:12:11 [MQTT Call: JavaClientExample] INFO  com.example.mqtt.InfluxDBService - Extracted tagkey -> location: hive, kind: 8인 책상, data: lora
Value into InfluxDB: 0.0
2025-04-21 11:12:11 [MQTT Call: JavaClientExample] INFO  com.example.mqtt.MessageData - Data sent to InfluxDBService: data/s/nhnacademy/b/gyeongnam_campus/p/hive/d/24e124725d081175/sp/8인 책상/n/8인 책상/g/24e124fffef79304/e/lora -> 0.0
2025-04-21 11:12:14 [MQTT Call: JavaClientExample] INFO  com.example.mqtt.MessageData - Topic: data/s/nhnacademy/b/gyeongnam_campus/p/class_a/d/24e124141d189391/n/출입문/e/di
Message Data:
time: 1745201534403
value: 

2025-04-21 11:12:14 [MQTT Call: JavaClientExample] INFO  com.example.mqtt.InfluxDBService - Extracted tagkey -> location: class_a, kind: 출입문, data: di
Value into InfluxDB: 0.0
2025-04-21 11:12:14 [MQTT Call: JavaClientExample] INFO  com.example.mqtt.MessageData - Data sent to InfluxDBService: data/s/nhnacademy/b/gyeongnam_campus/p/class_a/d/24e124141d189391/n/출입문/e/di -> 0.0
2025-04-21 11:12:15 [MQTT Call: JavaClientExample] INFO  com.example.mqtt.MessageData - Topic: data/s/nhnacademy/b/gyeongnam_campus/p/class_a/d/24e124141d189391/n/출입문/e/battery_level
Message Data:
time: 1745201534403
value: 69

2025-04-21 11:12:15 [MQTT Call: JavaClientExample] INFO  com.example.mqtt.InfluxDBService - Extracted tagkey -> location: class_a, kind: 출입문, data: battery_level
Value into InfluxDB: 69.0
2025-04-21 11:12:15 [MQTT Call: JavaClientExample] INFO  com.example.mqtt.MessageData - Data sent to InfluxDBService: data/s/nhnacademy/b/gyeongnam_campus/p/class_a/d/24e124141d189391/n/출입문/e/battery_level -> 69.0
2025-04-21 11:12:15 [MQTT Call: JavaClientExample] INFO  com.example.mqtt.MessageData - Topic: data/s/nhnacademy/b/gyeongnam_campus/p/class_a/d/24e124141d189391/n/출입문/g/24e124fffef79304/e/lora
Message Data:
time: 1745201534403
value: 

2025-04-21 11:12:15 [MQTT Call: JavaClientExample] INFO  com.example.mqtt.InfluxDBService - Extracted tagkey -> location: class_a, kind: 출입문, data: lora
Value into InfluxDB: 0.0
2025-04-21 11:12:15 [MQTT Call: JavaClientExample] INFO  com.example.mqtt.MessageData - Data sent to InfluxDBService: data/s/nhnacademy/b/gyeongnam_campus/p/class_a/d/24e124141d189391/n/출입문/g/24e124fffef79304/e/lora -> 0.0
2025-04-21 11:12:15 [MQTT Call: JavaClientExample] INFO  com.example.mqtt.MessageData - Topic: data/s/nhnacademy/b/gyeongnam_campus/p/class_a/d/24e124141d189391/n/출입문/g/24e124fffef5dccc/e/lora
Message Data:
time: 1745201534403
value: 

2025-04-21 11:12:15 [MQTT Call: JavaClientExample] INFO  com.example.mqtt.InfluxDBService - Extracted tagkey -> location: class_a, kind: 출입문, data: lora
Value into InfluxDB: 0.0
2025-04-21 11:12:15 [MQTT Call: JavaClientExample] INFO  com.example.mqtt.MessageData - Data sent to InfluxDBService: data/s/nhnacademy/b/gyeongnam_campus/p/class_a/d/24e124141d189391/n/출입문/g/24e124fffef5dccc/e/lora -> 0.0
2025-04-21 11:12:17 [MQTT Call: JavaClientExample] INFO  com.example.mqtt.MessageData - Topic: data/s/nhnacademy/b/gyeongnam_campus/p/class_a/d/24e124128c067999/sp/입구/n/입구/e/humidity
Message Data:
time: 1745201537756
value: 45.5

2025-04-21 11:12:17 [MQTT Call: JavaClientExample] INFO  com.example.mqtt.InfluxDBService - Extracted tagkey -> location: class_a, kind: 입구, data: humidity
Value into InfluxDB: 45.5
2025-04-21 11:12:18 [MQTT Call: JavaClientExample] INFO  com.example.mqtt.MessageData - Data sent to InfluxDBService: data/s/nhnacademy/b/gyeongnam_campus/p/class_a/d/24e124128c067999/sp/입구/n/입구/e/humidity -> 45.5
2025-04-21 11:12:18 [MQTT Call: JavaClientExample] INFO  com.example.mqtt.MessageData - Topic: data/s/nhnacademy/b/gyeongnam_campus/p/class_a/d/24e124128c067999/sp/입구/n/입구/e/co2
Message Data:
time: 1745201537756
value: 894

2025-04-21 11:12:18 [MQTT Call: JavaClientExample] INFO  com.example.mqtt.InfluxDBService - Extracted tagkey -> location: class_a, kind: 입구, data: co2
Value into InfluxDB: 894.0
2025-04-21 11:12:18 [MQTT Call: JavaClientExample] INFO  com.example.mqtt.MessageData - Data sent to InfluxDBService: data/s/nhnacademy/b/gyeongnam_campus/p/class_a/d/24e124128c067999/sp/입구/n/입구/e/co2 -> 894.0
2025-04-21 11:12:18 [MQTT Call: JavaClientExample] INFO  com.example.mqtt.MessageData - Topic: data/s/nhnacademy/b/gyeongnam_campus/p/class_a/d/24e124128c067999/sp/입구/n/입구/e/pressure
Message Data:
time: 1745201537756
value: 1009.1

2025-04-21 11:12:18 [MQTT Call: JavaClientExample] INFO  com.example.mqtt.InfluxDBService - Extracted tagkey -> location: class_a, kind: 입구, data: pressure
Value into InfluxDB: 1009.1
2025-04-21 11:12:18 [MQTT Call: JavaClientExample] INFO  com.example.mqtt.MessageData - Data sent to InfluxDBService: data/s/nhnacademy/b/gyeongnam_campus/p/class_a/d/24e124128c067999/sp/입구/n/입구/e/pressure -> 1009.1
2025-04-21 11:12:18 [MQTT Call: JavaClientExample] INFO  com.example.mqtt.MessageData - Topic: data/s/nhnacademy/b/gyeongnam_campus/p/class_a/d/24e124128c067999/sp/입구/n/입구/e/infrared_and_visible
Message Data:
time: 1745201537756
value: 46

2025-04-21 11:12:18 [MQTT Call: JavaClientExample] INFO  com.example.mqtt.InfluxDBService - Extracted tagkey -> location: class_a, kind: 입구, data: infrared_and_visible
Value into InfluxDB: 46.0
2025-04-21 11:12:18 [MQTT Call: JavaClientExample] INFO  com.example.mqtt.MessageData - Data sent to InfluxDBService: data/s/nhnacademy/b/gyeongnam_campus/p/class_a/d/24e124128c067999/sp/입구/n/입구/e/infrared_and_visible -> 46.0
2025-04-21 11:12:18 [MQTT Call: JavaClientExample] INFO  com.example.mqtt.MessageData - Topic: data/s/nhnacademy/b/gyeongnam_campus/p/class_a/d/24e124128c067999/sp/입구/n/입구/e/temperature
Message Data:
time: 1745201537756
value: 23.8

2025-04-21 11:12:18 [MQTT Call: JavaClientExample] INFO  com.example.mqtt.InfluxDBService - Extracted tagkey -> location: class_a, kind: 입구, data: temperature
Value into InfluxDB: 23.8
2025-04-21 11:12:18 [MQTT Call: JavaClientExample] INFO  com.example.mqtt.MessageData - Data sent to InfluxDBService: data/s/nhnacademy/b/gyeongnam_campus/p/class_a/d/24e124128c067999/sp/입구/n/입구/e/temperature -> 23.8
2025-04-21 11:12:18 [MQTT Call: JavaClientExample] INFO  com.example.mqtt.MessageData - Topic: data/s/nhnacademy/b/gyeongnam_campus/p/class_a/d/24e124128c067999/sp/입구/n/입구/e/infrared
Message Data:
time: 1745201537756
value: 7

2025-04-21 11:12:18 [MQTT Call: JavaClientExample] INFO  com.example.mqtt.InfluxDBService - Extracted tagkey -> location: class_a, kind: 입구, data: infrared
Value into InfluxDB: 7.0
2025-04-21 11:12:18 [MQTT Call: JavaClientExample] INFO  com.example.mqtt.MessageData - Data sent to InfluxDBService: data/s/nhnacademy/b/gyeongnam_campus/p/class_a/d/24e124128c067999/sp/입구/n/입구/e/infrared -> 7.0
2025-04-21 11:12:18 [MQTT Call: JavaClientExample] INFO  com.example.mqtt.MessageData - Topic: data/s/nhnacademy/b/gyeongnam_campus/p/class_a/d/24e124128c067999/sp/입구/n/입구/e/activity
Message Data:
time: 1745201537756
value: 2

2025-04-21 11:12:18 [MQTT Call: JavaClientExample] INFO  com.example.mqtt.InfluxDBService - Extracted tagkey -> location: class_a, kind: 입구, data: activity
Value into InfluxDB: 2.0
2025-04-21 11:12:18 [MQTT Call: JavaClientExample] INFO  com.example.mqtt.MessageData - Data sent to InfluxDBService: data/s/nhnacademy/b/gyeongnam_campus/p/class_a/d/24e124128c067999/sp/입구/n/입구/e/activity -> 2.0
2025-04-21 11:12:18 [MQTT Call: JavaClientExample] INFO  com.example.mqtt.MessageData - Topic: data/s/nhnacademy/b/gyeongnam_campus/p/class_a/d/24e124128c067999/sp/입구/n/입구/e/illumination
Message Data:
time: 1745201537756
value: 67

2025-04-21 11:12:18 [MQTT Call: JavaClientExample] INFO  com.example.mqtt.InfluxDBService - Extracted tagkey -> location: class_a, kind: 입구, data: illumination
Value into InfluxDB: 67.0
2025-04-21 11:12:18 [MQTT Call: JavaClientExample] INFO  com.example.mqtt.MessageData - Data sent to InfluxDBService: data/s/nhnacademy/b/gyeongnam_campus/p/class_a/d/24e124128c067999/sp/입구/n/입구/e/illumination -> 67.0
2025-04-21 11:12:18 [MQTT Call: JavaClientExample] INFO  com.example.mqtt.MessageData - Topic: data/s/nhnacademy/b/gyeongnam_campus/p/class_a/d/24e124128c067999/sp/입구/n/입구/e/tvoc
Message Data:
time: 1745201537756
value: 295

2025-04-21 11:12:18 [MQTT Call: JavaClientExample] INFO  com.example.mqtt.InfluxDBService - Extracted tagkey -> location: class_a, kind: 입구, data: tvoc
Value into InfluxDB: 295.0
2025-04-21 11:12:18 [MQTT Call: JavaClientExample] INFO  com.example.mqtt.MessageData - Data sent to InfluxDBService: data/s/nhnacademy/b/gyeongnam_campus/p/class_a/d/24e124128c067999/sp/입구/n/입구/e/tvoc -> 295.0
2025-04-21 11:12:18 [MQTT Call: JavaClientExample] INFO  com.example.mqtt.MessageData - Topic: data/s/nhnacademy/b/gyeongnam_campus/p/class_a/d/24e124128c067999/sp/입구/n/입구/g/24e124fffef79304/e/lora
Message Data:
time: 1745201537756
value: 

2025-04-21 11:12:18 [MQTT Call: JavaClientExample] INFO  com.example.mqtt.InfluxDBService - Extracted tagkey -> location: class_a, kind: 입구, data: lora
Value into InfluxDB: 0.0
2025-04-21 11:12:18 [MQTT Call: JavaClientExample] INFO  com.example.mqtt.MessageData - Data sent to InfluxDBService: data/s/nhnacademy/b/gyeongnam_campus/p/class_a/d/24e124128c067999/sp/입구/n/입구/g/24e124fffef79304/e/lora -> 0.0
2025-04-21 11:12:18 [MQTT Call: JavaClientExample] INFO  com.example.mqtt.MessageData - Topic: data/s/nhnacademy/b/gyeongnam_campus/p/class_a/d/24e124128c067999/sp/입구/n/입구/g/24e124fffef5dccc/e/lora
Message Data:
time: 1745201537756
value: 

2025-04-21 11:12:18 [MQTT Call: JavaClientExample] INFO  com.example.mqtt.InfluxDBService - Extracted tagkey -> location: class_a, kind: 입구, data: lora
Value into InfluxDB: 0.0
2025-04-21 11:12:18 [MQTT Call: JavaClientExample] INFO  com.example.mqtt.MessageData - Data sent to InfluxDBService: data/s/nhnacademy/b/gyeongnam_campus/p/class_a/d/24e124128c067999/sp/입구/n/입구/g/24e124fffef5dccc/e/lora -> 0.0
2025-04-21 11:12:19 [MQTT Call: JavaClientExample] INFO  com.example.mqtt.MessageData - Topic: data/s/nhnacademy/b/gyeongnam_campus/p/hive/d/24e124785c389010/n/정수기 위/e/humidity
Message Data:
time: 1745201538893
value: 40.5

2025-04-21 11:12:19 [MQTT Call: JavaClientExample] INFO  com.example.mqtt.InfluxDBService - Extracted tagkey -> location: hive, kind: 정수기 위, data: humidity
Value into InfluxDB: 40.5
2025-04-21 11:12:19 [MQTT Call: JavaClientExample] INFO  com.example.mqtt.MessageData - Data sent to InfluxDBService: data/s/nhnacademy/b/gyeongnam_campus/p/hive/d/24e124785c389010/n/정수기 위/e/humidity -> 40.5
2025-04-21 11:12:19 [MQTT Call: JavaClientExample] INFO  com.example.mqtt.MessageData - Topic: data/s/nhnacademy/b/gyeongnam_campus/p/hive/d/24e124785c389010/n/정수기 위/e/battery
Message Data:
time: 1745201538893
value: 86

2025-04-21 11:12:19 [MQTT Call: JavaClientExample] INFO  com.example.mqtt.InfluxDBService - Extracted tagkey -> location: hive, kind: 정수기 위, data: battery
Value into InfluxDB: 86.0
2025-04-21 11:12:19 [MQTT Call: JavaClientExample] INFO  com.example.mqtt.MessageData - Data sent to InfluxDBService: data/s/nhnacademy/b/gyeongnam_campus/p/hive/d/24e124785c389010/n/정수기 위/e/battery -> 86.0
2025-04-21 11:12:19 [MQTT Call: JavaClientExample] INFO  com.example.mqtt.MessageData - Topic: data/s/nhnacademy/b/gyeongnam_campus/p/hive/d/24e124785c389010/n/정수기 위/e/temperature
Message Data:
time: 1745201538893
value: 25.3

2025-04-21 11:12:19 [MQTT Call: JavaClientExample] INFO  com.example.mqtt.InfluxDBService - Extracted tagkey -> location: hive, kind: 정수기 위, data: temperature
Value into InfluxDB: 25.3
2025-04-21 11:12:19 [MQTT Call: JavaClientExample] INFO  com.example.mqtt.MessageData - Data sent to InfluxDBService: data/s/nhnacademy/b/gyeongnam_campus/p/hive/d/24e124785c389010/n/정수기 위/e/temperature -> 25.3
2025-04-21 11:12:19 [MQTT Call: JavaClientExample] INFO  com.example.mqtt.MessageData - Topic: data/s/nhnacademy/b/gyeongnam_campus/p/hive/d/24e124785c389010/n/정수기 위/g/24e124fffef5dccc/e/lora
Message Data:
time: 1745201538893
value: 

2025-04-21 11:12:19 [MQTT Call: JavaClientExample] INFO  com.example.mqtt.InfluxDBService - Extracted tagkey -> location: hive, kind: 정수기 위, data: lora
Value into InfluxDB: 0.0
2025-04-21 11:12:19 [MQTT Call: JavaClientExample] INFO  com.example.mqtt.MessageData - Data sent to InfluxDBService: data/s/nhnacademy/b/gyeongnam_campus/p/hive/d/24e124785c389010/n/정수기 위/g/24e124fffef5dccc/e/lora -> 0.0
2025-04-21 11:12:19 [MQTT Call: JavaClientExample] INFO  com.example.mqtt.MessageData - Topic: data/s/nhnacademy/b/gyeongnam_campus/p/hive/d/24e124785c389010/n/정수기 위/g/24e124fffef79304/e/lora
Message Data:
time: 1745201538893
value: 

2025-04-21 11:12:19 [MQTT Call: JavaClientExample] INFO  com.example.mqtt.InfluxDBService - Extracted tagkey -> location: hive, kind: 정수기 위, data: lora
Value into InfluxDB: 0.0
2025-04-21 11:12:19 [MQTT Call: JavaClientExample] INFO  com.example.mqtt.MessageData - Data sent to InfluxDBService: data/s/nhnacademy/b/gyeongnam_campus/p/hive/d/24e124785c389010/n/정수기 위/g/24e124fffef79304/e/lora -> 0.0
2025-04-21 11:12:27 [MQTT Call: JavaClientExample] INFO  com.example.mqtt.MessageData - Topic: data/s/nhnacademy/b/gyeongnam_campus/p/server_room/d/24e124136d151368/n/입구/e/humidity
Message Data:
time: 1745201546390
value: 46

2025-04-21 11:12:27 [MQTT Call: JavaClientExample] INFO  com.example.mqtt.InfluxDBService - Extracted tagkey -> location: server_room, kind: 입구, data: humidity
Value into InfluxDB: 46.0
2025-04-21 11:12:27 [MQTT Call: JavaClientExample] INFO  com.example.mqtt.MessageData - Data sent to InfluxDBService: data/s/nhnacademy/b/gyeongnam_campus/p/server_room/d/24e124136d151368/n/입구/e/humidity -> 46.0
2025-04-21 11:12:27 [MQTT Call: JavaClientExample] INFO  com.example.mqtt.MessageData - Topic: data/s/nhnacademy/b/gyeongnam_campus/p/server_room/d/24e124136d151368/n/입구/e/temperature
Message Data:
time: 1745201546390
value: 24.1

2025-04-21 11:12:27 [MQTT Call: JavaClientExample] INFO  com.example.mqtt.InfluxDBService - Extracted tagkey -> location: server_room, kind: 입구, data: temperature
Value into InfluxDB: 24.1
2025-04-21 11:12:27 [MQTT Call: JavaClientExample] INFO  com.example.mqtt.MessageData - Data sent to InfluxDBService: data/s/nhnacademy/b/gyeongnam_campus/p/server_room/d/24e124136d151368/n/입구/e/temperature -> 24.1
2025-04-21 11:12:27 [MQTT Call: JavaClientExample] INFO  com.example.mqtt.MessageData - Topic: data/s/nhnacademy/b/gyeongnam_campus/p/server_room/d/24e124136d151368/n/입구/g/24e124fffef5dccc/e/lora
Message Data:
time: 1745201546390
value: 

2025-04-21 11:12:27 [MQTT Call: JavaClientExample] INFO  com.example.mqtt.InfluxDBService - Extracted tagkey -> location: server_room, kind: 입구, data: lora
Value into InfluxDB: 0.0
2025-04-21 11:12:27 [MQTT Call: JavaClientExample] INFO  com.example.mqtt.MessageData - Data sent to InfluxDBService: data/s/nhnacademy/b/gyeongnam_campus/p/server_room/d/24e124136d151368/n/입구/g/24e124fffef5dccc/e/lora -> 0.0
2025-04-21 11:12:27 [MQTT Call: JavaClientExample] INFO  com.example.mqtt.MessageData - Topic: data/s/nhnacademy/b/gyeongnam_campus/p/server_room/d/24e124136d151368/n/입구/g/24e124fffef79304/e/lora
Message Data:
time: 1745201546390
value: 

2025-04-21 11:12:27 [MQTT Call: JavaClientExample] INFO  com.example.mqtt.InfluxDBService - Extracted tagkey -> location: server_room, kind: 입구, data: lora
Value into InfluxDB: 0.0
2025-04-21 11:12:27 [MQTT Call: JavaClientExample] INFO  com.example.mqtt.MessageData - Data sent to InfluxDBService: data/s/nhnacademy/b/gyeongnam_campus/p/server_room/d/24e124136d151368/n/입구/g/24e124fffef79304/e/lora -> 0.0
2025-04-21 11:12:34 [MQTT Call: JavaClientExample] INFO  com.example.mqtt.MessageData - Topic: data/s/nhnacademy/b/gyeongnam_campus/p/hive/d/24e124126d111937/sp/farm/n/스마트팜/e/illumination
Message Data:
time: 1745201554304
value: 320

2025-04-21 11:12:34 [MQTT Call: JavaClientExample] INFO  com.example.mqtt.InfluxDBService - Extracted tagkey -> location: hive, kind: 스마트팜, data: illumination
Value into InfluxDB: 320.0
2025-04-21 11:12:34 [MQTT Call: JavaClientExample] INFO  com.example.mqtt.MessageData - Data sent to InfluxDBService: data/s/nhnacademy/b/gyeongnam_campus/p/hive/d/24e124126d111937/sp/farm/n/스마트팜/e/illumination -> 320.0
2025-04-21 11:12:35 [MQTT Call: JavaClientExample] INFO  com.example.mqtt.MessageData - Topic: data/s/nhnacademy/b/gyeongnam_campus/p/hive/d/24e124126d111937/sp/farm/n/스마트팜/g/24e124fffef5dccc/e/lora
Message Data:
time: 1745201554304
value: 

2025-04-21 11:12:35 [MQTT Call: JavaClientExample] INFO  com.example.mqtt.InfluxDBService - Extracted tagkey -> location: hive, kind: 스마트팜, data: lora
Value into InfluxDB: 0.0
2025-04-21 11:12:35 [MQTT Call: JavaClientExample] INFO  com.example.mqtt.MessageData - Data sent to InfluxDBService: data/s/nhnacademy/b/gyeongnam_campus/p/hive/d/24e124126d111937/sp/farm/n/스마트팜/g/24e124fffef5dccc/e/lora -> 0.0
2025-04-21 11:12:35 [MQTT Call: JavaClientExample] INFO  com.example.mqtt.MessageData - Topic: data/s/nhnacademy/b/gyeongnam_campus/p/hive/d/24e124126d111937/sp/farm/n/스마트팜/g/24e124fffef79304/e/lora
Message Data:
time: 1745201554304
value: 

2025-04-21 11:12:35 [MQTT Call: JavaClientExample] INFO  com.example.mqtt.InfluxDBService - Extracted tagkey -> location: hive, kind: 스마트팜, data: lora
Value into InfluxDB: 0.0
2025-04-21 11:12:35 [MQTT Call: JavaClientExample] INFO  com.example.mqtt.MessageData - Data sent to InfluxDBService: data/s/nhnacademy/b/gyeongnam_campus/p/hive/d/24e124126d111937/sp/farm/n/스마트팜/g/24e124fffef79304/e/lora -> 0.0
2025-04-21 11:12:46 [MQTT Call: JavaClientExample] INFO  com.example.mqtt.MessageData - Topic: data/s/nhnacademy/b/gyeongnam_campus/p/storage/d/24e124136d151547/n/입구/e/temperature
Message Data:
time: 1745201566431
value: -0.1

2025-04-21 11:12:46 [MQTT Call: JavaClientExample] INFO  com.example.mqtt.InfluxDBService - Extracted tagkey -> location: storage, kind: 입구, data: temperature
Value into InfluxDB: -0.1
2025-04-21 11:12:46 [MQTT Call: JavaClientExample] INFO  com.example.mqtt.MessageData - Data sent to InfluxDBService: data/s/nhnacademy/b/gyeongnam_campus/p/storage/d/24e124136d151547/n/입구/e/temperature -> -0.1
2025-04-21 11:12:46 [MQTT Call: JavaClientExample] INFO  com.example.mqtt.MessageData - Topic: data/s/nhnacademy/b/gyeongnam_campus/p/storage/d/24e124136d151547/n/입구/e/battery
Message Data:
time: 1745201566431
value: 1

2025-04-21 11:12:46 [MQTT Call: JavaClientExample] INFO  com.example.mqtt.InfluxDBService - Extracted tagkey -> location: storage, kind: 입구, data: battery
Value into InfluxDB: 1.0
2025-04-21 11:12:46 [MQTT Call: JavaClientExample] INFO  com.example.mqtt.MessageData - Data sent to InfluxDBService: data/s/nhnacademy/b/gyeongnam_campus/p/storage/d/24e124136d151547/n/입구/e/battery -> 1.0
2025-04-21 11:12:46 [MQTT Call: JavaClientExample] INFO  com.example.mqtt.MessageData - Topic: data/s/nhnacademy/b/gyeongnam_campus/p/storage/d/24e124136d151547/n/입구/e/humidity
Message Data:
time: 1745201566431
value: 127.5

2025-04-21 11:12:46 [MQTT Call: JavaClientExample] INFO  com.example.mqtt.InfluxDBService - Extracted tagkey -> location: storage, kind: 입구, data: humidity
Value into InfluxDB: 127.5
2025-04-21 11:12:46 [MQTT Call: JavaClientExample] INFO  com.example.mqtt.MessageData - Data sent to InfluxDBService: data/s/nhnacademy/b/gyeongnam_campus/p/storage/d/24e124136d151547/n/입구/e/humidity -> 127.5
2025-04-21 11:12:46 [MQTT Call: JavaClientExample] INFO  com.example.mqtt.MessageData - Topic: data/s/nhnacademy/b/gyeongnam_campus/p/storage/d/24e124136d151547/n/입구/g/24e124fffef5dccc/e/lora
Message Data:
time: 1745201566431
value: 

2025-04-21 11:12:46 [MQTT Call: JavaClientExample] INFO  com.example.mqtt.InfluxDBService - Extracted tagkey -> location: storage, kind: 입구, data: lora
Value into InfluxDB: 0.0
2025-04-21 11:12:46 [MQTT Call: JavaClientExample] INFO  com.example.mqtt.MessageData - Data sent to InfluxDBService: data/s/nhnacademy/b/gyeongnam_campus/p/storage/d/24e124136d151547/n/입구/g/24e124fffef5dccc/e/lora -> 0.0
2025-04-21 11:12:47 [MQTT Call: JavaClientExample] INFO  com.example.mqtt.MessageData - Topic: data/s/nhnacademy/b/gyeongnam_campus/p/storage/d/24e124136d151547/n/입구/e/battery
Message Data:
time: 1745201566431
value: 1

2025-04-21 11:12:47 [MQTT Call: JavaClientExample] INFO  com.example.mqtt.InfluxDBService - Extracted tagkey -> location: storage, kind: 입구, data: battery
Value into InfluxDB: 1.0
2025-04-21 11:12:47 [MQTT Call: JavaClientExample] INFO  com.example.mqtt.MessageData - Data sent to InfluxDBService: data/s/nhnacademy/b/gyeongnam_campus/p/storage/d/24e124136d151547/n/입구/e/battery -> 1.0
2025-04-21 11:12:47 [MQTT Call: JavaClientExample] INFO  com.example.mqtt.MessageData - Topic: data/s/nhnacademy/b/gyeongnam_campus/p/storage/d/24e124136d151547/n/입구/e/temperature
Message Data:
time: 1745201566431
value: -0.1

2025-04-21 11:12:47 [MQTT Call: JavaClientExample] INFO  com.example.mqtt.InfluxDBService - Extracted tagkey -> location: storage, kind: 입구, data: temperature
Value into InfluxDB: -0.1
2025-04-21 11:12:47 [MQTT Call: JavaClientExample] INFO  com.example.mqtt.MessageData - Data sent to InfluxDBService: data/s/nhnacademy/b/gyeongnam_campus/p/storage/d/24e124136d151547/n/입구/e/temperature -> -0.1
2025-04-21 11:12:47 [MQTT Call: JavaClientExample] INFO  com.example.mqtt.MessageData - Topic: data/s/nhnacademy/b/gyeongnam_campus/p/storage/d/24e124136d151547/n/입구/e/humidity
Message Data:
time: 1745201566431
value: 127.5

2025-04-21 11:12:47 [MQTT Call: JavaClientExample] INFO  com.example.mqtt.InfluxDBService - Extracted tagkey -> location: storage, kind: 입구, data: humidity
Value into InfluxDB: 127.5
2025-04-21 11:12:47 [MQTT Call: JavaClientExample] INFO  com.example.mqtt.MessageData - Data sent to InfluxDBService: data/s/nhnacademy/b/gyeongnam_campus/p/storage/d/24e124136d151547/n/입구/e/humidity -> 127.5
2025-04-21 11:12:47 [MQTT Call: JavaClientExample] INFO  com.example.mqtt.MessageData - Topic: data/s/nhnacademy/b/gyeongnam_campus/p/storage/d/24e124136d151547/n/입구/g/24e124fffef79304/e/lora
Message Data:
time: 1745201566431
value: 

2025-04-21 11:12:47 [MQTT Call: JavaClientExample] INFO  com.example.mqtt.InfluxDBService - Extracted tagkey -> location: storage, kind: 입구, data: lora
Value into InfluxDB: 0.0
2025-04-21 11:12:47 [MQTT Call: JavaClientExample] INFO  com.example.mqtt.MessageData - Data sent to InfluxDBService: data/s/nhnacademy/b/gyeongnam_campus/p/storage/d/24e124136d151547/n/입구/g/24e124fffef79304/e/lora -> 0.0
2025-04-21 11:12:47 [MQTT Call: JavaClientExample] INFO  com.example.mqtt.MessageData - Topic: data/s/nhnacademy/b/gyeongnam_campus/p/storage/d/24e124136d151547/n/입구/g/24e124fffef5dccc/e/lora
Message Data:
time: 1745201566431
value: 

2025-04-21 11:12:47 [MQTT Call: JavaClientExample] INFO  com.example.mqtt.InfluxDBService - Extracted tagkey -> location: storage, kind: 입구, data: lora
Value into InfluxDB: 0.0
2025-04-21 11:12:47 [MQTT Call: JavaClientExample] INFO  com.example.mqtt.MessageData - Data sent to InfluxDBService: data/s/nhnacademy/b/gyeongnam_campus/p/storage/d/24e124136d151547/n/입구/g/24e124fffef5dccc/e/lora -> 0.0
2025-04-21 11:12:47 [MQTT Call: JavaClientExample] INFO  com.example.mqtt.MessageData - Topic: data/s/nhnacademy/b/gyeongnam_campus/p/campus/d/gem3500_1/n/캠퍼스_LL/e/voltage
Message Data:
time: 1745201566834
value: 380.58

2025-04-21 11:12:47 [MQTT Call: JavaClientExample] INFO  com.example.mqtt.InfluxDBService - Extracted tagkey -> location: campus, kind: 캠퍼스_LL, data: voltage
Value into InfluxDB: 380.58
2025-04-21 11:12:47 [MQTT Call: JavaClientExample] INFO  com.example.mqtt.MessageData - Data sent to InfluxDBService: data/s/nhnacademy/b/gyeongnam_campus/p/campus/d/gem3500_1/n/캠퍼스_LL/e/voltage -> 380.58
2025-04-21 11:12:47 [MQTT Call: JavaClientExample] INFO  com.example.mqtt.MessageData - Topic: data/s/nhnacademy/b/gyeongnam_campus/p/campus/d/gem3500_1/n/캠퍼스_LN/e/voltage
Message Data:
time: 1745201566834
value: 219.73

2025-04-21 11:12:47 [MQTT Call: JavaClientExample] INFO  com.example.mqtt.InfluxDBService - Extracted tagkey -> location: campus, kind: 캠퍼스_LN, data: voltage
Value into InfluxDB: 219.73
2025-04-21 11:12:47 [MQTT Call: JavaClientExample] INFO  com.example.mqtt.MessageData - Data sent to InfluxDBService: data/s/nhnacademy/b/gyeongnam_campus/p/campus/d/gem3500_1/n/캠퍼스_LN/e/voltage -> 219.73
2025-04-21 11:12:47 [MQTT Call: JavaClientExample] INFO  com.example.mqtt.MessageData - Topic: data/s/nhnacademy/b/gyeongnam_campus/p/campus/d/gem3500_1/n/캠퍼스1/e/power_meter
Message Data:
time: 1745201566935
type: 5
leakageCurrent: 0
current: 2673
activePower: 4941
reactivePower: -1838
tapparentPower: 5892
powerFactor: 83.86
currentUnbalance: 54.43
lines: 

2025-04-21 11:12:47 [MQTT Call: JavaClientExample] WARN  com.example.mqtt.MessageData - No 'value' field found in message, skipping InfluxDB write.
2025-04-21 11:12:47 [MQTT Call: JavaClientExample] INFO  com.example.mqtt.MessageData - Topic: data/s/nhnacademy/b/gyeongnam_campus/p/campus/d/gem3500_1/n/전등1/e/power_meter
Message Data:
time: 1745201567036
type: 3
leakageCurrent: 0
current: 699
activePower: 1308
reactivePower: -326
tapparentPower: 1533
powerFactor: 85.28
currentUnbalance: 0
lines: 

2025-04-21 11:12:47 [MQTT Call: JavaClientExample] WARN  com.example.mqtt.MessageData - No 'value' field found in message, skipping InfluxDB write.
2025-04-21 11:12:47 [MQTT Call: JavaClientExample] INFO  com.example.mqtt.MessageData - Topic: data/s/nhnacademy/b/gyeongnam_campus/p/campus/d/gem3500_1/n/전등2/e/power_meter
Message Data:
time: 1745201567138
type: 1
leakageCurrent: 0
current: 569
activePower: 1137
reactivePower: -283
tapparentPower: 1255
powerFactor: 90.63
currentUnbalance: 0
lines: 

2025-04-21 11:12:47 [MQTT Call: JavaClientExample] WARN  com.example.mqtt.MessageData - No 'value' field found in message, skipping InfluxDB write.
2025-04-21 11:12:47 [MQTT Call: JavaClientExample] INFO  com.example.mqtt.MessageData - Topic: data/s/nhnacademy/b/gyeongnam_campus/p/campus/d/gem3500_1/n/전등3/e/power_meter
Message Data:
time: 1745201567240
type: 2
leakageCurrent: 0
current: 0
activePower: 0
reactivePower: 0
tapparentPower: 0
powerFactor: 0
currentUnbalance: 0
lines: 

2025-04-21 11:12:47 [MQTT Call: JavaClientExample] WARN  com.example.mqtt.MessageData - No 'value' field found in message, skipping InfluxDB write.
2025-04-21 11:12:47 [MQTT Call: JavaClientExample] INFO  com.example.mqtt.MessageData - Topic: data/s/nhnacademy/b/gyeongnam_campus/p/campus/d/gem3500_1/n/강의실b_바닥/e/power_meter
Message Data:
time: 1745201567340
type: 3
leakageCurrent: 0
current: 222
activePower: 362
reactivePower: -237
tapparentPower: 487
powerFactor: 74.38
currentUnbalance: 0
lines: 

2025-04-21 11:12:47 [MQTT Call: JavaClientExample] WARN  com.example.mqtt.MessageData - No 'value' field found in message, skipping InfluxDB write.
2025-04-21 11:12:47 [MQTT Call: JavaClientExample] INFO  com.example.mqtt.MessageData - Topic: data/s/nhnacademy/b/gyeongnam_campus/p/campus/d/gem3500_1/n/강의실a_바닥1/e/power_meter
Message Data:
time: 1745201567441
type: 1
leakageCurrent: 0
current: 327
activePower: 554
reactivePower: -372
tapparentPower: 720
powerFactor: 76.99
currentUnbalance: 0
lines: 

2025-04-21 11:12:47 [MQTT Call: JavaClientExample] WARN  com.example.mqtt.MessageData - No 'value' field found in message, skipping InfluxDB write.
2025-04-21 11:12:48 [MQTT Call: JavaClientExample] INFO  com.example.mqtt.MessageData - Topic: data/s/nhnacademy/b/gyeongnam_campus/p/campus/d/gem3500_1/n/강의실a_바닥2/e/power_meter
Message Data:
time: 1745201567542
type: 2
leakageCurrent: 0
current: 173
activePower: 302
reactivePower: -180
tapparentPower: 381
powerFactor: 79.24
currentUnbalance: 0
lines: 

2025-04-21 11:12:48 [MQTT Call: JavaClientExample] WARN  com.example.mqtt.MessageData - No 'value' field found in message, skipping InfluxDB write.
2025-04-21 11:12:48 [MQTT Call: JavaClientExample] INFO  com.example.mqtt.MessageData - Topic: data/s/nhnacademy/b/gyeongnam_campus/p/campus/d/gem3500_1/n/프로젝터1/e/power_meter
Message Data:
time: 1745201567642
type: 3
leakageCurrent: 0
current: 94
activePower: 120
reactivePower: -146
tapparentPower: 206
powerFactor: 58.13
currentUnbalance: 0
lines: 

2025-04-21 11:12:48 [MQTT Call: JavaClientExample] WARN  com.example.mqtt.MessageData - No 'value' field found in message, skipping InfluxDB write.
2025-04-21 11:12:48 [MQTT Call: JavaClientExample] INFO  com.example.mqtt.MessageData - Topic: data/s/nhnacademy/b/gyeongnam_campus/p/campus/d/gem3500_1/n/프로젝터2/e/power_meter
Message Data:
time: 1745201567744
type: 1
leakageCurrent: 0
current: 39
activePower: 43
reactivePower: -69
tapparentPower: 86
powerFactor: 50
currentUnbalance: 0
lines: 

2025-04-21 11:12:48 [MQTT Call: JavaClientExample] WARN  com.example.mqtt.MessageData - No 'value' field found in message, skipping InfluxDB write.
2025-04-21 11:12:48 [MQTT Call: JavaClientExample] INFO  com.example.mqtt.MessageData - Topic: data/s/nhnacademy/b/gyeongnam_campus/p/campus/d/gem3500_1/n/회의실/e/power_meter
Message Data:
time: 1745201567844
type: 2
leakageCurrent: 0
current: 14
activePower: 4
reactivePower: -28
tapparentPower: 31
powerFactor: 15.38
currentUnbalance: 0
lines: 

2025-04-21 11:12:48 [MQTT Call: JavaClientExample] WARN  com.example.mqtt.MessageData - No 'value' field found in message, skipping InfluxDB write.
2025-04-21 11:12:48 [MQTT Call: JavaClientExample] INFO  com.example.mqtt.MessageData - Topic: data/s/nhnacademy/b/gyeongnam_campus/p/campus/d/gem3500_1/n/서버실/e/power_meter
Message Data:
time: 1745201567949
type: 3
leakageCurrent: 0
current: 197
activePower: 388
reactivePower: -112
tapparentPower: 436
powerFactor: 89.01
currentUnbalance: 0
lines: 

2025-04-21 11:12:48 [MQTT Call: JavaClientExample] WARN  com.example.mqtt.MessageData - No 'value' field found in message, skipping InfluxDB write.
2025-04-21 11:12:48 [MQTT Call: JavaClientExample] INFO  com.example.mqtt.MessageData - Topic: data/s/nhnacademy/b/gyeongnam_campus/p/campus/d/gem3500_1/n/간판/e/power_meter
Message Data:
time: 1745201568048
type: 1
leakageCurrent: 0
current: 0
activePower: 0
reactivePower: 0
tapparentPower: 0
powerFactor: 0
currentUnbalance: 0
lines: 

2025-04-21 11:12:48 [MQTT Call: JavaClientExample] WARN  com.example.mqtt.MessageData - No 'value' field found in message, skipping InfluxDB write.
2025-04-21 11:12:48 [MQTT Call: JavaClientExample] INFO  com.example.mqtt.MessageData - Topic: data/s/nhnacademy/b/gyeongnam_campus/p/campus/d/gem3500_1/n/페어룸/e/power_meter
Message Data:
time: 1745201568149
type: 2
leakageCurrent: 0
current: 0
activePower: 0
reactivePower: 0
tapparentPower: 0
powerFactor: 0
currentUnbalance: 0
lines: 

2025-04-21 11:12:48 [MQTT Call: JavaClientExample] WARN  com.example.mqtt.MessageData - No 'value' field found in message, skipping InfluxDB write.
2025-04-21 11:12:48 [MQTT Call: JavaClientExample] INFO  com.example.mqtt.MessageData - Topic: data/s/nhnacademy/b/gyeongnam_campus/p/campus/d/gem3500_1/n/사무실_전열1/e/power_meter
Message Data:
time: 1745201568251
type: 3
leakageCurrent: 0
current: 82
activePower: 100
reactivePower: -52
tapparentPower: 180
powerFactor: 56
currentUnbalance: 0
lines: 

2025-04-21 11:12:48 [MQTT Call: JavaClientExample] WARN  com.example.mqtt.MessageData - No 'value' field found in message, skipping InfluxDB write.
2025-04-21 11:12:48 [MQTT Call: JavaClientExample] INFO  com.example.mqtt.MessageData - Topic: data/s/nhnacademy/b/gyeongnam_campus/p/campus/d/gem3500_1/n/사무실_전열2/e/power_meter
Message Data:
time: 1745201568353
type: 3
leakageCurrent: 0
current: 94
activePower: 100
reactivePower: -60
tapparentPower: 211
powerFactor: 47.72
currentUnbalance: 0
lines: 

2025-04-21 11:12:48 [MQTT Call: JavaClientExample] WARN  com.example.mqtt.MessageData - No 'value' field found in message, skipping InfluxDB write.
2025-04-21 11:12:48 [MQTT Call: JavaClientExample] INFO  com.example.mqtt.MessageData - Topic: data/s/nhnacademy/b/gyeongnam_campus/p/campus/d/gem3500_1/n/사무실_복사기/e/power_meter
Message Data:
time: 1745201568452
type: 1
leakageCurrent: 0
current: 93
activePower: 132
reactivePower: 156
tapparentPower: 204
powerFactor: 64.7
currentUnbalance: 0
lines: 

2025-04-21 11:12:48 [MQTT Call: JavaClientExample] WARN  com.example.mqtt.MessageData - No 'value' field found in message, skipping InfluxDB write.
2025-04-21 11:12:48 [MQTT Call: JavaClientExample] INFO  com.example.mqtt.MessageData - Topic: data/s/nhnacademy/b/gyeongnam_campus/p/campus/d/gem3500_1/n/빌트인_전열/e/power_meter
Message Data:
time: 1745201568554
type: 2
leakageCurrent: 0
current: 5
activePower: 2
reactivePower: -4
tapparentPower: 14
powerFactor: 16.67
currentUnbalance: 0
lines: 

2025-04-21 11:12:48 [MQTT Call: JavaClientExample] WARN  com.example.mqtt.MessageData - No 'value' field found in message, skipping InfluxDB write.
2025-04-21 11:12:48 [MQTT Call: JavaClientExample] INFO  com.example.mqtt.MessageData - Topic: data/s/nhnacademy/b/gyeongnam_campus/p/campus/d/gem3500_1/n/사무실_전열3/e/power_meter
Message Data:
time: 1745201568652
type: 3
leakageCurrent: 0
current: 0
activePower: 0
reactivePower: 0
tapparentPower: 0
powerFactor: 0
currentUnbalance: 0
lines: 

2025-04-21 11:12:48 [MQTT Call: JavaClientExample] WARN  com.example.mqtt.MessageData - No 'value' field found in message, skipping InfluxDB write.
2025-04-21 11:12:49 [MQTT Call: JavaClientExample] INFO  com.example.mqtt.MessageData - Topic: data/s/nhnacademy/b/gyeongnam_campus/p/campus/d/gem3500_1/n/정수기/e/power_meter
Message Data:
time: 1745201568756
type: 1
leakageCurrent: 0
current: 7
activePower: 0
reactivePower: -16
tapparentPower: 16
powerFactor: 0
currentUnbalance: 0
lines: 

2025-04-21 11:12:49 [MQTT Call: JavaClientExample] WARN  com.example.mqtt.MessageData - No 'value' field found in message, skipping InfluxDB write.
2025-04-21 11:12:49 [MQTT Call: JavaClientExample] INFO  com.example.mqtt.MessageData - Topic: data/s/nhnacademy/b/gyeongnam_campus/p/campus/d/gem3500_1/n/하이브_전열/e/power_meter
Message Data:
time: 1745201568856
type: 2
leakageCurrent: 0
current: 63
activePower: 122
reactivePower: -48
tapparentPower: 139
powerFactor: 87.93
currentUnbalance: 0
lines: 

2025-04-21 11:12:49 [MQTT Call: JavaClientExample] WARN  com.example.mqtt.MessageData - No 'value' field found in message, skipping InfluxDB write.
2025-04-21 11:12:49 [MQTT Call: JavaClientExample] INFO  com.example.mqtt.MessageData - Topic: data/s/nhnacademy/b/gyeongnam_campus/p/campus/d/gem3500_1/n/바텐_전열/e/power_meter
Message Data:
time: 1745201568956
type: 3
leakageCurrent: 0
current: 0
activePower: 0
reactivePower: 0
tapparentPower: 0
powerFactor: 0
currentUnbalance: 0
lines: 

2025-04-21 11:12:49 [MQTT Call: JavaClientExample] WARN  com.example.mqtt.MessageData - No 'value' field found in message, skipping InfluxDB write.
2025-04-21 11:12:49 [MQTT Call: JavaClientExample] INFO  com.example.mqtt.MessageData - Topic: data/s/nhnacademy/b/gyeongnam_campus/p/campus/d/gem3500_1/n/S_P/e/power_meter
Message Data:
time: 1745201569058
type: 1
leakageCurrent: 0
current: 0
activePower: 0
reactivePower: 0
tapparentPower: 0
powerFactor: 0
currentUnbalance: 0
lines: 

2025-04-21 11:12:49 [MQTT Call: JavaClientExample] WARN  com.example.mqtt.MessageData - No 'value' field found in message, skipping InfluxDB write.
2025-04-21 11:12:49 [MQTT Call: JavaClientExample] INFO  com.example.mqtt.MessageData - Topic: data/s/nhnacademy/b/gyeongnam_campus/p/campus/d/gem3500_1/n/공조기/e/power_meter
Message Data:
time: 1745201569160
type: 2
leakageCurrent: 0
current: 199
activePower: 225
reactivePower: -24
tapparentPower: 441
powerFactor: 51.08
currentUnbalance: 0
lines: 

2025-04-21 11:12:49 [MQTT Call: JavaClientExample] WARN  com.example.mqtt.MessageData - No 'value' field found in message, skipping InfluxDB write.
2025-04-21 11:12:49 [MQTT Call: JavaClientExample] INFO  com.example.mqtt.MessageData - Topic: data/s/nhnacademy/b/gyeongnam_campus/p/campus/d/gem3500_1/n/AC/e/power_meter
Message Data:
time: 1745201569258
type: 3
leakageCurrent: 0
current: 16
activePower: 12
reactivePower: -26
tapparentPower: 36
powerFactor: 33.33
currentUnbalance: 0
lines: 

2025-04-21 11:12:49 [MQTT Call: JavaClientExample] WARN  com.example.mqtt.MessageData - No 'value' field found in message, skipping InfluxDB write.
2025-04-21 11:12:50 [MQTT Call: JavaClientExample] INFO  com.example.mqtt.MessageData - Topic: data/s/nhnacademy/b/gyeongnam_campus/p/pair_room/d/24e124617d159573/n/2/e/battery
Message Data:
time: 1745201569554
value: 33

2025-04-21 11:12:50 [MQTT Call: JavaClientExample] INFO  com.example.mqtt.InfluxDBService - Extracted tagkey -> location: pair_room, kind: 2, data: battery
Value into InfluxDB: 33.0
2025-04-21 11:12:50 [MQTT Call: JavaClientExample] INFO  com.example.mqtt.MessageData - Data sent to InfluxDBService: data/s/nhnacademy/b/gyeongnam_campus/p/pair_room/d/24e124617d159573/n/2/e/battery -> 33.0
2025-04-21 11:12:51 [MQTT Call: JavaClientExample] INFO  com.example.mqtt.MessageData - Topic: data/s/nhnacademy/b/gyeongnam_campus/p/pair_room/d/24e124617d159573/n/2/e/distance
Message Data:
time: 1745201569554
value: 2235

2025-04-21 11:12:51 [MQTT Call: JavaClientExample] INFO  com.example.mqtt.InfluxDBService - Extracted tagkey -> location: pair_room, kind: 2, data: distance
Value into InfluxDB: 2235.0
2025-04-21 11:12:51 [MQTT Call: JavaClientExample] INFO  com.example.mqtt.MessageData - Data sent to InfluxDBService: data/s/nhnacademy/b/gyeongnam_campus/p/pair_room/d/24e124617d159573/n/2/e/distance -> 2235.0
2025-04-21 11:12:51 [MQTT Call: JavaClientExample] INFO  com.example.mqtt.MessageData - Topic: data/s/nhnacademy/b/gyeongnam_campus/p/pair_room/d/24e124617d159573/n/2/e/occupancy
Message Data:
time: 1745201569554
value: 0

2025-04-21 11:12:51 [MQTT Call: JavaClientExample] INFO  com.example.mqtt.InfluxDBService - Extracted tagkey -> location: pair_room, kind: 2, data: occupancy
Value into InfluxDB: 0.0
2025-04-21 11:12:51 [MQTT Call: JavaClientExample] INFO  com.example.mqtt.MessageData - Data sent to InfluxDBService: data/s/nhnacademy/b/gyeongnam_campus/p/pair_room/d/24e124617d159573/n/2/e/occupancy -> 0.0
2025-04-21 11:12:51 [MQTT Call: JavaClientExample] INFO  com.example.mqtt.MessageData - Topic: data/s/nhnacademy/b/gyeongnam_campus/p/pair_room/d/24e124617d159573/n/2/g/24e124fffef79304/e/lora
Message Data:
time: 1745201569554
value: 

2025-04-21 11:12:51 [MQTT Call: JavaClientExample] INFO  com.example.mqtt.InfluxDBService - Extracted tagkey -> location: pair_room, kind: 2, data: lora
Value into InfluxDB: 0.0
2025-04-21 11:12:51 [MQTT Call: JavaClientExample] INFO  com.example.mqtt.MessageData - Data sent to InfluxDBService: data/s/nhnacademy/b/gyeongnam_campus/p/pair_room/d/24e124617d159573/n/2/g/24e124fffef79304/e/lora -> 0.0
2025-04-21 11:13:03 [MQTT Call: JavaClientExample] INFO  com.example.mqtt.MessageData - Topic: data/s/nhnacademy/b/gyeongnam_campus/p/hive/d/24e124126c452091/sp/farm/n/스마트팜/e/temperature
Message Data:
time: 1745201580932
value: 24.5

2025-04-21 11:13:03 [MQTT Call: JavaClientExample] INFO  com.example.mqtt.InfluxDBService - Extracted tagkey -> location: hive, kind: 스마트팜, data: temperature
Value into InfluxDB: 24.5
2025-04-21 11:13:03 [MQTT Call: JavaClientExample] INFO  com.example.mqtt.MessageData - Data sent to InfluxDBService: data/s/nhnacademy/b/gyeongnam_campus/p/hive/d/24e124126c452091/sp/farm/n/스마트팜/e/temperature -> 24.5
2025-04-21 11:13:03 [MQTT Call: JavaClientExample] INFO  com.example.mqtt.MessageData - Topic: data/s/nhnacademy/b/gyeongnam_campus/p/hive/d/24e124126c452091/sp/farm/n/스마트팜/g/24e124fffef79304/e/lora
Message Data:
time: 1745201580932
value: 

2025-04-21 11:13:03 [MQTT Call: JavaClientExample] INFO  com.example.mqtt.InfluxDBService - Extracted tagkey -> location: hive, kind: 스마트팜, data: lora
Value into InfluxDB: 0.0
2025-04-21 11:13:03 [MQTT Call: JavaClientExample] INFO  com.example.mqtt.MessageData - Data sent to InfluxDBService: data/s/nhnacademy/b/gyeongnam_campus/p/hive/d/24e124126c452091/sp/farm/n/스마트팜/g/24e124fffef79304/e/lora -> 0.0
2025-04-21 11:13:03 [MQTT Call: JavaClientExample] INFO  com.example.mqtt.MessageData - Topic: data/s/nhnacademy/b/gyeongnam_campus/p/hive/d/24e124126c452091/sp/farm/n/스마트팜/g/24e124fffef5dccc/e/lora
Message Data:
time: 1745201580932
value: 

2025-04-21 11:13:03 [MQTT Call: JavaClientExample] INFO  com.example.mqtt.InfluxDBService - Extracted tagkey -> location: hive, kind: 스마트팜, data: lora
Value into InfluxDB: 0.0
2025-04-21 11:13:03 [MQTT Call: JavaClientExample] INFO  com.example.mqtt.MessageData - Data sent to InfluxDBService: data/s/nhnacademy/b/gyeongnam_campus/p/hive/d/24e124126c452091/sp/farm/n/스마트팜/g/24e124fffef5dccc/e/lora -> 0.0
2025-04-21 11:13:14 [MQTT Call: JavaClientExample] INFO  com.example.mqtt.MessageData - Topic: data/s/nhnacademy/b/gyeongnam_campus/p/hive/d/24e124725d081175/sp/8인 책상/n/8인 책상/e/co2
Message Data:
time: 1745201593791
value: 627

2025-04-21 11:13:14 [MQTT Call: JavaClientExample] INFO  com.example.mqtt.InfluxDBService - Extracted tagkey -> location: hive, kind: 8인 책상, data: co2
Value into InfluxDB: 627.0
2025-04-21 11:13:14 [MQTT Call: JavaClientExample] INFO  com.example.mqtt.MessageData - Data sent to InfluxDBService: data/s/nhnacademy/b/gyeongnam_campus/p/hive/d/24e124725d081175/sp/8인 책상/n/8인 책상/e/co2 -> 627.0
2025-04-21 11:13:17 [MQTT Call: JavaClientExample] INFO  com.example.mqtt.MessageData - Topic: data/s/nhnacademy/b/gyeongnam_campus/p/hive/d/24e124725d081175/sp/8인 책상/n/8인 책상/e/battery
Message Data:
time: 1745201593791
value: 77

2025-04-21 11:13:17 [MQTT Call: JavaClientExample] INFO  com.example.mqtt.InfluxDBService - Extracted tagkey -> location: hive, kind: 8인 책상, data: battery
Value into InfluxDB: 77.0
2025-04-21 11:13:17 [MQTT Call: JavaClientExample] INFO  com.example.mqtt.MessageData - Data sent to InfluxDBService: data/s/nhnacademy/b/gyeongnam_campus/p/hive/d/24e124725d081175/sp/8인 책상/n/8인 책상/e/battery -> 77.0
2025-04-21 11:13:17 [MQTT Call: JavaClientExample] INFO  com.example.mqtt.MessageData - Topic: data/s/nhnacademy/b/gyeongnam_campus/p/hive/d/24e124725d081175/sp/8인 책상/n/8인 책상/e/temperature
Message Data:
time: 1745201593791
value: 25.4

2025-04-21 11:13:17 [MQTT Call: JavaClientExample] INFO  com.example.mqtt.InfluxDBService - Extracted tagkey -> location: hive, kind: 8인 책상, data: temperature
Value into InfluxDB: 25.4
2025-04-21 11:13:17 [MQTT Call: JavaClientExample] INFO  com.example.mqtt.MessageData - Data sent to InfluxDBService: data/s/nhnacademy/b/gyeongnam_campus/p/hive/d/24e124725d081175/sp/8인 책상/n/8인 책상/e/temperature -> 25.4
2025-04-21 11:13:17 [MQTT Call: JavaClientExample] INFO  com.example.mqtt.MessageData - Topic: data/s/nhnacademy/b/gyeongnam_campus/p/hive/d/24e124725d081175/sp/8인 책상/n/8인 책상/e/humidity
Message Data:
time: 1745201593791
value: 42

2025-04-21 11:13:17 [MQTT Call: JavaClientExample] INFO  com.example.mqtt.InfluxDBService - Extracted tagkey -> location: hive, kind: 8인 책상, data: humidity
Value into InfluxDB: 42.0
2025-04-21 11:13:17 [MQTT Call: JavaClientExample] INFO  com.example.mqtt.MessageData - Data sent to InfluxDBService: data/s/nhnacademy/b/gyeongnam_campus/p/hive/d/24e124725d081175/sp/8인 책상/n/8인 책상/e/humidity -> 42.0
2025-04-21 11:13:17 [MQTT Call: JavaClientExample] INFO  com.example.mqtt.MessageData - Topic: data/s/nhnacademy/b/gyeongnam_campus/p/hive/d/24e124725d081175/sp/8인 책상/n/8인 책상/g/24e124fffef79304/e/lora
Message Data:
time: 1745201593791
value: 

2025-04-21 11:13:17 [MQTT Call: JavaClientExample] INFO  com.example.mqtt.InfluxDBService - Extracted tagkey -> location: hive, kind: 8인 책상, data: lora
Value into InfluxDB: 0.0
2025-04-21 11:13:17 [MQTT Call: JavaClientExample] INFO  com.example.mqtt.MessageData - Data sent to InfluxDBService: data/s/nhnacademy/b/gyeongnam_campus/p/hive/d/24e124725d081175/sp/8인 책상/n/8인 책상/g/24e124fffef79304/e/lora -> 0.0
2025-04-21 11:13:17 [MQTT Call: JavaClientExample] INFO  com.example.mqtt.MessageData - Topic: data/s/nhnacademy/b/gyeongnam_campus/p/hive/d/24e124725d081175/sp/8인 책상/n/8인 책상/g/24e124fffef5dccc/e/lora
Message Data:
time: 1745201593791
value: 

2025-04-21 11:13:17 [MQTT Call: JavaClientExample] INFO  com.example.mqtt.InfluxDBService - Extracted tagkey -> location: hive, kind: 8인 책상, data: lora
Value into InfluxDB: 0.0
2025-04-21 11:13:17 [MQTT Call: JavaClientExample] INFO  com.example.mqtt.MessageData - Data sent to InfluxDBService: data/s/nhnacademy/b/gyeongnam_campus/p/hive/d/24e124725d081175/sp/8인 책상/n/8인 책상/g/24e124fffef5dccc/e/lora -> 0.0
2025-04-21 11:13:19 [MQTT Call: JavaClientExample] INFO  com.example.mqtt.MessageData - Topic: data/s/nhnacademy/b/gyeongnam_campus/p/class_a/d/24e124128c067999/sp/입구/n/입구/e/activity
Message Data:
time: 1745201597721
value: 0

2025-04-21 11:13:19 [MQTT Call: JavaClientExample] INFO  com.example.mqtt.InfluxDBService - Extracted tagkey -> location: class_a, kind: 입구, data: activity
Value into InfluxDB: 0.0
2025-04-21 11:13:19 [MQTT Call: JavaClientExample] INFO  com.example.mqtt.MessageData - Data sent to InfluxDBService: data/s/nhnacademy/b/gyeongnam_campus/p/class_a/d/24e124128c067999/sp/입구/n/입구/e/activity -> 0.0
2025-04-21 11:13:19 [MQTT Call: JavaClientExample] INFO  com.example.mqtt.MessageData - Topic: data/s/nhnacademy/b/gyeongnam_campus/p/class_a/d/24e124128c067999/sp/입구/n/입구/e/co2
Message Data:
time: 1745201597721
value: 894

2025-04-21 11:13:19 [MQTT Call: JavaClientExample] INFO  com.example.mqtt.InfluxDBService - Extracted tagkey -> location: class_a, kind: 입구, data: co2
Value into InfluxDB: 894.0
2025-04-21 11:13:19 [MQTT Call: JavaClientExample] INFO  com.example.mqtt.MessageData - Data sent to InfluxDBService: data/s/nhnacademy/b/gyeongnam_campus/p/class_a/d/24e124128c067999/sp/입구/n/입구/e/co2 -> 894.0
2025-04-21 11:13:19 [MQTT Call: JavaClientExample] INFO  com.example.mqtt.MessageData - Topic: data/s/nhnacademy/b/gyeongnam_campus/p/class_a/d/24e124128c067999/sp/입구/n/입구/e/humidity
Message Data:
time: 1745201597721
value: 45.5

2025-04-21 11:13:19 [MQTT Call: JavaClientExample] INFO  com.example.mqtt.InfluxDBService - Extracted tagkey -> location: class_a, kind: 입구, data: humidity
Value into InfluxDB: 45.5
2025-04-21 11:13:19 [MQTT Call: JavaClientExample] INFO  com.example.mqtt.MessageData - Data sent to InfluxDBService: data/s/nhnacademy/b/gyeongnam_campus/p/class_a/d/24e124128c067999/sp/입구/n/입구/e/humidity -> 45.5
2025-04-21 11:13:19 [MQTT Call: JavaClientExample] INFO  com.example.mqtt.MessageData - Topic: data/s/nhnacademy/b/gyeongnam_campus/p/class_a/d/24e124128c067999/sp/입구/n/입구/e/temperature
Message Data:
time: 1745201597721
value: 23.9

2025-04-21 11:13:19 [MQTT Call: JavaClientExample] INFO  com.example.mqtt.InfluxDBService - Extracted tagkey -> location: class_a, kind: 입구, data: temperature
Value into InfluxDB: 23.9
2025-04-21 11:13:19 [MQTT Call: JavaClientExample] INFO  com.example.mqtt.MessageData - Data sent to InfluxDBService: data/s/nhnacademy/b/gyeongnam_campus/p/class_a/d/24e124128c067999/sp/입구/n/입구/e/temperature -> 23.9
2025-04-21 11:13:19 [MQTT Call: JavaClientExample] INFO  com.example.mqtt.MessageData - Topic: data/s/nhnacademy/b/gyeongnam_campus/p/class_a/d/24e124128c067999/sp/입구/n/입구/e/infrared_and_visible
Message Data:
time: 1745201597721
value: 46

2025-04-21 11:13:19 [MQTT Call: JavaClientExample] INFO  com.example.mqtt.InfluxDBService - Extracted tagkey -> location: class_a, kind: 입구, data: infrared_and_visible
Value into InfluxDB: 46.0
2025-04-21 11:13:19 [MQTT Call: JavaClientExample] INFO  com.example.mqtt.MessageData - Data sent to InfluxDBService: data/s/nhnacademy/b/gyeongnam_campus/p/class_a/d/24e124128c067999/sp/입구/n/입구/e/infrared_and_visible -> 46.0
2025-04-21 11:13:19 [MQTT Call: JavaClientExample] INFO  com.example.mqtt.MessageData - Topic: data/s/nhnacademy/b/gyeongnam_campus/p/class_a/d/24e124128c067999/sp/입구/n/입구/e/tvoc
Message Data:
time: 1745201597721
value: 299

2025-04-21 11:13:19 [MQTT Call: JavaClientExample] INFO  com.example.mqtt.InfluxDBService - Extracted tagkey -> location: class_a, kind: 입구, data: tvoc
Value into InfluxDB: 299.0
2025-04-21 11:13:19 [MQTT Call: JavaClientExample] INFO  com.example.mqtt.MessageData - Data sent to InfluxDBService: data/s/nhnacademy/b/gyeongnam_campus/p/class_a/d/24e124128c067999/sp/입구/n/입구/e/tvoc -> 299.0
2025-04-21 11:13:19 [MQTT Call: JavaClientExample] INFO  com.example.mqtt.MessageData - Topic: data/s/nhnacademy/b/gyeongnam_campus/p/class_a/d/24e124128c067999/sp/입구/n/입구/e/pressure
Message Data:
time: 1745201597721
value: 1009.1

2025-04-21 11:13:19 [MQTT Call: JavaClientExample] INFO  com.example.mqtt.InfluxDBService - Extracted tagkey -> location: class_a, kind: 입구, data: pressure
Value into InfluxDB: 1009.1
2025-04-21 11:13:19 [MQTT Call: JavaClientExample] INFO  com.example.mqtt.MessageData - Data sent to InfluxDBService: data/s/nhnacademy/b/gyeongnam_campus/p/class_a/d/24e124128c067999/sp/입구/n/입구/e/pressure -> 1009.1
2025-04-21 11:13:19 [MQTT Call: JavaClientExample] INFO  com.example.mqtt.MessageData - Topic: data/s/nhnacademy/b/gyeongnam_campus/p/class_a/d/24e124128c067999/sp/입구/n/입구/e/illumination
Message Data:
time: 1745201597721
value: 67

2025-04-21 11:13:19 [MQTT Call: JavaClientExample] INFO  com.example.mqtt.InfluxDBService - Extracted tagkey -> location: class_a, kind: 입구, data: illumination
Value into InfluxDB: 67.0
2025-04-21 11:13:19 [MQTT Call: JavaClientExample] INFO  com.example.mqtt.MessageData - Data sent to InfluxDBService: data/s/nhnacademy/b/gyeongnam_campus/p/class_a/d/24e124128c067999/sp/입구/n/입구/e/illumination -> 67.0
2025-04-21 11:13:19 [MQTT Call: JavaClientExample] INFO  com.example.mqtt.MessageData - Topic: data/s/nhnacademy/b/gyeongnam_campus/p/class_a/d/24e124128c067999/sp/입구/n/입구/e/infrared
Message Data:
time: 1745201597721
value: 7

2025-04-21 11:13:19 [MQTT Call: JavaClientExample] INFO  com.example.mqtt.InfluxDBService - Extracted tagkey -> location: class_a, kind: 입구, data: infrared
Value into InfluxDB: 7.0
2025-04-21 11:13:19 [MQTT Call: JavaClientExample] INFO  com.example.mqtt.MessageData - Data sent to InfluxDBService: data/s/nhnacademy/b/gyeongnam_campus/p/class_a/d/24e124128c067999/sp/입구/n/입구/e/infrared -> 7.0
2025-04-21 11:13:19 [MQTT Call: JavaClientExample] INFO  com.example.mqtt.MessageData - Topic: data/s/nhnacademy/b/gyeongnam_campus/p/class_a/d/24e124128c067999/sp/입구/n/입구/g/24e124fffef79304/e/lora
Message Data:
time: 1745201597721
value: 

2025-04-21 11:13:19 [MQTT Call: JavaClientExample] INFO  com.example.mqtt.InfluxDBService - Extracted tagkey -> location: class_a, kind: 입구, data: lora
Value into InfluxDB: 0.0
2025-04-21 11:13:19 [MQTT Call: JavaClientExample] INFO  com.example.mqtt.MessageData - Data sent to InfluxDBService: data/s/nhnacademy/b/gyeongnam_campus/p/class_a/d/24e124128c067999/sp/입구/n/입구/g/24e124fffef79304/e/lora -> 0.0
2025-04-21 11:13:19 [MQTT Call: JavaClientExample] INFO  com.example.mqtt.MessageData - Topic: data/s/nhnacademy/b/gyeongnam_campus/p/class_a/d/24e124128c067999/sp/입구/n/입구/g/24e124fffef5dccc/e/lora
Message Data:
time: 1745201597721
value: 

2025-04-21 11:13:19 [MQTT Call: JavaClientExample] INFO  com.example.mqtt.InfluxDBService - Extracted tagkey -> location: class_a, kind: 입구, data: lora
Value into InfluxDB: 0.0
2025-04-21 11:13:19 [MQTT Call: JavaClientExample] INFO  com.example.mqtt.MessageData - Data sent to InfluxDBService: data/s/nhnacademy/b/gyeongnam_campus/p/class_a/d/24e124128c067999/sp/입구/n/입구/g/24e124fffef5dccc/e/lora -> 0.0
2025-04-21 11:13:19 [MQTT Call: JavaClientExample] INFO  com.example.mqtt.MessageData - Topic: data/s/nhnacademy/b/gyeongnam_campus/p/hive/d/24e124785c389010/n/정수기 위/e/humidity
Message Data:
time: 1745201598882
value: 40.5

2025-04-21 11:13:19 [MQTT Call: JavaClientExample] INFO  com.example.mqtt.InfluxDBService - Extracted tagkey -> location: hive, kind: 정수기 위, data: humidity
Value into InfluxDB: 40.5
2025-04-21 11:13:19 [MQTT Call: JavaClientExample] INFO  com.example.mqtt.MessageData - Data sent to InfluxDBService: data/s/nhnacademy/b/gyeongnam_campus/p/hive/d/24e124785c389010/n/정수기 위/e/humidity -> 40.5
2025-04-21 11:13:19 [MQTT Call: JavaClientExample] INFO  com.example.mqtt.MessageData - Topic: data/s/nhnacademy/b/gyeongnam_campus/p/hive/d/24e124785c389010/n/정수기 위/e/battery
Message Data:
time: 1745201598882
value: 86

2025-04-21 11:13:19 [MQTT Call: JavaClientExample] INFO  com.example.mqtt.InfluxDBService - Extracted tagkey -> location: hive, kind: 정수기 위, data: battery
Value into InfluxDB: 86.0
2025-04-21 11:13:19 [MQTT Call: JavaClientExample] INFO  com.example.mqtt.MessageData - Data sent to InfluxDBService: data/s/nhnacademy/b/gyeongnam_campus/p/hive/d/24e124785c389010/n/정수기 위/e/battery -> 86.0
2025-04-21 11:13:19 [MQTT Call: JavaClientExample] INFO  com.example.mqtt.MessageData - Topic: data/s/nhnacademy/b/gyeongnam_campus/p/hive/d/24e124785c389010/n/정수기 위/e/temperature
Message Data:
time: 1745201598882
value: 25.3

2025-04-21 11:13:19 [MQTT Call: JavaClientExample] INFO  com.example.mqtt.InfluxDBService - Extracted tagkey -> location: hive, kind: 정수기 위, data: temperature
Value into InfluxDB: 25.3
2025-04-21 11:13:19 [MQTT Call: JavaClientExample] INFO  com.example.mqtt.MessageData - Data sent to InfluxDBService: data/s/nhnacademy/b/gyeongnam_campus/p/hive/d/24e124785c389010/n/정수기 위/e/temperature -> 25.3
2025-04-21 11:13:19 [MQTT Call: JavaClientExample] INFO  com.example.mqtt.MessageData - Topic: data/s/nhnacademy/b/gyeongnam_campus/p/hive/d/24e124785c389010/n/정수기 위/g/24e124fffef79304/e/lora
Message Data:
time: 1745201598882
value: 

2025-04-21 11:13:19 [MQTT Call: JavaClientExample] INFO  com.example.mqtt.InfluxDBService - Extracted tagkey -> location: hive, kind: 정수기 위, data: lora
Value into InfluxDB: 0.0
2025-04-21 11:13:19 [MQTT Call: JavaClientExample] INFO  com.example.mqtt.MessageData - Data sent to InfluxDBService: data/s/nhnacademy/b/gyeongnam_campus/p/hive/d/24e124785c389010/n/정수기 위/g/24e124fffef79304/e/lora -> 0.0
2025-04-21 11:13:19 [MQTT Call: JavaClientExample] INFO  com.example.mqtt.MessageData - Topic: data/s/nhnacademy/b/gyeongnam_campus/p/hive/d/24e124785c389010/n/정수기 위/g/24e124fffef5dccc/e/lora
Message Data:
time: 1745201598882
value: 

2025-04-21 11:13:19 [MQTT Call: JavaClientExample] INFO  com.example.mqtt.InfluxDBService - Extracted tagkey -> location: hive, kind: 정수기 위, data: lora
Value into InfluxDB: 0.0
2025-04-21 11:13:19 [MQTT Call: JavaClientExample] INFO  com.example.mqtt.MessageData - Data sent to InfluxDBService: data/s/nhnacademy/b/gyeongnam_campus/p/hive/d/24e124785c389010/n/정수기 위/g/24e124fffef5dccc/e/lora -> 0.0
2025-04-21 11:13:29 [MQTT Call: JavaClientExample] INFO  com.example.mqtt.MessageData - Topic: data/s/nhnacademy/b/gyeongnam_campus/p/server_room/d/24e124136d151368/n/입구/e/temperature
Message Data:
time: 1745201606390
value: 24.2

2025-04-21 11:13:29 [MQTT Call: JavaClientExample] INFO  com.example.mqtt.InfluxDBService - Extracted tagkey -> location: server_room, kind: 입구, data: temperature
Value into InfluxDB: 24.2
2025-04-21 11:13:29 [MQTT Call: JavaClientExample] INFO  com.example.mqtt.MessageData - Data sent to InfluxDBService: data/s/nhnacademy/b/gyeongnam_campus/p/server_room/d/24e124136d151368/n/입구/e/temperature -> 24.2
2025-04-21 11:13:29 [MQTT Call: JavaClientExample] INFO  com.example.mqtt.MessageData - Topic: data/s/nhnacademy/b/gyeongnam_campus/p/server_room/d/24e124136d151368/n/입구/e/humidity
Message Data:
time: 1745201606390
value: 46

2025-04-21 11:13:29 [MQTT Call: JavaClientExample] INFO  com.example.mqtt.InfluxDBService - Extracted tagkey -> location: server_room, kind: 입구, data: humidity
Value into InfluxDB: 46.0
2025-04-21 11:13:29 [MQTT Call: JavaClientExample] INFO  com.example.mqtt.MessageData - Data sent to InfluxDBService: data/s/nhnacademy/b/gyeongnam_campus/p/server_room/d/24e124136d151368/n/입구/e/humidity -> 46.0
2025-04-21 11:13:29 [MQTT Call: JavaClientExample] INFO  com.example.mqtt.MessageData - Topic: data/s/nhnacademy/b/gyeongnam_campus/p/server_room/d/24e124136d151368/n/입구/g/24e124fffef5dccc/e/lora
Message Data:
time: 1745201606390
value: 

2025-04-21 11:13:29 [MQTT Call: JavaClientExample] INFO  com.example.mqtt.InfluxDBService - Extracted tagkey -> location: server_room, kind: 입구, data: lora
Value into InfluxDB: 0.0
2025-04-21 11:13:29 [MQTT Call: JavaClientExample] INFO  com.example.mqtt.MessageData - Data sent to InfluxDBService: data/s/nhnacademy/b/gyeongnam_campus/p/server_room/d/24e124136d151368/n/입구/g/24e124fffef5dccc/e/lora -> 0.0
2025-04-21 11:13:29 [MQTT Call: JavaClientExample] INFO  com.example.mqtt.MessageData - Topic: data/s/nhnacademy/b/gyeongnam_campus/p/server_room/d/24e124136d151368/n/입구/g/24e124fffef79304/e/lora
Message Data:
time: 1745201606390
value: 

2025-04-21 11:13:29 [MQTT Call: JavaClientExample] INFO  com.example.mqtt.InfluxDBService - Extracted tagkey -> location: server_room, kind: 입구, data: lora
Value into InfluxDB: 0.0
2025-04-21 11:13:29 [MQTT Call: JavaClientExample] INFO  com.example.mqtt.MessageData - Data sent to InfluxDBService: data/s/nhnacademy/b/gyeongnam_campus/p/server_room/d/24e124136d151368/n/입구/g/24e124fffef79304/e/lora -> 0.0
2025-04-21 11:13:39 [MQTT Call: JavaClientExample] INFO  com.example.mqtt.MessageData - Topic: data/s/nhnacademy/b/gyeongnam_campus/p/hive/d/24e124126d111937/sp/farm/n/스마트팜/e/illumination
Message Data:
time: 1745201615837
value: 320

2025-04-21 11:13:39 [MQTT Call: JavaClientExample] INFO  com.example.mqtt.InfluxDBService - Extracted tagkey -> location: hive, kind: 스마트팜, data: illumination
Value into InfluxDB: 320.0
2025-04-21 11:13:39 [MQTT Call: JavaClientExample] INFO  com.example.mqtt.MessageData - Data sent to InfluxDBService: data/s/nhnacademy/b/gyeongnam_campus/p/hive/d/24e124126d111937/sp/farm/n/스마트팜/e/illumination -> 320.0
2025-04-21 11:13:39 [MQTT Call: JavaClientExample] INFO  com.example.mqtt.MessageData - Topic: data/s/nhnacademy/b/gyeongnam_campus/p/hive/d/24e124126d111937/sp/farm/n/스마트팜/g/24e124fffef79304/e/lora
Message Data:
time: 1745201615837
value: 

2025-04-21 11:13:39 [MQTT Call: JavaClientExample] INFO  com.example.mqtt.InfluxDBService - Extracted tagkey -> location: hive, kind: 스마트팜, data: lora
Value into InfluxDB: 0.0
2025-04-21 11:13:39 [MQTT Call: JavaClientExample] INFO  com.example.mqtt.MessageData - Data sent to InfluxDBService: data/s/nhnacademy/b/gyeongnam_campus/p/hive/d/24e124126d111937/sp/farm/n/스마트팜/g/24e124fffef79304/e/lora -> 0.0
2025-04-21 11:13:39 [MQTT Call: JavaClientExample] INFO  com.example.mqtt.MessageData - Topic: data/s/nhnacademy/b/gyeongnam_campus/p/hive/d/24e124126d111937/sp/farm/n/스마트팜/g/24e124fffef5dccc/e/lora
Message Data:
time: 1745201615837
value: 

2025-04-21 11:13:39 [MQTT Call: JavaClientExample] INFO  com.example.mqtt.InfluxDBService - Extracted tagkey -> location: hive, kind: 스마트팜, data: lora
Value into InfluxDB: 0.0
2025-04-21 11:13:39 [MQTT Call: JavaClientExample] INFO  com.example.mqtt.MessageData - Data sent to InfluxDBService: data/s/nhnacademy/b/gyeongnam_campus/p/hive/d/24e124126d111937/sp/farm/n/스마트팜/g/24e124fffef5dccc/e/lora -> 0.0
2025-04-21 11:13:46 [MQTT Call: JavaClientExample] INFO  com.example.mqtt.MessageData - Topic: data/s/nhnacademy/b/gyeongnam_campus/p/storage/d/24e124136d151547/n/입구/e/humidity
Message Data:
time: 1745201626428
value: 127.5

2025-04-21 11:13:46 [MQTT Call: JavaClientExample] INFO  com.example.mqtt.InfluxDBService - Extracted tagkey -> location: storage, kind: 입구, data: humidity
Value into InfluxDB: 127.5
2025-04-21 11:13:46 [MQTT Call: JavaClientExample] INFO  com.example.mqtt.MessageData - Data sent to InfluxDBService: data/s/nhnacademy/b/gyeongnam_campus/p/storage/d/24e124136d151547/n/입구/e/humidity -> 127.5
2025-04-21 11:13:46 [MQTT Call: JavaClientExample] INFO  com.example.mqtt.MessageData - Topic: data/s/nhnacademy/b/gyeongnam_campus/p/storage/d/24e124136d151547/n/입구/e/temperature
Message Data:
time: 1745201626428
value: -0.1

2025-04-21 11:13:46 [MQTT Call: JavaClientExample] INFO  com.example.mqtt.InfluxDBService - Extracted tagkey -> location: storage, kind: 입구, data: temperature
Value into InfluxDB: -0.1
2025-04-21 11:13:46 [MQTT Call: JavaClientExample] INFO  com.example.mqtt.MessageData - Data sent to InfluxDBService: data/s/nhnacademy/b/gyeongnam_campus/p/storage/d/24e124136d151547/n/입구/e/temperature -> -0.1
2025-04-21 11:13:46 [MQTT Call: JavaClientExample] INFO  com.example.mqtt.MessageData - Topic: data/s/nhnacademy/b/gyeongnam_campus/p/storage/d/24e124136d151547/n/입구/e/battery
Message Data:
time: 1745201626428
value: 1

2025-04-21 11:13:46 [MQTT Call: JavaClientExample] INFO  com.example.mqtt.InfluxDBService - Extracted tagkey -> location: storage, kind: 입구, data: battery
Value into InfluxDB: 1.0
2025-04-21 11:13:46 [MQTT Call: JavaClientExample] INFO  com.example.mqtt.MessageData - Data sent to InfluxDBService: data/s/nhnacademy/b/gyeongnam_campus/p/storage/d/24e124136d151547/n/입구/e/battery -> 1.0
2025-04-21 11:13:46 [MQTT Call: JavaClientExample] INFO  com.example.mqtt.MessageData - Topic: data/s/nhnacademy/b/gyeongnam_campus/p/storage/d/24e124136d151547/n/입구/g/24e124fffef79304/e/lora
Message Data:
time: 1745201626428
value: 

2025-04-21 11:13:46 [MQTT Call: JavaClientExample] INFO  com.example.mqtt.InfluxDBService - Extracted tagkey -> location: storage, kind: 입구, data: lora
Value into InfluxDB: 0.0
2025-04-21 11:13:46 [MQTT Call: JavaClientExample] INFO  com.example.mqtt.MessageData - Data sent to InfluxDBService: data/s/nhnacademy/b/gyeongnam_campus/p/storage/d/24e124136d151547/n/입구/g/24e124fffef79304/e/lora -> 0.0
2025-04-21 11:13:46 [MQTT Call: JavaClientExample] INFO  com.example.mqtt.MessageData - Topic: data/s/nhnacademy/b/gyeongnam_campus/p/storage/d/24e124136d151547/n/입구/g/24e124fffef5dccc/e/lora
Message Data:
time: 1745201626428
value: 

2025-04-21 11:13:46 [MQTT Call: JavaClientExample] INFO  com.example.mqtt.InfluxDBService - Extracted tagkey -> location: storage, kind: 입구, data: lora
Value into InfluxDB: 0.0
2025-04-21 11:13:46 [MQTT Call: JavaClientExample] INFO  com.example.mqtt.MessageData - Data sent to InfluxDBService: data/s/nhnacademy/b/gyeongnam_campus/p/storage/d/24e124136d151547/n/입구/g/24e124fffef5dccc/e/lora -> 0.0
2025-04-21 11:13:46 [MQTT Call: JavaClientExample] INFO  com.example.mqtt.MessageData - Topic: data/s/nhnacademy/b/gyeongnam_campus/p/campus/d/gem3500_1/n/캠퍼스_LL/e/voltage
Message Data:
time: 1745201626833
value: 380.51

2025-04-21 11:13:46 [MQTT Call: JavaClientExample] INFO  com.example.mqtt.InfluxDBService - Extracted tagkey -> location: campus, kind: 캠퍼스_LL, data: voltage
Value into InfluxDB: 380.51
2025-04-21 11:13:46 [MQTT Call: JavaClientExample] INFO  com.example.mqtt.MessageData - Data sent to InfluxDBService: data/s/nhnacademy/b/gyeongnam_campus/p/campus/d/gem3500_1/n/캠퍼스_LL/e/voltage -> 380.51
2025-04-21 11:13:46 [MQTT Call: JavaClientExample] INFO  com.example.mqtt.MessageData - Topic: data/s/nhnacademy/b/gyeongnam_campus/p/campus/d/gem3500_1/n/캠퍼스_LN/e/voltage
Message Data:
time: 1745201626833
value: 219.69

2025-04-21 11:13:46 [MQTT Call: JavaClientExample] INFO  com.example.mqtt.InfluxDBService - Extracted tagkey -> location: campus, kind: 캠퍼스_LN, data: voltage
Value into InfluxDB: 219.69
2025-04-21 11:13:46 [MQTT Call: JavaClientExample] INFO  com.example.mqtt.MessageData - Data sent to InfluxDBService: data/s/nhnacademy/b/gyeongnam_campus/p/campus/d/gem3500_1/n/캠퍼스_LN/e/voltage -> 219.69
2025-04-21 11:13:46 [MQTT Call: JavaClientExample] INFO  com.example.mqtt.MessageData - Topic: data/s/nhnacademy/b/gyeongnam_campus/p/campus/d/gem3500_1/n/캠퍼스1/e/power_meter
Message Data:
time: 1745201626936
type: 5
leakageCurrent: 0
current: 2678
activePower: 4955
reactivePower: -1845
tapparentPower: 5905
powerFactor: 83.9
currentUnbalance: 54.14
lines: 

2025-04-21 11:13:46 [MQTT Call: JavaClientExample] WARN  com.example.mqtt.MessageData - No 'value' field found in message, skipping InfluxDB write.
2025-04-21 11:13:47 [MQTT Call: JavaClientExample] INFO  com.example.mqtt.MessageData - Topic: data/s/nhnacademy/b/gyeongnam_campus/p/campus/d/gem3500_1/n/전등1/e/power_meter
Message Data:
time: 1745201627036
type: 3
leakageCurrent: 0
current: 699
activePower: 1307
reactivePower: -326
tapparentPower: 1535
powerFactor: 85.15
currentUnbalance: 0
lines: 

2025-04-21 11:13:47 [MQTT Call: JavaClientExample] WARN  com.example.mqtt.MessageData - No 'value' field found in message, skipping InfluxDB write.
2025-04-21 11:13:47 [MQTT Call: JavaClientExample] INFO  com.example.mqtt.MessageData - Topic: data/s/nhnacademy/b/gyeongnam_campus/p/campus/d/gem3500_1/n/전등2/e/power_meter
Message Data:
time: 1745201627138
type: 1
leakageCurrent: 0
current: 569
activePower: 1137
reactivePower: -285
tapparentPower: 1255
powerFactor: 90.63
currentUnbalance: 0
lines: 

2025-04-21 11:13:47 [MQTT Call: JavaClientExample] WARN  com.example.mqtt.MessageData - No 'value' field found in message, skipping InfluxDB write.
2025-04-21 11:13:47 [MQTT Call: JavaClientExample] INFO  com.example.mqtt.MessageData - Topic: data/s/nhnacademy/b/gyeongnam_campus/p/campus/d/gem3500_1/n/전등3/e/power_meter
Message Data:
time: 1745201627239
type: 2
leakageCurrent: 0
current: 0
activePower: 0
reactivePower: 0
tapparentPower: 0
powerFactor: 0
currentUnbalance: 0
lines: 

2025-04-21 11:13:47 [MQTT Call: JavaClientExample] WARN  com.example.mqtt.MessageData - No 'value' field found in message, skipping InfluxDB write.
2025-04-21 11:13:47 [MQTT Call: JavaClientExample] INFO  com.example.mqtt.MessageData - Topic: data/s/nhnacademy/b/gyeongnam_campus/p/campus/d/gem3500_1/n/강의실b_바닥/e/power_meter
Message Data:
time: 1745201627342
type: 3
leakageCurrent: 0
current: 223
activePower: 391
reactivePower: -242
tapparentPower: 511
powerFactor: 76.52
currentUnbalance: 0
lines: 

2025-04-21 11:13:47 [MQTT Call: JavaClientExample] WARN  com.example.mqtt.MessageData - No 'value' field found in message, skipping InfluxDB write.
2025-04-21 11:13:47 [MQTT Call: JavaClientExample] INFO  com.example.mqtt.MessageData - Topic: data/s/nhnacademy/b/gyeongnam_campus/p/campus/d/gem3500_1/n/강의실a_바닥1/e/power_meter
Message Data:
time: 1745201627443
type: 1
leakageCurrent: 0
current: 323
activePower: 547
reactivePower: -371
tapparentPower: 715
powerFactor: 76.51
currentUnbalance: 0
lines: 

2025-04-21 11:13:47 [MQTT Call: JavaClientExample] WARN  com.example.mqtt.MessageData - No 'value' field found in message, skipping InfluxDB write.
2025-04-21 11:13:47 [MQTT Call: JavaClientExample] INFO  com.example.mqtt.MessageData - Topic: data/s/nhnacademy/b/gyeongnam_campus/p/campus/d/gem3500_1/n/강의실a_바닥2/e/power_meter
Message Data:
time: 1745201627544
type: 2
leakageCurrent: 0
current: 173
activePower: 307
reactivePower: -182
tapparentPower: 383
powerFactor: 80
currentUnbalance: 0
lines: 

2025-04-21 11:13:47 [MQTT Call: JavaClientExample] WARN  com.example.mqtt.MessageData - No 'value' field found in message, skipping InfluxDB write.
2025-04-21 11:13:47 [MQTT Call: JavaClientExample] INFO  com.example.mqtt.MessageData - Topic: data/s/nhnacademy/b/gyeongnam_campus/p/campus/d/gem3500_1/n/프로젝터1/e/power_meter
Message Data:
time: 1745201627644
type: 3
leakageCurrent: 0
current: 94
activePower: 122
reactivePower: -146
tapparentPower: 203
powerFactor: 60
currentUnbalance: 0
lines: 

2025-04-21 11:13:47 [MQTT Call: JavaClientExample] WARN  com.example.mqtt.MessageData - No 'value' field found in message, skipping InfluxDB write.
2025-04-21 11:13:47 [MQTT Call: JavaClientExample] INFO  com.example.mqtt.MessageData - Topic: data/s/nhnacademy/b/gyeongnam_campus/p/campus/d/gem3500_1/n/프로젝터2/e/power_meter
Message Data:
time: 1745201627746
type: 1
leakageCurrent: 0
current: 39
activePower: 45
reactivePower: -69
tapparentPower: 86
powerFactor: 52.77
currentUnbalance: 0
lines: 

2025-04-21 11:13:47 [MQTT Call: JavaClientExample] WARN  com.example.mqtt.MessageData - No 'value' field found in message, skipping InfluxDB write.
2025-04-21 11:13:47 [MQTT Call: JavaClientExample] INFO  com.example.mqtt.MessageData - Topic: data/s/nhnacademy/b/gyeongnam_campus/p/campus/d/gem3500_1/n/회의실/e/power_meter
Message Data:
time: 1745201627846
type: 2
leakageCurrent: 0
current: 14
activePower: 4
reactivePower: -28
tapparentPower: 31
powerFactor: 15.38
currentUnbalance: 0
lines: 

2025-04-21 11:13:47 [MQTT Call: JavaClientExample] WARN  com.example.mqtt.MessageData - No 'value' field found in message, skipping InfluxDB write.
2025-04-21 11:13:47 [MQTT Call: JavaClientExample] INFO  com.example.mqtt.MessageData - Topic: data/s/nhnacademy/b/gyeongnam_campus/p/campus/d/gem3500_1/n/서버실/e/power_meter
Message Data:
time: 1745201627948
type: 3
leakageCurrent: 0
current: 197
activePower: 388
reactivePower: -110
tapparentPower: 436
powerFactor: 89.01
currentUnbalance: 0
lines: 

2025-04-21 11:13:47 [MQTT Call: JavaClientExample] WARN  com.example.mqtt.MessageData - No 'value' field found in message, skipping InfluxDB write.
2025-04-21 11:13:48 [MQTT Call: JavaClientExample] INFO  com.example.mqtt.MessageData - Topic: data/s/nhnacademy/b/gyeongnam_campus/p/campus/d/gem3500_1/n/간판/e/power_meter
Message Data:
time: 1745201628049
type: 1
leakageCurrent: 0
current: 0
activePower: 0
reactivePower: 0
tapparentPower: 0
powerFactor: 0
currentUnbalance: 0
lines: 

2025-04-21 11:13:48 [MQTT Call: JavaClientExample] WARN  com.example.mqtt.MessageData - No 'value' field found in message, skipping InfluxDB write.
2025-04-21 11:13:48 [MQTT Call: JavaClientExample] INFO  com.example.mqtt.MessageData - Topic: data/s/nhnacademy/b/gyeongnam_campus/p/class_a/d/24e124126d152969/n/왼쪽 뒤/e/co2
Message Data:
time: 1745201627835
value: 958

2025-04-21 11:13:48 [MQTT Call: JavaClientExample] INFO  com.example.mqtt.InfluxDBService - Extracted tagkey -> location: class_a, kind: 왼쪽 뒤, data: co2
Value into InfluxDB: 958.0
2025-04-21 11:13:48 [MQTT Call: JavaClientExample] INFO  com.example.mqtt.MessageData - Data sent to InfluxDBService: data/s/nhnacademy/b/gyeongnam_campus/p/class_a/d/24e124126d152969/n/왼쪽 뒤/e/co2 -> 958.0
2025-04-21 11:13:48 [MQTT Call: JavaClientExample] INFO  com.example.mqtt.MessageData - Topic: data/s/nhnacademy/b/gyeongnam_campus/p/class_a/d/24e124126d152969/n/왼쪽 뒤/e/pressure
Message Data:
time: 1745201627835
value: 1016.8

2025-04-21 11:13:48 [MQTT Call: JavaClientExample] INFO  com.example.mqtt.InfluxDBService - Extracted tagkey -> location: class_a, kind: 왼쪽 뒤, data: pressure
Value into InfluxDB: 1016.8
2025-04-21 11:13:48 [MQTT Call: JavaClientExample] INFO  com.example.mqtt.MessageData - Data sent to InfluxDBService: data/s/nhnacademy/b/gyeongnam_campus/p/class_a/d/24e124126d152969/n/왼쪽 뒤/e/pressure -> 1016.8
2025-04-21 11:13:48 [MQTT Call: JavaClientExample] INFO  com.example.mqtt.MessageData - Topic: data/s/nhnacademy/b/gyeongnam_campus/p/class_a/d/24e124126d152969/n/왼쪽 뒤/e/temperature
Message Data:
time: 1745201627835
value: 23

2025-04-21 11:13:48 [MQTT Call: JavaClientExample] INFO  com.example.mqtt.InfluxDBService - Extracted tagkey -> location: class_a, kind: 왼쪽 뒤, data: temperature
Value into InfluxDB: 23.0
2025-04-21 11:13:48 [MQTT Call: JavaClientExample] INFO  com.example.mqtt.MessageData - Data sent to InfluxDBService: data/s/nhnacademy/b/gyeongnam_campus/p/class_a/d/24e124126d152969/n/왼쪽 뒤/e/temperature -> 23.0
2025-04-21 11:13:48 [MQTT Call: JavaClientExample] INFO  com.example.mqtt.MessageData - Topic: data/s/nhnacademy/b/gyeongnam_campus/p/class_a/d/24e124126d152969/n/왼쪽 뒤/e/humidity
Message Data:
time: 1745201627835
value: 51

2025-04-21 11:13:48 [MQTT Call: JavaClientExample] INFO  com.example.mqtt.InfluxDBService - Extracted tagkey -> location: class_a, kind: 왼쪽 뒤, data: humidity
Value into InfluxDB: 51.0
2025-04-21 11:13:48 [MQTT Call: JavaClientExample] INFO  com.example.mqtt.MessageData - Data sent to InfluxDBService: data/s/nhnacademy/b/gyeongnam_campus/p/class_a/d/24e124126d152969/n/왼쪽 뒤/e/humidity -> 51.0
2025-04-21 11:13:48 [MQTT Call: JavaClientExample] INFO  com.example.mqtt.MessageData - Topic: data/s/nhnacademy/b/gyeongnam_campus/p/class_a/d/24e124126d152969/n/왼쪽 뒤/g/24e124fffef5dccc/e/lora
Message Data:
time: 1745201627835
value: 

2025-04-21 11:13:48 [MQTT Call: JavaClientExample] INFO  com.example.mqtt.InfluxDBService - Extracted tagkey -> location: class_a, kind: 왼쪽 뒤, data: lora
Value into InfluxDB: 0.0
2025-04-21 11:13:48 [MQTT Call: JavaClientExample] INFO  com.example.mqtt.MessageData - Data sent to InfluxDBService: data/s/nhnacademy/b/gyeongnam_campus/p/class_a/d/24e124126d152969/n/왼쪽 뒤/g/24e124fffef5dccc/e/lora -> 0.0
2025-04-21 11:13:48 [MQTT Call: JavaClientExample] INFO  com.example.mqtt.MessageData - Topic: data/s/nhnacademy/b/gyeongnam_campus/p/class_a/d/24e124126d152969/n/왼쪽 뒤/g/24e124fffef79304/e/lora
Message Data:
time: 1745201627835
value: 

2025-04-21 11:13:48 [MQTT Call: JavaClientExample] INFO  com.example.mqtt.InfluxDBService - Extracted tagkey -> location: class_a, kind: 왼쪽 뒤, data: lora
Value into InfluxDB: 0.0
2025-04-21 11:13:48 [MQTT Call: JavaClientExample] INFO  com.example.mqtt.MessageData - Data sent to InfluxDBService: data/s/nhnacademy/b/gyeongnam_campus/p/class_a/d/24e124126d152969/n/왼쪽 뒤/g/24e124fffef79304/e/lora -> 0.0
2025-04-21 11:13:48 [MQTT Call: JavaClientExample] INFO  com.example.mqtt.MessageData - Topic: data/s/nhnacademy/b/gyeongnam_campus/p/campus/d/gem3500_1/n/페어룸/e/power_meter
Message Data:
time: 1745201628154
type: 2
leakageCurrent: 0
current: 0
activePower: 0
reactivePower: 0
tapparentPower: 0
powerFactor: 0
currentUnbalance: 0
lines: 

2025-04-21 11:13:48 [MQTT Call: JavaClientExample] WARN  com.example.mqtt.MessageData - No 'value' field found in message, skipping InfluxDB write.
2025-04-21 11:13:48 [MQTT Call: JavaClientExample] INFO  com.example.mqtt.MessageData - Topic: data/s/nhnacademy/b/gyeongnam_campus/p/campus/d/gem3500_1/n/사무실_전열1/e/power_meter
Message Data:
time: 1745201628253
type: 3
leakageCurrent: 0
current: 82
activePower: 100
reactivePower: -55
tapparentPower: 179
powerFactor: 56
currentUnbalance: 0
lines: 

2025-04-21 11:13:48 [MQTT Call: JavaClientExample] WARN  com.example.mqtt.MessageData - No 'value' field found in message, skipping InfluxDB write.
2025-04-21 11:13:48 [MQTT Call: JavaClientExample] INFO  com.example.mqtt.MessageData - Topic: data/s/nhnacademy/b/gyeongnam_campus/p/campus/d/gem3500_1/n/사무실_전열2/e/power_meter
Message Data:
time: 1745201628353
type: 3
leakageCurrent: 0
current: 94
activePower: 98
reactivePower: -57
tapparentPower: 208
powerFactor: 47.12
currentUnbalance: 0
lines: 

2025-04-21 11:13:48 [MQTT Call: JavaClientExample] WARN  com.example.mqtt.MessageData - No 'value' field found in message, skipping InfluxDB write.
2025-04-21 11:13:48 [MQTT Call: JavaClientExample] INFO  com.example.mqtt.MessageData - Topic: data/s/nhnacademy/b/gyeongnam_campus/p/campus/d/gem3500_1/n/사무실_복사기/e/power_meter
Message Data:
time: 1745201628454
type: 1
leakageCurrent: 0
current: 92
activePower: 129
reactivePower: 155
tapparentPower: 203
powerFactor: 63.52
currentUnbalance: 0
lines: 

2025-04-21 11:13:48 [MQTT Call: JavaClientExample] WARN  com.example.mqtt.MessageData - No 'value' field found in message, skipping InfluxDB write.
2025-04-21 11:13:48 [MQTT Call: JavaClientExample] INFO  com.example.mqtt.MessageData - Topic: data/s/nhnacademy/b/gyeongnam_campus/p/campus/d/gem3500_1/n/빌트인_전열/e/power_meter
Message Data:
time: 1745201628555
type: 2
leakageCurrent: 0
current: 5
activePower: 4
reactivePower: -7
tapparentPower: 11
powerFactor: 39.99
currentUnbalance: 0
lines: 

2025-04-21 11:13:48 [MQTT Call: JavaClientExample] WARN  com.example.mqtt.MessageData - No 'value' field found in message, skipping InfluxDB write.
2025-04-21 11:13:48 [MQTT Call: JavaClientExample] INFO  com.example.mqtt.MessageData - Topic: data/s/nhnacademy/b/gyeongnam_campus/p/campus/d/gem3500_1/n/사무실_전열3/e/power_meter
Message Data:
time: 1745201628656
type: 3
leakageCurrent: 0
current: 0
activePower: 0
reactivePower: 0
tapparentPower: 0
powerFactor: 0
currentUnbalance: 0
lines: 

2025-04-21 11:13:48 [MQTT Call: JavaClientExample] WARN  com.example.mqtt.MessageData - No 'value' field found in message, skipping InfluxDB write.
2025-04-21 11:13:49 [MQTT Call: JavaClientExample] INFO  com.example.mqtt.MessageData - Topic: data/s/nhnacademy/b/gyeongnam_campus/p/campus/d/gem3500_1/n/정수기/e/power_meter
Message Data:
time: 1745201628758
type: 1
leakageCurrent: 0
current: 7
activePower: 2
reactivePower: -14
tapparentPower: 16
powerFactor: 14.28
currentUnbalance: 0
lines: 

2025-04-21 11:13:49 [MQTT Call: JavaClientExample] WARN  com.example.mqtt.MessageData - No 'value' field found in message, skipping InfluxDB write.
2025-04-21 11:13:49 [MQTT Call: JavaClientExample] INFO  com.example.mqtt.MessageData - Topic: data/s/nhnacademy/b/gyeongnam_campus/p/campus/d/gem3500_1/n/하이브_전열/e/power_meter
Message Data:
time: 1745201628859
type: 2
leakageCurrent: 0
current: 63
activePower: 122
reactivePower: -45
tapparentPower: 139
powerFactor: 87.93
currentUnbalance: 0
lines: 

2025-04-21 11:13:49 [MQTT Call: JavaClientExample] WARN  com.example.mqtt.MessageData - No 'value' field found in message, skipping InfluxDB write.
2025-04-21 11:13:49 [MQTT Call: JavaClientExample] INFO  com.example.mqtt.MessageData - Topic: data/s/nhnacademy/b/gyeongnam_campus/p/campus/d/gem3500_1/n/바텐_전열/e/power_meter
Message Data:
time: 1745201628960
type: 3
leakageCurrent: 0
current: 0
activePower: 0
reactivePower: 0
tapparentPower: 0
powerFactor: 0
currentUnbalance: 0
lines: 

2025-04-21 11:13:49 [MQTT Call: JavaClientExample] WARN  com.example.mqtt.MessageData - No 'value' field found in message, skipping InfluxDB write.
2025-04-21 11:13:49 [MQTT Call: JavaClientExample] INFO  com.example.mqtt.MessageData - Topic: data/s/nhnacademy/b/gyeongnam_campus/p/campus/d/gem3500_1/n/S_P/e/power_meter
Message Data:
time: 1745201629062
type: 1
leakageCurrent: 0
current: 0
activePower: 0
reactivePower: 0
tapparentPower: 0
powerFactor: 0
currentUnbalance: 0
lines: 

2025-04-21 11:13:49 [MQTT Call: JavaClientExample] WARN  com.example.mqtt.MessageData - No 'value' field found in message, skipping InfluxDB write.
2025-04-21 11:13:49 [MQTT Call: JavaClientExample] INFO  com.example.mqtt.MessageData - Topic: data/s/nhnacademy/b/gyeongnam_campus/p/campus/d/gem3500_1/n/공조기/e/power_meter
Message Data:
time: 1745201629161
type: 2
leakageCurrent: 0
current: 201
activePower: 225
reactivePower: -24
tapparentPower: 441
powerFactor: 51.08
currentUnbalance: 0
lines: 

2025-04-21 11:13:49 [MQTT Call: JavaClientExample] WARN  com.example.mqtt.MessageData - No 'value' field found in message, skipping InfluxDB write.
2025-04-21 11:13:49 [MQTT Call: JavaClientExample] INFO  com.example.mqtt.MessageData - Topic: data/s/nhnacademy/b/gyeongnam_campus/p/campus/d/gem3500_1/n/AC/e/power_meter
Message Data:
time: 1745201629263
type: 3
leakageCurrent: 0
current: 16
activePower: 11
reactivePower: -24
tapparentPower: 36
powerFactor: 33.33
currentUnbalance: 0
lines: 

2025-04-21 11:13:49 [MQTT Call: JavaClientExample] WARN  com.example.mqtt.MessageData - No 'value' field found in message, skipping InfluxDB write.
2025-04-21 11:13:55 [MQTT Call: JavaClientExample] INFO  com.example.mqtt.MessageData - Topic: data/s/nhnacademy/b/gyeongnam_campus/p/pair_room/d/24e124617d159573/n/2/e/distance
Message Data:
time: 1745201634563
value: 2234

2025-04-21 11:13:55 [MQTT Call: JavaClientExample] INFO  com.example.mqtt.InfluxDBService - Extracted tagkey -> location: pair_room, kind: 2, data: distance
Value into InfluxDB: 2234.0
2025-04-21 11:13:55 [MQTT Call: JavaClientExample] INFO  com.example.mqtt.MessageData - Data sent to InfluxDBService: data/s/nhnacademy/b/gyeongnam_campus/p/pair_room/d/24e124617d159573/n/2/e/distance -> 2234.0
2025-04-21 11:13:55 [MQTT Call: JavaClientExample] INFO  com.example.mqtt.MessageData - Topic: data/s/nhnacademy/b/gyeongnam_campus/p/pair_room/d/24e124617d159573/n/2/e/occupancy
Message Data:
time: 1745201634563
value: 0

2025-04-21 11:13:55 [MQTT Call: JavaClientExample] INFO  com.example.mqtt.InfluxDBService - Extracted tagkey -> location: pair_room, kind: 2, data: occupancy
Value into InfluxDB: 0.0
2025-04-21 11:13:55 [MQTT Call: JavaClientExample] INFO  com.example.mqtt.MessageData - Data sent to InfluxDBService: data/s/nhnacademy/b/gyeongnam_campus/p/pair_room/d/24e124617d159573/n/2/e/occupancy -> 0.0
2025-04-21 11:13:55 [MQTT Call: JavaClientExample] INFO  com.example.mqtt.MessageData - Topic: data/s/nhnacademy/b/gyeongnam_campus/p/pair_room/d/24e124617d159573/n/2/e/battery
Message Data:
time: 1745201634563
value: 33

2025-04-21 11:13:55 [MQTT Call: JavaClientExample] INFO  com.example.mqtt.InfluxDBService - Extracted tagkey -> location: pair_room, kind: 2, data: battery
Value into InfluxDB: 33.0
2025-04-21 11:13:55 [MQTT Call: JavaClientExample] INFO  com.example.mqtt.MessageData - Data sent to InfluxDBService: data/s/nhnacademy/b/gyeongnam_campus/p/pair_room/d/24e124617d159573/n/2/e/battery -> 33.0
2025-04-21 11:13:55 [MQTT Call: JavaClientExample] INFO  com.example.mqtt.MessageData - Topic: data/s/nhnacademy/b/gyeongnam_campus/p/pair_room/d/24e124617d159573/n/2/g/24e124fffef79304/e/lora
Message Data:
time: 1745201634563
value: 

2025-04-21 11:13:55 [MQTT Call: JavaClientExample] INFO  com.example.mqtt.InfluxDBService - Extracted tagkey -> location: pair_room, kind: 2, data: lora
Value into InfluxDB: 0.0
2025-04-21 11:13:55 [MQTT Call: JavaClientExample] INFO  com.example.mqtt.MessageData - Data sent to InfluxDBService: data/s/nhnacademy/b/gyeongnam_campus/p/pair_room/d/24e124617d159573/n/2/g/24e124fffef79304/e/lora -> 0.0
2025-04-21 11:13:55 [MQTT Call: JavaClientExample] INFO  com.example.mqtt.MessageData - Topic: data/s/nhnacademy/b/gyeongnam_campus/p/pair_room/d/24e124617d159573/n/2/g/24e124fffef5dccc/e/lora
Message Data:
time: 1745201634563
value: 

2025-04-21 11:13:55 [MQTT Call: JavaClientExample] INFO  com.example.mqtt.InfluxDBService - Extracted tagkey -> location: pair_room, kind: 2, data: lora
Value into InfluxDB: 0.0
2025-04-21 11:13:55 [MQTT Call: JavaClientExample] INFO  com.example.mqtt.MessageData - Data sent to InfluxDBService: data/s/nhnacademy/b/gyeongnam_campus/p/pair_room/d/24e124617d159573/n/2/g/24e124fffef5dccc/e/lora -> 0.0
2025-04-21 11:14:02 [MQTT Call: JavaClientExample] INFO  com.example.mqtt.MessageData - Topic: data/s/nhnacademy/b/gyeongnam_campus/p/hive/d/24e124126c452091/sp/farm/n/스마트팜/e/temperature
Message Data:
time: 1745201641583
value: 24.5

2025-04-21 11:14:02 [MQTT Call: JavaClientExample] INFO  com.example.mqtt.InfluxDBService - Extracted tagkey -> location: hive, kind: 스마트팜, data: temperature
Value into InfluxDB: 24.5
2025-04-21 11:14:02 [MQTT Call: JavaClientExample] INFO  com.example.mqtt.MessageData - Data sent to InfluxDBService: data/s/nhnacademy/b/gyeongnam_campus/p/hive/d/24e124126c452091/sp/farm/n/스마트팜/e/temperature -> 24.5
2025-04-21 11:14:02 [MQTT Call: JavaClientExample] INFO  com.example.mqtt.MessageData - Topic: data/s/nhnacademy/b/gyeongnam_campus/p/hive/d/24e124126c452091/sp/farm/n/스마트팜/g/24e124fffef79304/e/lora
Message Data:
time: 1745201641583
value: 

2025-04-21 11:14:02 [MQTT Call: JavaClientExample] INFO  com.example.mqtt.InfluxDBService - Extracted tagkey -> location: hive, kind: 스마트팜, data: lora
Value into InfluxDB: 0.0
2025-04-21 11:14:02 [MQTT Call: JavaClientExample] INFO  com.example.mqtt.MessageData - Data sent to InfluxDBService: data/s/nhnacademy/b/gyeongnam_campus/p/hive/d/24e124126c452091/sp/farm/n/스마트팜/g/24e124fffef79304/e/lora -> 0.0
2025-04-21 11:14:02 [MQTT Call: JavaClientExample] INFO  com.example.mqtt.MessageData - Topic: data/s/nhnacademy/b/gyeongnam_campus/p/hive/d/24e124126c452091/sp/farm/n/스마트팜/g/24e124fffef5dccc/e/lora
Message Data:
time: 1745201641583
value: 

2025-04-21 11:14:02 [MQTT Call: JavaClientExample] INFO  com.example.mqtt.InfluxDBService - Extracted tagkey -> location: hive, kind: 스마트팜, data: lora
Value into InfluxDB: 0.0
2025-04-21 11:14:02 [MQTT Call: JavaClientExample] INFO  com.example.mqtt.MessageData - Data sent to InfluxDBService: data/s/nhnacademy/b/gyeongnam_campus/p/hive/d/24e124126c452091/sp/farm/n/스마트팜/g/24e124fffef5dccc/e/lora -> 0.0
2025-04-21 11:14:08 [MQTT Call: JavaClientExample] INFO  com.example.mqtt.MessageData - Topic: data/s/nhnacademy/b/gyeongnam_campus/p/office/d/24e124126d152919/n/보드/e/humidity
Message Data:
time: 1745201647557
value: 47.5

2025-04-21 11:14:08 [MQTT Call: JavaClientExample] INFO  com.example.mqtt.InfluxDBService - Extracted tagkey -> location: office, kind: 보드, data: humidity
Value into InfluxDB: 47.5
2025-04-21 11:14:08 [MQTT Call: JavaClientExample] INFO  com.example.mqtt.MessageData - Data sent to InfluxDBService: data/s/nhnacademy/b/gyeongnam_campus/p/office/d/24e124126d152919/n/보드/e/humidity -> 47.5
2025-04-21 11:14:08 [MQTT Call: JavaClientExample] INFO  com.example.mqtt.MessageData - Topic: data/s/nhnacademy/b/gyeongnam_campus/p/office/d/24e124126d152919/n/보드/e/co2
Message Data:
time: 1745201647557
value: 712

2025-04-21 11:14:08 [MQTT Call: JavaClientExample] INFO  com.example.mqtt.InfluxDBService - Extracted tagkey -> location: office, kind: 보드, data: co2
Value into InfluxDB: 712.0
2025-04-21 11:14:08 [MQTT Call: JavaClientExample] INFO  com.example.mqtt.MessageData - Data sent to InfluxDBService: data/s/nhnacademy/b/gyeongnam_campus/p/office/d/24e124126d152919/n/보드/e/co2 -> 712.0
2025-04-21 11:14:08 [MQTT Call: JavaClientExample] INFO  com.example.mqtt.MessageData - Topic: data/s/nhnacademy/b/gyeongnam_campus/p/office/d/24e124126d152919/n/보드/e/temperature
Message Data:
time: 1745201647557
value: 23.6

2025-04-21 11:14:08 [MQTT Call: JavaClientExample] INFO  com.example.mqtt.InfluxDBService - Extracted tagkey -> location: office, kind: 보드, data: temperature
Value into InfluxDB: 23.6
2025-04-21 11:14:08 [MQTT Call: JavaClientExample] INFO  com.example.mqtt.MessageData - Data sent to InfluxDBService: data/s/nhnacademy/b/gyeongnam_campus/p/office/d/24e124126d152919/n/보드/e/temperature -> 23.6
2025-04-21 11:14:08 [MQTT Call: JavaClientExample] INFO  com.example.mqtt.MessageData - Topic: data/s/nhnacademy/b/gyeongnam_campus/p/office/d/24e124126d152919/n/보드/e/pressure
Message Data:
time: 1745201647557
value: 1016.7

2025-04-21 11:14:08 [MQTT Call: JavaClientExample] INFO  com.example.mqtt.InfluxDBService - Extracted tagkey -> location: office, kind: 보드, data: pressure
Value into InfluxDB: 1016.7
2025-04-21 11:14:08 [MQTT Call: JavaClientExample] INFO  com.example.mqtt.MessageData - Data sent to InfluxDBService: data/s/nhnacademy/b/gyeongnam_campus/p/office/d/24e124126d152919/n/보드/e/pressure -> 1016.7
2025-04-21 11:14:08 [MQTT Call: JavaClientExample] INFO  com.example.mqtt.MessageData - Topic: data/s/nhnacademy/b/gyeongnam_campus/p/office/d/24e124126d152919/n/보드/g/24e124fffef79304/e/lora
Message Data:
time: 1745201647557
value: 

2025-04-21 11:14:08 [MQTT Call: JavaClientExample] INFO  com.example.mqtt.InfluxDBService - Extracted tagkey -> location: office, kind: 보드, data: lora
Value into InfluxDB: 0.0
2025-04-21 11:14:08 [MQTT Call: JavaClientExample] INFO  com.example.mqtt.MessageData - Data sent to InfluxDBService: data/s/nhnacademy/b/gyeongnam_campus/p/office/d/24e124126d152919/n/보드/g/24e124fffef79304/e/lora -> 0.0
2025-04-21 11:14:16 [MQTT Call: JavaClientExample] INFO  com.example.mqtt.MessageData - Topic: data/s/nhnacademy/b/gyeongnam_campus/p/hive/d/24e124725d081175/sp/8인 책상/n/8인 책상/e/co2
Message Data:
time: 1745201656170
value: 627

2025-04-21 11:14:16 [MQTT Call: JavaClientExample] INFO  com.example.mqtt.InfluxDBService - Extracted tagkey -> location: hive, kind: 8인 책상, data: co2
Value into InfluxDB: 627.0
2025-04-21 11:14:16 [MQTT Call: JavaClientExample] INFO  com.example.mqtt.MessageData - Data sent to InfluxDBService: data/s/nhnacademy/b/gyeongnam_campus/p/hive/d/24e124725d081175/sp/8인 책상/n/8인 책상/e/co2 -> 627.0
2025-04-21 11:14:16 [MQTT Call: JavaClientExample] INFO  com.example.mqtt.MessageData - Topic: data/s/nhnacademy/b/gyeongnam_campus/p/hive/d/24e124725d081175/sp/8인 책상/n/8인 책상/e/temperature
Message Data:
time: 1745201656170
value: 25.5

2025-04-21 11:14:16 [MQTT Call: JavaClientExample] INFO  com.example.mqtt.InfluxDBService - Extracted tagkey -> location: hive, kind: 8인 책상, data: temperature
Value into InfluxDB: 25.5
2025-04-21 11:14:16 [MQTT Call: JavaClientExample] INFO  com.example.mqtt.MessageData - Data sent to InfluxDBService: data/s/nhnacademy/b/gyeongnam_campus/p/hive/d/24e124725d081175/sp/8인 책상/n/8인 책상/e/temperature -> 25.5
2025-04-21 11:14:16 [MQTT Call: JavaClientExample] INFO  com.example.mqtt.MessageData - Topic: data/s/nhnacademy/b/gyeongnam_campus/p/hive/d/24e124725d081175/sp/8인 책상/n/8인 책상/e/battery
Message Data:
time: 1745201656170
value: 77

2025-04-21 11:14:16 [MQTT Call: JavaClientExample] INFO  com.example.mqtt.InfluxDBService - Extracted tagkey -> location: hive, kind: 8인 책상, data: battery
Value into InfluxDB: 77.0
2025-04-21 11:14:16 [MQTT Call: JavaClientExample] INFO  com.example.mqtt.MessageData - Data sent to InfluxDBService: data/s/nhnacademy/b/gyeongnam_campus/p/hive/d/24e124725d081175/sp/8인 책상/n/8인 책상/e/battery -> 77.0
2025-04-21 11:14:16 [MQTT Call: JavaClientExample] INFO  com.example.mqtt.MessageData - Topic: data/s/nhnacademy/b/gyeongnam_campus/p/hive/d/24e124725d081175/sp/8인 책상/n/8인 책상/e/humidity
Message Data:
time: 1745201656170
value: 42

2025-04-21 11:14:16 [MQTT Call: JavaClientExample] INFO  com.example.mqtt.InfluxDBService - Extracted tagkey -> location: hive, kind: 8인 책상, data: humidity
Value into InfluxDB: 42.0
2025-04-21 11:14:16 [MQTT Call: JavaClientExample] INFO  com.example.mqtt.MessageData - Data sent to InfluxDBService: data/s/nhnacademy/b/gyeongnam_campus/p/hive/d/24e124725d081175/sp/8인 책상/n/8인 책상/e/humidity -> 42.0
2025-04-21 11:14:16 [MQTT Call: JavaClientExample] INFO  com.example.mqtt.MessageData - Topic: data/s/nhnacademy/b/gyeongnam_campus/p/hive/d/24e124725d081175/sp/8인 책상/n/8인 책상/g/24e124fffef79304/e/lora
Message Data:
time: 1745201656170
value: 

2025-04-21 11:14:16 [MQTT Call: JavaClientExample] INFO  com.example.mqtt.InfluxDBService - Extracted tagkey -> location: hive, kind: 8인 책상, data: lora
Value into InfluxDB: 0.0
2025-04-21 11:14:16 [MQTT Call: JavaClientExample] INFO  com.example.mqtt.MessageData - Data sent to InfluxDBService: data/s/nhnacademy/b/gyeongnam_campus/p/hive/d/24e124725d081175/sp/8인 책상/n/8인 책상/g/24e124fffef79304/e/lora -> 0.0
2025-04-21 11:14:16 [MQTT Call: JavaClientExample] INFO  com.example.mqtt.MessageData - Topic: data/s/nhnacademy/b/gyeongnam_campus/p/hive/d/24e124725d081175/sp/8인 책상/n/8인 책상/g/24e124fffef5dccc/e/lora
Message Data:
time: 1745201656170
value: 

2025-04-21 11:14:16 [MQTT Call: JavaClientExample] INFO  com.example.mqtt.InfluxDBService - Extracted tagkey -> location: hive, kind: 8인 책상, data: lora
Value into InfluxDB: 0.0
2025-04-21 11:14:16 [MQTT Call: JavaClientExample] INFO  com.example.mqtt.MessageData - Data sent to InfluxDBService: data/s/nhnacademy/b/gyeongnam_campus/p/hive/d/24e124725d081175/sp/8인 책상/n/8인 책상/g/24e124fffef5dccc/e/lora -> 0.0
2025-04-21 11:14:17 [MQTT Call: JavaClientExample] INFO  com.example.mqtt.MessageData - Topic: data/s/nhnacademy/b/gyeongnam_campus/p/class_a/d/24e124128c067999/sp/입구/n/입구/e/activity
Message Data:
time: 1745201657698
value: 0

2025-04-21 11:14:17 [MQTT Call: JavaClientExample] INFO  com.example.mqtt.InfluxDBService - Extracted tagkey -> location: class_a, kind: 입구, data: activity
Value into InfluxDB: 0.0
2025-04-21 11:14:17 [MQTT Call: JavaClientExample] INFO  com.example.mqtt.MessageData - Data sent to InfluxDBService: data/s/nhnacademy/b/gyeongnam_campus/p/class_a/d/24e124128c067999/sp/입구/n/입구/e/activity -> 0.0
2025-04-21 11:14:18 [MQTT Call: JavaClientExample] INFO  com.example.mqtt.MessageData - Topic: data/s/nhnacademy/b/gyeongnam_campus/p/class_a/d/24e124128c067999/sp/입구/n/입구/e/pressure
Message Data:
time: 1745201657698
value: 1009

2025-04-21 11:14:18 [MQTT Call: JavaClientExample] INFO  com.example.mqtt.InfluxDBService - Extracted tagkey -> location: class_a, kind: 입구, data: pressure
Value into InfluxDB: 1009.0
2025-04-21 11:14:18 [MQTT Call: JavaClientExample] INFO  com.example.mqtt.MessageData - Data sent to InfluxDBService: data/s/nhnacademy/b/gyeongnam_campus/p/class_a/d/24e124128c067999/sp/입구/n/입구/e/pressure -> 1009.0
2025-04-21 11:14:18 [MQTT Call: JavaClientExample] INFO  com.example.mqtt.MessageData - Topic: data/s/nhnacademy/b/gyeongnam_campus/p/class_a/d/24e124128c067999/sp/입구/n/입구/e/infrared_and_visible
Message Data:
time: 1745201657698
value: 46

2025-04-21 11:14:18 [MQTT Call: JavaClientExample] INFO  com.example.mqtt.InfluxDBService - Extracted tagkey -> location: class_a, kind: 입구, data: infrared_and_visible
Value into InfluxDB: 46.0
2025-04-21 11:14:18 [MQTT Call: JavaClientExample] INFO  com.example.mqtt.MessageData - Data sent to InfluxDBService: data/s/nhnacademy/b/gyeongnam_campus/p/class_a/d/24e124128c067999/sp/입구/n/입구/e/infrared_and_visible -> 46.0
2025-04-21 11:14:18 [MQTT Call: JavaClientExample] INFO  com.example.mqtt.MessageData - Topic: data/s/nhnacademy/b/gyeongnam_campus/p/class_a/d/24e124128c067999/sp/입구/n/입구/e/humidity
Message Data:
time: 1745201657698
value: 45.5

2025-04-21 11:14:18 [MQTT Call: JavaClientExample] INFO  com.example.mqtt.InfluxDBService - Extracted tagkey -> location: class_a, kind: 입구, data: humidity
Value into InfluxDB: 45.5
2025-04-21 11:14:18 [MQTT Call: JavaClientExample] INFO  com.example.mqtt.MessageData - Data sent to InfluxDBService: data/s/nhnacademy/b/gyeongnam_campus/p/class_a/d/24e124128c067999/sp/입구/n/입구/e/humidity -> 45.5
2025-04-21 11:14:18 [MQTT Call: JavaClientExample] INFO  com.example.mqtt.MessageData - Topic: data/s/nhnacademy/b/gyeongnam_campus/p/class_a/d/24e124128c067999/sp/입구/n/입구/e/temperature
Message Data:
time: 1745201657698
value: 24

2025-04-21 11:14:18 [MQTT Call: JavaClientExample] INFO  com.example.mqtt.InfluxDBService - Extracted tagkey -> location: class_a, kind: 입구, data: temperature
Value into InfluxDB: 24.0
2025-04-21 11:14:18 [MQTT Call: JavaClientExample] INFO  com.example.mqtt.MessageData - Data sent to InfluxDBService: data/s/nhnacademy/b/gyeongnam_campus/p/class_a/d/24e124128c067999/sp/입구/n/입구/e/temperature -> 24.0
2025-04-21 11:14:18 [MQTT Call: JavaClientExample] INFO  com.example.mqtt.MessageData - Topic: data/s/nhnacademy/b/gyeongnam_campus/p/class_a/d/24e124128c067999/sp/입구/n/입구/e/infrared
Message Data:
time: 1745201657698
value: 7

2025-04-21 11:14:18 [MQTT Call: JavaClientExample] INFO  com.example.mqtt.InfluxDBService - Extracted tagkey -> location: class_a, kind: 입구, data: infrared
Value into InfluxDB: 7.0
2025-04-21 11:14:18 [MQTT Call: JavaClientExample] INFO  com.example.mqtt.MessageData - Data sent to InfluxDBService: data/s/nhnacademy/b/gyeongnam_campus/p/class_a/d/24e124128c067999/sp/입구/n/입구/e/infrared -> 7.0
2025-04-21 11:14:18 [MQTT Call: JavaClientExample] INFO  com.example.mqtt.MessageData - Topic: data/s/nhnacademy/b/gyeongnam_campus/p/class_a/d/24e124128c067999/sp/입구/n/입구/e/illumination
Message Data:
time: 1745201657698
value: 67

2025-04-21 11:14:18 [MQTT Call: JavaClientExample] INFO  com.example.mqtt.InfluxDBService - Extracted tagkey -> location: class_a, kind: 입구, data: illumination
Value into InfluxDB: 67.0
2025-04-21 11:14:18 [MQTT Call: JavaClientExample] INFO  com.example.mqtt.MessageData - Data sent to InfluxDBService: data/s/nhnacademy/b/gyeongnam_campus/p/class_a/d/24e124128c067999/sp/입구/n/입구/e/illumination -> 67.0
2025-04-21 11:14:18 [MQTT Call: JavaClientExample] INFO  com.example.mqtt.MessageData - Topic: data/s/nhnacademy/b/gyeongnam_campus/p/class_a/d/24e124128c067999/sp/입구/n/입구/e/co2
Message Data:
time: 1745201657698
value: 890

2025-04-21 11:14:18 [MQTT Call: JavaClientExample] INFO  com.example.mqtt.InfluxDBService - Extracted tagkey -> location: class_a, kind: 입구, data: co2
Value into InfluxDB: 890.0
2025-04-21 11:14:18 [MQTT Call: JavaClientExample] INFO  com.example.mqtt.MessageData - Data sent to InfluxDBService: data/s/nhnacademy/b/gyeongnam_campus/p/class_a/d/24e124128c067999/sp/입구/n/입구/e/co2 -> 890.0
2025-04-21 11:14:18 [MQTT Call: JavaClientExample] INFO  com.example.mqtt.MessageData - Topic: data/s/nhnacademy/b/gyeongnam_campus/p/class_a/d/24e124128c067999/sp/입구/n/입구/e/tvoc
Message Data:
time: 1745201657698
value: 299

2025-04-21 11:14:18 [MQTT Call: JavaClientExample] INFO  com.example.mqtt.InfluxDBService - Extracted tagkey -> location: class_a, kind: 입구, data: tvoc
Value into InfluxDB: 299.0
2025-04-21 11:14:18 [MQTT Call: JavaClientExample] INFO  com.example.mqtt.MessageData - Data sent to InfluxDBService: data/s/nhnacademy/b/gyeongnam_campus/p/class_a/d/24e124128c067999/sp/입구/n/입구/e/tvoc -> 299.0
2025-04-21 11:14:18 [MQTT Call: JavaClientExample] INFO  com.example.mqtt.MessageData - Topic: data/s/nhnacademy/b/gyeongnam_campus/p/class_a/d/24e124128c067999/sp/입구/n/입구/g/24e124fffef5dccc/e/lora
Message Data:
time: 1745201657698
value: 

2025-04-21 11:14:18 [MQTT Call: JavaClientExample] INFO  com.example.mqtt.InfluxDBService - Extracted tagkey -> location: class_a, kind: 입구, data: lora
Value into InfluxDB: 0.0
2025-04-21 11:14:18 [MQTT Call: JavaClientExample] INFO  com.example.mqtt.MessageData - Data sent to InfluxDBService: data/s/nhnacademy/b/gyeongnam_campus/p/class_a/d/24e124128c067999/sp/입구/n/입구/g/24e124fffef5dccc/e/lora -> 0.0
2025-04-21 11:14:18 [MQTT Call: JavaClientExample] INFO  com.example.mqtt.MessageData - Topic: data/s/nhnacademy/b/gyeongnam_campus/p/class_a/d/24e124128c067999/sp/입구/n/입구/g/24e124fffef79304/e/lora
Message Data:
time: 1745201657698
value: 

2025-04-21 11:14:18 [MQTT Call: JavaClientExample] INFO  com.example.mqtt.InfluxDBService - Extracted tagkey -> location: class_a, kind: 입구, data: lora
Value into InfluxDB: 0.0
2025-04-21 11:14:18 [MQTT Call: JavaClientExample] INFO  com.example.mqtt.MessageData - Data sent to InfluxDBService: data/s/nhnacademy/b/gyeongnam_campus/p/class_a/d/24e124128c067999/sp/입구/n/입구/g/24e124fffef79304/e/lora -> 0.0
2025-04-21 11:14:19 [MQTT Call: JavaClientExample] INFO  com.example.mqtt.MessageData - Topic: data/s/nhnacademy/b/gyeongnam_campus/p/hive/d/24e124785c389010/n/정수기 위/e/humidity
Message Data:
time: 1745201658891
value: 40.5

2025-04-21 11:14:19 [MQTT Call: JavaClientExample] INFO  com.example.mqtt.InfluxDBService - Extracted tagkey -> location: hive, kind: 정수기 위, data: humidity
Value into InfluxDB: 40.5
2025-04-21 11:14:19 [MQTT Call: JavaClientExample] INFO  com.example.mqtt.MessageData - Data sent to InfluxDBService: data/s/nhnacademy/b/gyeongnam_campus/p/hive/d/24e124785c389010/n/정수기 위/e/humidity -> 40.5
2025-04-21 11:14:19 [MQTT Call: JavaClientExample] INFO  com.example.mqtt.MessageData - Topic: data/s/nhnacademy/b/gyeongnam_campus/p/hive/d/24e124785c389010/n/정수기 위/e/battery
Message Data:
time: 1745201658891
value: 86

2025-04-21 11:14:19 [MQTT Call: JavaClientExample] INFO  com.example.mqtt.InfluxDBService - Extracted tagkey -> location: hive, kind: 정수기 위, data: battery
Value into InfluxDB: 86.0
2025-04-21 11:14:19 [MQTT Call: JavaClientExample] INFO  com.example.mqtt.MessageData - Data sent to InfluxDBService: data/s/nhnacademy/b/gyeongnam_campus/p/hive/d/24e124785c389010/n/정수기 위/e/battery -> 86.0
2025-04-21 11:14:19 [MQTT Call: JavaClientExample] INFO  com.example.mqtt.MessageData - Topic: data/s/nhnacademy/b/gyeongnam_campus/p/hive/d/24e124785c389010/n/정수기 위/e/temperature
Message Data:
time: 1745201658891
value: 25.3

2025-04-21 11:14:19 [MQTT Call: JavaClientExample] INFO  com.example.mqtt.InfluxDBService - Extracted tagkey -> location: hive, kind: 정수기 위, data: temperature
Value into InfluxDB: 25.3
2025-04-21 11:14:19 [MQTT Call: JavaClientExample] INFO  com.example.mqtt.MessageData - Data sent to InfluxDBService: data/s/nhnacademy/b/gyeongnam_campus/p/hive/d/24e124785c389010/n/정수기 위/e/temperature -> 25.3
2025-04-21 11:14:19 [MQTT Call: JavaClientExample] INFO  com.example.mqtt.MessageData - Topic: data/s/nhnacademy/b/gyeongnam_campus/p/hive/d/24e124785c389010/n/정수기 위/g/24e124fffef79304/e/lora
Message Data:
time: 1745201658891
value: 

2025-04-21 11:14:19 [MQTT Call: JavaClientExample] INFO  com.example.mqtt.InfluxDBService - Extracted tagkey -> location: hive, kind: 정수기 위, data: lora
Value into InfluxDB: 0.0
2025-04-21 11:14:19 [MQTT Call: JavaClientExample] INFO  com.example.mqtt.MessageData - Data sent to InfluxDBService: data/s/nhnacademy/b/gyeongnam_campus/p/hive/d/24e124785c389010/n/정수기 위/g/24e124fffef79304/e/lora -> 0.0
2025-04-21 11:14:19 [MQTT Call: JavaClientExample] INFO  com.example.mqtt.MessageData - Topic: data/s/nhnacademy/b/gyeongnam_campus/p/hive/d/24e124785c389010/n/정수기 위/g/24e124fffef5dccc/e/lora
Message Data:
time: 1745201658891
value: 

2025-04-21 11:14:19 [MQTT Call: JavaClientExample] INFO  com.example.mqtt.InfluxDBService - Extracted tagkey -> location: hive, kind: 정수기 위, data: lora
Value into InfluxDB: 0.0
2025-04-21 11:14:19 [MQTT Call: JavaClientExample] INFO  com.example.mqtt.MessageData - Data sent to InfluxDBService: data/s/nhnacademy/b/gyeongnam_campus/p/hive/d/24e124785c389010/n/정수기 위/g/24e124fffef5dccc/e/lora -> 0.0
2025-04-21 11:14:26 [MQTT Call: JavaClientExample] INFO  com.example.mqtt.MessageData - Topic: data/s/nhnacademy/b/gyeongnam_campus/p/server_room/d/24e124136d151368/n/입구/e/temperature
Message Data:
time: 1745201666418
value: 24.2

2025-04-21 11:14:26 [MQTT Call: JavaClientExample] INFO  com.example.mqtt.InfluxDBService - Extracted tagkey -> location: server_room, kind: 입구, data: temperature
Value into InfluxDB: 24.2
2025-04-21 11:14:26 [MQTT Call: JavaClientExample] INFO  com.example.mqtt.MessageData - Data sent to InfluxDBService: data/s/nhnacademy/b/gyeongnam_campus/p/server_room/d/24e124136d151368/n/입구/e/temperature -> 24.2
2025-04-21 11:14:26 [MQTT Call: JavaClientExample] INFO  com.example.mqtt.MessageData - Topic: data/s/nhnacademy/b/gyeongnam_campus/p/server_room/d/24e124136d151368/n/입구/e/humidity
Message Data:
time: 1745201666418
value: 46

2025-04-21 11:14:26 [MQTT Call: JavaClientExample] INFO  com.example.mqtt.InfluxDBService - Extracted tagkey -> location: server_room, kind: 입구, data: humidity
Value into InfluxDB: 46.0
2025-04-21 11:14:26 [MQTT Call: JavaClientExample] INFO  com.example.mqtt.MessageData - Data sent to InfluxDBService: data/s/nhnacademy/b/gyeongnam_campus/p/server_room/d/24e124136d151368/n/입구/e/humidity -> 46.0
2025-04-21 11:14:26 [MQTT Call: JavaClientExample] INFO  com.example.mqtt.MessageData - Topic: data/s/nhnacademy/b/gyeongnam_campus/p/server_room/d/24e124136d151368/n/입구/g/24e124fffef79304/e/lora
Message Data:
time: 1745201666418
value: 

2025-04-21 11:14:26 [MQTT Call: JavaClientExample] INFO  com.example.mqtt.InfluxDBService - Extracted tagkey -> location: server_room, kind: 입구, data: lora
Value into InfluxDB: 0.0
2025-04-21 11:14:26 [MQTT Call: JavaClientExample] INFO  com.example.mqtt.MessageData - Data sent to InfluxDBService: data/s/nhnacademy/b/gyeongnam_campus/p/server_room/d/24e124136d151368/n/입구/g/24e124fffef79304/e/lora -> 0.0
2025-04-21 11:14:26 [MQTT Call: JavaClientExample] INFO  com.example.mqtt.MessageData - Topic: data/s/nhnacademy/b/gyeongnam_campus/p/server_room/d/24e124136d151368/n/입구/g/24e124fffef5dccc/e/lora
Message Data:
time: 1745201666418
value: 

2025-04-21 11:14:26 [MQTT Call: JavaClientExample] INFO  com.example.mqtt.InfluxDBService - Extracted tagkey -> location: server_room, kind: 입구, data: lora
Value into InfluxDB: 0.0
2025-04-21 11:14:26 [MQTT Call: JavaClientExample] INFO  com.example.mqtt.MessageData - Data sent to InfluxDBService: data/s/nhnacademy/b/gyeongnam_campus/p/server_room/d/24e124136d151368/n/입구/g/24e124fffef5dccc/e/lora -> 0.0
2025-04-21 11:14:37 [MQTT Call: JavaClientExample] INFO  com.example.mqtt.MessageData - Topic: data/s/nhnacademy/b/gyeongnam_campus/p/hive/d/24e124126d111937/sp/farm/n/스마트팜/e/illumination
Message Data:
time: 1745201677379
value: 320

2025-04-21 11:14:37 [MQTT Call: JavaClientExample] INFO  com.example.mqtt.InfluxDBService - Extracted tagkey -> location: hive, kind: 스마트팜, data: illumination
Value into InfluxDB: 320.0
2025-04-21 11:14:37 [MQTT Call: JavaClientExample] INFO  com.example.mqtt.MessageData - Data sent to InfluxDBService: data/s/nhnacademy/b/gyeongnam_campus/p/hive/d/24e124126d111937/sp/farm/n/스마트팜/e/illumination -> 320.0
2025-04-21 11:14:38 [MQTT Call: JavaClientExample] INFO  com.example.mqtt.MessageData - Topic: data/s/nhnacademy/b/gyeongnam_campus/p/hive/d/24e124126d111937/sp/farm/n/스마트팜/g/24e124fffef79304/e/lora
Message Data:
time: 1745201677379
value: 

2025-04-21 11:14:38 [MQTT Call: JavaClientExample] INFO  com.example.mqtt.InfluxDBService - Extracted tagkey -> location: hive, kind: 스마트팜, data: lora
Value into InfluxDB: 0.0
2025-04-21 11:14:38 [MQTT Call: JavaClientExample] INFO  com.example.mqtt.MessageData - Data sent to InfluxDBService: data/s/nhnacademy/b/gyeongnam_campus/p/hive/d/24e124126d111937/sp/farm/n/스마트팜/g/24e124fffef79304/e/lora -> 0.0
2025-04-21 11:14:38 [MQTT Call: JavaClientExample] INFO  com.example.mqtt.MessageData - Topic: data/s/nhnacademy/b/gyeongnam_campus/p/hive/d/24e124126d111937/sp/farm/n/스마트팜/g/24e124fffef5dccc/e/lora
Message Data:
time: 1745201677379
value: 

2025-04-21 11:14:38 [MQTT Call: JavaClientExample] INFO  com.example.mqtt.InfluxDBService - Extracted tagkey -> location: hive, kind: 스마트팜, data: lora
Value into InfluxDB: 0.0
2025-04-21 11:14:38 [MQTT Call: JavaClientExample] INFO  com.example.mqtt.MessageData - Data sent to InfluxDBService: data/s/nhnacademy/b/gyeongnam_campus/p/hive/d/24e124126d111937/sp/farm/n/스마트팜/g/24e124fffef5dccc/e/lora -> 0.0
2025-04-21 11:14:46 [MQTT Call: JavaClientExample] INFO  com.example.mqtt.MessageData - Topic: data/s/nhnacademy/b/gyeongnam_campus/p/storage/d/24e124136d151547/n/입구/e/battery
Message Data:
time: 1745201686427
value: 1

2025-04-21 11:14:46 [MQTT Call: JavaClientExample] INFO  com.example.mqtt.InfluxDBService - Extracted tagkey -> location: storage, kind: 입구, data: battery
Value into InfluxDB: 1.0
2025-04-21 11:14:46 [MQTT Call: JavaClientExample] INFO  com.example.mqtt.MessageData - Data sent to InfluxDBService: data/s/nhnacademy/b/gyeongnam_campus/p/storage/d/24e124136d151547/n/입구/e/battery -> 1.0
2025-04-21 11:14:46 [MQTT Call: JavaClientExample] INFO  com.example.mqtt.MessageData - Topic: data/s/nhnacademy/b/gyeongnam_campus/p/storage/d/24e124136d151547/n/입구/e/temperature
Message Data:
time: 1745201686427
value: -0.1

2025-04-21 11:14:46 [MQTT Call: JavaClientExample] INFO  com.example.mqtt.InfluxDBService - Extracted tagkey -> location: storage, kind: 입구, data: temperature
Value into InfluxDB: -0.1
2025-04-21 11:14:46 [MQTT Call: JavaClientExample] INFO  com.example.mqtt.MessageData - Data sent to InfluxDBService: data/s/nhnacademy/b/gyeongnam_campus/p/storage/d/24e124136d151547/n/입구/e/temperature -> -0.1
2025-04-21 11:14:46 [MQTT Call: JavaClientExample] INFO  com.example.mqtt.MessageData - Topic: data/s/nhnacademy/b/gyeongnam_campus/p/storage/d/24e124136d151547/n/입구/e/humidity
Message Data:
time: 1745201686427
value: 127.5

2025-04-21 11:14:46 [MQTT Call: JavaClientExample] INFO  com.example.mqtt.InfluxDBService - Extracted tagkey -> location: storage, kind: 입구, data: humidity
Value into InfluxDB: 127.5
2025-04-21 11:14:46 [MQTT Call: JavaClientExample] INFO  com.example.mqtt.MessageData - Data sent to InfluxDBService: data/s/nhnacademy/b/gyeongnam_campus/p/storage/d/24e124136d151547/n/입구/e/humidity -> 127.5
2025-04-21 11:14:46 [MQTT Call: JavaClientExample] INFO  com.example.mqtt.MessageData - Topic: data/s/nhnacademy/b/gyeongnam_campus/p/storage/d/24e124136d151547/n/입구/g/24e124fffef5dccc/e/lora
Message Data:
time: 1745201686427
value: 

2025-04-21 11:14:46 [MQTT Call: JavaClientExample] INFO  com.example.mqtt.InfluxDBService - Extracted tagkey -> location: storage, kind: 입구, data: lora
Value into InfluxDB: 0.0
2025-04-21 11:14:46 [MQTT Call: JavaClientExample] INFO  com.example.mqtt.MessageData - Data sent to InfluxDBService: data/s/nhnacademy/b/gyeongnam_campus/p/storage/d/24e124136d151547/n/입구/g/24e124fffef5dccc/e/lora -> 0.0
2025-04-21 11:14:46 [MQTT Call: JavaClientExample] INFO  com.example.mqtt.MessageData - Topic: data/s/nhnacademy/b/gyeongnam_campus/p/storage/d/24e124136d151547/n/입구/g/24e124fffef79304/e/lora
Message Data:
time: 1745201686427
value: 

2025-04-21 11:14:46 [MQTT Call: JavaClientExample] INFO  com.example.mqtt.InfluxDBService - Extracted tagkey -> location: storage, kind: 입구, data: lora
Value into InfluxDB: 0.0
2025-04-21 11:14:46 [MQTT Call: JavaClientExample] INFO  com.example.mqtt.MessageData - Data sent to InfluxDBService: data/s/nhnacademy/b/gyeongnam_campus/p/storage/d/24e124136d151547/n/입구/g/24e124fffef79304/e/lora -> 0.0
2025-04-21 11:14:46 [MQTT Call: JavaClientExample] INFO  com.example.mqtt.MessageData - Topic: data/s/nhnacademy/b/gyeongnam_campus/p/campus/d/gem3500_1/n/캠퍼스_LL/e/voltage
Message Data:
time: 1745201686834
value: 381.2

2025-04-21 11:14:46 [MQTT Call: JavaClientExample] INFO  com.example.mqtt.InfluxDBService - Extracted tagkey -> location: campus, kind: 캠퍼스_LL, data: voltage
Value into InfluxDB: 381.2
2025-04-21 11:14:46 [MQTT Call: JavaClientExample] INFO  com.example.mqtt.MessageData - Data sent to InfluxDBService: data/s/nhnacademy/b/gyeongnam_campus/p/campus/d/gem3500_1/n/캠퍼스_LL/e/voltage -> 381.2
2025-04-21 11:14:46 [MQTT Call: JavaClientExample] INFO  com.example.mqtt.MessageData - Topic: data/s/nhnacademy/b/gyeongnam_campus/p/campus/d/gem3500_1/n/캠퍼스_LN/e/voltage
Message Data:
time: 1745201686834
value: 220.09

2025-04-21 11:14:46 [MQTT Call: JavaClientExample] INFO  com.example.mqtt.InfluxDBService - Extracted tagkey -> location: campus, kind: 캠퍼스_LN, data: voltage
Value into InfluxDB: 220.09
2025-04-21 11:14:46 [MQTT Call: JavaClientExample] INFO  com.example.mqtt.MessageData - Data sent to InfluxDBService: data/s/nhnacademy/b/gyeongnam_campus/p/campus/d/gem3500_1/n/캠퍼스_LN/e/voltage -> 220.09
2025-04-21 11:14:46 [MQTT Call: JavaClientExample] INFO  com.example.mqtt.MessageData - Topic: data/s/nhnacademy/b/gyeongnam_campus/p/campus/d/gem3500_1/n/캠퍼스1/e/power_meter
Message Data:
time: 1745201686935
type: 5
leakageCurrent: 0
current: 2685
activePower: 4937
reactivePower: -1842
tapparentPower: 5885
powerFactor: 83.89
currentUnbalance: 54.68
lines: 

2025-04-21 11:14:46 [MQTT Call: JavaClientExample] WARN  com.example.mqtt.MessageData - No 'value' field found in message, skipping InfluxDB write.
2025-04-21 11:14:47 [MQTT Call: JavaClientExample] INFO  com.example.mqtt.MessageData - Topic: data/s/nhnacademy/b/gyeongnam_campus/p/campus/d/gem3500_1/n/전등1/e/power_meter
Message Data:
time: 1745201687036
type: 3
leakageCurrent: 0
current: 697
activePower: 1307
reactivePower: -326
tapparentPower: 1533
powerFactor: 85.28
currentUnbalance: 0
lines: 

2025-04-21 11:14:47 [MQTT Call: JavaClientExample] WARN  com.example.mqtt.MessageData - No 'value' field found in message, skipping InfluxDB write.
2025-04-21 11:14:47 [MQTT Call: JavaClientExample] INFO  com.example.mqtt.MessageData - Topic: data/s/nhnacademy/b/gyeongnam_campus/p/campus/d/gem3500_1/n/전등2/e/power_meter
Message Data:
time: 1745201687137
type: 1
leakageCurrent: 0
current: 568
activePower: 1139
reactivePower: -287
tapparentPower: 1254
powerFactor: 90.82
currentUnbalance: 0
lines: 

2025-04-21 11:14:47 [MQTT Call: JavaClientExample] WARN  com.example.mqtt.MessageData - No 'value' field found in message, skipping InfluxDB write.
2025-04-21 11:14:47 [MQTT Call: JavaClientExample] INFO  com.example.mqtt.MessageData - Topic: data/s/nhnacademy/b/gyeongnam_campus/p/campus/d/gem3500_1/n/전등3/e/power_meter
Message Data:
time: 1745201687238
type: 2
leakageCurrent: 0
current: 0
activePower: 0
reactivePower: 0
tapparentPower: 0
powerFactor: 0
currentUnbalance: 0
lines: 

2025-04-21 11:14:47 [MQTT Call: JavaClientExample] WARN  com.example.mqtt.MessageData - No 'value' field found in message, skipping InfluxDB write.
2025-04-21 11:14:47 [MQTT Call: JavaClientExample] INFO  com.example.mqtt.MessageData - Topic: data/s/nhnacademy/b/gyeongnam_campus/p/campus/d/gem3500_1/n/강의실b_바닥/e/power_meter
Message Data:
time: 1745201687339
type: 3
leakageCurrent: 0
current: 233
activePower: 357
reactivePower: -237
tapparentPower: 479
powerFactor: 74.49
currentUnbalance: 0
lines: 

2025-04-21 11:14:47 [MQTT Call: JavaClientExample] WARN  com.example.mqtt.MessageData - No 'value' field found in message, skipping InfluxDB write.
2025-04-21 11:14:47 [MQTT Call: JavaClientExample] INFO  com.example.mqtt.MessageData - Topic: data/s/nhnacademy/b/gyeongnam_campus/p/campus/d/gem3500_1/n/강의실a_바닥1/e/power_meter
Message Data:
time: 1745201687442
type: 1
leakageCurrent: 0
current: 333
activePower: 571
reactivePower: -376
tapparentPower: 736
powerFactor: 77.52
currentUnbalance: 0
lines: 

2025-04-21 11:14:47 [MQTT Call: JavaClientExample] WARN  com.example.mqtt.MessageData - No 'value' field found in message, skipping InfluxDB write.
2025-04-21 11:14:47 [MQTT Call: JavaClientExample] INFO  com.example.mqtt.MessageData - Topic: data/s/nhnacademy/b/gyeongnam_campus/p/campus/d/gem3500_1/n/강의실a_바닥2/e/power_meter
Message Data:
time: 1745201687544
type: 2
leakageCurrent: 0
current: 170
activePower: 302
reactivePower: -182
tapparentPower: 379
powerFactor: 79.74
currentUnbalance: 0
lines: 

2025-04-21 11:14:47 [MQTT Call: JavaClientExample] WARN  com.example.mqtt.MessageData - No 'value' field found in message, skipping InfluxDB write.
2025-04-21 11:14:47 [MQTT Call: JavaClientExample] INFO  com.example.mqtt.MessageData - Topic: data/s/nhnacademy/b/gyeongnam_campus/p/campus/d/gem3500_1/n/프로젝터1/e/power_meter
Message Data:
time: 1745201687646
type: 3
leakageCurrent: 0
current: 93
activePower: 119
reactivePower: -143
tapparentPower: 203
powerFactor: 58.82
currentUnbalance: 0
lines: 

2025-04-21 11:14:47 [MQTT Call: JavaClientExample] WARN  com.example.mqtt.MessageData - No 'value' field found in message, skipping InfluxDB write.
2025-04-21 11:14:47 [MQTT Call: JavaClientExample] INFO  com.example.mqtt.MessageData - Topic: data/s/nhnacademy/b/gyeongnam_campus/p/campus/d/gem3500_1/n/프로젝터2/e/power_meter
Message Data:
time: 1745201687749
type: 1
leakageCurrent: 0
current: 39
activePower: 45
reactivePower: -69
tapparentPower: 86
powerFactor: 52.77
currentUnbalance: 0
lines: 

2025-04-21 11:14:47 [MQTT Call: JavaClientExample] WARN  com.example.mqtt.MessageData - No 'value' field found in message, skipping InfluxDB write.
2025-04-21 11:14:47 [MQTT Call: JavaClientExample] INFO  com.example.mqtt.MessageData - Topic: data/s/nhnacademy/b/gyeongnam_campus/p/campus/d/gem3500_1/n/회의실/e/power_meter
Message Data:
time: 1745201687848
type: 2
leakageCurrent: 0
current: 14
activePower: 4
reactivePower: -28
tapparentPower: 31
powerFactor: 15.38
currentUnbalance: 0
lines: 

2025-04-21 11:14:47 [MQTT Call: JavaClientExample] WARN  com.example.mqtt.MessageData - No 'value' field found in message, skipping InfluxDB write.
2025-04-21 11:14:47 [MQTT Call: JavaClientExample] INFO  com.example.mqtt.MessageData - Topic: data/s/nhnacademy/b/gyeongnam_campus/p/campus/d/gem3500_1/n/서버실/e/power_meter
Message Data:
time: 1745201687950
type: 3
leakageCurrent: 0
current: 196
activePower: 388
reactivePower: -112
tapparentPower: 439
powerFactor: 88.52
currentUnbalance: 0
lines: 

2025-04-21 11:14:47 [MQTT Call: JavaClientExample] WARN  com.example.mqtt.MessageData - No 'value' field found in message, skipping InfluxDB write.
2025-04-21 11:14:47 [MQTT Call: JavaClientExample] INFO  com.example.mqtt.MessageData - Topic: data/s/nhnacademy/b/gyeongnam_campus/p/campus/d/gem3500_1/n/간판/e/power_meter
Message Data:
time: 1745201688051
type: 1
leakageCurrent: 0
current: 0
activePower: 0
reactivePower: 0
tapparentPower: 0
powerFactor: 0
currentUnbalance: 0
lines: 

2025-04-21 11:14:47 [MQTT Call: JavaClientExample] WARN  com.example.mqtt.MessageData - No 'value' field found in message, skipping InfluxDB write.
2025-04-21 11:14:48 [MQTT Call: JavaClientExample] INFO  com.example.mqtt.MessageData - Topic: data/s/nhnacademy/b/gyeongnam_campus/p/campus/d/gem3500_1/n/페어룸/e/power_meter
Message Data:
time: 1745201688155
type: 2
leakageCurrent: 0
current: 0
activePower: 0
reactivePower: 0
tapparentPower: 0
powerFactor: 0
currentUnbalance: 0
lines: 

2025-04-21 11:14:48 [MQTT Call: JavaClientExample] WARN  com.example.mqtt.MessageData - No 'value' field found in message, skipping InfluxDB write.
2025-04-21 11:14:48 [MQTT Call: JavaClientExample] INFO  com.example.mqtt.MessageData - Topic: data/s/nhnacademy/b/gyeongnam_campus/p/campus/d/gem3500_1/n/사무실_전열1/e/power_meter
Message Data:
time: 1745201688253
type: 3
leakageCurrent: 0
current: 81
activePower: 100
reactivePower: -52
tapparentPower: 179
powerFactor: 56
currentUnbalance: 0
lines: 

2025-04-21 11:14:48 [MQTT Call: JavaClientExample] WARN  com.example.mqtt.MessageData - No 'value' field found in message, skipping InfluxDB write.
2025-04-21 11:14:48 [MQTT Call: JavaClientExample] INFO  com.example.mqtt.MessageData - Topic: data/s/nhnacademy/b/gyeongnam_campus/p/campus/d/gem3500_1/n/사무실_전열2/e/power_meter
Message Data:
time: 1745201688355
type: 3
leakageCurrent: 0
current: 94
activePower: 98
reactivePower: -59
tapparentPower: 208
powerFactor: 47.12
currentUnbalance: 0
lines: 

2025-04-21 11:14:48 [MQTT Call: JavaClientExample] WARN  com.example.mqtt.MessageData - No 'value' field found in message, skipping InfluxDB write.
2025-04-21 11:14:48 [MQTT Call: JavaClientExample] INFO  com.example.mqtt.MessageData - Topic: data/s/nhnacademy/b/gyeongnam_campus/p/campus/d/gem3500_1/n/사무실_복사기/e/power_meter
Message Data:
time: 1745201688456
type: 1
leakageCurrent: 0
current: 92
activePower: 127
reactivePower: 155
tapparentPower: 203
powerFactor: 62.35
currentUnbalance: 0
lines: 

2025-04-21 11:14:48 [MQTT Call: JavaClientExample] WARN  com.example.mqtt.MessageData - No 'value' field found in message, skipping InfluxDB write.
2025-04-21 11:14:48 [MQTT Call: JavaClientExample] INFO  com.example.mqtt.MessageData - Topic: data/s/nhnacademy/b/gyeongnam_campus/p/campus/d/gem3500_1/n/빌트인_전열/e/power_meter
Message Data:
time: 1745201688559
type: 2
leakageCurrent: 0
current: 5
activePower: 4
reactivePower: -7
tapparentPower: 14
powerFactor: 33.33
currentUnbalance: 0
lines: 

2025-04-21 11:14:48 [MQTT Call: JavaClientExample] WARN  com.example.mqtt.MessageData - No 'value' field found in message, skipping InfluxDB write.
2025-04-21 11:14:48 [MQTT Call: JavaClientExample] INFO  com.example.mqtt.MessageData - Topic: data/s/nhnacademy/b/gyeongnam_campus/p/campus/d/gem3500_1/n/사무실_전열3/e/power_meter
Message Data:
time: 1745201688659
type: 3
leakageCurrent: 0
current: 0
activePower: 0
reactivePower: 0
tapparentPower: 0
powerFactor: 0
currentUnbalance: 0
lines: 

2025-04-21 11:14:48 [MQTT Call: JavaClientExample] WARN  com.example.mqtt.MessageData - No 'value' field found in message, skipping InfluxDB write.
2025-04-21 11:14:48 [MQTT Call: JavaClientExample] INFO  com.example.mqtt.MessageData - Topic: data/s/nhnacademy/b/gyeongnam_campus/p/campus/d/gem3500_1/n/정수기/e/power_meter
Message Data:
time: 1745201688760
type: 1
leakageCurrent: 0
current: 7
activePower: 0
reactivePower: -14
tapparentPower: 16
powerFactor: 0
currentUnbalance: 0
lines: 

2025-04-21 11:14:48 [MQTT Call: JavaClientExample] WARN  com.example.mqtt.MessageData - No 'value' field found in message, skipping InfluxDB write.
2025-04-21 11:14:49 [MQTT Call: JavaClientExample] INFO  com.example.mqtt.MessageData - Topic: data/s/nhnacademy/b/gyeongnam_campus/p/campus/d/gem3500_1/n/하이브_전열/e/power_meter
Message Data:
time: 1745201688861
type: 2
leakageCurrent: 0
current: 63
activePower: 122
reactivePower: -47
tapparentPower: 141
powerFactor: 86.44
currentUnbalance: 0
lines: 

2025-04-21 11:14:49 [MQTT Call: JavaClientExample] WARN  com.example.mqtt.MessageData - No 'value' field found in message, skipping InfluxDB write.
2025-04-21 11:14:49 [MQTT Call: JavaClientExample] INFO  com.example.mqtt.MessageData - Topic: data/s/nhnacademy/b/gyeongnam_campus/p/campus/d/gem3500_1/n/바텐_전열/e/power_meter
Message Data:
time: 1745201688963
type: 3
leakageCurrent: 0
current: 0
activePower: 0
reactivePower: 0
tapparentPower: 0
powerFactor: 0
currentUnbalance: 0
lines: 

2025-04-21 11:14:49 [MQTT Call: JavaClientExample] WARN  com.example.mqtt.MessageData - No 'value' field found in message, skipping InfluxDB write.
2025-04-21 11:14:49 [MQTT Call: JavaClientExample] INFO  com.example.mqtt.MessageData - Topic: data/s/nhnacademy/b/gyeongnam_campus/p/campus/d/gem3500_1/n/S_P/e/power_meter
Message Data:
time: 1745201689063
type: 1
leakageCurrent: 0
current: 0
activePower: 0
reactivePower: 0
tapparentPower: 0
powerFactor: 0
currentUnbalance: 0
lines: 

2025-04-21 11:14:49 [MQTT Call: JavaClientExample] WARN  com.example.mqtt.MessageData - No 'value' field found in message, skipping InfluxDB write.
2025-04-21 11:14:49 [MQTT Call: JavaClientExample] INFO  com.example.mqtt.MessageData - Topic: data/s/nhnacademy/b/gyeongnam_campus/p/campus/d/gem3500_1/n/공조기/e/power_meter
Message Data:
time: 1745201689164
type: 2
leakageCurrent: 0
current: 199
activePower: 227
reactivePower: -23
tapparentPower: 439
powerFactor: 51.91
currentUnbalance: 0
lines: 

2025-04-21 11:14:49 [MQTT Call: JavaClientExample] WARN  com.example.mqtt.MessageData - No 'value' field found in message, skipping InfluxDB write.
2025-04-21 11:14:49 [MQTT Call: JavaClientExample] INFO  com.example.mqtt.MessageData - Topic: data/s/nhnacademy/b/gyeongnam_campus/p/campus/d/gem3500_1/n/AC/e/power_meter
Message Data:
time: 1745201689265
type: 3
leakageCurrent: 0
current: 16
activePower: 11
reactivePower: -23
tapparentPower: 35
powerFactor: 33.33
currentUnbalance: 0
lines: 

2025-04-21 11:14:49 [MQTT Call: JavaClientExample] WARN  com.example.mqtt.MessageData - No 'value' field found in message, skipping InfluxDB write.
2025-04-21 11:14:51 [MQTT Call: JavaClientExample] INFO  com.example.mqtt.MessageData - Topic: data/s/nhnacademy/b/gyeongnam_campus/p/undefined/d/24e124141d223697/n/출입문/e/battery_level
Message Data:
time: 1745201690989
value: 37

2025-04-21 11:14:51 [MQTT Call: JavaClientExample] INFO  com.example.mqtt.InfluxDBService - Extracted tagkey -> location: undefined, kind: 출입문, data: battery_level
Value into InfluxDB: 37.0
2025-04-21 11:14:51 [MQTT Call: JavaClientExample] INFO  com.example.mqtt.MessageData - Data sent to InfluxDBService: data/s/nhnacademy/b/gyeongnam_campus/p/undefined/d/24e124141d223697/n/출입문/e/battery_level -> 37.0
2025-04-21 11:14:51 [MQTT Call: JavaClientExample] INFO  com.example.mqtt.MessageData - Topic: data/s/nhnacademy/b/gyeongnam_campus/p/undefined/d/24e124141d223697/n/출입문/e/di
Message Data:
time: 1745201690989
value: 

2025-04-21 11:14:51 [MQTT Call: JavaClientExample] INFO  com.example.mqtt.InfluxDBService - Extracted tagkey -> location: undefined, kind: 출입문, data: di
Value into InfluxDB: 0.0
2025-04-21 11:14:51 [MQTT Call: JavaClientExample] INFO  com.example.mqtt.MessageData - Data sent to InfluxDBService: data/s/nhnacademy/b/gyeongnam_campus/p/undefined/d/24e124141d223697/n/출입문/e/di -> 0.0
2025-04-21 11:14:51 [MQTT Call: JavaClientExample] INFO  com.example.mqtt.MessageData - Topic: data/s/nhnacademy/b/gyeongnam_campus/p/undefined/d/24e124141d223697/n/출입문/g/24e124fffef5dccc/e/lora
Message Data:
time: 1745201690989
value: 

2025-04-21 11:14:51 [MQTT Call: JavaClientExample] INFO  com.example.mqtt.InfluxDBService - Extracted tagkey -> location: undefined, kind: 출입문, data: lora
Value into InfluxDB: 0.0
2025-04-21 11:14:51 [MQTT Call: JavaClientExample] INFO  com.example.mqtt.MessageData - Data sent to InfluxDBService: data/s/nhnacademy/b/gyeongnam_campus/p/undefined/d/24e124141d223697/n/출입문/g/24e124fffef5dccc/e/lora -> 0.0
2025-04-21 11:14:51 [MQTT Call: JavaClientExample] INFO  com.example.mqtt.MessageData - Topic: data/s/nhnacademy/b/gyeongnam_campus/p/undefined/d/24e124141d223697/n/출입문/g/24e124fffef79304/e/lora
Message Data:
time: 1745201690989
value: 

2025-04-21 11:14:51 [MQTT Call: JavaClientExample] INFO  com.example.mqtt.InfluxDBService - Extracted tagkey -> location: undefined, kind: 출입문, data: lora
Value into InfluxDB: 0.0
2025-04-21 11:14:51 [MQTT Call: JavaClientExample] INFO  com.example.mqtt.MessageData - Data sent to InfluxDBService: data/s/nhnacademy/b/gyeongnam_campus/p/undefined/d/24e124141d223697/n/출입문/g/24e124fffef79304/e/lora -> 0.0
2025-04-21 11:15:00 [MQTT Call: JavaClientExample] INFO  com.example.mqtt.MessageData - Topic: data/s/nhnacademy/b/gyeongnam_campus/p/pair_room/d/24e124617d159573/n/2/e/distance
Message Data:
time: 1745201699563
value: 2238

2025-04-21 11:15:00 [MQTT Call: JavaClientExample] INFO  com.example.mqtt.InfluxDBService - Extracted tagkey -> location: pair_room, kind: 2, data: distance
Value into InfluxDB: 2238.0
2025-04-21 11:15:00 [MQTT Call: JavaClientExample] INFO  com.example.mqtt.MessageData - Data sent to InfluxDBService: data/s/nhnacademy/b/gyeongnam_campus/p/pair_room/d/24e124617d159573/n/2/e/distance -> 2238.0
2025-04-21 11:15:00 [MQTT Call: JavaClientExample] INFO  com.example.mqtt.MessageData - Topic: data/s/nhnacademy/b/gyeongnam_campus/p/pair_room/d/24e124617d159573/n/2/e/occupancy
Message Data:
time: 1745201699563
value: 0

2025-04-21 11:15:00 [MQTT Call: JavaClientExample] INFO  com.example.mqtt.InfluxDBService - Extracted tagkey -> location: pair_room, kind: 2, data: occupancy
Value into InfluxDB: 0.0
2025-04-21 11:15:00 [MQTT Call: JavaClientExample] INFO  com.example.mqtt.MessageData - Data sent to InfluxDBService: data/s/nhnacademy/b/gyeongnam_campus/p/pair_room/d/24e124617d159573/n/2/e/occupancy -> 0.0
2025-04-21 11:15:00 [MQTT Call: JavaClientExample] INFO  com.example.mqtt.MessageData - Topic: data/s/nhnacademy/b/gyeongnam_campus/p/pair_room/d/24e124617d159573/n/2/e/battery
Message Data:
time: 1745201699563
value: 33

2025-04-21 11:15:00 [MQTT Call: JavaClientExample] INFO  com.example.mqtt.InfluxDBService - Extracted tagkey -> location: pair_room, kind: 2, data: battery
Value into InfluxDB: 33.0
2025-04-21 11:15:00 [MQTT Call: JavaClientExample] INFO  com.example.mqtt.MessageData - Data sent to InfluxDBService: data/s/nhnacademy/b/gyeongnam_campus/p/pair_room/d/24e124617d159573/n/2/e/battery -> 33.0
2025-04-21 11:15:00 [MQTT Call: JavaClientExample] INFO  com.example.mqtt.MessageData - Topic: data/s/nhnacademy/b/gyeongnam_campus/p/pair_room/d/24e124617d159573/n/2/g/24e124fffef79304/e/lora
Message Data:
time: 1745201699563
value: 

2025-04-21 11:15:00 [MQTT Call: JavaClientExample] INFO  com.example.mqtt.InfluxDBService - Extracted tagkey -> location: pair_room, kind: 2, data: lora
Value into InfluxDB: 0.0
2025-04-21 11:15:00 [MQTT Call: JavaClientExample] INFO  com.example.mqtt.MessageData - Data sent to InfluxDBService: data/s/nhnacademy/b/gyeongnam_campus/p/pair_room/d/24e124617d159573/n/2/g/24e124fffef79304/e/lora -> 0.0
2025-04-21 11:15:03 [MQTT Call: JavaClientExample] INFO  com.example.mqtt.MessageData - Topic: data/s/nhnacademy/b/gyeongnam_campus/p/hive/d/24e124126c452091/sp/farm/n/스마트팜/e/temperature
Message Data:
time: 1745201702243
value: 24.5

2025-04-21 11:15:03 [MQTT Call: JavaClientExample] INFO  com.example.mqtt.InfluxDBService - Extracted tagkey -> location: hive, kind: 스마트팜, data: temperature
Value into InfluxDB: 24.5
2025-04-21 11:15:03 [MQTT Call: JavaClientExample] INFO  com.example.mqtt.MessageData - Data sent to InfluxDBService: data/s/nhnacademy/b/gyeongnam_campus/p/hive/d/24e124126c452091/sp/farm/n/스마트팜/e/temperature -> 24.5
2025-04-21 11:15:03 [MQTT Call: JavaClientExample] INFO  com.example.mqtt.MessageData - Topic: data/s/nhnacademy/b/gyeongnam_campus/p/hive/d/24e124126c452091/sp/farm/n/스마트팜/g/24e124fffef79304/e/lora
Message Data:
time: 1745201702243
value: 

2025-04-21 11:15:03 [MQTT Call: JavaClientExample] INFO  com.example.mqtt.InfluxDBService - Extracted tagkey -> location: hive, kind: 스마트팜, data: lora
Value into InfluxDB: 0.0
2025-04-21 11:15:03 [MQTT Call: JavaClientExample] INFO  com.example.mqtt.MessageData - Data sent to InfluxDBService: data/s/nhnacademy/b/gyeongnam_campus/p/hive/d/24e124126c452091/sp/farm/n/스마트팜/g/24e124fffef79304/e/lora -> 0.0
2025-04-21 11:15:03 [MQTT Call: JavaClientExample] INFO  com.example.mqtt.MessageData - Topic: data/s/nhnacademy/b/gyeongnam_campus/p/hive/d/24e124126c452091/sp/farm/n/스마트팜/g/24e124fffef5dccc/e/lora
Message Data:
time: 1745201702243
value: 

2025-04-21 11:15:03 [MQTT Call: JavaClientExample] INFO  com.example.mqtt.InfluxDBService - Extracted tagkey -> location: hive, kind: 스마트팜, data: lora
Value into InfluxDB: 0.0
2025-04-21 11:15:03 [MQTT Call: JavaClientExample] INFO  com.example.mqtt.MessageData - Data sent to InfluxDBService: data/s/nhnacademy/b/gyeongnam_campus/p/hive/d/24e124126c452091/sp/farm/n/스마트팜/g/24e124fffef5dccc/e/lora -> 0.0
2025-04-21 11:15:17 [MQTT Call: JavaClientExample] INFO  com.example.mqtt.MessageData - Topic: data/s/nhnacademy/b/gyeongnam_campus/p/hive/d/24e124725d081175/sp/8인 책상/n/8인 책상/e/co2
Message Data:
time: 1745201717244
value: 613

2025-04-21 11:15:17 [MQTT Call: JavaClientExample] INFO  com.example.mqtt.InfluxDBService - Extracted tagkey -> location: hive, kind: 8인 책상, data: co2
Value into InfluxDB: 613.0
2025-04-21 11:15:17 [MQTT Call: JavaClientExample] INFO  com.example.mqtt.MessageData - Data sent to InfluxDBService: data/s/nhnacademy/b/gyeongnam_campus/p/hive/d/24e124725d081175/sp/8인 책상/n/8인 책상/e/co2 -> 613.0
2025-04-21 11:15:17 [MQTT Call: JavaClientExample] INFO  com.example.mqtt.MessageData - Topic: data/s/nhnacademy/b/gyeongnam_campus/p/hive/d/24e124725d081175/sp/8인 책상/n/8인 책상/e/temperature
Message Data:
time: 1745201717244
value: 25.4

2025-04-21 11:15:17 [MQTT Call: JavaClientExample] INFO  com.example.mqtt.InfluxDBService - Extracted tagkey -> location: hive, kind: 8인 책상, data: temperature
Value into InfluxDB: 25.4
2025-04-21 11:15:17 [MQTT Call: JavaClientExample] INFO  com.example.mqtt.MessageData - Data sent to InfluxDBService: data/s/nhnacademy/b/gyeongnam_campus/p/hive/d/24e124725d081175/sp/8인 책상/n/8인 책상/e/temperature -> 25.4
2025-04-21 11:15:17 [MQTT Call: JavaClientExample] INFO  com.example.mqtt.MessageData - Topic: data/s/nhnacademy/b/gyeongnam_campus/p/hive/d/24e124725d081175/sp/8인 책상/n/8인 책상/e/humidity
Message Data:
time: 1745201717244
value: 42

2025-04-21 11:15:17 [MQTT Call: JavaClientExample] INFO  com.example.mqtt.InfluxDBService - Extracted tagkey -> location: hive, kind: 8인 책상, data: humidity
Value into InfluxDB: 42.0
2025-04-21 11:15:17 [MQTT Call: JavaClientExample] INFO  com.example.mqtt.MessageData - Data sent to InfluxDBService: data/s/nhnacademy/b/gyeongnam_campus/p/hive/d/24e124725d081175/sp/8인 책상/n/8인 책상/e/humidity -> 42.0
2025-04-21 11:15:17 [MQTT Call: JavaClientExample] INFO  com.example.mqtt.MessageData - Topic: data/s/nhnacademy/b/gyeongnam_campus/p/hive/d/24e124725d081175/sp/8인 책상/n/8인 책상/e/battery
Message Data:
time: 1745201717244
value: 77

2025-04-21 11:15:17 [MQTT Call: JavaClientExample] INFO  com.example.mqtt.InfluxDBService - Extracted tagkey -> location: hive, kind: 8인 책상, data: battery
Value into InfluxDB: 77.0
2025-04-21 11:15:17 [MQTT Call: JavaClientExample] INFO  com.example.mqtt.MessageData - Data sent to InfluxDBService: data/s/nhnacademy/b/gyeongnam_campus/p/hive/d/24e124725d081175/sp/8인 책상/n/8인 책상/e/battery -> 77.0
2025-04-21 11:15:17 [MQTT Call: JavaClientExample] INFO  com.example.mqtt.MessageData - Topic: data/s/nhnacademy/b/gyeongnam_campus/p/hive/d/24e124725d081175/sp/8인 책상/n/8인 책상/g/24e124fffef79304/e/lora
Message Data:
time: 1745201717244
value: 

2025-04-21 11:15:17 [MQTT Call: JavaClientExample] INFO  com.example.mqtt.InfluxDBService - Extracted tagkey -> location: hive, kind: 8인 책상, data: lora
Value into InfluxDB: 0.0
2025-04-21 11:15:17 [MQTT Call: JavaClientExample] INFO  com.example.mqtt.MessageData - Data sent to InfluxDBService: data/s/nhnacademy/b/gyeongnam_campus/p/hive/d/24e124725d081175/sp/8인 책상/n/8인 책상/g/24e124fffef79304/e/lora -> 0.0
2025-04-21 11:15:17 [MQTT Call: JavaClientExample] INFO  com.example.mqtt.MessageData - Topic: data/s/nhnacademy/b/gyeongnam_campus/p/hive/d/24e124725d081175/sp/8인 책상/n/8인 책상/g/24e124fffef5dccc/e/lora
Message Data:
time: 1745201717244
value: 

2025-04-21 11:15:17 [MQTT Call: JavaClientExample] INFO  com.example.mqtt.InfluxDBService - Extracted tagkey -> location: hive, kind: 8인 책상, data: lora
Value into InfluxDB: 0.0
2025-04-21 11:15:17 [MQTT Call: JavaClientExample] INFO  com.example.mqtt.MessageData - Data sent to InfluxDBService: data/s/nhnacademy/b/gyeongnam_campus/p/hive/d/24e124725d081175/sp/8인 책상/n/8인 책상/g/24e124fffef5dccc/e/lora -> 0.0
2025-04-21 11:15:18 [MQTT Call: JavaClientExample] INFO  com.example.mqtt.MessageData - Topic: data/s/nhnacademy/b/gyeongnam_campus/p/class_a/d/24e124128c067999/sp/입구/n/입구/e/humidity
Message Data:
time: 1745201717674
value: 45.5

2025-04-21 11:15:18 [MQTT Call: JavaClientExample] INFO  com.example.mqtt.InfluxDBService - Extracted tagkey -> location: class_a, kind: 입구, data: humidity
Value into InfluxDB: 45.5
2025-04-21 11:15:18 [MQTT Call: JavaClientExample] INFO  com.example.mqtt.MessageData - Data sent to InfluxDBService: data/s/nhnacademy/b/gyeongnam_campus/p/class_a/d/24e124128c067999/sp/입구/n/입구/e/humidity -> 45.5
2025-04-21 11:15:18 [MQTT Call: JavaClientExample] INFO  com.example.mqtt.MessageData - Topic: data/s/nhnacademy/b/gyeongnam_campus/p/class_a/d/24e124128c067999/sp/입구/n/입구/e/infrared
Message Data:
time: 1745201717674
value: 7

2025-04-21 11:15:18 [MQTT Call: JavaClientExample] INFO  com.example.mqtt.InfluxDBService - Extracted tagkey -> location: class_a, kind: 입구, data: infrared
Value into InfluxDB: 7.0
2025-04-21 11:15:18 [MQTT Call: JavaClientExample] INFO  com.example.mqtt.MessageData - Data sent to InfluxDBService: data/s/nhnacademy/b/gyeongnam_campus/p/class_a/d/24e124128c067999/sp/입구/n/입구/e/infrared -> 7.0
2025-04-21 11:15:18 [MQTT Call: JavaClientExample] INFO  com.example.mqtt.MessageData - Topic: data/s/nhnacademy/b/gyeongnam_campus/p/class_a/d/24e124128c067999/sp/입구/n/입구/e/co2
Message Data:
time: 1745201717674
value: 890

2025-04-21 11:15:18 [MQTT Call: JavaClientExample] INFO  com.example.mqtt.InfluxDBService - Extracted tagkey -> location: class_a, kind: 입구, data: co2
Value into InfluxDB: 890.0
2025-04-21 11:15:18 [MQTT Call: JavaClientExample] INFO  com.example.mqtt.MessageData - Data sent to InfluxDBService: data/s/nhnacademy/b/gyeongnam_campus/p/class_a/d/24e124128c067999/sp/입구/n/입구/e/co2 -> 890.0
2025-04-21 11:15:18 [MQTT Call: JavaClientExample] INFO  com.example.mqtt.MessageData - Topic: data/s/nhnacademy/b/gyeongnam_campus/p/class_a/d/24e124128c067999/sp/입구/n/입구/e/activity
Message Data:
time: 1745201717674
value: 0

2025-04-21 11:15:18 [MQTT Call: JavaClientExample] INFO  com.example.mqtt.InfluxDBService - Extracted tagkey -> location: class_a, kind: 입구, data: activity
Value into InfluxDB: 0.0
2025-04-21 11:15:18 [MQTT Call: JavaClientExample] INFO  com.example.mqtt.MessageData - Data sent to InfluxDBService: data/s/nhnacademy/b/gyeongnam_campus/p/class_a/d/24e124128c067999/sp/입구/n/입구/e/activity -> 0.0
2025-04-21 11:15:18 [MQTT Call: JavaClientExample] INFO  com.example.mqtt.MessageData - Topic: data/s/nhnacademy/b/gyeongnam_campus/p/class_a/d/24e124128c067999/sp/입구/n/입구/e/temperature
Message Data:
time: 1745201717674
value: 23.9

2025-04-21 11:15:18 [MQTT Call: JavaClientExample] INFO  com.example.mqtt.InfluxDBService - Extracted tagkey -> location: class_a, kind: 입구, data: temperature
Value into InfluxDB: 23.9
2025-04-21 11:15:18 [MQTT Call: JavaClientExample] INFO  com.example.mqtt.MessageData - Data sent to InfluxDBService: data/s/nhnacademy/b/gyeongnam_campus/p/class_a/d/24e124128c067999/sp/입구/n/입구/e/temperature -> 23.9
2025-04-21 11:15:18 [MQTT Call: JavaClientExample] INFO  com.example.mqtt.MessageData - Topic: data/s/nhnacademy/b/gyeongnam_campus/p/class_a/d/24e124128c067999/sp/입구/n/입구/e/infrared_and_visible
Message Data:
time: 1745201717674
value: 46

2025-04-21 11:15:18 [MQTT Call: JavaClientExample] INFO  com.example.mqtt.InfluxDBService - Extracted tagkey -> location: class_a, kind: 입구, data: infrared_and_visible
Value into InfluxDB: 46.0
2025-04-21 11:15:18 [MQTT Call: JavaClientExample] INFO  com.example.mqtt.MessageData - Data sent to InfluxDBService: data/s/nhnacademy/b/gyeongnam_campus/p/class_a/d/24e124128c067999/sp/입구/n/입구/e/infrared_and_visible -> 46.0
2025-04-21 11:15:18 [MQTT Call: JavaClientExample] INFO  com.example.mqtt.MessageData - Topic: data/s/nhnacademy/b/gyeongnam_campus/p/class_a/d/24e124128c067999/sp/입구/n/입구/e/tvoc
Message Data:
time: 1745201717674
value: 300

2025-04-21 11:15:18 [MQTT Call: JavaClientExample] INFO  com.example.mqtt.InfluxDBService - Extracted tagkey -> location: class_a, kind: 입구, data: tvoc
Value into InfluxDB: 300.0
2025-04-21 11:15:18 [MQTT Call: JavaClientExample] INFO  com.example.mqtt.MessageData - Data sent to InfluxDBService: data/s/nhnacademy/b/gyeongnam_campus/p/class_a/d/24e124128c067999/sp/입구/n/입구/e/tvoc -> 300.0
2025-04-21 11:15:18 [MQTT Call: JavaClientExample] INFO  com.example.mqtt.MessageData - Topic: data/s/nhnacademy/b/gyeongnam_campus/p/class_a/d/24e124128c067999/sp/입구/n/입구/e/pressure
Message Data:
time: 1745201717674
value: 1009.1

2025-04-21 11:15:18 [MQTT Call: JavaClientExample] INFO  com.example.mqtt.InfluxDBService - Extracted tagkey -> location: class_a, kind: 입구, data: pressure
Value into InfluxDB: 1009.1
2025-04-21 11:15:18 [MQTT Call: JavaClientExample] INFO  com.example.mqtt.MessageData - Data sent to InfluxDBService: data/s/nhnacademy/b/gyeongnam_campus/p/class_a/d/24e124128c067999/sp/입구/n/입구/e/pressure -> 1009.1
2025-04-21 11:15:18 [MQTT Call: JavaClientExample] INFO  com.example.mqtt.MessageData - Topic: data/s/nhnacademy/b/gyeongnam_campus/p/class_a/d/24e124128c067999/sp/입구/n/입구/e/illumination
Message Data:
time: 1745201717674
value: 67

2025-04-21 11:15:18 [MQTT Call: JavaClientExample] INFO  com.example.mqtt.InfluxDBService - Extracted tagkey -> location: class_a, kind: 입구, data: illumination
Value into InfluxDB: 67.0
2025-04-21 11:15:18 [MQTT Call: JavaClientExample] INFO  com.example.mqtt.MessageData - Data sent to InfluxDBService: data/s/nhnacademy/b/gyeongnam_campus/p/class_a/d/24e124128c067999/sp/입구/n/입구/e/illumination -> 67.0
2025-04-21 11:15:18 [MQTT Call: JavaClientExample] INFO  com.example.mqtt.MessageData - Topic: data/s/nhnacademy/b/gyeongnam_campus/p/class_a/d/24e124128c067999/sp/입구/n/입구/g/24e124fffef5dccc/e/lora
Message Data:
time: 1745201717674
value: 

2025-04-21 11:15:18 [MQTT Call: JavaClientExample] INFO  com.example.mqtt.InfluxDBService - Extracted tagkey -> location: class_a, kind: 입구, data: lora
Value into InfluxDB: 0.0
2025-04-21 11:15:18 [MQTT Call: JavaClientExample] INFO  com.example.mqtt.MessageData - Data sent to InfluxDBService: data/s/nhnacademy/b/gyeongnam_campus/p/class_a/d/24e124128c067999/sp/입구/n/입구/g/24e124fffef5dccc/e/lora -> 0.0
2025-04-21 11:15:18 [MQTT Call: JavaClientExample] INFO  com.example.mqtt.MessageData - Topic: data/s/nhnacademy/b/gyeongnam_campus/p/class_a/d/24e124128c067999/sp/입구/n/입구/g/24e124fffef79304/e/lora
Message Data:
time: 1745201717674
value: 

2025-04-21 11:15:18 [MQTT Call: JavaClientExample] INFO  com.example.mqtt.InfluxDBService - Extracted tagkey -> location: class_a, kind: 입구, data: lora
Value into InfluxDB: 0.0
2025-04-21 11:15:18 [MQTT Call: JavaClientExample] INFO  com.example.mqtt.MessageData - Data sent to InfluxDBService: data/s/nhnacademy/b/gyeongnam_campus/p/class_a/d/24e124128c067999/sp/입구/n/입구/g/24e124fffef79304/e/lora -> 0.0
2025-04-21 11:15:19 [MQTT Call: JavaClientExample] INFO  com.example.mqtt.MessageData - Topic: data/s/nhnacademy/b/gyeongnam_campus/p/hive/d/24e124785c389010/n/정수기 위/e/temperature
Message Data:
time: 1745201718888
value: 25.3

2025-04-21 11:15:19 [MQTT Call: JavaClientExample] INFO  com.example.mqtt.InfluxDBService - Extracted tagkey -> location: hive, kind: 정수기 위, data: temperature
Value into InfluxDB: 25.3
2025-04-21 11:15:19 [MQTT Call: JavaClientExample] INFO  com.example.mqtt.MessageData - Data sent to InfluxDBService: data/s/nhnacademy/b/gyeongnam_campus/p/hive/d/24e124785c389010/n/정수기 위/e/temperature -> 25.3
2025-04-21 11:15:20 [MQTT Call: JavaClientExample] INFO  com.example.mqtt.MessageData - Topic: data/s/nhnacademy/b/gyeongnam_campus/p/hive/d/24e124785c389010/n/정수기 위/e/battery
Message Data:
time: 1745201718888
value: 86

2025-04-21 11:15:20 [MQTT Call: JavaClientExample] INFO  com.example.mqtt.InfluxDBService - Extracted tagkey -> location: hive, kind: 정수기 위, data: battery
Value into InfluxDB: 86.0
2025-04-21 11:15:20 [MQTT Call: JavaClientExample] INFO  com.example.mqtt.MessageData - Data sent to InfluxDBService: data/s/nhnacademy/b/gyeongnam_campus/p/hive/d/24e124785c389010/n/정수기 위/e/battery -> 86.0
2025-04-21 11:15:20 [MQTT Call: JavaClientExample] INFO  com.example.mqtt.MessageData - Topic: data/s/nhnacademy/b/gyeongnam_campus/p/hive/d/24e124785c389010/n/정수기 위/e/humidity
Message Data:
time: 1745201718888
value: 41

2025-04-21 11:15:20 [MQTT Call: JavaClientExample] INFO  com.example.mqtt.InfluxDBService - Extracted tagkey -> location: hive, kind: 정수기 위, data: humidity
Value into InfluxDB: 41.0
2025-04-21 11:15:20 [MQTT Call: JavaClientExample] INFO  com.example.mqtt.MessageData - Data sent to InfluxDBService: data/s/nhnacademy/b/gyeongnam_campus/p/hive/d/24e124785c389010/n/정수기 위/e/humidity -> 41.0
2025-04-21 11:15:20 [MQTT Call: JavaClientExample] INFO  com.example.mqtt.MessageData - Topic: data/s/nhnacademy/b/gyeongnam_campus/p/hive/d/24e124785c389010/n/정수기 위/g/24e124fffef79304/e/lora
Message Data:
time: 1745201718888
value: 

2025-04-21 11:15:20 [MQTT Call: JavaClientExample] INFO  com.example.mqtt.InfluxDBService - Extracted tagkey -> location: hive, kind: 정수기 위, data: lora
Value into InfluxDB: 0.0
2025-04-21 11:15:20 [MQTT Call: JavaClientExample] INFO  com.example.mqtt.MessageData - Data sent to InfluxDBService: data/s/nhnacademy/b/gyeongnam_campus/p/hive/d/24e124785c389010/n/정수기 위/g/24e124fffef79304/e/lora -> 0.0
2025-04-21 11:15:20 [MQTT Call: JavaClientExample] INFO  com.example.mqtt.MessageData - Topic: data/s/nhnacademy/b/gyeongnam_campus/p/hive/d/24e124785c389010/n/정수기 위/g/24e124fffef5dccc/e/lora
Message Data:
time: 1745201718888
value: 

2025-04-21 11:15:20 [MQTT Call: JavaClientExample] INFO  com.example.mqtt.InfluxDBService - Extracted tagkey -> location: hive, kind: 정수기 위, data: lora
Value into InfluxDB: 0.0
2025-04-21 11:15:20 [MQTT Call: JavaClientExample] INFO  com.example.mqtt.MessageData - Data sent to InfluxDBService: data/s/nhnacademy/b/gyeongnam_campus/p/hive/d/24e124785c389010/n/정수기 위/g/24e124fffef5dccc/e/lora -> 0.0
2025-04-21 11:15:28 [MQTT Call: JavaClientExample] INFO  com.example.mqtt.MessageData - Topic: data/s/nhnacademy/b/gyeongnam_campus/p/server_room/d/24e124136d151368/n/입구/e/temperature
Message Data:
time: 1745201726416
value: 24.3

2025-04-21 11:15:28 [MQTT Call: JavaClientExample] INFO  com.example.mqtt.InfluxDBService - Extracted tagkey -> location: server_room, kind: 입구, data: temperature
Value into InfluxDB: 24.3
2025-04-21 11:15:28 [MQTT Call: JavaClientExample] INFO  com.example.mqtt.MessageData - Data sent to InfluxDBService: data/s/nhnacademy/b/gyeongnam_campus/p/server_room/d/24e124136d151368/n/입구/e/temperature -> 24.3
2025-04-21 11:15:28 [MQTT Call: JavaClientExample] INFO  com.example.mqtt.MessageData - Topic: data/s/nhnacademy/b/gyeongnam_campus/p/server_room/d/24e124136d151368/n/입구/e/humidity
Message Data:
time: 1745201726416
value: 46

2025-04-21 11:15:28 [MQTT Call: JavaClientExample] INFO  com.example.mqtt.InfluxDBService - Extracted tagkey -> location: server_room, kind: 입구, data: humidity
Value into InfluxDB: 46.0
2025-04-21 11:15:28 [MQTT Call: JavaClientExample] INFO  com.example.mqtt.MessageData - Data sent to InfluxDBService: data/s/nhnacademy/b/gyeongnam_campus/p/server_room/d/24e124136d151368/n/입구/e/humidity -> 46.0
2025-04-21 11:15:28 [MQTT Call: JavaClientExample] INFO  com.example.mqtt.MessageData - Topic: data/s/nhnacademy/b/gyeongnam_campus/p/server_room/d/24e124136d151368/n/입구/g/24e124fffef79304/e/lora
Message Data:
time: 1745201726416
value: 

2025-04-21 11:15:28 [MQTT Call: JavaClientExample] INFO  com.example.mqtt.InfluxDBService - Extracted tagkey -> location: server_room, kind: 입구, data: lora
Value into InfluxDB: 0.0
2025-04-21 11:15:28 [MQTT Call: JavaClientExample] INFO  com.example.mqtt.MessageData - Data sent to InfluxDBService: data/s/nhnacademy/b/gyeongnam_campus/p/server_room/d/24e124136d151368/n/입구/g/24e124fffef79304/e/lora -> 0.0
2025-04-21 11:15:28 [MQTT Call: JavaClientExample] INFO  com.example.mqtt.MessageData - Topic: data/s/nhnacademy/b/gyeongnam_campus/p/server_room/d/24e124136d151368/n/입구/g/24e124fffef5dccc/e/lora
Message Data:
time: 1745201726416
value: 

2025-04-21 11:15:28 [MQTT Call: JavaClientExample] INFO  com.example.mqtt.InfluxDBService - Extracted tagkey -> location: server_room, kind: 입구, data: lora
Value into InfluxDB: 0.0
2025-04-21 11:15:28 [MQTT Call: JavaClientExample] INFO  com.example.mqtt.MessageData - Data sent to InfluxDBService: data/s/nhnacademy/b/gyeongnam_campus/p/server_room/d/24e124136d151368/n/입구/g/24e124fffef5dccc/e/lora -> 0.0
2025-04-21 11:15:40 [MQTT Call: JavaClientExample] INFO  com.example.mqtt.MessageData - Topic: data/s/nhnacademy/b/gyeongnam_campus/p/hive/d/24e124126d111937/sp/farm/n/스마트팜/e/illumination
Message Data:
time: 1745201738904
value: 320

2025-04-21 11:15:40 [MQTT Call: JavaClientExample] INFO  com.example.mqtt.InfluxDBService - Extracted tagkey -> location: hive, kind: 스마트팜, data: illumination
Value into InfluxDB: 320.0
2025-04-21 11:15:40 [MQTT Call: JavaClientExample] INFO  com.example.mqtt.MessageData - Data sent to InfluxDBService: data/s/nhnacademy/b/gyeongnam_campus/p/hive/d/24e124126d111937/sp/farm/n/스마트팜/e/illumination -> 320.0
2025-04-21 11:15:40 [MQTT Call: JavaClientExample] INFO  com.example.mqtt.MessageData - Topic: data/s/nhnacademy/b/gyeongnam_campus/p/hive/d/24e124126d111937/sp/farm/n/스마트팜/g/24e124fffef5dccc/e/lora
Message Data:
time: 1745201738904
value: 

2025-04-21 11:15:40 [MQTT Call: JavaClientExample] INFO  com.example.mqtt.InfluxDBService - Extracted tagkey -> location: hive, kind: 스마트팜, data: lora
Value into InfluxDB: 0.0
2025-04-21 11:15:40 [MQTT Call: JavaClientExample] INFO  com.example.mqtt.MessageData - Data sent to InfluxDBService: data/s/nhnacademy/b/gyeongnam_campus/p/hive/d/24e124126d111937/sp/farm/n/스마트팜/g/24e124fffef5dccc/e/lora -> 0.0
2025-04-21 11:15:40 [MQTT Call: JavaClientExample] INFO  com.example.mqtt.MessageData - Topic: data/s/nhnacademy/b/gyeongnam_campus/p/hive/d/24e124126d111937/sp/farm/n/스마트팜/g/24e124fffef79304/e/lora
Message Data:
time: 1745201738904
value: 

2025-04-21 11:15:40 [MQTT Call: JavaClientExample] INFO  com.example.mqtt.InfluxDBService - Extracted tagkey -> location: hive, kind: 스마트팜, data: lora
Value into InfluxDB: 0.0
2025-04-21 11:15:40 [MQTT Call: JavaClientExample] INFO  com.example.mqtt.MessageData - Data sent to InfluxDBService: data/s/nhnacademy/b/gyeongnam_campus/p/hive/d/24e124126d111937/sp/farm/n/스마트팜/g/24e124fffef79304/e/lora -> 0.0
2025-04-21 11:15:46 [MQTT Call: JavaClientExample] INFO  com.example.mqtt.MessageData - Topic: data/s/nhnacademy/b/gyeongnam_campus/p/storage/d/24e124136d151547/n/입구/e/battery
Message Data:
time: 1745201746425
value: 1

2025-04-21 11:15:46 [MQTT Call: JavaClientExample] INFO  com.example.mqtt.InfluxDBService - Extracted tagkey -> location: storage, kind: 입구, data: battery
Value into InfluxDB: 1.0
2025-04-21 11:15:46 [MQTT Call: JavaClientExample] INFO  com.example.mqtt.MessageData - Data sent to InfluxDBService: data/s/nhnacademy/b/gyeongnam_campus/p/storage/d/24e124136d151547/n/입구/e/battery -> 1.0
2025-04-21 11:15:46 [MQTT Call: JavaClientExample] INFO  com.example.mqtt.MessageData - Topic: data/s/nhnacademy/b/gyeongnam_campus/p/storage/d/24e124136d151547/n/입구/e/temperature
Message Data:
time: 1745201746425
value: -0.1

2025-04-21 11:15:46 [MQTT Call: JavaClientExample] INFO  com.example.mqtt.InfluxDBService - Extracted tagkey -> location: storage, kind: 입구, data: temperature
Value into InfluxDB: -0.1
2025-04-21 11:15:46 [MQTT Call: JavaClientExample] INFO  com.example.mqtt.MessageData - Data sent to InfluxDBService: data/s/nhnacademy/b/gyeongnam_campus/p/storage/d/24e124136d151547/n/입구/e/temperature -> -0.1
2025-04-21 11:15:46 [MQTT Call: JavaClientExample] INFO  com.example.mqtt.MessageData - Topic: data/s/nhnacademy/b/gyeongnam_campus/p/storage/d/24e124136d151547/n/입구/e/humidity
Message Data:
time: 1745201746425
value: 127.5

2025-04-21 11:15:46 [MQTT Call: JavaClientExample] INFO  com.example.mqtt.InfluxDBService - Extracted tagkey -> location: storage, kind: 입구, data: humidity
Value into InfluxDB: 127.5
2025-04-21 11:15:46 [MQTT Call: JavaClientExample] INFO  com.example.mqtt.MessageData - Data sent to InfluxDBService: data/s/nhnacademy/b/gyeongnam_campus/p/storage/d/24e124136d151547/n/입구/e/humidity -> 127.5
2025-04-21 11:15:46 [MQTT Call: JavaClientExample] INFO  com.example.mqtt.MessageData - Topic: data/s/nhnacademy/b/gyeongnam_campus/p/storage/d/24e124136d151547/n/입구/g/24e124fffef5dccc/e/lora
Message Data:
time: 1745201746425
value: 

2025-04-21 11:15:46 [MQTT Call: JavaClientExample] INFO  com.example.mqtt.InfluxDBService - Extracted tagkey -> location: storage, kind: 입구, data: lora
Value into InfluxDB: 0.0
2025-04-21 11:15:46 [MQTT Call: JavaClientExample] INFO  com.example.mqtt.MessageData - Data sent to InfluxDBService: data/s/nhnacademy/b/gyeongnam_campus/p/storage/d/24e124136d151547/n/입구/g/24e124fffef5dccc/e/lora -> 0.0
2025-04-21 11:15:46 [MQTT Call: JavaClientExample] INFO  com.example.mqtt.MessageData - Topic: data/s/nhnacademy/b/gyeongnam_campus/p/storage/d/24e124136d151547/n/입구/g/24e124fffef79304/e/lora
Message Data:
time: 1745201746425
value: 

2025-04-21 11:15:46 [MQTT Call: JavaClientExample] INFO  com.example.mqtt.InfluxDBService - Extracted tagkey -> location: storage, kind: 입구, data: lora
Value into InfluxDB: 0.0
2025-04-21 11:15:46 [MQTT Call: JavaClientExample] INFO  com.example.mqtt.MessageData - Data sent to InfluxDBService: data/s/nhnacademy/b/gyeongnam_campus/p/storage/d/24e124136d151547/n/입구/g/24e124fffef79304/e/lora -> 0.0
2025-04-21 11:15:46 [MQTT Call: JavaClientExample] INFO  com.example.mqtt.MessageData - Topic: data/s/nhnacademy/b/gyeongnam_campus/p/storage/d/24e124136d151547/n/입구/e/temperature
Message Data:
time: 1745201746425
value: -0.1

2025-04-21 11:15:46 [MQTT Call: JavaClientExample] INFO  com.example.mqtt.InfluxDBService - Extracted tagkey -> location: storage, kind: 입구, data: temperature
Value into InfluxDB: -0.1
2025-04-21 11:15:46 [MQTT Call: JavaClientExample] INFO  com.example.mqtt.MessageData - Data sent to InfluxDBService: data/s/nhnacademy/b/gyeongnam_campus/p/storage/d/24e124136d151547/n/입구/e/temperature -> -0.1
2025-04-21 11:15:46 [MQTT Call: JavaClientExample] INFO  com.example.mqtt.MessageData - Topic: data/s/nhnacademy/b/gyeongnam_campus/p/storage/d/24e124136d151547/n/입구/e/humidity
Message Data:
time: 1745201746425
value: 127.5

2025-04-21 11:15:46 [MQTT Call: JavaClientExample] INFO  com.example.mqtt.InfluxDBService - Extracted tagkey -> location: storage, kind: 입구, data: humidity
Value into InfluxDB: 127.5
2025-04-21 11:15:46 [MQTT Call: JavaClientExample] INFO  com.example.mqtt.MessageData - Data sent to InfluxDBService: data/s/nhnacademy/b/gyeongnam_campus/p/storage/d/24e124136d151547/n/입구/e/humidity -> 127.5
2025-04-21 11:15:46 [MQTT Call: JavaClientExample] INFO  com.example.mqtt.MessageData - Topic: data/s/nhnacademy/b/gyeongnam_campus/p/storage/d/24e124136d151547/n/입구/e/battery
Message Data:
time: 1745201746425
value: 1

2025-04-21 11:15:46 [MQTT Call: JavaClientExample] INFO  com.example.mqtt.InfluxDBService - Extracted tagkey -> location: storage, kind: 입구, data: battery
Value into InfluxDB: 1.0
2025-04-21 11:15:46 [MQTT Call: JavaClientExample] INFO  com.example.mqtt.MessageData - Data sent to InfluxDBService: data/s/nhnacademy/b/gyeongnam_campus/p/storage/d/24e124136d151547/n/입구/e/battery -> 1.0
2025-04-21 11:15:46 [MQTT Call: JavaClientExample] INFO  com.example.mqtt.MessageData - Topic: data/s/nhnacademy/b/gyeongnam_campus/p/storage/d/24e124136d151547/n/입구/g/24e124fffef5dccc/e/lora
Message Data:
time: 1745201746425
value: 

2025-04-21 11:15:46 [MQTT Call: JavaClientExample] INFO  com.example.mqtt.InfluxDBService - Extracted tagkey -> location: storage, kind: 입구, data: lora
Value into InfluxDB: 0.0
2025-04-21 11:15:46 [MQTT Call: JavaClientExample] INFO  com.example.mqtt.MessageData - Data sent to InfluxDBService: data/s/nhnacademy/b/gyeongnam_campus/p/storage/d/24e124136d151547/n/입구/g/24e124fffef5dccc/e/lora -> 0.0
2025-04-21 11:15:46 [MQTT Call: JavaClientExample] INFO  com.example.mqtt.MessageData - Topic: data/s/nhnacademy/b/gyeongnam_campus/p/campus/d/gem3500_1/n/캠퍼스_LL/e/voltage
Message Data:
time: 1745201746836
value: 380.92

2025-04-21 11:15:46 [MQTT Call: JavaClientExample] INFO  com.example.mqtt.InfluxDBService - Extracted tagkey -> location: campus, kind: 캠퍼스_LL, data: voltage
Value into InfluxDB: 380.92
2025-04-21 11:15:46 [MQTT Call: JavaClientExample] INFO  com.example.mqtt.MessageData - Data sent to InfluxDBService: data/s/nhnacademy/b/gyeongnam_campus/p/campus/d/gem3500_1/n/캠퍼스_LL/e/voltage -> 380.92
2025-04-21 11:15:46 [MQTT Call: JavaClientExample] INFO  com.example.mqtt.MessageData - Topic: data/s/nhnacademy/b/gyeongnam_campus/p/campus/d/gem3500_1/n/캠퍼스_LN/e/voltage
Message Data:
time: 1745201746836
value: 219.92

2025-04-21 11:15:46 [MQTT Call: JavaClientExample] INFO  com.example.mqtt.InfluxDBService - Extracted tagkey -> location: campus, kind: 캠퍼스_LN, data: voltage
Value into InfluxDB: 219.92
2025-04-21 11:15:46 [MQTT Call: JavaClientExample] INFO  com.example.mqtt.MessageData - Data sent to InfluxDBService: data/s/nhnacademy/b/gyeongnam_campus/p/campus/d/gem3500_1/n/캠퍼스_LN/e/voltage -> 219.92
2025-04-21 11:15:46 [MQTT Call: JavaClientExample] INFO  com.example.mqtt.MessageData - Topic: data/s/nhnacademy/b/gyeongnam_campus/p/campus/d/gem3500_1/n/캠퍼스1/e/power_meter
Message Data:
time: 1745201746936
type: 5
leakageCurrent: 0
current: 2685
activePower: 4921
reactivePower: -1847
tapparentPower: 5877
powerFactor: 83.73
currentUnbalance: 54.32
lines: 

2025-04-21 11:15:46 [MQTT Call: JavaClientExample] WARN  com.example.mqtt.MessageData - No 'value' field found in message, skipping InfluxDB write.
2025-04-21 11:15:47 [MQTT Call: JavaClientExample] INFO  com.example.mqtt.MessageData - Topic: data/s/nhnacademy/b/gyeongnam_campus/p/campus/d/gem3500_1/n/전등1/e/power_meter
Message Data:
time: 1745201747036
type: 3
leakageCurrent: 0
current: 698
activePower: 1309
reactivePower: -329
tapparentPower: 1534
powerFactor: 85.28
currentUnbalance: 0
lines: 

2025-04-21 11:15:47 [MQTT Call: JavaClientExample] WARN  com.example.mqtt.MessageData - No 'value' field found in message, skipping InfluxDB write.
2025-04-21 11:15:47 [MQTT Call: JavaClientExample] INFO  com.example.mqtt.MessageData - Topic: data/s/nhnacademy/b/gyeongnam_campus/p/campus/d/gem3500_1/n/전등2/e/power_meter
Message Data:
time: 1745201747137
type: 1
leakageCurrent: 0
current: 568
activePower: 1138
reactivePower: -285
tapparentPower: 1256
powerFactor: 90.63
currentUnbalance: 0
lines: 

2025-04-21 11:15:47 [MQTT Call: JavaClientExample] WARN  com.example.mqtt.MessageData - No 'value' field found in message, skipping InfluxDB write.
2025-04-21 11:15:47 [MQTT Call: JavaClientExample] INFO  com.example.mqtt.MessageData - Topic: data/s/nhnacademy/b/gyeongnam_campus/p/campus/d/gem3500_1/n/전등3/e/power_meter
Message Data:
time: 1745201747239
type: 2
leakageCurrent: 0
current: 0
activePower: 0
reactivePower: 0
tapparentPower: 0
powerFactor: 0
currentUnbalance: 0
lines: 

2025-04-21 11:15:47 [MQTT Call: JavaClientExample] WARN  com.example.mqtt.MessageData - No 'value' field found in message, skipping InfluxDB write.
2025-04-21 11:15:47 [MQTT Call: JavaClientExample] INFO  com.example.mqtt.MessageData - Topic: data/s/nhnacademy/b/gyeongnam_campus/p/campus/d/gem3500_1/n/강의실b_바닥/e/power_meter
Message Data:
time: 1745201747340
type: 3
leakageCurrent: 0
current: 217
activePower: 355
reactivePower: -237
tapparentPower: 482
powerFactor: 73.63
currentUnbalance: 0
lines: 

2025-04-21 11:15:47 [MQTT Call: JavaClientExample] WARN  com.example.mqtt.MessageData - No 'value' field found in message, skipping InfluxDB write.
2025-04-21 11:15:47 [MQTT Call: JavaClientExample] INFO  com.example.mqtt.MessageData - Topic: data/s/nhnacademy/b/gyeongnam_campus/p/campus/d/gem3500_1/n/강의실a_바닥1/e/power_meter
Message Data:
time: 1745201747442
type: 1
leakageCurrent: 0
current: 340
activePower: 550
reactivePower: -374
tapparentPower: 718
powerFactor: 76.58
currentUnbalance: 0
lines: 

2025-04-21 11:15:47 [MQTT Call: JavaClientExample] WARN  com.example.mqtt.MessageData - No 'value' field found in message, skipping InfluxDB write.
2025-04-21 11:15:47 [MQTT Call: JavaClientExample] INFO  com.example.mqtt.MessageData - Topic: data/s/nhnacademy/b/gyeongnam_campus/p/campus/d/gem3500_1/n/강의실a_바닥2/e/power_meter
Message Data:
time: 1745201747544
type: 2
leakageCurrent: 0
current: 171
activePower: 297
reactivePower: -182
tapparentPower: 377
powerFactor: 78.98
currentUnbalance: 0
lines: 

2025-04-21 11:15:47 [MQTT Call: JavaClientExample] WARN  com.example.mqtt.MessageData - No 'value' field found in message, skipping InfluxDB write.
2025-04-21 11:15:47 [MQTT Call: JavaClientExample] INFO  com.example.mqtt.MessageData - Topic: data/s/nhnacademy/b/gyeongnam_campus/p/campus/d/gem3500_1/n/프로젝터1/e/power_meter
Message Data:
time: 1745201747644
type: 3
leakageCurrent: 0
current: 93
activePower: 117
reactivePower: -146
tapparentPower: 204
powerFactor: 57.64
currentUnbalance: 0
lines: 

2025-04-21 11:15:47 [MQTT Call: JavaClientExample] WARN  com.example.mqtt.MessageData - No 'value' field found in message, skipping InfluxDB write.
2025-04-21 11:15:47 [MQTT Call: JavaClientExample] INFO  com.example.mqtt.MessageData - Topic: data/s/nhnacademy/b/gyeongnam_campus/p/campus/d/gem3500_1/n/프로젝터2/e/power_meter
Message Data:
time: 1745201747746
type: 1
leakageCurrent: 0
current: 39
activePower: 50
reactivePower: -72
tapparentPower: 91
powerFactor: 55.26
currentUnbalance: 0
lines: 

2025-04-21 11:15:47 [MQTT Call: JavaClientExample] WARN  com.example.mqtt.MessageData - No 'value' field found in message, skipping InfluxDB write.
2025-04-21 11:15:47 [MQTT Call: JavaClientExample] INFO  com.example.mqtt.MessageData - Topic: data/s/nhnacademy/b/gyeongnam_campus/p/campus/d/gem3500_1/n/회의실/e/power_meter
Message Data:
time: 1745201747847
type: 2
leakageCurrent: 0
current: 14
activePower: 7
reactivePower: -28
tapparentPower: 33
powerFactor: 21.42
currentUnbalance: 0
lines: 

2025-04-21 11:15:47 [MQTT Call: JavaClientExample] WARN  com.example.mqtt.MessageData - No 'value' field found in message, skipping InfluxDB write.
2025-04-21 11:15:47 [MQTT Call: JavaClientExample] INFO  com.example.mqtt.MessageData - Topic: data/s/nhnacademy/b/gyeongnam_campus/p/campus/d/gem3500_1/n/서버실/e/power_meter
Message Data:
time: 1745201747950
type: 3
leakageCurrent: 0
current: 197
activePower: 389
reactivePower: -112
tapparentPower: 439
powerFactor: 88.52
currentUnbalance: 0
lines: 

2025-04-21 11:15:47 [MQTT Call: JavaClientExample] WARN  com.example.mqtt.MessageData - No 'value' field found in message, skipping InfluxDB write.
2025-04-21 11:15:48 [MQTT Call: JavaClientExample] INFO  com.example.mqtt.MessageData - Topic: data/s/nhnacademy/b/gyeongnam_campus/p/campus/d/gem3500_1/n/간판/e/power_meter
Message Data:
time: 1745201748051
type: 1
leakageCurrent: 0
current: 0
activePower: 0
reactivePower: 0
tapparentPower: 0
powerFactor: 0
currentUnbalance: 0
lines: 

2025-04-21 11:15:48 [MQTT Call: JavaClientExample] WARN  com.example.mqtt.MessageData - No 'value' field found in message, skipping InfluxDB write.
2025-04-21 11:15:48 [MQTT Call: JavaClientExample] INFO  com.example.mqtt.MessageData - Topic: data/s/nhnacademy/b/gyeongnam_campus/p/campus/d/gem3500_1/n/페어룸/e/power_meter
Message Data:
time: 1745201748153
type: 2
leakageCurrent: 0
current: 0
activePower: 0
reactivePower: 0
tapparentPower: 0
powerFactor: 0
currentUnbalance: 0
lines: 

2025-04-21 11:15:48 [MQTT Call: JavaClientExample] WARN  com.example.mqtt.MessageData - No 'value' field found in message, skipping InfluxDB write.
2025-04-21 11:15:48 [MQTT Call: JavaClientExample] INFO  com.example.mqtt.MessageData - Topic: data/s/nhnacademy/b/gyeongnam_campus/p/campus/d/gem3500_1/n/사무실_전열1/e/power_meter
Message Data:
time: 1745201748255
type: 3
leakageCurrent: 0
current: 82
activePower: 100
reactivePower: -55
tapparentPower: 180
powerFactor: 56
currentUnbalance: 0
lines: 

2025-04-21 11:15:48 [MQTT Call: JavaClientExample] WARN  com.example.mqtt.MessageData - No 'value' field found in message, skipping InfluxDB write.
2025-04-21 11:15:48 [MQTT Call: JavaClientExample] INFO  com.example.mqtt.MessageData - Topic: data/s/nhnacademy/b/gyeongnam_campus/p/campus/d/gem3500_1/n/사무실_전열2/e/power_meter
Message Data:
time: 1745201748357
type: 3
leakageCurrent: 0
current: 94
activePower: 100
reactivePower: -60
tapparentPower: 211
powerFactor: 47.72
currentUnbalance: 0
lines: 

2025-04-21 11:15:48 [MQTT Call: JavaClientExample] WARN  com.example.mqtt.MessageData - No 'value' field found in message, skipping InfluxDB write.
2025-04-21 11:15:48 [MQTT Call: JavaClientExample] INFO  com.example.mqtt.MessageData - Topic: data/s/nhnacademy/b/gyeongnam_campus/p/campus/d/gem3500_1/n/사무실_복사기/e/power_meter
Message Data:
time: 1745201748456
type: 1
leakageCurrent: 0
current: 91
activePower: 127
reactivePower: 156
tapparentPower: 201
powerFactor: 63.09
currentUnbalance: 0
lines: 

2025-04-21 11:15:48 [MQTT Call: JavaClientExample] WARN  com.example.mqtt.MessageData - No 'value' field found in message, skipping InfluxDB write.
2025-04-21 11:15:48 [MQTT Call: JavaClientExample] INFO  com.example.mqtt.MessageData - Topic: data/s/nhnacademy/b/gyeongnam_campus/p/campus/d/gem3500_1/n/빌트인_전열/e/power_meter
Message Data:
time: 1745201748558
type: 2
leakageCurrent: 0
current: 5
activePower: 4
reactivePower: -7
tapparentPower: 12
powerFactor: 40
currentUnbalance: 0
lines: 

2025-04-21 11:15:48 [MQTT Call: JavaClientExample] WARN  com.example.mqtt.MessageData - No 'value' field found in message, skipping InfluxDB write.
2025-04-21 11:15:48 [MQTT Call: JavaClientExample] INFO  com.example.mqtt.MessageData - Topic: data/s/nhnacademy/b/gyeongnam_campus/p/campus/d/gem3500_1/n/사무실_전열3/e/power_meter
Message Data:
time: 1745201748658
type: 3
leakageCurrent: 0
current: 0
activePower: 0
reactivePower: 0
tapparentPower: 0
powerFactor: 0
currentUnbalance: 0
lines: 

2025-04-21 11:15:48 [MQTT Call: JavaClientExample] WARN  com.example.mqtt.MessageData - No 'value' field found in message, skipping InfluxDB write.
2025-04-21 11:15:48 [MQTT Call: JavaClientExample] INFO  com.example.mqtt.MessageData - Topic: data/s/nhnacademy/b/gyeongnam_campus/p/campus/d/gem3500_1/n/정수기/e/power_meter
Message Data:
time: 1745201748760
type: 1
leakageCurrent: 0
current: 7
activePower: 2
reactivePower: -16
tapparentPower: 16
powerFactor: 14.28
currentUnbalance: 0
lines: 

2025-04-21 11:15:48 [MQTT Call: JavaClientExample] WARN  com.example.mqtt.MessageData - No 'value' field found in message, skipping InfluxDB write.
2025-04-21 11:15:48 [MQTT Call: JavaClientExample] INFO  com.example.mqtt.MessageData - Topic: data/s/nhnacademy/b/gyeongnam_campus/p/campus/d/gem3500_1/n/하이브_전열/e/power_meter
Message Data:
time: 1745201748862
type: 2
leakageCurrent: 0
current: 64
activePower: 122
reactivePower: -45
tapparentPower: 141
powerFactor: 86.44
currentUnbalance: 0
lines: 

2025-04-21 11:15:48 [MQTT Call: JavaClientExample] WARN  com.example.mqtt.MessageData - No 'value' field found in message, skipping InfluxDB write.
2025-04-21 11:15:48 [MQTT Call: JavaClientExample] INFO  com.example.mqtt.MessageData - Topic: data/s/nhnacademy/b/gyeongnam_campus/p/campus/d/gem3500_1/n/바텐_전열/e/power_meter
Message Data:
time: 1745201748962
type: 3
leakageCurrent: 0
current: 0
activePower: 0
reactivePower: 0
tapparentPower: 0
powerFactor: 0
currentUnbalance: 0
lines: 

2025-04-21 11:15:48 [MQTT Call: JavaClientExample] WARN  com.example.mqtt.MessageData - No 'value' field found in message, skipping InfluxDB write.
2025-04-21 11:15:49 [MQTT Call: JavaClientExample] INFO  com.example.mqtt.MessageData - Topic: data/s/nhnacademy/b/gyeongnam_campus/p/campus/d/gem3500_1/n/S_P/e/power_meter
Message Data:
time: 1745201749066
type: 1
leakageCurrent: 0
current: 0
activePower: 0
reactivePower: 0
tapparentPower: 0
powerFactor: 0
currentUnbalance: 0
lines: 

2025-04-21 11:15:49 [MQTT Call: JavaClientExample] WARN  com.example.mqtt.MessageData - No 'value' field found in message, skipping InfluxDB write.
2025-04-21 11:15:49 [MQTT Call: JavaClientExample] INFO  com.example.mqtt.MessageData - Topic: data/s/nhnacademy/b/gyeongnam_campus/p/campus/d/gem3500_1/n/공조기/e/power_meter
Message Data:
time: 1745201749166
type: 2
leakageCurrent: 0
current: 199
activePower: 225
reactivePower: -24
tapparentPower: 439
powerFactor: 51.36
currentUnbalance: 0
lines: 

2025-04-21 11:15:49 [MQTT Call: JavaClientExample] WARN  com.example.mqtt.MessageData - No 'value' field found in message, skipping InfluxDB write.
2025-04-21 11:15:49 [MQTT Call: JavaClientExample] INFO  com.example.mqtt.MessageData - Topic: data/s/nhnacademy/b/gyeongnam_campus/p/campus/d/gem3500_1/n/AC/e/power_meter
Message Data:
time: 1745201749266
type: 3
leakageCurrent: 0
current: 18
activePower: 14
reactivePower: -24
tapparentPower: 38
powerFactor: 37.5
currentUnbalance: 0
lines: 

2025-04-21 11:15:49 [MQTT Call: JavaClientExample] WARN  com.example.mqtt.MessageData - No 'value' field found in message, skipping InfluxDB write.
2025-04-21 11:15:49 [MQTT Call: JavaClientExample] INFO  com.example.mqtt.MessageData - Topic: data/s/nhnacademy/b/gyeongnam_campus/p/class_a/d/24e124126d152969/n/왼쪽 뒤/e/temperature
Message Data:
time: 1745201749598
value: 23

2025-04-21 11:15:49 [MQTT Call: JavaClientExample] INFO  com.example.mqtt.InfluxDBService - Extracted tagkey -> location: class_a, kind: 왼쪽 뒤, data: temperature
Value into InfluxDB: 23.0
2025-04-21 11:15:49 [MQTT Call: JavaClientExample] INFO  com.example.mqtt.MessageData - Data sent to InfluxDBService: data/s/nhnacademy/b/gyeongnam_campus/p/class_a/d/24e124126d152969/n/왼쪽 뒤/e/temperature -> 23.0
2025-04-21 11:15:49 [MQTT Call: JavaClientExample] INFO  com.example.mqtt.MessageData - Topic: data/s/nhnacademy/b/gyeongnam_campus/p/class_a/d/24e124126d152969/n/왼쪽 뒤/e/pressure
Message Data:
time: 1745201749598
value: 1016.8

2025-04-21 11:15:49 [MQTT Call: JavaClientExample] INFO  com.example.mqtt.InfluxDBService - Extracted tagkey -> location: class_a, kind: 왼쪽 뒤, data: pressure
Value into InfluxDB: 1016.8
2025-04-21 11:15:49 [MQTT Call: JavaClientExample] INFO  com.example.mqtt.MessageData - Data sent to InfluxDBService: data/s/nhnacademy/b/gyeongnam_campus/p/class_a/d/24e124126d152969/n/왼쪽 뒤/e/pressure -> 1016.8
2025-04-21 11:15:49 [MQTT Call: JavaClientExample] INFO  com.example.mqtt.MessageData - Topic: data/s/nhnacademy/b/gyeongnam_campus/p/class_a/d/24e124126d152969/n/왼쪽 뒤/e/co2
Message Data:
time: 1745201749598
value: 971

2025-04-21 11:15:49 [MQTT Call: JavaClientExample] INFO  com.example.mqtt.InfluxDBService - Extracted tagkey -> location: class_a, kind: 왼쪽 뒤, data: co2
Value into InfluxDB: 971.0
2025-04-21 11:15:49 [MQTT Call: JavaClientExample] INFO  com.example.mqtt.MessageData - Data sent to InfluxDBService: data/s/nhnacademy/b/gyeongnam_campus/p/class_a/d/24e124126d152969/n/왼쪽 뒤/e/co2 -> 971.0
2025-04-21 11:15:49 [MQTT Call: JavaClientExample] INFO  com.example.mqtt.MessageData - Topic: data/s/nhnacademy/b/gyeongnam_campus/p/class_a/d/24e124126d152969/n/왼쪽 뒤/e/humidity
Message Data:
time: 1745201749598
value: 51

2025-04-21 11:15:49 [MQTT Call: JavaClientExample] INFO  com.example.mqtt.InfluxDBService - Extracted tagkey -> location: class_a, kind: 왼쪽 뒤, data: humidity
Value into InfluxDB: 51.0
2025-04-21 11:15:49 [MQTT Call: JavaClientExample] INFO  com.example.mqtt.MessageData - Data sent to InfluxDBService: data/s/nhnacademy/b/gyeongnam_campus/p/class_a/d/24e124126d152969/n/왼쪽 뒤/e/humidity -> 51.0
2025-04-21 11:15:50 [MQTT Call: JavaClientExample] INFO  com.example.mqtt.MessageData - Topic: data/s/nhnacademy/b/gyeongnam_campus/p/class_a/d/24e124126d152969/n/왼쪽 뒤/g/24e124fffef5dccc/e/lora
Message Data:
time: 1745201749598
value: 

2025-04-21 11:15:50 [MQTT Call: JavaClientExample] INFO  com.example.mqtt.InfluxDBService - Extracted tagkey -> location: class_a, kind: 왼쪽 뒤, data: lora
Value into InfluxDB: 0.0
2025-04-21 11:15:50 [MQTT Call: JavaClientExample] INFO  com.example.mqtt.MessageData - Data sent to InfluxDBService: data/s/nhnacademy/b/gyeongnam_campus/p/class_a/d/24e124126d152969/n/왼쪽 뒤/g/24e124fffef5dccc/e/lora -> 0.0
2025-04-21 11:15:50 [MQTT Call: JavaClientExample] INFO  com.example.mqtt.MessageData - Topic: data/s/nhnacademy/b/gyeongnam_campus/p/class_a/d/24e124126d152969/n/왼쪽 뒤/g/24e124fffef79304/e/lora
Message Data:
time: 1745201749598
value: 

2025-04-21 11:15:50 [MQTT Call: JavaClientExample] INFO  com.example.mqtt.InfluxDBService - Extracted tagkey -> location: class_a, kind: 왼쪽 뒤, data: lora
Value into InfluxDB: 0.0
2025-04-21 11:15:50 [MQTT Call: JavaClientExample] INFO  com.example.mqtt.MessageData - Data sent to InfluxDBService: data/s/nhnacademy/b/gyeongnam_campus/p/class_a/d/24e124126d152969/n/왼쪽 뒤/g/24e124fffef79304/e/lora -> 0.0
2025-04-21 11:16:03 [MQTT Call: JavaClientExample] INFO  com.example.mqtt.MessageData - Topic: data/s/nhnacademy/b/gyeongnam_campus/p/hive/d/24e124126c452091/sp/farm/n/스마트팜/e/temperature
Message Data:
time: 1745201762899
value: 24.5

2025-04-21 11:16:03 [MQTT Call: JavaClientExample] INFO  com.example.mqtt.InfluxDBService - Extracted tagkey -> location: hive, kind: 스마트팜, data: temperature
Value into InfluxDB: 24.5
2025-04-21 11:16:03 [MQTT Call: JavaClientExample] INFO  com.example.mqtt.MessageData - Data sent to InfluxDBService: data/s/nhnacademy/b/gyeongnam_campus/p/hive/d/24e124126c452091/sp/farm/n/스마트팜/e/temperature -> 24.5
2025-04-21 11:16:03 [MQTT Call: JavaClientExample] INFO  com.example.mqtt.MessageData - Topic: data/s/nhnacademy/b/gyeongnam_campus/p/hive/d/24e124126c452091/sp/farm/n/스마트팜/g/24e124fffef5dccc/e/lora
Message Data:
time: 1745201762899
value: 

2025-04-21 11:16:03 [MQTT Call: JavaClientExample] INFO  com.example.mqtt.InfluxDBService - Extracted tagkey -> location: hive, kind: 스마트팜, data: lora
Value into InfluxDB: 0.0
2025-04-21 11:16:03 [MQTT Call: JavaClientExample] INFO  com.example.mqtt.MessageData - Data sent to InfluxDBService: data/s/nhnacademy/b/gyeongnam_campus/p/hive/d/24e124126c452091/sp/farm/n/스마트팜/g/24e124fffef5dccc/e/lora -> 0.0
2025-04-21 11:16:03 [MQTT Call: JavaClientExample] INFO  com.example.mqtt.MessageData - Topic: data/s/nhnacademy/b/gyeongnam_campus/p/hive/d/24e124126c452091/sp/farm/n/스마트팜/g/24e124fffef79304/e/lora
Message Data:
time: 1745201762899
value: 

2025-04-21 11:16:03 [MQTT Call: JavaClientExample] INFO  com.example.mqtt.InfluxDBService - Extracted tagkey -> location: hive, kind: 스마트팜, data: lora
Value into InfluxDB: 0.0
2025-04-21 11:16:03 [MQTT Call: JavaClientExample] INFO  com.example.mqtt.MessageData - Data sent to InfluxDBService: data/s/nhnacademy/b/gyeongnam_campus/p/hive/d/24e124126c452091/sp/farm/n/스마트팜/g/24e124fffef79304/e/lora -> 0.0
2025-04-21 11:16:04 [MQTT Call: JavaClientExample] INFO  com.example.mqtt.MessageData - Topic: data/s/nhnacademy/b/gyeongnam_campus/p/pair_room/d/24e124617d159573/n/2/e/battery
Message Data:
time: 1745201764550
value: 33

2025-04-21 11:16:04 [MQTT Call: JavaClientExample] INFO  com.example.mqtt.InfluxDBService - Extracted tagkey -> location: pair_room, kind: 2, data: battery
Value into InfluxDB: 33.0
2025-04-21 11:16:04 [MQTT Call: JavaClientExample] INFO  com.example.mqtt.MessageData - Data sent to InfluxDBService: data/s/nhnacademy/b/gyeongnam_campus/p/pair_room/d/24e124617d159573/n/2/e/battery -> 33.0
2025-04-21 11:16:04 [MQTT Call: JavaClientExample] INFO  com.example.mqtt.MessageData - Topic: data/s/nhnacademy/b/gyeongnam_campus/p/pair_room/d/24e124617d159573/n/2/e/distance
Message Data:
time: 1745201764550
value: 2235

2025-04-21 11:16:04 [MQTT Call: JavaClientExample] INFO  com.example.mqtt.InfluxDBService - Extracted tagkey -> location: pair_room, kind: 2, data: distance
Value into InfluxDB: 2235.0
2025-04-21 11:16:04 [MQTT Call: JavaClientExample] INFO  com.example.mqtt.MessageData - Data sent to InfluxDBService: data/s/nhnacademy/b/gyeongnam_campus/p/pair_room/d/24e124617d159573/n/2/e/distance -> 2235.0
2025-04-21 11:16:04 [MQTT Call: JavaClientExample] INFO  com.example.mqtt.MessageData - Topic: data/s/nhnacademy/b/gyeongnam_campus/p/pair_room/d/24e124617d159573/n/2/e/occupancy
Message Data:
time: 1745201764550
value: 0

2025-04-21 11:16:04 [MQTT Call: JavaClientExample] INFO  com.example.mqtt.InfluxDBService - Extracted tagkey -> location: pair_room, kind: 2, data: occupancy
Value into InfluxDB: 0.0
2025-04-21 11:16:04 [MQTT Call: JavaClientExample] INFO  com.example.mqtt.MessageData - Data sent to InfluxDBService: data/s/nhnacademy/b/gyeongnam_campus/p/pair_room/d/24e124617d159573/n/2/e/occupancy -> 0.0
2025-04-21 11:16:04 [MQTT Call: JavaClientExample] INFO  com.example.mqtt.MessageData - Topic: data/s/nhnacademy/b/gyeongnam_campus/p/pair_room/d/24e124617d159573/n/2/g/24e124fffef5dccc/e/lora
Message Data:
time: 1745201764550
value: 

2025-04-21 11:16:04 [MQTT Call: JavaClientExample] INFO  com.example.mqtt.InfluxDBService - Extracted tagkey -> location: pair_room, kind: 2, data: lora
Value into InfluxDB: 0.0
2025-04-21 11:16:04 [MQTT Call: JavaClientExample] INFO  com.example.mqtt.MessageData - Data sent to InfluxDBService: data/s/nhnacademy/b/gyeongnam_campus/p/pair_room/d/24e124617d159573/n/2/g/24e124fffef5dccc/e/lora -> 0.0
2025-04-21 11:16:04 [MQTT Call: JavaClientExample] INFO  com.example.mqtt.MessageData - Topic: data/s/nhnacademy/b/gyeongnam_campus/p/pair_room/d/24e124617d159573/n/2/g/24e124fffef79304/e/lora
Message Data:
time: 1745201764550
value: 

2025-04-21 11:16:04 [MQTT Call: JavaClientExample] INFO  com.example.mqtt.InfluxDBService - Extracted tagkey -> location: pair_room, kind: 2, data: lora
Value into InfluxDB: 0.0
2025-04-21 11:16:04 [MQTT Call: JavaClientExample] INFO  com.example.mqtt.MessageData - Data sent to InfluxDBService: data/s/nhnacademy/b/gyeongnam_campus/p/pair_room/d/24e124617d159573/n/2/g/24e124fffef79304/e/lora -> 0.0
2025-04-21 11:16:09 [MQTT Call: JavaClientExample] INFO  com.example.mqtt.MessageData - Topic: data/s/nhnacademy/b/gyeongnam_campus/p/office/d/24e124126d152919/n/보드/e/co2
Message Data:
time: 1745201769337
value: 710

2025-04-21 11:16:09 [MQTT Call: JavaClientExample] INFO  com.example.mqtt.InfluxDBService - Extracted tagkey -> location: office, kind: 보드, data: co2
Value into InfluxDB: 710.0
2025-04-21 11:16:09 [MQTT Call: JavaClientExample] INFO  com.example.mqtt.MessageData - Data sent to InfluxDBService: data/s/nhnacademy/b/gyeongnam_campus/p/office/d/24e124126d152919/n/보드/e/co2 -> 710.0
2025-04-21 11:16:10 [MQTT Call: JavaClientExample] INFO  com.example.mqtt.MessageData - Topic: data/s/nhnacademy/b/gyeongnam_campus/p/office/d/24e124126d152919/n/보드/e/temperature
Message Data:
time: 1745201769337
value: 23.5

2025-04-21 11:16:10 [MQTT Call: JavaClientExample] INFO  com.example.mqtt.InfluxDBService - Extracted tagkey -> location: office, kind: 보드, data: temperature
Value into InfluxDB: 23.5
2025-04-21 11:16:10 [MQTT Call: JavaClientExample] INFO  com.example.mqtt.MessageData - Data sent to InfluxDBService: data/s/nhnacademy/b/gyeongnam_campus/p/office/d/24e124126d152919/n/보드/e/temperature -> 23.5
2025-04-21 11:16:10 [MQTT Call: JavaClientExample] INFO  com.example.mqtt.MessageData - Topic: data/s/nhnacademy/b/gyeongnam_campus/p/office/d/24e124126d152919/n/보드/e/humidity
Message Data:
time: 1745201769337
value: 47.5

2025-04-21 11:16:10 [MQTT Call: JavaClientExample] INFO  com.example.mqtt.InfluxDBService - Extracted tagkey -> location: office, kind: 보드, data: humidity
Value into InfluxDB: 47.5
2025-04-21 11:16:10 [MQTT Call: JavaClientExample] INFO  com.example.mqtt.MessageData - Data sent to InfluxDBService: data/s/nhnacademy/b/gyeongnam_campus/p/office/d/24e124126d152919/n/보드/e/humidity -> 47.5
2025-04-21 11:16:10 [MQTT Call: JavaClientExample] INFO  com.example.mqtt.MessageData - Topic: data/s/nhnacademy/b/gyeongnam_campus/p/office/d/24e124126d152919/n/보드/e/pressure
Message Data:
time: 1745201769337
value: 1016.7

2025-04-21 11:16:10 [MQTT Call: JavaClientExample] INFO  com.example.mqtt.InfluxDBService - Extracted tagkey -> location: office, kind: 보드, data: pressure
Value into InfluxDB: 1016.7
2025-04-21 11:16:10 [MQTT Call: JavaClientExample] INFO  com.example.mqtt.MessageData - Data sent to InfluxDBService: data/s/nhnacademy/b/gyeongnam_campus/p/office/d/24e124126d152919/n/보드/e/pressure -> 1016.7
2025-04-21 11:16:10 [MQTT Call: JavaClientExample] INFO  com.example.mqtt.MessageData - Topic: data/s/nhnacademy/b/gyeongnam_campus/p/office/d/24e124126d152919/n/보드/g/24e124fffef5dccc/e/lora
Message Data:
time: 1745201769337
value: 

2025-04-21 11:16:10 [MQTT Call: JavaClientExample] INFO  com.example.mqtt.InfluxDBService - Extracted tagkey -> location: office, kind: 보드, data: lora
Value into InfluxDB: 0.0
2025-04-21 11:16:10 [MQTT Call: JavaClientExample] INFO  com.example.mqtt.MessageData - Data sent to InfluxDBService: data/s/nhnacademy/b/gyeongnam_campus/p/office/d/24e124126d152919/n/보드/g/24e124fffef5dccc/e/lora -> 0.0
2025-04-21 11:16:10 [MQTT Call: JavaClientExample] INFO  com.example.mqtt.MessageData - Topic: data/s/nhnacademy/b/gyeongnam_campus/p/office/d/24e124126d152919/n/보드/g/24e124fffef79304/e/lora
Message Data:
time: 1745201769337
value: 

2025-04-21 11:16:10 [MQTT Call: JavaClientExample] INFO  com.example.mqtt.InfluxDBService - Extracted tagkey -> location: office, kind: 보드, data: lora
Value into InfluxDB: 0.0
2025-04-21 11:16:10 [MQTT Call: JavaClientExample] INFO  com.example.mqtt.MessageData - Data sent to InfluxDBService: data/s/nhnacademy/b/gyeongnam_campus/p/office/d/24e124126d152919/n/보드/g/24e124fffef79304/e/lora -> 0.0
2025-04-21 11:16:12 [MQTT Call: JavaClientExample] INFO  com.example.mqtt.MessageData - Topic: data/s/nhnacademy/b/gyeongnam_campus/p/hive/d/24e124725d081175/sp/8인 책상/n/8인 책상/e/temperature
Message Data:
time: 1745201771693
value: 25.5

2025-04-21 11:16:12 [MQTT Call: JavaClientExample] INFO  com.example.mqtt.InfluxDBService - Extracted tagkey -> location: hive, kind: 8인 책상, data: temperature
Value into InfluxDB: 25.5
2025-04-21 11:16:12 [MQTT Call: JavaClientExample] INFO  com.example.mqtt.MessageData - Data sent to InfluxDBService: data/s/nhnacademy/b/gyeongnam_campus/p/hive/d/24e124725d081175/sp/8인 책상/n/8인 책상/e/temperature -> 25.5
2025-04-21 11:16:12 [MQTT Call: JavaClientExample] INFO  com.example.mqtt.MessageData - Topic: data/s/nhnacademy/b/gyeongnam_campus/p/hive/d/24e124725d081175/sp/8인 책상/n/8인 책상/e/battery
Message Data:
time: 1745201771693
value: 77

2025-04-21 11:16:12 [MQTT Call: JavaClientExample] INFO  com.example.mqtt.InfluxDBService - Extracted tagkey -> location: hive, kind: 8인 책상, data: battery
Value into InfluxDB: 77.0
2025-04-21 11:16:12 [MQTT Call: JavaClientExample] INFO  com.example.mqtt.MessageData - Data sent to InfluxDBService: data/s/nhnacademy/b/gyeongnam_campus/p/hive/d/24e124725d081175/sp/8인 책상/n/8인 책상/e/battery -> 77.0
2025-04-21 11:16:12 [MQTT Call: JavaClientExample] INFO  com.example.mqtt.MessageData - Topic: data/s/nhnacademy/b/gyeongnam_campus/p/hive/d/24e124725d081175/sp/8인 책상/n/8인 책상/e/co2
Message Data:
time: 1745201771693
value: 613

2025-04-21 11:16:12 [MQTT Call: JavaClientExample] INFO  com.example.mqtt.InfluxDBService - Extracted tagkey -> location: hive, kind: 8인 책상, data: co2
Value into InfluxDB: 613.0
2025-04-21 11:16:12 [MQTT Call: JavaClientExample] INFO  com.example.mqtt.MessageData - Data sent to InfluxDBService: data/s/nhnacademy/b/gyeongnam_campus/p/hive/d/24e124725d081175/sp/8인 책상/n/8인 책상/e/co2 -> 613.0
2025-04-21 11:16:12 [MQTT Call: JavaClientExample] INFO  com.example.mqtt.MessageData - Topic: data/s/nhnacademy/b/gyeongnam_campus/p/hive/d/24e124725d081175/sp/8인 책상/n/8인 책상/e/humidity
Message Data:
time: 1745201771693
value: 42

2025-04-21 11:16:12 [MQTT Call: JavaClientExample] INFO  com.example.mqtt.InfluxDBService - Extracted tagkey -> location: hive, kind: 8인 책상, data: humidity
Value into InfluxDB: 42.0
2025-04-21 11:16:12 [MQTT Call: JavaClientExample] INFO  com.example.mqtt.MessageData - Data sent to InfluxDBService: data/s/nhnacademy/b/gyeongnam_campus/p/hive/d/24e124725d081175/sp/8인 책상/n/8인 책상/e/humidity -> 42.0
2025-04-21 11:16:12 [MQTT Call: JavaClientExample] INFO  com.example.mqtt.MessageData - Topic: data/s/nhnacademy/b/gyeongnam_campus/p/hive/d/24e124725d081175/sp/8인 책상/n/8인 책상/g/24e124fffef79304/e/lora
Message Data:
time: 1745201771693
value: 

2025-04-21 11:16:12 [MQTT Call: JavaClientExample] INFO  com.example.mqtt.InfluxDBService - Extracted tagkey -> location: hive, kind: 8인 책상, data: lora
Value into InfluxDB: 0.0
2025-04-21 11:16:12 [MQTT Call: JavaClientExample] INFO  com.example.mqtt.MessageData - Data sent to InfluxDBService: data/s/nhnacademy/b/gyeongnam_campus/p/hive/d/24e124725d081175/sp/8인 책상/n/8인 책상/g/24e124fffef79304/e/lora -> 0.0
2025-04-21 11:16:12 [MQTT Call: JavaClientExample] INFO  com.example.mqtt.MessageData - Topic: data/s/nhnacademy/b/gyeongnam_campus/p/hive/d/24e124725d081175/sp/8인 책상/n/8인 책상/g/24e124fffef5dccc/e/lora
Message Data:
time: 1745201771693
value: 

2025-04-21 11:16:12 [MQTT Call: JavaClientExample] INFO  com.example.mqtt.InfluxDBService - Extracted tagkey -> location: hive, kind: 8인 책상, data: lora
Value into InfluxDB: 0.0
2025-04-21 11:16:12 [MQTT Call: JavaClientExample] INFO  com.example.mqtt.MessageData - Data sent to InfluxDBService: data/s/nhnacademy/b/gyeongnam_campus/p/hive/d/24e124725d081175/sp/8인 책상/n/8인 책상/g/24e124fffef5dccc/e/lora -> 0.0
2025-04-21 11:16:17 [MQTT Call: JavaClientExample] INFO  com.example.mqtt.MessageData - Topic: data/s/nhnacademy/b/gyeongnam_campus/p/class_a/d/24e124128c067999/sp/입구/n/입구/e/temperature
Message Data:
time: 1745201777649
value: 23.9

2025-04-21 11:16:17 [MQTT Call: JavaClientExample] INFO  com.example.mqtt.InfluxDBService - Extracted tagkey -> location: class_a, kind: 입구, data: temperature
Value into InfluxDB: 23.9
2025-04-21 11:16:17 [MQTT Call: JavaClientExample] INFO  com.example.mqtt.MessageData - Data sent to InfluxDBService: data/s/nhnacademy/b/gyeongnam_campus/p/class_a/d/24e124128c067999/sp/입구/n/입구/e/temperature -> 23.9
2025-04-21 11:16:18 [MQTT Call: JavaClientExample] INFO  com.example.mqtt.MessageData - Topic: data/s/nhnacademy/b/gyeongnam_campus/p/class_a/d/24e124128c067999/sp/입구/n/입구/e/infrared_and_visible
Message Data:
time: 1745201777649
value: 46

2025-04-21 11:16:18 [MQTT Call: JavaClientExample] INFO  com.example.mqtt.InfluxDBService - Extracted tagkey -> location: class_a, kind: 입구, data: infrared_and_visible
Value into InfluxDB: 46.0
2025-04-21 11:16:18 [MQTT Call: JavaClientExample] INFO  com.example.mqtt.MessageData - Data sent to InfluxDBService: data/s/nhnacademy/b/gyeongnam_campus/p/class_a/d/24e124128c067999/sp/입구/n/입구/e/infrared_and_visible -> 46.0
2025-04-21 11:16:18 [MQTT Call: JavaClientExample] INFO  com.example.mqtt.MessageData - Topic: data/s/nhnacademy/b/gyeongnam_campus/p/class_a/d/24e124128c067999/sp/입구/n/입구/e/activity
Message Data:
time: 1745201777649
value: 0

2025-04-21 11:16:18 [MQTT Call: JavaClientExample] INFO  com.example.mqtt.InfluxDBService - Extracted tagkey -> location: class_a, kind: 입구, data: activity
Value into InfluxDB: 0.0
2025-04-21 11:16:18 [MQTT Call: JavaClientExample] INFO  com.example.mqtt.MessageData - Data sent to InfluxDBService: data/s/nhnacademy/b/gyeongnam_campus/p/class_a/d/24e124128c067999/sp/입구/n/입구/e/activity -> 0.0
2025-04-21 11:16:18 [MQTT Call: JavaClientExample] INFO  com.example.mqtt.MessageData - Topic: data/s/nhnacademy/b/gyeongnam_campus/p/class_a/d/24e124128c067999/sp/입구/n/입구/e/humidity
Message Data:
time: 1745201777649
value: 45.5

2025-04-21 11:16:18 [MQTT Call: JavaClientExample] INFO  com.example.mqtt.InfluxDBService - Extracted tagkey -> location: class_a, kind: 입구, data: humidity
Value into InfluxDB: 45.5
2025-04-21 11:16:18 [MQTT Call: JavaClientExample] INFO  com.example.mqtt.MessageData - Data sent to InfluxDBService: data/s/nhnacademy/b/gyeongnam_campus/p/class_a/d/24e124128c067999/sp/입구/n/입구/e/humidity -> 45.5
2025-04-21 11:16:18 [MQTT Call: JavaClientExample] INFO  com.example.mqtt.MessageData - Topic: data/s/nhnacademy/b/gyeongnam_campus/p/class_a/d/24e124128c067999/sp/입구/n/입구/e/infrared
Message Data:
time: 1745201777649
value: 7

2025-04-21 11:16:18 [MQTT Call: JavaClientExample] INFO  com.example.mqtt.InfluxDBService - Extracted tagkey -> location: class_a, kind: 입구, data: infrared
Value into InfluxDB: 7.0
2025-04-21 11:16:18 [MQTT Call: JavaClientExample] INFO  com.example.mqtt.MessageData - Data sent to InfluxDBService: data/s/nhnacademy/b/gyeongnam_campus/p/class_a/d/24e124128c067999/sp/입구/n/입구/e/infrared -> 7.0
2025-04-21 11:16:18 [MQTT Call: JavaClientExample] INFO  com.example.mqtt.MessageData - Topic: data/s/nhnacademy/b/gyeongnam_campus/p/class_a/d/24e124128c067999/sp/입구/n/입구/e/co2
Message Data:
time: 1745201777649
value: 912

2025-04-21 11:16:18 [MQTT Call: JavaClientExample] INFO  com.example.mqtt.InfluxDBService - Extracted tagkey -> location: class_a, kind: 입구, data: co2
Value into InfluxDB: 912.0
2025-04-21 11:16:18 [MQTT Call: JavaClientExample] INFO  com.example.mqtt.MessageData - Data sent to InfluxDBService: data/s/nhnacademy/b/gyeongnam_campus/p/class_a/d/24e124128c067999/sp/입구/n/입구/e/co2 -> 912.0
2025-04-21 11:16:18 [MQTT Call: JavaClientExample] INFO  com.example.mqtt.MessageData - Topic: data/s/nhnacademy/b/gyeongnam_campus/p/class_a/d/24e124128c067999/sp/입구/n/입구/e/pressure
Message Data:
time: 1745201777649
value: 1009.1

2025-04-21 11:16:18 [MQTT Call: JavaClientExample] INFO  com.example.mqtt.InfluxDBService - Extracted tagkey -> location: class_a, kind: 입구, data: pressure
Value into InfluxDB: 1009.1
2025-04-21 11:16:18 [MQTT Call: JavaClientExample] INFO  com.example.mqtt.MessageData - Data sent to InfluxDBService: data/s/nhnacademy/b/gyeongnam_campus/p/class_a/d/24e124128c067999/sp/입구/n/입구/e/pressure -> 1009.1
2025-04-21 11:16:18 [MQTT Call: JavaClientExample] INFO  com.example.mqtt.MessageData - Topic: data/s/nhnacademy/b/gyeongnam_campus/p/class_a/d/24e124128c067999/sp/입구/n/입구/e/illumination
Message Data:
time: 1745201777649
value: 67

2025-04-21 11:16:18 [MQTT Call: JavaClientExample] INFO  com.example.mqtt.InfluxDBService - Extracted tagkey -> location: class_a, kind: 입구, data: illumination
Value into InfluxDB: 67.0
2025-04-21 11:16:18 [MQTT Call: JavaClientExample] INFO  com.example.mqtt.MessageData - Data sent to InfluxDBService: data/s/nhnacademy/b/gyeongnam_campus/p/class_a/d/24e124128c067999/sp/입구/n/입구/e/illumination -> 67.0
2025-04-21 11:16:18 [MQTT Call: JavaClientExample] INFO  com.example.mqtt.MessageData - Topic: data/s/nhnacademy/b/gyeongnam_campus/p/class_a/d/24e124128c067999/sp/입구/n/입구/e/tvoc
Message Data:
time: 1745201777649
value: 298

2025-04-21 11:16:18 [MQTT Call: JavaClientExample] INFO  com.example.mqtt.InfluxDBService - Extracted tagkey -> location: class_a, kind: 입구, data: tvoc
Value into InfluxDB: 298.0
2025-04-21 11:16:18 [MQTT Call: JavaClientExample] INFO  com.example.mqtt.MessageData - Data sent to InfluxDBService: data/s/nhnacademy/b/gyeongnam_campus/p/class_a/d/24e124128c067999/sp/입구/n/입구/e/tvoc -> 298.0
2025-04-21 11:16:18 [MQTT Call: JavaClientExample] INFO  com.example.mqtt.MessageData - Topic: data/s/nhnacademy/b/gyeongnam_campus/p/class_a/d/24e124128c067999/sp/입구/n/입구/g/24e124fffef5dccc/e/lora
Message Data:
time: 1745201777649
value: 

2025-04-21 11:16:18 [MQTT Call: JavaClientExample] INFO  com.example.mqtt.InfluxDBService - Extracted tagkey -> location: class_a, kind: 입구, data: lora
Value into InfluxDB: 0.0
2025-04-21 11:16:18 [MQTT Call: JavaClientExample] INFO  com.example.mqtt.MessageData - Data sent to InfluxDBService: data/s/nhnacademy/b/gyeongnam_campus/p/class_a/d/24e124128c067999/sp/입구/n/입구/g/24e124fffef5dccc/e/lora -> 0.0
2025-04-21 11:16:18 [MQTT Call: JavaClientExample] INFO  com.example.mqtt.MessageData - Topic: data/s/nhnacademy/b/gyeongnam_campus/p/class_a/d/24e124128c067999/sp/입구/n/입구/g/24e124fffef79304/e/lora
Message Data:
time: 1745201777649
value: 

2025-04-21 11:16:18 [MQTT Call: JavaClientExample] INFO  com.example.mqtt.InfluxDBService - Extracted tagkey -> location: class_a, kind: 입구, data: lora
Value into InfluxDB: 0.0
2025-04-21 11:16:18 [MQTT Call: JavaClientExample] INFO  com.example.mqtt.MessageData - Data sent to InfluxDBService: data/s/nhnacademy/b/gyeongnam_campus/p/class_a/d/24e124128c067999/sp/입구/n/입구/g/24e124fffef79304/e/lora -> 0.0
2025-04-21 11:16:19 [MQTT Call: JavaClientExample] INFO  com.example.mqtt.MessageData - Topic: data/s/nhnacademy/b/gyeongnam_campus/p/hive/d/24e124785c389010/n/정수기 위/e/temperature
Message Data:
time: 1745201778883
value: 25.3

2025-04-21 11:16:19 [MQTT Call: JavaClientExample] INFO  com.example.mqtt.InfluxDBService - Extracted tagkey -> location: hive, kind: 정수기 위, data: temperature
Value into InfluxDB: 25.3
2025-04-21 11:16:19 [MQTT Call: JavaClientExample] INFO  com.example.mqtt.MessageData - Data sent to InfluxDBService: data/s/nhnacademy/b/gyeongnam_campus/p/hive/d/24e124785c389010/n/정수기 위/e/temperature -> 25.3
2025-04-21 11:16:19 [MQTT Call: JavaClientExample] INFO  com.example.mqtt.MessageData - Topic: data/s/nhnacademy/b/gyeongnam_campus/p/hive/d/24e124785c389010/n/정수기 위/e/humidity
Message Data:
time: 1745201778883
value: 41

2025-04-21 11:16:19 [MQTT Call: JavaClientExample] INFO  com.example.mqtt.InfluxDBService - Extracted tagkey -> location: hive, kind: 정수기 위, data: humidity
Value into InfluxDB: 41.0
2025-04-21 11:16:19 [MQTT Call: JavaClientExample] INFO  com.example.mqtt.MessageData - Data sent to InfluxDBService: data/s/nhnacademy/b/gyeongnam_campus/p/hive/d/24e124785c389010/n/정수기 위/e/humidity -> 41.0
2025-04-21 11:16:19 [MQTT Call: JavaClientExample] INFO  com.example.mqtt.MessageData - Topic: data/s/nhnacademy/b/gyeongnam_campus/p/hive/d/24e124785c389010/n/정수기 위/e/battery
Message Data:
time: 1745201778883
value: 86

2025-04-21 11:16:19 [MQTT Call: JavaClientExample] INFO  com.example.mqtt.InfluxDBService - Extracted tagkey -> location: hive, kind: 정수기 위, data: battery
Value into InfluxDB: 86.0
2025-04-21 11:16:19 [MQTT Call: JavaClientExample] INFO  com.example.mqtt.MessageData - Data sent to InfluxDBService: data/s/nhnacademy/b/gyeongnam_campus/p/hive/d/24e124785c389010/n/정수기 위/e/battery -> 86.0
2025-04-21 11:16:19 [MQTT Call: JavaClientExample] INFO  com.example.mqtt.MessageData - Topic: data/s/nhnacademy/b/gyeongnam_campus/p/hive/d/24e124785c389010/n/정수기 위/g/24e124fffef79304/e/lora
Message Data:
time: 1745201778883
value: 

2025-04-21 11:16:19 [MQTT Call: JavaClientExample] INFO  com.example.mqtt.InfluxDBService - Extracted tagkey -> location: hive, kind: 정수기 위, data: lora
Value into InfluxDB: 0.0
2025-04-21 11:16:19 [MQTT Call: JavaClientExample] INFO  com.example.mqtt.MessageData - Data sent to InfluxDBService: data/s/nhnacademy/b/gyeongnam_campus/p/hive/d/24e124785c389010/n/정수기 위/g/24e124fffef79304/e/lora -> 0.0
2025-04-21 11:16:19 [MQTT Call: JavaClientExample] INFO  com.example.mqtt.MessageData - Topic: data/s/nhnacademy/b/gyeongnam_campus/p/hive/d/24e124785c389010/n/정수기 위/g/24e124fffef5dccc/e/lora
Message Data:
time: 1745201778883
value: 

2025-04-21 11:16:19 [MQTT Call: JavaClientExample] INFO  com.example.mqtt.InfluxDBService - Extracted tagkey -> location: hive, kind: 정수기 위, data: lora
Value into InfluxDB: 0.0
2025-04-21 11:16:19 [MQTT Call: JavaClientExample] INFO  com.example.mqtt.MessageData - Data sent to InfluxDBService: data/s/nhnacademy/b/gyeongnam_campus/p/hive/d/24e124785c389010/n/정수기 위/g/24e124fffef5dccc/e/lora -> 0.0
2025-04-21 11:16:26 [MQTT Call: JavaClientExample] INFO  com.example.mqtt.MessageData - Topic: data/s/nhnacademy/b/gyeongnam_campus/p/server_room/d/24e124136d151368/n/입구/e/temperature
Message Data:
time: 1745201786384
value: 24.4

2025-04-21 11:16:26 [MQTT Call: JavaClientExample] INFO  com.example.mqtt.InfluxDBService - Extracted tagkey -> location: server_room, kind: 입구, data: temperature
Value into InfluxDB: 24.4
2025-04-21 11:16:26 [MQTT Call: JavaClientExample] INFO  com.example.mqtt.MessageData - Data sent to InfluxDBService: data/s/nhnacademy/b/gyeongnam_campus/p/server_room/d/24e124136d151368/n/입구/e/temperature -> 24.4
2025-04-21 11:16:27 [MQTT Call: JavaClientExample] INFO  com.example.mqtt.MessageData - Topic: data/s/nhnacademy/b/gyeongnam_campus/p/server_room/d/24e124136d151368/n/입구/e/humidity
Message Data:
time: 1745201786384
value: 45.5

2025-04-21 11:16:27 [MQTT Call: JavaClientExample] INFO  com.example.mqtt.InfluxDBService - Extracted tagkey -> location: server_room, kind: 입구, data: humidity
Value into InfluxDB: 45.5
2025-04-21 11:16:27 [MQTT Call: JavaClientExample] INFO  com.example.mqtt.MessageData - Data sent to InfluxDBService: data/s/nhnacademy/b/gyeongnam_campus/p/server_room/d/24e124136d151368/n/입구/e/humidity -> 45.5
2025-04-21 11:16:27 [MQTT Call: JavaClientExample] INFO  com.example.mqtt.MessageData - Topic: data/s/nhnacademy/b/gyeongnam_campus/p/server_room/d/24e124136d151368/n/입구/g/24e124fffef5dccc/e/lora
Message Data:
time: 1745201786384
value: 

2025-04-21 11:16:27 [MQTT Call: JavaClientExample] INFO  com.example.mqtt.InfluxDBService - Extracted tagkey -> location: server_room, kind: 입구, data: lora
Value into InfluxDB: 0.0
2025-04-21 11:16:27 [MQTT Call: JavaClientExample] INFO  com.example.mqtt.MessageData - Data sent to InfluxDBService: data/s/nhnacademy/b/gyeongnam_campus/p/server_room/d/24e124136d151368/n/입구/g/24e124fffef5dccc/e/lora -> 0.0
2025-04-21 11:16:27 [MQTT Call: JavaClientExample] INFO  com.example.mqtt.MessageData - Topic: data/s/nhnacademy/b/gyeongnam_campus/p/server_room/d/24e124136d151368/n/입구/g/24e124fffef79304/e/lora
Message Data:
time: 1745201786384
value: 

2025-04-21 11:16:27 [MQTT Call: JavaClientExample] INFO  com.example.mqtt.InfluxDBService - Extracted tagkey -> location: server_room, kind: 입구, data: lora
Value into InfluxDB: 0.0
2025-04-21 11:16:27 [MQTT Call: JavaClientExample] INFO  com.example.mqtt.MessageData - Data sent to InfluxDBService: data/s/nhnacademy/b/gyeongnam_campus/p/server_room/d/24e124136d151368/n/입구/g/24e124fffef79304/e/lora -> 0.0
2025-04-21 11:16:40 [MQTT Call: JavaClientExample] INFO  com.example.mqtt.MessageData - Topic: data/s/nhnacademy/b/gyeongnam_campus/p/hive/d/24e124126d111937/sp/farm/n/스마트팜/e/illumination
Message Data:
time: 1745201800444
value: 320

2025-04-21 11:16:40 [MQTT Call: JavaClientExample] INFO  com.example.mqtt.InfluxDBService - Extracted tagkey -> location: hive, kind: 스마트팜, data: illumination
Value into InfluxDB: 320.0
2025-04-21 11:16:40 [MQTT Call: JavaClientExample] INFO  com.example.mqtt.MessageData - Data sent to InfluxDBService: data/s/nhnacademy/b/gyeongnam_campus/p/hive/d/24e124126d111937/sp/farm/n/스마트팜/e/illumination -> 320.0
2025-04-21 11:16:40 [MQTT Call: JavaClientExample] INFO  com.example.mqtt.MessageData - Topic: data/s/nhnacademy/b/gyeongnam_campus/p/hive/d/24e124126d111937/sp/farm/n/스마트팜/g/24e124fffef79304/e/lora
Message Data:
time: 1745201800444
value: 

2025-04-21 11:16:40 [MQTT Call: JavaClientExample] INFO  com.example.mqtt.InfluxDBService - Extracted tagkey -> location: hive, kind: 스마트팜, data: lora
Value into InfluxDB: 0.0
2025-04-21 11:16:40 [MQTT Call: JavaClientExample] INFO  com.example.mqtt.MessageData - Data sent to InfluxDBService: data/s/nhnacademy/b/gyeongnam_campus/p/hive/d/24e124126d111937/sp/farm/n/스마트팜/g/24e124fffef79304/e/lora -> 0.0
2025-04-21 11:16:40 [MQTT Call: JavaClientExample] INFO  com.example.mqtt.MessageData - Topic: data/s/nhnacademy/b/gyeongnam_campus/p/hive/d/24e124126d111937/sp/farm/n/스마트팜/e/illumination
Message Data:
time: 1745201800444
value: 320

2025-04-21 11:16:40 [MQTT Call: JavaClientExample] INFO  com.example.mqtt.InfluxDBService - Extracted tagkey -> location: hive, kind: 스마트팜, data: illumination
Value into InfluxDB: 320.0
2025-04-21 11:16:40 [MQTT Call: JavaClientExample] INFO  com.example.mqtt.MessageData - Data sent to InfluxDBService: data/s/nhnacademy/b/gyeongnam_campus/p/hive/d/24e124126d111937/sp/farm/n/스마트팜/e/illumination -> 320.0
2025-04-21 11:16:40 [MQTT Call: JavaClientExample] INFO  com.example.mqtt.MessageData - Topic: data/s/nhnacademy/b/gyeongnam_campus/p/hive/d/24e124126d111937/sp/farm/n/스마트팜/g/24e124fffef79304/e/lora
Message Data:
time: 1745201800444
value: 

2025-04-21 11:16:40 [MQTT Call: JavaClientExample] INFO  com.example.mqtt.InfluxDBService - Extracted tagkey -> location: hive, kind: 스마트팜, data: lora
Value into InfluxDB: 0.0
2025-04-21 11:16:40 [MQTT Call: JavaClientExample] INFO  com.example.mqtt.MessageData - Data sent to InfluxDBService: data/s/nhnacademy/b/gyeongnam_campus/p/hive/d/24e124126d111937/sp/farm/n/스마트팜/g/24e124fffef79304/e/lora -> 0.0
2025-04-21 11:16:40 [MQTT Call: JavaClientExample] INFO  com.example.mqtt.MessageData - Topic: data/s/nhnacademy/b/gyeongnam_campus/p/hive/d/24e124126d111937/sp/farm/n/스마트팜/g/24e124fffef5dccc/e/lora
Message Data:
time: 1745201800444
value: 

2025-04-21 11:16:40 [MQTT Call: JavaClientExample] INFO  com.example.mqtt.InfluxDBService - Extracted tagkey -> location: hive, kind: 스마트팜, data: lora
Value into InfluxDB: 0.0
2025-04-21 11:16:40 [MQTT Call: JavaClientExample] INFO  com.example.mqtt.MessageData - Data sent to InfluxDBService: data/s/nhnacademy/b/gyeongnam_campus/p/hive/d/24e124126d111937/sp/farm/n/스마트팜/g/24e124fffef5dccc/e/lora -> 0.0
2025-04-21 11:16:47 [MQTT Call: JavaClientExample] INFO  com.example.mqtt.MessageData - Topic: data/s/nhnacademy/b/gyeongnam_campus/p/storage/d/24e124136d151547/n/입구/e/battery
Message Data:
time: 1745201806425
value: 1

2025-04-21 11:16:47 [MQTT Call: JavaClientExample] INFO  com.example.mqtt.InfluxDBService - Extracted tagkey -> location: storage, kind: 입구, data: battery
Value into InfluxDB: 1.0
2025-04-21 11:16:47 [MQTT Call: JavaClientExample] INFO  com.example.mqtt.MessageData - Data sent to InfluxDBService: data/s/nhnacademy/b/gyeongnam_campus/p/storage/d/24e124136d151547/n/입구/e/battery -> 1.0
2025-04-21 11:16:47 [MQTT Call: JavaClientExample] INFO  com.example.mqtt.MessageData - Topic: data/s/nhnacademy/b/gyeongnam_campus/p/storage/d/24e124136d151547/n/입구/e/humidity
Message Data:
time: 1745201806425
value: 127.5

2025-04-21 11:16:47 [MQTT Call: JavaClientExample] INFO  com.example.mqtt.InfluxDBService - Extracted tagkey -> location: storage, kind: 입구, data: humidity
Value into InfluxDB: 127.5
2025-04-21 11:16:47 [MQTT Call: JavaClientExample] INFO  com.example.mqtt.MessageData - Data sent to InfluxDBService: data/s/nhnacademy/b/gyeongnam_campus/p/storage/d/24e124136d151547/n/입구/e/humidity -> 127.5
2025-04-21 11:16:47 [MQTT Call: JavaClientExample] INFO  com.example.mqtt.MessageData - Topic: data/s/nhnacademy/b/gyeongnam_campus/p/storage/d/24e124136d151547/n/입구/e/temperature
Message Data:
time: 1745201806425
value: -0.1

2025-04-21 11:16:47 [MQTT Call: JavaClientExample] INFO  com.example.mqtt.InfluxDBService - Extracted tagkey -> location: storage, kind: 입구, data: temperature
Value into InfluxDB: -0.1
2025-04-21 11:16:47 [MQTT Call: JavaClientExample] INFO  com.example.mqtt.MessageData - Data sent to InfluxDBService: data/s/nhnacademy/b/gyeongnam_campus/p/storage/d/24e124136d151547/n/입구/e/temperature -> -0.1
2025-04-21 11:16:47 [MQTT Call: JavaClientExample] INFO  com.example.mqtt.MessageData - Topic: data/s/nhnacademy/b/gyeongnam_campus/p/storage/d/24e124136d151547/n/입구/g/24e124fffef79304/e/lora
Message Data:
time: 1745201806425
value: 

2025-04-21 11:16:47 [MQTT Call: JavaClientExample] INFO  com.example.mqtt.InfluxDBService - Extracted tagkey -> location: storage, kind: 입구, data: lora
Value into InfluxDB: 0.0
2025-04-21 11:16:47 [MQTT Call: JavaClientExample] INFO  com.example.mqtt.MessageData - Data sent to InfluxDBService: data/s/nhnacademy/b/gyeongnam_campus/p/storage/d/24e124136d151547/n/입구/g/24e124fffef79304/e/lora -> 0.0
2025-04-21 11:16:47 [MQTT Call: JavaClientExample] INFO  com.example.mqtt.MessageData - Topic: data/s/nhnacademy/b/gyeongnam_campus/p/storage/d/24e124136d151547/n/입구/g/24e124fffef5dccc/e/lora
Message Data:
time: 1745201806425
value: 

2025-04-21 11:16:47 [MQTT Call: JavaClientExample] INFO  com.example.mqtt.InfluxDBService - Extracted tagkey -> location: storage, kind: 입구, data: lora
Value into InfluxDB: 0.0
2025-04-21 11:16:47 [MQTT Call: JavaClientExample] INFO  com.example.mqtt.MessageData - Data sent to InfluxDBService: data/s/nhnacademy/b/gyeongnam_campus/p/storage/d/24e124136d151547/n/입구/g/24e124fffef5dccc/e/lora -> 0.0
2025-04-21 11:16:47 [MQTT Call: JavaClientExample] INFO  com.example.mqtt.MessageData - Topic: data/s/nhnacademy/b/gyeongnam_campus/p/campus/d/gem3500_1/n/캠퍼스_LL/e/voltage
Message Data:
time: 1745201806839
value: 380.86

2025-04-21 11:16:47 [MQTT Call: JavaClientExample] INFO  com.example.mqtt.InfluxDBService - Extracted tagkey -> location: campus, kind: 캠퍼스_LL, data: voltage
Value into InfluxDB: 380.86
2025-04-21 11:16:47 [MQTT Call: JavaClientExample] INFO  com.example.mqtt.MessageData - Data sent to InfluxDBService: data/s/nhnacademy/b/gyeongnam_campus/p/campus/d/gem3500_1/n/캠퍼스_LL/e/voltage -> 380.86
2025-04-21 11:16:47 [MQTT Call: JavaClientExample] INFO  com.example.mqtt.MessageData - Topic: data/s/nhnacademy/b/gyeongnam_campus/p/campus/d/gem3500_1/n/캠퍼스_LN/e/voltage
Message Data:
time: 1745201806839
value: 219.89

2025-04-21 11:16:47 [MQTT Call: JavaClientExample] INFO  com.example.mqtt.InfluxDBService - Extracted tagkey -> location: campus, kind: 캠퍼스_LN, data: voltage
Value into InfluxDB: 219.89
2025-04-21 11:16:47 [MQTT Call: JavaClientExample] INFO  com.example.mqtt.MessageData - Data sent to InfluxDBService: data/s/nhnacademy/b/gyeongnam_campus/p/campus/d/gem3500_1/n/캠퍼스_LN/e/voltage -> 219.89
2025-04-21 11:16:47 [MQTT Call: JavaClientExample] INFO  com.example.mqtt.MessageData - Topic: data/s/nhnacademy/b/gyeongnam_campus/p/campus/d/gem3500_1/n/캠퍼스1/e/power_meter
Message Data:
time: 1745201806937
type: 5
leakageCurrent: 0
current: 2800
activePower: 5217
reactivePower: -1796
tapparentPower: 6139
powerFactor: 84.98
currentUnbalance: 54.68
lines: 

2025-04-21 11:16:47 [MQTT Call: JavaClientExample] WARN  com.example.mqtt.MessageData - No 'value' field found in message, skipping InfluxDB write.
2025-04-21 11:16:47 [MQTT Call: JavaClientExample] INFO  com.example.mqtt.MessageData - Topic: data/s/nhnacademy/b/gyeongnam_campus/p/campus/d/gem3500_1/n/전등1/e/power_meter
Message Data:
time: 1745201807037
type: 3
leakageCurrent: 0
current: 698
activePower: 1306
reactivePower: -328
tapparentPower: 1534
powerFactor: 85.13
currentUnbalance: 0
lines: 

2025-04-21 11:16:47 [MQTT Call: JavaClientExample] WARN  com.example.mqtt.MessageData - No 'value' field found in message, skipping InfluxDB write.
2025-04-21 11:16:47 [MQTT Call: JavaClientExample] INFO  com.example.mqtt.MessageData - Topic: data/s/nhnacademy/b/gyeongnam_campus/p/campus/d/gem3500_1/n/전등2/e/power_meter
Message Data:
time: 1745201807139
type: 1
leakageCurrent: 0
current: 568
activePower: 1138
reactivePower: -285
tapparentPower: 1253
powerFactor: 90.8
currentUnbalance: 0
lines: 

2025-04-21 11:16:47 [MQTT Call: JavaClientExample] WARN  com.example.mqtt.MessageData - No 'value' field found in message, skipping InfluxDB write.
2025-04-21 11:16:47 [MQTT Call: JavaClientExample] INFO  com.example.mqtt.MessageData - Topic: data/s/nhnacademy/b/gyeongnam_campus/p/campus/d/gem3500_1/n/전등3/e/power_meter
Message Data:
time: 1745201807241
type: 2
leakageCurrent: 0
current: 0
activePower: 0
reactivePower: 0
tapparentPower: 0
powerFactor: 0
currentUnbalance: 0
lines: 

2025-04-21 11:16:47 [MQTT Call: JavaClientExample] WARN  com.example.mqtt.MessageData - No 'value' field found in message, skipping InfluxDB write.
2025-04-21 11:16:47 [MQTT Call: JavaClientExample] INFO  com.example.mqtt.MessageData - Topic: data/s/nhnacademy/b/gyeongnam_campus/p/campus/d/gem3500_1/n/강의실b_바닥/e/power_meter
Message Data:
time: 1745201807340
type: 3
leakageCurrent: 0
current: 220
activePower: 362
reactivePower: -240
tapparentPower: 487
powerFactor: 74.38
currentUnbalance: 0
lines: 

2025-04-21 11:16:47 [MQTT Call: JavaClientExample] WARN  com.example.mqtt.MessageData - No 'value' field found in message, skipping InfluxDB write.
2025-04-21 11:16:47 [MQTT Call: JavaClientExample] INFO  com.example.mqtt.MessageData - Topic: data/s/nhnacademy/b/gyeongnam_campus/p/campus/d/gem3500_1/n/강의실a_바닥1/e/power_meter
Message Data:
time: 1745201807441
type: 1
leakageCurrent: 0
current: 350
activePower: 585
reactivePower: -379
tapparentPower: 749
powerFactor: 78.2
currentUnbalance: 0
lines: 

2025-04-21 11:16:47 [MQTT Call: JavaClientExample] WARN  com.example.mqtt.MessageData - No 'value' field found in message, skipping InfluxDB write.
2025-04-21 11:16:48 [MQTT Call: JavaClientExample] INFO  com.example.mqtt.MessageData - Topic: data/s/nhnacademy/b/gyeongnam_campus/p/campus/d/gem3500_1/n/강의실a_바닥2/e/power_meter
Message Data:
time: 1745201807543
type: 2
leakageCurrent: 0
current: 188
activePower: 316
reactivePower: -184
tapparentPower: 393
powerFactor: 80.48
currentUnbalance: 0
lines: 

2025-04-21 11:16:48 [MQTT Call: JavaClientExample] WARN  com.example.mqtt.MessageData - No 'value' field found in message, skipping InfluxDB write.
2025-04-21 11:16:48 [MQTT Call: JavaClientExample] INFO  com.example.mqtt.MessageData - Topic: data/s/nhnacademy/b/gyeongnam_campus/p/campus/d/gem3500_1/n/프로젝터1/e/power_meter
Message Data:
time: 1745201807645
type: 3
leakageCurrent: 0
current: 93
activePower: 122
reactivePower: -146
tapparentPower: 206
powerFactor: 59.3
currentUnbalance: 0
lines: 

2025-04-21 11:16:48 [MQTT Call: JavaClientExample] WARN  com.example.mqtt.MessageData - No 'value' field found in message, skipping InfluxDB write.
2025-04-21 11:16:48 [MQTT Call: JavaClientExample] INFO  com.example.mqtt.MessageData - Topic: data/s/nhnacademy/b/gyeongnam_campus/p/campus/d/gem3500_1/n/프로젝터2/e/power_meter
Message Data:
time: 1745201807746
type: 1
leakageCurrent: 0
current: 39
activePower: 45
reactivePower: -69
tapparentPower: 86
powerFactor: 52.77
currentUnbalance: 0
lines: 

2025-04-21 11:16:48 [MQTT Call: JavaClientExample] WARN  com.example.mqtt.MessageData - No 'value' field found in message, skipping InfluxDB write.
2025-04-21 11:16:48 [MQTT Call: JavaClientExample] INFO  com.example.mqtt.MessageData - Topic: data/s/nhnacademy/b/gyeongnam_campus/p/campus/d/gem3500_1/n/회의실/e/power_meter
Message Data:
time: 1745201807848
type: 2
leakageCurrent: 0
current: 14
activePower: 4
reactivePower: -28
tapparentPower: 33
powerFactor: 14.28
currentUnbalance: 0
lines: 

2025-04-21 11:16:48 [MQTT Call: JavaClientExample] WARN  com.example.mqtt.MessageData - No 'value' field found in message, skipping InfluxDB write.
2025-04-21 11:16:48 [MQTT Call: JavaClientExample] INFO  com.example.mqtt.MessageData - Topic: data/s/nhnacademy/b/gyeongnam_campus/p/campus/d/gem3500_1/n/서버실/e/power_meter
Message Data:
time: 1745201807951
type: 3
leakageCurrent: 0
current: 196
activePower: 389
reactivePower: -110
tapparentPower: 439
powerFactor: 88.52
currentUnbalance: 0
lines: 

2025-04-21 11:16:48 [MQTT Call: JavaClientExample] WARN  com.example.mqtt.MessageData - No 'value' field found in message, skipping InfluxDB write.
2025-04-21 11:16:48 [MQTT Call: JavaClientExample] INFO  com.example.mqtt.MessageData - Topic: data/s/nhnacademy/b/gyeongnam_campus/p/campus/d/gem3500_1/n/간판/e/power_meter
Message Data:
time: 1745201808051
type: 1
leakageCurrent: 0
current: 0
activePower: 0
reactivePower: 0
tapparentPower: 0
powerFactor: 0
currentUnbalance: 0
lines: 

2025-04-21 11:16:48 [MQTT Call: JavaClientExample] WARN  com.example.mqtt.MessageData - No 'value' field found in message, skipping InfluxDB write.
2025-04-21 11:16:48 [MQTT Call: JavaClientExample] INFO  com.example.mqtt.MessageData - Topic: data/s/nhnacademy/b/gyeongnam_campus/p/campus/d/gem3500_1/n/페어룸/e/power_meter
Message Data:
time: 1745201808153
type: 2
leakageCurrent: 0
current: 0
activePower: 0
reactivePower: 0
tapparentPower: 0
powerFactor: 0
currentUnbalance: 0
lines: 

2025-04-21 11:16:48 [MQTT Call: JavaClientExample] WARN  com.example.mqtt.MessageData - No 'value' field found in message, skipping InfluxDB write.
2025-04-21 11:16:48 [MQTT Call: JavaClientExample] INFO  com.example.mqtt.MessageData - Topic: data/s/nhnacademy/b/gyeongnam_campus/p/campus/d/gem3500_1/n/사무실_전열1/e/power_meter
Message Data:
time: 1745201808255
type: 3
leakageCurrent: 0
current: 82
activePower: 100
reactivePower: -55
tapparentPower: 180
powerFactor: 55.99
currentUnbalance: 0
lines: 

2025-04-21 11:16:48 [MQTT Call: JavaClientExample] WARN  com.example.mqtt.MessageData - No 'value' field found in message, skipping InfluxDB write.
2025-04-21 11:16:48 [MQTT Call: JavaClientExample] INFO  com.example.mqtt.MessageData - Topic: data/s/nhnacademy/b/gyeongnam_campus/p/campus/d/gem3500_1/n/사무실_전열2/e/power_meter
Message Data:
time: 1745201808358
type: 3
leakageCurrent: 0
current: 91
activePower: 96
reactivePower: -60
tapparentPower: 206
powerFactor: 46.51
currentUnbalance: 0
lines: 

2025-04-21 11:16:48 [MQTT Call: JavaClientExample] WARN  com.example.mqtt.MessageData - No 'value' field found in message, skipping InfluxDB write.
2025-04-21 11:16:48 [MQTT Call: JavaClientExample] INFO  com.example.mqtt.MessageData - Topic: data/s/nhnacademy/b/gyeongnam_campus/p/campus/d/gem3500_1/n/사무실_복사기/e/power_meter
Message Data:
time: 1745201808458
type: 1
leakageCurrent: 0
current: 91
activePower: 124
reactivePower: 156
tapparentPower: 201
powerFactor: 61.9
currentUnbalance: 0
lines: 

2025-04-21 11:16:48 [MQTT Call: JavaClientExample] WARN  com.example.mqtt.MessageData - No 'value' field found in message, skipping InfluxDB write.
2025-04-21 11:16:48 [MQTT Call: JavaClientExample] INFO  com.example.mqtt.MessageData - Topic: data/s/nhnacademy/b/gyeongnam_campus/p/campus/d/gem3500_1/n/빌트인_전열/e/power_meter
Message Data:
time: 1745201808560
type: 2
leakageCurrent: 0
current: 5
activePower: 2
reactivePower: -7
tapparentPower: 14
powerFactor: 16.66
currentUnbalance: 0
lines: 

2025-04-21 11:16:48 [MQTT Call: JavaClientExample] WARN  com.example.mqtt.MessageData - No 'value' field found in message, skipping InfluxDB write.
2025-04-21 11:16:48 [MQTT Call: JavaClientExample] INFO  com.example.mqtt.MessageData - Topic: data/s/nhnacademy/b/gyeongnam_campus/p/campus/d/gem3500_1/n/사무실_전열3/e/power_meter
Message Data:
time: 1745201808661
type: 3
leakageCurrent: 0
current: 0
activePower: 0
reactivePower: 0
tapparentPower: 0
powerFactor: 0
currentUnbalance: 0
lines: 

2025-04-21 11:16:48 [MQTT Call: JavaClientExample] WARN  com.example.mqtt.MessageData - No 'value' field found in message, skipping InfluxDB write.
2025-04-21 11:16:48 [MQTT Call: JavaClientExample] INFO  com.example.mqtt.MessageData - Topic: data/s/nhnacademy/b/gyeongnam_campus/p/campus/d/gem3500_1/n/정수기/e/power_meter
Message Data:
time: 1745201808763
type: 1
leakageCurrent: 0
current: 7
activePower: 2
reactivePower: -14
tapparentPower: 16
powerFactor: 14.28
currentUnbalance: 0
lines: 

2025-04-21 11:16:48 [MQTT Call: JavaClientExample] WARN  com.example.mqtt.MessageData - No 'value' field found in message, skipping InfluxDB write.
2025-04-21 11:16:49 [MQTT Call: JavaClientExample] INFO  com.example.mqtt.MessageData - Topic: data/s/nhnacademy/b/gyeongnam_campus/p/campus/d/gem3500_1/n/하이브_전열/e/power_meter
Message Data:
time: 1745201808864
type: 2
leakageCurrent: 0
current: 64
activePower: 122
reactivePower: -45
tapparentPower: 141
powerFactor: 86.44
currentUnbalance: 0
lines: 

2025-04-21 11:16:49 [MQTT Call: JavaClientExample] WARN  com.example.mqtt.MessageData - No 'value' field found in message, skipping InfluxDB write.
2025-04-21 11:16:49 [MQTT Call: JavaClientExample] INFO  com.example.mqtt.MessageData - Topic: data/s/nhnacademy/b/gyeongnam_campus/p/campus/d/gem3500_1/n/바텐_전열/e/power_meter
Message Data:
time: 1745201808965
type: 3
leakageCurrent: 0
current: 0
activePower: 0
reactivePower: 0
tapparentPower: 0
powerFactor: 0
currentUnbalance: 0
lines: 

2025-04-21 11:16:49 [MQTT Call: JavaClientExample] WARN  com.example.mqtt.MessageData - No 'value' field found in message, skipping InfluxDB write.
2025-04-21 11:16:49 [MQTT Call: JavaClientExample] INFO  com.example.mqtt.MessageData - Topic: data/s/nhnacademy/b/gyeongnam_campus/p/campus/d/gem3500_1/n/S_P/e/power_meter
Message Data:
time: 1745201809063
type: 1
leakageCurrent: 0
current: 0
activePower: 0
reactivePower: 0
tapparentPower: 0
powerFactor: 0
currentUnbalance: 0
lines: 

2025-04-21 11:16:49 [MQTT Call: JavaClientExample] WARN  com.example.mqtt.MessageData - No 'value' field found in message, skipping InfluxDB write.
2025-04-21 11:16:49 [MQTT Call: JavaClientExample] INFO  com.example.mqtt.MessageData - Topic: data/s/nhnacademy/b/gyeongnam_campus/p/campus/d/gem3500_1/n/공조기/e/power_meter
Message Data:
time: 1745201809166
type: 2
leakageCurrent: 0
current: 198
activePower: 225
reactivePower: -24
tapparentPower: 439
powerFactor: 51.36
currentUnbalance: 0
lines: 

2025-04-21 11:16:49 [MQTT Call: JavaClientExample] WARN  com.example.mqtt.MessageData - No 'value' field found in message, skipping InfluxDB write.
2025-04-21 11:16:50 [MQTT Call: JavaClientExample] INFO  com.example.mqtt.MessageData - Topic: data/s/nhnacademy/b/gyeongnam_campus/p/campus/d/gem3500_1/n/AC/e/power_meter
Message Data:
time: 1745201809267
type: 3
leakageCurrent: 0
current: 171
activePower: 244
reactivePower: 36
tapparentPower: 376
powerFactor: 64.96
currentUnbalance: 0
lines: 

2025-04-21 11:16:50 [MQTT Call: JavaClientExample] WARN  com.example.mqtt.MessageData - No 'value' field found in message, skipping InfluxDB write.
2025-04-21 11:16:51 [MQTT Call: JavaClientExample] INFO  com.example.mqtt.MessageData - Topic: data/s/nhnacademy/b/gyeongnam_campus/p/pair_room/d/24e124136d151485/n/안쪽 분리벽/e/humidity
Message Data:
time: 1745201810623
value: 43

2025-04-21 11:16:51 [MQTT Call: JavaClientExample] INFO  com.example.mqtt.InfluxDBService - Extracted tagkey -> location: pair_room, kind: 안쪽 분리벽, data: humidity
Value into InfluxDB: 43.0
2025-04-21 11:16:51 [MQTT Call: JavaClientExample] INFO  com.example.mqtt.MessageData - Data sent to InfluxDBService: data/s/nhnacademy/b/gyeongnam_campus/p/pair_room/d/24e124136d151485/n/안쪽 분리벽/e/humidity -> 43.0
2025-04-21 11:16:51 [MQTT Call: JavaClientExample] INFO  com.example.mqtt.MessageData - Topic: data/s/nhnacademy/b/gyeongnam_campus/p/pair_room/d/24e124136d151485/n/안쪽 분리벽/e/temperature
Message Data:
time: 1745201810623
value: 23.3

2025-04-21 11:16:51 [MQTT Call: JavaClientExample] INFO  com.example.mqtt.InfluxDBService - Extracted tagkey -> location: pair_room, kind: 안쪽 분리벽, data: temperature
Value into InfluxDB: 23.3
2025-04-21 11:16:51 [MQTT Call: JavaClientExample] INFO  com.example.mqtt.MessageData - Data sent to InfluxDBService: data/s/nhnacademy/b/gyeongnam_campus/p/pair_room/d/24e124136d151485/n/안쪽 분리벽/e/temperature -> 23.3
2025-04-21 11:16:51 [MQTT Call: JavaClientExample] INFO  com.example.mqtt.MessageData - Topic: data/s/nhnacademy/b/gyeongnam_campus/p/pair_room/d/24e124136d151485/n/안쪽 분리벽/g/24e124fffef5dccc/e/lora
Message Data:
time: 1745201810623
value: 

2025-04-21 11:16:51 [MQTT Call: JavaClientExample] INFO  com.example.mqtt.InfluxDBService - Extracted tagkey -> location: pair_room, kind: 안쪽 분리벽, data: lora
Value into InfluxDB: 0.0
2025-04-21 11:16:51 [MQTT Call: JavaClientExample] INFO  com.example.mqtt.MessageData - Data sent to InfluxDBService: data/s/nhnacademy/b/gyeongnam_campus/p/pair_room/d/24e124136d151485/n/안쪽 분리벽/g/24e124fffef5dccc/e/lora -> 0.0
2025-04-21 11:16:51 [MQTT Call: JavaClientExample] INFO  com.example.mqtt.MessageData - Topic: data/s/nhnacademy/b/gyeongnam_campus/p/pair_room/d/24e124136d151485/n/안쪽 분리벽/g/24e124fffef79304/e/lora
Message Data:
time: 1745201810623
value: 

2025-04-21 11:16:51 [MQTT Call: JavaClientExample] INFO  com.example.mqtt.InfluxDBService - Extracted tagkey -> location: pair_room, kind: 안쪽 분리벽, data: lora
Value into InfluxDB: 0.0
2025-04-21 11:16:51 [MQTT Call: JavaClientExample] INFO  com.example.mqtt.MessageData - Data sent to InfluxDBService: data/s/nhnacademy/b/gyeongnam_campus/p/pair_room/d/24e124136d151485/n/안쪽 분리벽/g/24e124fffef79304/e/lora -> 0.0
2025-04-21 11:17:05 [MQTT Call: JavaClientExample] INFO  com.example.mqtt.MessageData - Topic: data/s/nhnacademy/b/gyeongnam_campus/p/hive/d/24e124126c452091/sp/farm/n/스마트팜/e/temperature
Message Data:
time: 1745201823564
value: 24.5

2025-04-21 11:17:05 [MQTT Call: JavaClientExample] INFO  com.example.mqtt.InfluxDBService - Extracted tagkey -> location: hive, kind: 스마트팜, data: temperature
Value into InfluxDB: 24.5
2025-04-21 11:17:05 [MQTT Call: JavaClientExample] INFO  com.example.mqtt.MessageData - Data sent to InfluxDBService: data/s/nhnacademy/b/gyeongnam_campus/p/hive/d/24e124126c452091/sp/farm/n/스마트팜/e/temperature -> 24.5
2025-04-21 11:17:05 [MQTT Call: JavaClientExample] INFO  com.example.mqtt.MessageData - Topic: data/s/nhnacademy/b/gyeongnam_campus/p/hive/d/24e124126c452091/sp/farm/n/스마트팜/g/24e124fffef5dccc/e/lora
Message Data:
time: 1745201823564
value: 

2025-04-21 11:17:05 [MQTT Call: JavaClientExample] INFO  com.example.mqtt.InfluxDBService - Extracted tagkey -> location: hive, kind: 스마트팜, data: lora
Value into InfluxDB: 0.0
2025-04-21 11:17:05 [MQTT Call: JavaClientExample] INFO  com.example.mqtt.MessageData - Data sent to InfluxDBService: data/s/nhnacademy/b/gyeongnam_campus/p/hive/d/24e124126c452091/sp/farm/n/스마트팜/g/24e124fffef5dccc/e/lora -> 0.0
2025-04-21 11:17:05 [MQTT Call: JavaClientExample] INFO  com.example.mqtt.MessageData - Topic: data/s/nhnacademy/b/gyeongnam_campus/p/hive/d/24e124126c452091/sp/farm/n/스마트팜/g/24e124fffef79304/e/lora
Message Data:
time: 1745201823564
value: 

2025-04-21 11:17:05 [MQTT Call: JavaClientExample] INFO  com.example.mqtt.InfluxDBService - Extracted tagkey -> location: hive, kind: 스마트팜, data: lora
Value into InfluxDB: 0.0
2025-04-21 11:17:05 [MQTT Call: JavaClientExample] INFO  com.example.mqtt.MessageData - Data sent to InfluxDBService: data/s/nhnacademy/b/gyeongnam_campus/p/hive/d/24e124126c452091/sp/farm/n/스마트팜/g/24e124fffef79304/e/lora -> 0.0
2025-04-21 11:17:09 [MQTT Call: JavaClientExample] INFO  com.example.mqtt.MessageData - Topic: data/s/nhnacademy/b/gyeongnam_campus/p/pair_room/d/24e124617d159573/n/2/e/battery
Message Data:
time: 1745201829559
value: 33

2025-04-21 11:17:09 [MQTT Call: JavaClientExample] INFO  com.example.mqtt.InfluxDBService - Extracted tagkey -> location: pair_room, kind: 2, data: battery
Value into InfluxDB: 33.0
2025-04-21 11:17:09 [MQTT Call: JavaClientExample] INFO  com.example.mqtt.MessageData - Data sent to InfluxDBService: data/s/nhnacademy/b/gyeongnam_campus/p/pair_room/d/24e124617d159573/n/2/e/battery -> 33.0
2025-04-21 11:17:09 [MQTT Call: JavaClientExample] INFO  com.example.mqtt.MessageData - Topic: data/s/nhnacademy/b/gyeongnam_campus/p/pair_room/d/24e124617d159573/n/2/e/occupancy
Message Data:
time: 1745201829559
value: 0

2025-04-21 11:17:09 [MQTT Call: JavaClientExample] INFO  com.example.mqtt.InfluxDBService - Extracted tagkey -> location: pair_room, kind: 2, data: occupancy
Value into InfluxDB: 0.0
2025-04-21 11:17:09 [MQTT Call: JavaClientExample] INFO  com.example.mqtt.MessageData - Data sent to InfluxDBService: data/s/nhnacademy/b/gyeongnam_campus/p/pair_room/d/24e124617d159573/n/2/e/occupancy -> 0.0
2025-04-21 11:17:09 [MQTT Call: JavaClientExample] INFO  com.example.mqtt.MessageData - Topic: data/s/nhnacademy/b/gyeongnam_campus/p/pair_room/d/24e124617d159573/n/2/e/distance
Message Data:
time: 1745201829559
value: 2235

2025-04-21 11:17:09 [MQTT Call: JavaClientExample] INFO  com.example.mqtt.InfluxDBService - Extracted tagkey -> location: pair_room, kind: 2, data: distance
Value into InfluxDB: 2235.0
2025-04-21 11:17:09 [MQTT Call: JavaClientExample] INFO  com.example.mqtt.MessageData - Data sent to InfluxDBService: data/s/nhnacademy/b/gyeongnam_campus/p/pair_room/d/24e124617d159573/n/2/e/distance -> 2235.0
2025-04-21 11:17:09 [MQTT Call: JavaClientExample] INFO  com.example.mqtt.MessageData - Topic: data/s/nhnacademy/b/gyeongnam_campus/p/pair_room/d/24e124617d159573/n/2/g/24e124fffef79304/e/lora
Message Data:
time: 1745201829559
value: 

2025-04-21 11:17:09 [MQTT Call: JavaClientExample] INFO  com.example.mqtt.InfluxDBService - Extracted tagkey -> location: pair_room, kind: 2, data: lora
Value into InfluxDB: 0.0
2025-04-21 11:17:09 [MQTT Call: JavaClientExample] INFO  com.example.mqtt.MessageData - Data sent to InfluxDBService: data/s/nhnacademy/b/gyeongnam_campus/p/pair_room/d/24e124617d159573/n/2/g/24e124fffef79304/e/lora -> 0.0
2025-04-21 11:17:18 [MQTT Call: JavaClientExample] INFO  com.example.mqtt.MessageData - Topic: data/s/nhnacademy/b/gyeongnam_campus/p/class_a/d/24e124128c067999/sp/입구/n/입구/e/infrared_and_visible
Message Data:
time: 1745201837617
value: 46

2025-04-21 11:17:18 [MQTT Call: JavaClientExample] INFO  com.example.mqtt.InfluxDBService - Extracted tagkey -> location: class_a, kind: 입구, data: infrared_and_visible
Value into InfluxDB: 46.0
2025-04-21 11:17:18 [MQTT Call: JavaClientExample] INFO  com.example.mqtt.MessageData - Data sent to InfluxDBService: data/s/nhnacademy/b/gyeongnam_campus/p/class_a/d/24e124128c067999/sp/입구/n/입구/e/infrared_and_visible -> 46.0
2025-04-21 11:17:18 [MQTT Call: JavaClientExample] INFO  com.example.mqtt.MessageData - Topic: data/s/nhnacademy/b/gyeongnam_campus/p/class_a/d/24e124128c067999/sp/입구/n/입구/e/co2
Message Data:
time: 1745201837617
value: 912

2025-04-21 11:17:18 [MQTT Call: JavaClientExample] INFO  com.example.mqtt.InfluxDBService - Extracted tagkey -> location: class_a, kind: 입구, data: co2
Value into InfluxDB: 912.0
2025-04-21 11:17:18 [MQTT Call: JavaClientExample] INFO  com.example.mqtt.MessageData - Data sent to InfluxDBService: data/s/nhnacademy/b/gyeongnam_campus/p/class_a/d/24e124128c067999/sp/입구/n/입구/e/co2 -> 912.0
2025-04-21 11:17:18 [MQTT Call: JavaClientExample] INFO  com.example.mqtt.MessageData - Topic: data/s/nhnacademy/b/gyeongnam_campus/p/class_a/d/24e124128c067999/sp/입구/n/입구/e/illumination
Message Data:
time: 1745201837617
value: 67

2025-04-21 11:17:18 [MQTT Call: JavaClientExample] INFO  com.example.mqtt.InfluxDBService - Extracted tagkey -> location: class_a, kind: 입구, data: illumination
Value into InfluxDB: 67.0
2025-04-21 11:17:18 [MQTT Call: JavaClientExample] INFO  com.example.mqtt.MessageData - Data sent to InfluxDBService: data/s/nhnacademy/b/gyeongnam_campus/p/class_a/d/24e124128c067999/sp/입구/n/입구/e/illumination -> 67.0
2025-04-21 11:17:18 [MQTT Call: JavaClientExample] INFO  com.example.mqtt.MessageData - Topic: data/s/nhnacademy/b/gyeongnam_campus/p/class_a/d/24e124128c067999/sp/입구/n/입구/e/activity
Message Data:
time: 1745201837617
value: 2

2025-04-21 11:17:18 [MQTT Call: JavaClientExample] INFO  com.example.mqtt.InfluxDBService - Extracted tagkey -> location: class_a, kind: 입구, data: activity
Value into InfluxDB: 2.0
2025-04-21 11:17:18 [MQTT Call: JavaClientExample] INFO  com.example.mqtt.MessageData - Data sent to InfluxDBService: data/s/nhnacademy/b/gyeongnam_campus/p/class_a/d/24e124128c067999/sp/입구/n/입구/e/activity -> 2.0
2025-04-21 11:17:18 [MQTT Call: JavaClientExample] INFO  com.example.mqtt.MessageData - Topic: data/s/nhnacademy/b/gyeongnam_campus/p/class_a/d/24e124128c067999/sp/입구/n/입구/e/tvoc
Message Data:
time: 1745201837617
value: 296

2025-04-21 11:17:18 [MQTT Call: JavaClientExample] INFO  com.example.mqtt.InfluxDBService - Extracted tagkey -> location: class_a, kind: 입구, data: tvoc
Value into InfluxDB: 296.0
2025-04-21 11:17:18 [MQTT Call: JavaClientExample] INFO  com.example.mqtt.MessageData - Data sent to InfluxDBService: data/s/nhnacademy/b/gyeongnam_campus/p/class_a/d/24e124128c067999/sp/입구/n/입구/e/tvoc -> 296.0
2025-04-21 11:17:18 [MQTT Call: JavaClientExample] INFO  com.example.mqtt.MessageData - Topic: data/s/nhnacademy/b/gyeongnam_campus/p/class_a/d/24e124128c067999/sp/입구/n/입구/e/temperature
Message Data:
time: 1745201837617
value: 23.9

2025-04-21 11:17:18 [MQTT Call: JavaClientExample] INFO  com.example.mqtt.InfluxDBService - Extracted tagkey -> location: class_a, kind: 입구, data: temperature
Value into InfluxDB: 23.9
2025-04-21 11:17:18 [MQTT Call: JavaClientExample] INFO  com.example.mqtt.MessageData - Data sent to InfluxDBService: data/s/nhnacademy/b/gyeongnam_campus/p/class_a/d/24e124128c067999/sp/입구/n/입구/e/temperature -> 23.9
2025-04-21 11:17:18 [MQTT Call: JavaClientExample] INFO  com.example.mqtt.MessageData - Topic: data/s/nhnacademy/b/gyeongnam_campus/p/class_a/d/24e124128c067999/sp/입구/n/입구/e/humidity
Message Data:
time: 1745201837617
value: 45.5

2025-04-21 11:17:18 [MQTT Call: JavaClientExample] INFO  com.example.mqtt.InfluxDBService - Extracted tagkey -> location: class_a, kind: 입구, data: humidity
Value into InfluxDB: 45.5
2025-04-21 11:17:18 [MQTT Call: JavaClientExample] INFO  com.example.mqtt.MessageData - Data sent to InfluxDBService: data/s/nhnacademy/b/gyeongnam_campus/p/class_a/d/24e124128c067999/sp/입구/n/입구/e/humidity -> 45.5
2025-04-21 11:17:18 [MQTT Call: JavaClientExample] INFO  com.example.mqtt.MessageData - Topic: data/s/nhnacademy/b/gyeongnam_campus/p/class_a/d/24e124128c067999/sp/입구/n/입구/e/infrared
Message Data:
time: 1745201837617
value: 7

2025-04-21 11:17:18 [MQTT Call: JavaClientExample] INFO  com.example.mqtt.InfluxDBService - Extracted tagkey -> location: class_a, kind: 입구, data: infrared
Value into InfluxDB: 7.0
2025-04-21 11:17:18 [MQTT Call: JavaClientExample] INFO  com.example.mqtt.MessageData - Data sent to InfluxDBService: data/s/nhnacademy/b/gyeongnam_campus/p/class_a/d/24e124128c067999/sp/입구/n/입구/e/infrared -> 7.0
2025-04-21 11:17:18 [MQTT Call: JavaClientExample] INFO  com.example.mqtt.MessageData - Topic: data/s/nhnacademy/b/gyeongnam_campus/p/class_a/d/24e124128c067999/sp/입구/n/입구/e/pressure
Message Data:
time: 1745201837617
value: 1009.1

2025-04-21 11:17:18 [MQTT Call: JavaClientExample] INFO  com.example.mqtt.InfluxDBService - Extracted tagkey -> location: class_a, kind: 입구, data: pressure
Value into InfluxDB: 1009.1
2025-04-21 11:17:18 [MQTT Call: JavaClientExample] INFO  com.example.mqtt.MessageData - Data sent to InfluxDBService: data/s/nhnacademy/b/gyeongnam_campus/p/class_a/d/24e124128c067999/sp/입구/n/입구/e/pressure -> 1009.1
2025-04-21 11:17:18 [MQTT Call: JavaClientExample] INFO  com.example.mqtt.MessageData - Topic: data/s/nhnacademy/b/gyeongnam_campus/p/class_a/d/24e124128c067999/sp/입구/n/입구/g/24e124fffef79304/e/lora
Message Data:
time: 1745201837617
value: 

2025-04-21 11:17:18 [MQTT Call: JavaClientExample] INFO  com.example.mqtt.InfluxDBService - Extracted tagkey -> location: class_a, kind: 입구, data: lora
Value into InfluxDB: 0.0
2025-04-21 11:17:18 [MQTT Call: JavaClientExample] INFO  com.example.mqtt.MessageData - Data sent to InfluxDBService: data/s/nhnacademy/b/gyeongnam_campus/p/class_a/d/24e124128c067999/sp/입구/n/입구/g/24e124fffef79304/e/lora -> 0.0
2025-04-21 11:17:19 [MQTT Call: JavaClientExample] INFO  com.example.mqtt.MessageData - Topic: data/s/nhnacademy/b/gyeongnam_campus/p/class_a/d/24e124128c067999/sp/입구/n/입구/g/24e124fffef5dccc/e/lora
Message Data:
time: 1745201837617
value: 

2025-04-21 11:17:19 [MQTT Call: JavaClientExample] INFO  com.example.mqtt.InfluxDBService - Extracted tagkey -> location: class_a, kind: 입구, data: lora
Value into InfluxDB: 0.0
2025-04-21 11:17:19 [MQTT Call: JavaClientExample] INFO  com.example.mqtt.MessageData - Data sent to InfluxDBService: data/s/nhnacademy/b/gyeongnam_campus/p/class_a/d/24e124128c067999/sp/입구/n/입구/g/24e124fffef5dccc/e/lora -> 0.0
2025-04-21 11:17:19 [MQTT Call: JavaClientExample] INFO  com.example.mqtt.MessageData - Topic: data/s/nhnacademy/b/gyeongnam_campus/p/hive/d/24e124785c389010/n/정수기 위/e/battery
Message Data:
time: 1745201838890
value: 86

2025-04-21 11:17:19 [MQTT Call: JavaClientExample] INFO  com.example.mqtt.InfluxDBService - Extracted tagkey -> location: hive, kind: 정수기 위, data: battery
Value into InfluxDB: 86.0
2025-04-21 11:17:19 [MQTT Call: JavaClientExample] INFO  com.example.mqtt.MessageData - Data sent to InfluxDBService: data/s/nhnacademy/b/gyeongnam_campus/p/hive/d/24e124785c389010/n/정수기 위/e/battery -> 86.0
2025-04-21 11:17:19 [MQTT Call: JavaClientExample] INFO  com.example.mqtt.MessageData - Topic: data/s/nhnacademy/b/gyeongnam_campus/p/hive/d/24e124785c389010/n/정수기 위/e/temperature
Message Data:
time: 1745201838890
value: 25.3

2025-04-21 11:17:19 [MQTT Call: JavaClientExample] INFO  com.example.mqtt.InfluxDBService - Extracted tagkey -> location: hive, kind: 정수기 위, data: temperature
Value into InfluxDB: 25.3
2025-04-21 11:17:19 [MQTT Call: JavaClientExample] INFO  com.example.mqtt.MessageData - Data sent to InfluxDBService: data/s/nhnacademy/b/gyeongnam_campus/p/hive/d/24e124785c389010/n/정수기 위/e/temperature -> 25.3
2025-04-21 11:17:19 [MQTT Call: JavaClientExample] INFO  com.example.mqtt.MessageData - Topic: data/s/nhnacademy/b/gyeongnam_campus/p/hive/d/24e124785c389010/n/정수기 위/e/humidity
Message Data:
time: 1745201838890
value: 41

2025-04-21 11:17:19 [MQTT Call: JavaClientExample] INFO  com.example.mqtt.InfluxDBService - Extracted tagkey -> location: hive, kind: 정수기 위, data: humidity
Value into InfluxDB: 41.0
2025-04-21 11:17:19 [MQTT Call: JavaClientExample] INFO  com.example.mqtt.MessageData - Data sent to InfluxDBService: data/s/nhnacademy/b/gyeongnam_campus/p/hive/d/24e124785c389010/n/정수기 위/e/humidity -> 41.0
2025-04-21 11:17:19 [MQTT Call: JavaClientExample] INFO  com.example.mqtt.MessageData - Topic: data/s/nhnacademy/b/gyeongnam_campus/p/hive/d/24e124785c389010/n/정수기 위/g/24e124fffef5dccc/e/lora
Message Data:
time: 1745201838890
value: 

2025-04-21 11:17:19 [MQTT Call: JavaClientExample] INFO  com.example.mqtt.InfluxDBService - Extracted tagkey -> location: hive, kind: 정수기 위, data: lora
Value into InfluxDB: 0.0
2025-04-21 11:17:19 [MQTT Call: JavaClientExample] INFO  com.example.mqtt.MessageData - Data sent to InfluxDBService: data/s/nhnacademy/b/gyeongnam_campus/p/hive/d/24e124785c389010/n/정수기 위/g/24e124fffef5dccc/e/lora -> 0.0
2025-04-21 11:17:19 [MQTT Call: JavaClientExample] INFO  com.example.mqtt.MessageData - Topic: data/s/nhnacademy/b/gyeongnam_campus/p/hive/d/24e124785c389010/n/정수기 위/g/24e124fffef79304/e/lora
Message Data:
time: 1745201838890
value: 

2025-04-21 11:17:19 [MQTT Call: JavaClientExample] INFO  com.example.mqtt.InfluxDBService - Extracted tagkey -> location: hive, kind: 정수기 위, data: lora
Value into InfluxDB: 0.0
2025-04-21 11:17:19 [MQTT Call: JavaClientExample] INFO  com.example.mqtt.MessageData - Data sent to InfluxDBService: data/s/nhnacademy/b/gyeongnam_campus/p/hive/d/24e124785c389010/n/정수기 위/g/24e124fffef79304/e/lora -> 0.0
2025-04-21 11:17:26 [MQTT Call: JavaClientExample] INFO  com.example.mqtt.MessageData - Topic: data/s/nhnacademy/b/gyeongnam_campus/p/office/d/24e124126c457594/n/냉장고 내부/e/temperature
Message Data:
time: 1745201846187
value: 3.9

2025-04-21 11:17:26 [MQTT Call: JavaClientExample] INFO  com.example.mqtt.InfluxDBService - Extracted tagkey -> location: office, kind: 냉장고 내부, data: temperature
Value into InfluxDB: 3.9
2025-04-21 11:17:26 [MQTT Call: JavaClientExample] INFO  com.example.mqtt.MessageData - Data sent to InfluxDBService: data/s/nhnacademy/b/gyeongnam_campus/p/office/d/24e124126c457594/n/냉장고 내부/e/temperature -> 3.9
2025-04-21 11:17:26 [MQTT Call: JavaClientExample] INFO  com.example.mqtt.MessageData - Topic: data/s/nhnacademy/b/gyeongnam_campus/p/office/d/24e124126c457594/n/냉장고 내부/g/24e124fffef5dccc/e/lora
Message Data:
time: 1745201846187
value: 

2025-04-21 11:17:26 [MQTT Call: JavaClientExample] INFO  com.example.mqtt.InfluxDBService - Extracted tagkey -> location: office, kind: 냉장고 내부, data: lora
Value into InfluxDB: 0.0
2025-04-21 11:17:26 [MQTT Call: JavaClientExample] INFO  com.example.mqtt.MessageData - Data sent to InfluxDBService: data/s/nhnacademy/b/gyeongnam_campus/p/office/d/24e124126c457594/n/냉장고 내부/g/24e124fffef5dccc/e/lora -> 0.0
2025-04-21 11:17:27 [MQTT Call: JavaClientExample] INFO  com.example.mqtt.MessageData - Topic: data/s/nhnacademy/b/gyeongnam_campus/p/server_room/d/24e124136d151368/n/입구/e/humidity
Message Data:
time: 1745201846413
value: 45

2025-04-21 11:17:27 [MQTT Call: JavaClientExample] INFO  com.example.mqtt.InfluxDBService - Extracted tagkey -> location: server_room, kind: 입구, data: humidity
Value into InfluxDB: 45.0
2025-04-21 11:17:27 [MQTT Call: JavaClientExample] INFO  com.example.mqtt.MessageData - Data sent to InfluxDBService: data/s/nhnacademy/b/gyeongnam_campus/p/server_room/d/24e124136d151368/n/입구/e/humidity -> 45.0
2025-04-21 11:17:27 [MQTT Call: JavaClientExample] INFO  com.example.mqtt.MessageData - Topic: data/s/nhnacademy/b/gyeongnam_campus/p/server_room/d/24e124136d151368/n/입구/e/temperature
Message Data:
time: 1745201846413
value: 24.3

2025-04-21 11:17:27 [MQTT Call: JavaClientExample] INFO  com.example.mqtt.InfluxDBService - Extracted tagkey -> location: server_room, kind: 입구, data: temperature
Value into InfluxDB: 24.3
2025-04-21 11:17:27 [MQTT Call: JavaClientExample] INFO  com.example.mqtt.MessageData - Data sent to InfluxDBService: data/s/nhnacademy/b/gyeongnam_campus/p/server_room/d/24e124136d151368/n/입구/e/temperature -> 24.3
2025-04-21 11:17:27 [MQTT Call: JavaClientExample] INFO  com.example.mqtt.MessageData - Topic: data/s/nhnacademy/b/gyeongnam_campus/p/server_room/d/24e124136d151368/n/입구/g/24e124fffef79304/e/lora
Message Data:
time: 1745201846413
value: 

2025-04-21 11:17:27 [MQTT Call: JavaClientExample] INFO  com.example.mqtt.InfluxDBService - Extracted tagkey -> location: server_room, kind: 입구, data: lora
Value into InfluxDB: 0.0
2025-04-21 11:17:27 [MQTT Call: JavaClientExample] INFO  com.example.mqtt.MessageData - Data sent to InfluxDBService: data/s/nhnacademy/b/gyeongnam_campus/p/server_room/d/24e124136d151368/n/입구/g/24e124fffef79304/e/lora -> 0.0
2025-04-21 11:17:27 [MQTT Call: JavaClientExample] INFO  com.example.mqtt.MessageData - Topic: data/s/nhnacademy/b/gyeongnam_campus/p/server_room/d/24e124136d151368/n/입구/g/24e124fffef5dccc/e/lora
Message Data:
time: 1745201846413
value: 

2025-04-21 11:17:27 [MQTT Call: JavaClientExample] INFO  com.example.mqtt.InfluxDBService - Extracted tagkey -> location: server_room, kind: 입구, data: lora
Value into InfluxDB: 0.0
2025-04-21 11:17:27 [MQTT Call: JavaClientExample] INFO  com.example.mqtt.MessageData - Data sent to InfluxDBService: data/s/nhnacademy/b/gyeongnam_campus/p/server_room/d/24e124136d151368/n/입구/g/24e124fffef5dccc/e/lora -> 0.0
2025-04-21 11:17:43 [MQTT Call: JavaClientExample] INFO  com.example.mqtt.MessageData - Topic: data/s/nhnacademy/b/gyeongnam_campus/p/hive/d/24e124126d111937/sp/farm/n/스마트팜/e/illumination
Message Data:
time: 1745201861978
value: 320

2025-04-21 11:17:43 [MQTT Call: JavaClientExample] INFO  com.example.mqtt.InfluxDBService - Extracted tagkey -> location: hive, kind: 스마트팜, data: illumination
Value into InfluxDB: 320.0
2025-04-21 11:17:43 [MQTT Call: JavaClientExample] INFO  com.example.mqtt.MessageData - Data sent to InfluxDBService: data/s/nhnacademy/b/gyeongnam_campus/p/hive/d/24e124126d111937/sp/farm/n/스마트팜/e/illumination -> 320.0
2025-04-21 11:17:43 [MQTT Call: JavaClientExample] INFO  com.example.mqtt.MessageData - Topic: data/s/nhnacademy/b/gyeongnam_campus/p/hive/d/24e124126d111937/sp/farm/n/스마트팜/g/24e124fffef5dccc/e/lora
Message Data:
time: 1745201861978
value: 

2025-04-21 11:17:43 [MQTT Call: JavaClientExample] INFO  com.example.mqtt.InfluxDBService - Extracted tagkey -> location: hive, kind: 스마트팜, data: lora
Value into InfluxDB: 0.0
2025-04-21 11:17:43 [MQTT Call: JavaClientExample] INFO  com.example.mqtt.MessageData - Data sent to InfluxDBService: data/s/nhnacademy/b/gyeongnam_campus/p/hive/d/24e124126d111937/sp/farm/n/스마트팜/g/24e124fffef5dccc/e/lora -> 0.0
2025-04-21 11:17:43 [MQTT Call: JavaClientExample] INFO  com.example.mqtt.MessageData - Topic: data/s/nhnacademy/b/gyeongnam_campus/p/hive/d/24e124126d111937/sp/farm/n/스마트팜/g/24e124fffef79304/e/lora
Message Data:
time: 1745201861978
value: 

2025-04-21 11:17:43 [MQTT Call: JavaClientExample] INFO  com.example.mqtt.InfluxDBService - Extracted tagkey -> location: hive, kind: 스마트팜, data: lora
Value into InfluxDB: 0.0
2025-04-21 11:17:43 [MQTT Call: JavaClientExample] INFO  com.example.mqtt.MessageData - Data sent to InfluxDBService: data/s/nhnacademy/b/gyeongnam_campus/p/hive/d/24e124126d111937/sp/farm/n/스마트팜/g/24e124fffef79304/e/lora -> 0.0
2025-04-21 11:17:47 [MQTT Call: JavaClientExample] INFO  com.example.mqtt.MessageData - Topic: data/s/nhnacademy/b/gyeongnam_campus/p/storage/d/24e124136d151547/n/입구/e/humidity
Message Data:
time: 1745201866423
value: 127.5

2025-04-21 11:17:47 [MQTT Call: JavaClientExample] INFO  com.example.mqtt.InfluxDBService - Extracted tagkey -> location: storage, kind: 입구, data: humidity
Value into InfluxDB: 127.5
2025-04-21 11:17:47 [MQTT Call: JavaClientExample] INFO  com.example.mqtt.MessageData - Data sent to InfluxDBService: data/s/nhnacademy/b/gyeongnam_campus/p/storage/d/24e124136d151547/n/입구/e/humidity -> 127.5
2025-04-21 11:17:47 [MQTT Call: JavaClientExample] INFO  com.example.mqtt.MessageData - Topic: data/s/nhnacademy/b/gyeongnam_campus/p/storage/d/24e124136d151547/n/입구/e/battery
Message Data:
time: 1745201866423
value: 1

2025-04-21 11:17:47 [MQTT Call: JavaClientExample] INFO  com.example.mqtt.InfluxDBService - Extracted tagkey -> location: storage, kind: 입구, data: battery
Value into InfluxDB: 1.0
2025-04-21 11:17:47 [MQTT Call: JavaClientExample] INFO  com.example.mqtt.MessageData - Data sent to InfluxDBService: data/s/nhnacademy/b/gyeongnam_campus/p/storage/d/24e124136d151547/n/입구/e/battery -> 1.0
2025-04-21 11:17:47 [MQTT Call: JavaClientExample] INFO  com.example.mqtt.MessageData - Topic: data/s/nhnacademy/b/gyeongnam_campus/p/storage/d/24e124136d151547/n/입구/e/temperature
Message Data:
time: 1745201866423
value: -0.1

2025-04-21 11:17:47 [MQTT Call: JavaClientExample] INFO  com.example.mqtt.InfluxDBService - Extracted tagkey -> location: storage, kind: 입구, data: temperature
Value into InfluxDB: -0.1
2025-04-21 11:17:47 [MQTT Call: JavaClientExample] INFO  com.example.mqtt.MessageData - Data sent to InfluxDBService: data/s/nhnacademy/b/gyeongnam_campus/p/storage/d/24e124136d151547/n/입구/e/temperature -> -0.1
2025-04-21 11:17:47 [MQTT Call: JavaClientExample] INFO  com.example.mqtt.MessageData - Topic: data/s/nhnacademy/b/gyeongnam_campus/p/storage/d/24e124136d151547/n/입구/g/24e124fffef79304/e/lora
Message Data:
time: 1745201866423
value: 

2025-04-21 11:17:47 [MQTT Call: JavaClientExample] INFO  com.example.mqtt.InfluxDBService - Extracted tagkey -> location: storage, kind: 입구, data: lora
Value into InfluxDB: 0.0
2025-04-21 11:17:47 [MQTT Call: JavaClientExample] INFO  com.example.mqtt.MessageData - Data sent to InfluxDBService: data/s/nhnacademy/b/gyeongnam_campus/p/storage/d/24e124136d151547/n/입구/g/24e124fffef79304/e/lora -> 0.0
2025-04-21 11:17:47 [MQTT Call: JavaClientExample] INFO  com.example.mqtt.MessageData - Topic: data/s/nhnacademy/b/gyeongnam_campus/p/storage/d/24e124136d151547/n/입구/g/24e124fffef5dccc/e/lora
Message Data:
time: 1745201866423
value: 

2025-04-21 11:17:47 [MQTT Call: JavaClientExample] INFO  com.example.mqtt.InfluxDBService - Extracted tagkey -> location: storage, kind: 입구, data: lora
Value into InfluxDB: 0.0
2025-04-21 11:17:47 [MQTT Call: JavaClientExample] INFO  com.example.mqtt.MessageData - Data sent to InfluxDBService: data/s/nhnacademy/b/gyeongnam_campus/p/storage/d/24e124136d151547/n/입구/g/24e124fffef5dccc/e/lora -> 0.0
2025-04-21 11:17:47 [MQTT Call: JavaClientExample] INFO  com.example.mqtt.MessageData - Topic: data/s/nhnacademy/b/gyeongnam_campus/p/campus/d/gem3500_1/n/캠퍼스_LL/e/voltage
Message Data:
time: 1745201866836
value: 381.32

2025-04-21 11:17:47 [MQTT Call: JavaClientExample] INFO  com.example.mqtt.InfluxDBService - Extracted tagkey -> location: campus, kind: 캠퍼스_LL, data: voltage
Value into InfluxDB: 381.32
2025-04-21 11:17:47 [MQTT Call: JavaClientExample] INFO  com.example.mqtt.MessageData - Data sent to InfluxDBService: data/s/nhnacademy/b/gyeongnam_campus/p/campus/d/gem3500_1/n/캠퍼스_LL/e/voltage -> 381.32
2025-04-21 11:17:47 [MQTT Call: JavaClientExample] INFO  com.example.mqtt.MessageData - Topic: data/s/nhnacademy/b/gyeongnam_campus/p/campus/d/gem3500_1/n/캠퍼스_LN/e/voltage
Message Data:
time: 1745201866836
value: 220.15

2025-04-21 11:17:47 [MQTT Call: JavaClientExample] INFO  com.example.mqtt.InfluxDBService - Extracted tagkey -> location: campus, kind: 캠퍼스_LN, data: voltage
Value into InfluxDB: 220.15
2025-04-21 11:17:47 [MQTT Call: JavaClientExample] INFO  com.example.mqtt.MessageData - Data sent to InfluxDBService: data/s/nhnacademy/b/gyeongnam_campus/p/campus/d/gem3500_1/n/캠퍼스_LN/e/voltage -> 220.15
2025-04-21 11:17:47 [MQTT Call: JavaClientExample] INFO  com.example.mqtt.MessageData - Topic: data/s/nhnacademy/b/gyeongnam_campus/p/campus/d/gem3500_1/n/캠퍼스1/e/power_meter
Message Data:
time: 1745201866935
type: 5
leakageCurrent: 0
current: 2716
activePower: 5041
reactivePower: -1837
tapparentPower: 5989
powerFactor: 84.16
currentUnbalance: 54.98
lines: 

2025-04-21 11:17:47 [MQTT Call: JavaClientExample] WARN  com.example.mqtt.MessageData - No 'value' field found in message, skipping InfluxDB write.
2025-04-21 11:17:47 [MQTT Call: JavaClientExample] INFO  com.example.mqtt.MessageData - Topic: data/s/nhnacademy/b/gyeongnam_campus/p/campus/d/gem3500_1/n/전등1/e/power_meter
Message Data:
time: 1745201867037
type: 3
leakageCurrent: 0
current: 699
activePower: 1306
reactivePower: -331
tapparentPower: 1537
powerFactor: 84.99
currentUnbalance: 0
lines: 

2025-04-21 11:17:47 [MQTT Call: JavaClientExample] WARN  com.example.mqtt.MessageData - No 'value' field found in message, skipping InfluxDB write.
2025-04-21 11:17:47 [MQTT Call: JavaClientExample] INFO  com.example.mqtt.MessageData - Topic: data/s/nhnacademy/b/gyeongnam_campus/p/campus/d/gem3500_1/n/전등2/e/power_meter
Message Data:
time: 1745201867138
type: 1
leakageCurrent: 0
current: 568
activePower: 1138
reactivePower: -288
tapparentPower: 1253
powerFactor: 90.8
currentUnbalance: 0
lines: 

2025-04-21 11:17:47 [MQTT Call: JavaClientExample] WARN  com.example.mqtt.MessageData - No 'value' field found in message, skipping InfluxDB write.
2025-04-21 11:17:47 [MQTT Call: JavaClientExample] INFO  com.example.mqtt.MessageData - Topic: data/s/nhnacademy/b/gyeongnam_campus/p/campus/d/gem3500_1/n/전등3/e/power_meter
Message Data:
time: 1745201867239
type: 2
leakageCurrent: 0
current: 0
activePower: 0
reactivePower: 0
tapparentPower: 0
powerFactor: 0
currentUnbalance: 0
lines: 

2025-04-21 11:17:47 [MQTT Call: JavaClientExample] WARN  com.example.mqtt.MessageData - No 'value' field found in message, skipping InfluxDB write.
2025-04-21 11:17:47 [MQTT Call: JavaClientExample] INFO  com.example.mqtt.MessageData - Topic: data/s/nhnacademy/b/gyeongnam_campus/p/campus/d/gem3500_1/n/강의실b_바닥/e/power_meter
Message Data:
time: 1745201867341
type: 3
leakageCurrent: 0
current: 218
activePower: 357
reactivePower: -240
tapparentPower: 482
powerFactor: 74.12
currentUnbalance: 0
lines: 

2025-04-21 11:17:47 [MQTT Call: JavaClientExample] WARN  com.example.mqtt.MessageData - No 'value' field found in message, skipping InfluxDB write.
2025-04-21 11:17:47 [MQTT Call: JavaClientExample] INFO  com.example.mqtt.MessageData - Topic: data/s/nhnacademy/b/gyeongnam_campus/p/campus/d/gem3500_1/n/강의실a_바닥1/e/power_meter
Message Data:
time: 1745201867442
type: 1
leakageCurrent: 0
current: 329
activePower: 564
reactivePower: -377
tapparentPower: 730
powerFactor: 77.3
currentUnbalance: 0
lines: 

2025-04-21 11:17:47 [MQTT Call: JavaClientExample] WARN  com.example.mqtt.MessageData - No 'value' field found in message, skipping InfluxDB write.
2025-04-21 11:17:47 [MQTT Call: JavaClientExample] INFO  com.example.mqtt.MessageData - Topic: data/s/nhnacademy/b/gyeongnam_campus/p/campus/d/gem3500_1/n/강의실a_바닥2/e/power_meter
Message Data:
time: 1745201867544
type: 2
leakageCurrent: 0
current: 172
activePower: 302
reactivePower: -182
tapparentPower: 384
powerFactor: 78.75
currentUnbalance: 0
lines: 

2025-04-21 11:17:47 [MQTT Call: JavaClientExample] WARN  com.example.mqtt.MessageData - No 'value' field found in message, skipping InfluxDB write.
2025-04-21 11:17:48 [MQTT Call: JavaClientExample] INFO  com.example.mqtt.MessageData - Topic: data/s/nhnacademy/b/gyeongnam_campus/p/campus/d/gem3500_1/n/프로젝터1/e/power_meter
Message Data:
time: 1745201867646
type: 3
leakageCurrent: 0
current: 95
activePower: 124
reactivePower: -146
tapparentPower: 208
powerFactor: 59.77
currentUnbalance: 0
lines: 

2025-04-21 11:17:48 [MQTT Call: JavaClientExample] WARN  com.example.mqtt.MessageData - No 'value' field found in message, skipping InfluxDB write.
2025-04-21 11:17:48 [MQTT Call: JavaClientExample] INFO  com.example.mqtt.MessageData - Topic: data/s/nhnacademy/b/gyeongnam_campus/p/campus/d/gem3500_1/n/프로젝터2/e/power_meter
Message Data:
time: 1745201867747
type: 1
leakageCurrent: 0
current: 44
activePower: 45
reactivePower: -69
tapparentPower: 88
powerFactor: 51.35
currentUnbalance: 0
lines: 

2025-04-21 11:17:48 [MQTT Call: JavaClientExample] WARN  com.example.mqtt.MessageData - No 'value' field found in message, skipping InfluxDB write.
2025-04-21 11:17:48 [MQTT Call: JavaClientExample] INFO  com.example.mqtt.MessageData - Topic: data/s/nhnacademy/b/gyeongnam_campus/p/campus/d/gem3500_1/n/회의실/e/power_meter
Message Data:
time: 1745201867849
type: 2
leakageCurrent: 0
current: 14
activePower: 4
reactivePower: -28
tapparentPower: 31
powerFactor: 15.38
currentUnbalance: 0
lines: 

2025-04-21 11:17:48 [MQTT Call: JavaClientExample] WARN  com.example.mqtt.MessageData - No 'value' field found in message, skipping InfluxDB write.
2025-04-21 11:17:48 [MQTT Call: JavaClientExample] INFO  com.example.mqtt.MessageData - Topic: data/s/nhnacademy/b/gyeongnam_campus/p/campus/d/gem3500_1/n/서버실/e/power_meter
Message Data:
time: 1745201867951
type: 3
leakageCurrent: 0
current: 197
activePower: 389
reactivePower: -112
tapparentPower: 439
powerFactor: 88.52
currentUnbalance: 0
lines: 

2025-04-21 11:17:48 [MQTT Call: JavaClientExample] WARN  com.example.mqtt.MessageData - No 'value' field found in message, skipping InfluxDB write.
2025-04-21 11:17:48 [MQTT Call: JavaClientExample] INFO  com.example.mqtt.MessageData - Topic: data/s/nhnacademy/b/gyeongnam_campus/p/campus/d/gem3500_1/n/간판/e/power_meter
Message Data:
time: 1745201868051
type: 1
leakageCurrent: 0
current: 0
activePower: 0
reactivePower: 0
tapparentPower: 0
powerFactor: 0
currentUnbalance: 0
lines: 

2025-04-21 11:17:48 [MQTT Call: JavaClientExample] WARN  com.example.mqtt.MessageData - No 'value' field found in message, skipping InfluxDB write.
2025-04-21 11:17:48 [MQTT Call: JavaClientExample] INFO  com.example.mqtt.MessageData - Topic: data/s/nhnacademy/b/gyeongnam_campus/p/campus/d/gem3500_1/n/페어룸/e/power_meter
Message Data:
time: 1745201868150
type: 2
leakageCurrent: 0
current: 0
activePower: 0
reactivePower: 0
tapparentPower: 0
powerFactor: 0
currentUnbalance: 0
lines: 

2025-04-21 11:17:48 [MQTT Call: JavaClientExample] WARN  com.example.mqtt.MessageData - No 'value' field found in message, skipping InfluxDB write.
2025-04-21 11:17:48 [MQTT Call: JavaClientExample] INFO  com.example.mqtt.MessageData - Topic: data/s/nhnacademy/b/gyeongnam_campus/p/campus/d/gem3500_1/n/사무실_전열1/e/power_meter
Message Data:
time: 1745201868252
type: 3
leakageCurrent: 0
current: 82
activePower: 100
reactivePower: -57
tapparentPower: 182
powerFactor: 55.26
currentUnbalance: 0
lines: 

2025-04-21 11:17:48 [MQTT Call: JavaClientExample] WARN  com.example.mqtt.MessageData - No 'value' field found in message, skipping InfluxDB write.
2025-04-21 11:17:48 [MQTT Call: JavaClientExample] INFO  com.example.mqtt.MessageData - Topic: data/s/nhnacademy/b/gyeongnam_campus/p/campus/d/gem3500_1/n/사무실_전열2/e/power_meter
Message Data:
time: 1745201868353
type: 3
leakageCurrent: 0
current: 90
activePower: 93
reactivePower: -60
tapparentPower: 204
powerFactor: 45.88
currentUnbalance: 0
lines: 

2025-04-21 11:17:48 [MQTT Call: JavaClientExample] WARN  com.example.mqtt.MessageData - No 'value' field found in message, skipping InfluxDB write.
2025-04-21 11:17:48 [MQTT Call: JavaClientExample] INFO  com.example.mqtt.MessageData - Topic: data/s/nhnacademy/b/gyeongnam_campus/p/campus/d/gem3500_1/n/사무실_복사기/e/power_meter
Message Data:
time: 1745201868455
type: 1
leakageCurrent: 0
current: 90
activePower: 124
reactivePower: 156
tapparentPower: 199
powerFactor: 62.65
currentUnbalance: 0
lines: 

2025-04-21 11:17:48 [MQTT Call: JavaClientExample] WARN  com.example.mqtt.MessageData - No 'value' field found in message, skipping InfluxDB write.
2025-04-21 11:17:48 [MQTT Call: JavaClientExample] INFO  com.example.mqtt.MessageData - Topic: data/s/nhnacademy/b/gyeongnam_campus/p/campus/d/gem3500_1/n/빌트인_전열/e/power_meter
Message Data:
time: 1745201868555
type: 2
leakageCurrent: 0
current: 5
activePower: 2
reactivePower: -7
tapparentPower: 14
powerFactor: 16.66
currentUnbalance: 0
lines: 

2025-04-21 11:17:48 [MQTT Call: JavaClientExample] WARN  com.example.mqtt.MessageData - No 'value' field found in message, skipping InfluxDB write.
2025-04-21 11:17:50 [MQTT Call: JavaClientExample] INFO  com.example.mqtt.MessageData - Topic: data/s/nhnacademy/b/gyeongnam_campus/p/campus/d/gem3500_1/n/사무실_전열3/e/power_meter
Message Data:
time: 1745201868657
type: 3
leakageCurrent: 0
current: 0
activePower: 0
reactivePower: 0
tapparentPower: 0
powerFactor: 0
currentUnbalance: 0
lines: 

2025-04-21 11:17:50 [MQTT Call: JavaClientExample] WARN  com.example.mqtt.MessageData - No 'value' field found in message, skipping InfluxDB write.
2025-04-21 11:17:50 [MQTT Call: JavaClientExample] INFO  com.example.mqtt.MessageData - Topic: data/s/nhnacademy/b/gyeongnam_campus/p/campus/d/gem3500_1/n/정수기/e/power_meter
Message Data:
time: 1745201868755
type: 1
leakageCurrent: 0
current: 7
activePower: 2
reactivePower: -14
tapparentPower: 16
powerFactor: 14.28
currentUnbalance: 0
lines: 

2025-04-21 11:17:50 [MQTT Call: JavaClientExample] WARN  com.example.mqtt.MessageData - No 'value' field found in message, skipping InfluxDB write.
2025-04-21 11:17:50 [MQTT Call: JavaClientExample] INFO  com.example.mqtt.MessageData - Topic: data/s/nhnacademy/b/gyeongnam_campus/p/campus/d/gem3500_1/n/하이브_전열/e/power_meter
Message Data:
time: 1745201868858
type: 2
leakageCurrent: 0
current: 64
activePower: 122
reactivePower: -45
tapparentPower: 141
powerFactor: 86.44
currentUnbalance: 0
lines: 

2025-04-21 11:17:50 [MQTT Call: JavaClientExample] WARN  com.example.mqtt.MessageData - No 'value' field found in message, skipping InfluxDB write.
2025-04-21 11:17:50 [MQTT Call: JavaClientExample] INFO  com.example.mqtt.MessageData - Topic: data/s/nhnacademy/b/gyeongnam_campus/p/campus/d/gem3500_1/n/바텐_전열/e/power_meter
Message Data:
time: 1745201868959
type: 3
leakageCurrent: 0
current: 0
activePower: 0
reactivePower: 0
tapparentPower: 0
powerFactor: 0
currentUnbalance: 0
lines: 

2025-04-21 11:17:50 [MQTT Call: JavaClientExample] WARN  com.example.mqtt.MessageData - No 'value' field found in message, skipping InfluxDB write.
2025-04-21 11:17:50 [MQTT Call: JavaClientExample] INFO  com.example.mqtt.MessageData - Topic: data/s/nhnacademy/b/gyeongnam_campus/p/campus/d/gem3500_1/n/S_P/e/power_meter
Message Data:
time: 1745201869059
type: 1
leakageCurrent: 0
current: 0
activePower: 0
reactivePower: 0
tapparentPower: 0
powerFactor: 0
currentUnbalance: 0
lines: 

2025-04-21 11:17:50 [MQTT Call: JavaClientExample] WARN  com.example.mqtt.MessageData - No 'value' field found in message, skipping InfluxDB write.
2025-04-21 11:17:50 [MQTT Call: JavaClientExample] INFO  com.example.mqtt.MessageData - Topic: data/s/nhnacademy/b/gyeongnam_campus/p/campus/d/gem3500_1/n/공조기/e/power_meter
Message Data:
time: 1745201869158
type: 2
leakageCurrent: 0
current: 199
activePower: 225
reactivePower: -24
tapparentPower: 439
powerFactor: 51.36
currentUnbalance: 0
lines: 

2025-04-21 11:17:50 [MQTT Call: JavaClientExample] WARN  com.example.mqtt.MessageData - No 'value' field found in message, skipping InfluxDB write.
2025-04-21 11:17:50 [MQTT Call: JavaClientExample] INFO  com.example.mqtt.MessageData - Topic: data/s/nhnacademy/b/gyeongnam_campus/p/campus/d/gem3500_1/n/AC/e/power_meter
Message Data:
time: 1745201869259
type: 3
leakageCurrent: 0
current: 88
activePower: 115
reactivePower: 0
tapparentPower: 194
powerFactor: 59.25
currentUnbalance: 0
lines: 

2025-04-21 11:17:50 [MQTT Call: JavaClientExample] WARN  com.example.mqtt.MessageData - No 'value' field found in message, skipping InfluxDB write.
2025-04-21 11:17:52 [MQTT Call: JavaClientExample] INFO  com.example.mqtt.MessageData - Topic: data/s/nhnacademy/b/gyeongnam_campus/p/class_a/d/24e124126d152969/n/왼쪽 뒤/e/pressure
Message Data:
time: 1745201871924
value: 1016.7

2025-04-21 11:17:52 [MQTT Call: JavaClientExample] INFO  com.example.mqtt.InfluxDBService - Extracted tagkey -> location: class_a, kind: 왼쪽 뒤, data: pressure
Value into InfluxDB: 1016.7
2025-04-21 11:17:52 [MQTT Call: JavaClientExample] INFO  com.example.mqtt.MessageData - Data sent to InfluxDBService: data/s/nhnacademy/b/gyeongnam_campus/p/class_a/d/24e124126d152969/n/왼쪽 뒤/e/pressure -> 1016.7
2025-04-21 11:17:55 [MQTT Call: JavaClientExample] INFO  com.example.mqtt.MessageData - Topic: data/s/nhnacademy/b/gyeongnam_campus/p/class_a/d/24e124126d152969/n/왼쪽 뒤/e/co2
Message Data:
time: 1745201871924
value: 979

2025-04-21 11:17:55 [MQTT Call: JavaClientExample] INFO  com.example.mqtt.InfluxDBService - Extracted tagkey -> location: class_a, kind: 왼쪽 뒤, data: co2
Value into InfluxDB: 979.0
2025-04-21 11:17:55 [MQTT Call: JavaClientExample] INFO  com.example.mqtt.MessageData - Data sent to InfluxDBService: data/s/nhnacademy/b/gyeongnam_campus/p/class_a/d/24e124126d152969/n/왼쪽 뒤/e/co2 -> 979.0
2025-04-21 11:17:55 [MQTT Call: JavaClientExample] INFO  com.example.mqtt.MessageData - Topic: data/s/nhnacademy/b/gyeongnam_campus/p/class_a/d/24e124126d152969/n/왼쪽 뒤/e/temperature
Message Data:
time: 1745201871924
value: 23

2025-04-21 11:17:55 [MQTT Call: JavaClientExample] INFO  com.example.mqtt.InfluxDBService - Extracted tagkey -> location: class_a, kind: 왼쪽 뒤, data: temperature
Value into InfluxDB: 23.0
2025-04-21 11:17:55 [MQTT Call: JavaClientExample] INFO  com.example.mqtt.MessageData - Data sent to InfluxDBService: data/s/nhnacademy/b/gyeongnam_campus/p/class_a/d/24e124126d152969/n/왼쪽 뒤/e/temperature -> 23.0
2025-04-21 11:17:55 [MQTT Call: JavaClientExample] INFO  com.example.mqtt.MessageData - Topic: data/s/nhnacademy/b/gyeongnam_campus/p/class_a/d/24e124126d152969/n/왼쪽 뒤/e/humidity
Message Data:
time: 1745201871924
value: 51

2025-04-21 11:17:55 [MQTT Call: JavaClientExample] INFO  com.example.mqtt.InfluxDBService - Extracted tagkey -> location: class_a, kind: 왼쪽 뒤, data: humidity
Value into InfluxDB: 51.0
2025-04-21 11:17:55 [MQTT Call: JavaClientExample] INFO  com.example.mqtt.MessageData - Data sent to InfluxDBService: data/s/nhnacademy/b/gyeongnam_campus/p/class_a/d/24e124126d152969/n/왼쪽 뒤/e/humidity -> 51.0
2025-04-21 11:17:55 [MQTT Call: JavaClientExample] INFO  com.example.mqtt.MessageData - Topic: data/s/nhnacademy/b/gyeongnam_campus/p/class_a/d/24e124126d152969/n/왼쪽 뒤/g/24e124fffef79304/e/lora
Message Data:
time: 1745201871924
value: 

2025-04-21 11:17:55 [MQTT Call: JavaClientExample] INFO  com.example.mqtt.InfluxDBService - Extracted tagkey -> location: class_a, kind: 왼쪽 뒤, data: lora
Value into InfluxDB: 0.0
2025-04-21 11:17:55 [MQTT Call: JavaClientExample] INFO  com.example.mqtt.MessageData - Data sent to InfluxDBService: data/s/nhnacademy/b/gyeongnam_campus/p/class_a/d/24e124126d152969/n/왼쪽 뒤/g/24e124fffef79304/e/lora -> 0.0
2025-04-21 11:17:55 [MQTT Call: JavaClientExample] INFO  com.example.mqtt.MessageData - Topic: data/s/nhnacademy/b/gyeongnam_campus/p/class_a/d/24e124126d152969/n/왼쪽 뒤/g/24e124fffef5dccc/e/lora
Message Data:
time: 1745201871924
value: 

2025-04-21 11:17:55 [MQTT Call: JavaClientExample] INFO  com.example.mqtt.InfluxDBService - Extracted tagkey -> location: class_a, kind: 왼쪽 뒤, data: lora
Value into InfluxDB: 0.0
2025-04-21 11:17:55 [MQTT Call: JavaClientExample] INFO  com.example.mqtt.MessageData - Data sent to InfluxDBService: data/s/nhnacademy/b/gyeongnam_campus/p/class_a/d/24e124126d152969/n/왼쪽 뒤/g/24e124fffef5dccc/e/lora -> 0.0
2025-04-21 11:18:08 [MQTT Call: JavaClientExample] INFO  com.example.mqtt.MessageData - Topic: data/s/nhnacademy/b/gyeongnam_campus/p/hive/d/24e124126c452091/sp/farm/n/스마트팜/e/temperature
Message Data:
time: 1745201884214
value: 24.5

2025-04-21 11:18:08 [MQTT Call: JavaClientExample] INFO  com.example.mqtt.InfluxDBService - Extracted tagkey -> location: hive, kind: 스마트팜, data: temperature
Value into InfluxDB: 24.5
2025-04-21 11:18:08 [MQTT Call: JavaClientExample] INFO  com.example.mqtt.MessageData - Data sent to InfluxDBService: data/s/nhnacademy/b/gyeongnam_campus/p/hive/d/24e124126c452091/sp/farm/n/스마트팜/e/temperature -> 24.5
2025-04-21 11:18:08 [MQTT Call: JavaClientExample] INFO  com.example.mqtt.MessageData - Topic: data/s/nhnacademy/b/gyeongnam_campus/p/hive/d/24e124126c452091/sp/farm/n/스마트팜/g/24e124fffef5dccc/e/lora
Message Data:
time: 1745201884214
value: 

2025-04-21 11:18:08 [MQTT Call: JavaClientExample] INFO  com.example.mqtt.InfluxDBService - Extracted tagkey -> location: hive, kind: 스마트팜, data: lora
Value into InfluxDB: 0.0
2025-04-21 11:18:08 [MQTT Call: JavaClientExample] INFO  com.example.mqtt.MessageData - Data sent to InfluxDBService: data/s/nhnacademy/b/gyeongnam_campus/p/hive/d/24e124126c452091/sp/farm/n/스마트팜/g/24e124fffef5dccc/e/lora -> 0.0
2025-04-21 11:18:08 [MQTT Call: JavaClientExample] INFO  com.example.mqtt.MessageData - Topic: data/s/nhnacademy/b/gyeongnam_campus/p/hive/d/24e124126c452091/sp/farm/n/스마트팜/g/24e124fffef79304/e/lora
Message Data:
time: 1745201884214
value: 

2025-04-21 11:18:08 [MQTT Call: JavaClientExample] INFO  com.example.mqtt.InfluxDBService - Extracted tagkey -> location: hive, kind: 스마트팜, data: lora
Value into InfluxDB: 0.0
2025-04-21 11:18:08 [MQTT Call: JavaClientExample] INFO  com.example.mqtt.MessageData - Data sent to InfluxDBService: data/s/nhnacademy/b/gyeongnam_campus/p/hive/d/24e124126c452091/sp/farm/n/스마트팜/g/24e124fffef79304/e/lora -> 0.0
2025-04-21 11:18:12 [MQTT Call: JavaClientExample] INFO  com.example.mqtt.MessageData - Topic: data/s/nhnacademy/b/gyeongnam_campus/p/office/d/24e124126d152919/n/보드/e/pressure
Message Data:
time: 1745201891169
value: 1016.6

2025-04-21 11:18:12 [MQTT Call: JavaClientExample] INFO  com.example.mqtt.InfluxDBService - Extracted tagkey -> location: office, kind: 보드, data: pressure
Value into InfluxDB: 1016.6
2025-04-21 11:18:12 [MQTT Call: JavaClientExample] INFO  com.example.mqtt.MessageData - Data sent to InfluxDBService: data/s/nhnacademy/b/gyeongnam_campus/p/office/d/24e124126d152919/n/보드/e/pressure -> 1016.6
2025-04-21 11:18:12 [MQTT Call: JavaClientExample] INFO  com.example.mqtt.MessageData - Topic: data/s/nhnacademy/b/gyeongnam_campus/p/office/d/24e124126d152919/n/보드/e/temperature
Message Data:
time: 1745201891169
value: 23.5

2025-04-21 11:18:12 [MQTT Call: JavaClientExample] INFO  com.example.mqtt.InfluxDBService - Extracted tagkey -> location: office, kind: 보드, data: temperature
Value into InfluxDB: 23.5
2025-04-21 11:18:12 [MQTT Call: JavaClientExample] INFO  com.example.mqtt.MessageData - Data sent to InfluxDBService: data/s/nhnacademy/b/gyeongnam_campus/p/office/d/24e124126d152919/n/보드/e/temperature -> 23.5
2025-04-21 11:18:12 [MQTT Call: JavaClientExample] INFO  com.example.mqtt.MessageData - Topic: data/s/nhnacademy/b/gyeongnam_campus/p/office/d/24e124126d152919/n/보드/e/co2
Message Data:
time: 1745201891169
value: 689

2025-04-21 11:18:12 [MQTT Call: JavaClientExample] INFO  com.example.mqtt.InfluxDBService - Extracted tagkey -> location: office, kind: 보드, data: co2
Value into InfluxDB: 689.0
2025-04-21 11:18:12 [MQTT Call: JavaClientExample] INFO  com.example.mqtt.MessageData - Data sent to InfluxDBService: data/s/nhnacademy/b/gyeongnam_campus/p/office/d/24e124126d152919/n/보드/e/co2 -> 689.0
2025-04-21 11:18:12 [MQTT Call: JavaClientExample] INFO  com.example.mqtt.MessageData - Topic: data/s/nhnacademy/b/gyeongnam_campus/p/office/d/24e124126d152919/n/보드/e/humidity
Message Data:
time: 1745201891169
value: 47.5

2025-04-21 11:18:12 [MQTT Call: JavaClientExample] INFO  com.example.mqtt.InfluxDBService - Extracted tagkey -> location: office, kind: 보드, data: humidity
Value into InfluxDB: 47.5
2025-04-21 11:18:12 [MQTT Call: JavaClientExample] INFO  com.example.mqtt.MessageData - Data sent to InfluxDBService: data/s/nhnacademy/b/gyeongnam_campus/p/office/d/24e124126d152919/n/보드/e/humidity -> 47.5
2025-04-21 11:18:12 [MQTT Call: JavaClientExample] INFO  com.example.mqtt.MessageData - Topic: data/s/nhnacademy/b/gyeongnam_campus/p/office/d/24e124126d152919/n/보드/g/24e124fffef5dccc/e/lora
Message Data:
time: 1745201891169
value: 

2025-04-21 11:18:12 [MQTT Call: JavaClientExample] INFO  com.example.mqtt.InfluxDBService - Extracted tagkey -> location: office, kind: 보드, data: lora
Value into InfluxDB: 0.0
2025-04-21 11:18:12 [MQTT Call: JavaClientExample] INFO  com.example.mqtt.MessageData - Data sent to InfluxDBService: data/s/nhnacademy/b/gyeongnam_campus/p/office/d/24e124126d152919/n/보드/g/24e124fffef5dccc/e/lora -> 0.0
2025-04-21 11:18:12 [MQTT Call: JavaClientExample] INFO  com.example.mqtt.MessageData - Topic: data/s/nhnacademy/b/gyeongnam_campus/p/office/d/24e124126d152919/n/보드/g/24e124fffef79304/e/lora
Message Data:
time: 1745201891169
value: 

2025-04-21 11:18:12 [MQTT Call: JavaClientExample] INFO  com.example.mqtt.InfluxDBService - Extracted tagkey -> location: office, kind: 보드, data: lora
Value into InfluxDB: 0.0
2025-04-21 11:18:12 [MQTT Call: JavaClientExample] INFO  com.example.mqtt.MessageData - Data sent to InfluxDBService: data/s/nhnacademy/b/gyeongnam_campus/p/office/d/24e124126d152919/n/보드/g/24e124fffef79304/e/lora -> 0.0
2025-04-21 11:18:12 [MQTT Call: JavaClientExample] INFO  com.example.mqtt.MessageData - Topic: data/s/nhnacademy/b/gyeongnam_campus/p/hive/d/24e124725d081175/sp/8인 책상/n/8인 책상/e/humidity
Message Data:
time: 1745201892434
value: 42

2025-04-21 11:18:12 [MQTT Call: JavaClientExample] INFO  com.example.mqtt.InfluxDBService - Extracted tagkey -> location: hive, kind: 8인 책상, data: humidity
Value into InfluxDB: 42.0
2025-04-21 11:18:12 [MQTT Call: JavaClientExample] INFO  com.example.mqtt.MessageData - Data sent to InfluxDBService: data/s/nhnacademy/b/gyeongnam_campus/p/hive/d/24e124725d081175/sp/8인 책상/n/8인 책상/e/humidity -> 42.0
2025-04-21 11:18:13 [MQTT Call: JavaClientExample] INFO  com.example.mqtt.MessageData - Topic: data/s/nhnacademy/b/gyeongnam_campus/p/hive/d/24e124725d081175/sp/8인 책상/n/8인 책상/e/temperature
Message Data:
time: 1745201892434
value: 25.5

2025-04-21 11:18:13 [MQTT Call: JavaClientExample] INFO  com.example.mqtt.InfluxDBService - Extracted tagkey -> location: hive, kind: 8인 책상, data: temperature
Value into InfluxDB: 25.5
2025-04-21 11:18:13 [MQTT Call: JavaClientExample] INFO  com.example.mqtt.MessageData - Data sent to InfluxDBService: data/s/nhnacademy/b/gyeongnam_campus/p/hive/d/24e124725d081175/sp/8인 책상/n/8인 책상/e/temperature -> 25.5
2025-04-21 11:18:13 [MQTT Call: JavaClientExample] INFO  com.example.mqtt.MessageData - Topic: data/s/nhnacademy/b/gyeongnam_campus/p/hive/d/24e124725d081175/sp/8인 책상/n/8인 책상/e/battery
Message Data:
time: 1745201892434
value: 77

2025-04-21 11:18:13 [MQTT Call: JavaClientExample] INFO  com.example.mqtt.InfluxDBService - Extracted tagkey -> location: hive, kind: 8인 책상, data: battery
Value into InfluxDB: 77.0
2025-04-21 11:18:13 [MQTT Call: JavaClientExample] INFO  com.example.mqtt.MessageData - Data sent to InfluxDBService: data/s/nhnacademy/b/gyeongnam_campus/p/hive/d/24e124725d081175/sp/8인 책상/n/8인 책상/e/battery -> 77.0
2025-04-21 11:18:13 [MQTT Call: JavaClientExample] INFO  com.example.mqtt.MessageData - Topic: data/s/nhnacademy/b/gyeongnam_campus/p/hive/d/24e124725d081175/sp/8인 책상/n/8인 책상/e/co2
Message Data:
time: 1745201892434
value: 628

2025-04-21 11:18:13 [MQTT Call: JavaClientExample] INFO  com.example.mqtt.InfluxDBService - Extracted tagkey -> location: hive, kind: 8인 책상, data: co2
Value into InfluxDB: 628.0
2025-04-21 11:18:13 [MQTT Call: JavaClientExample] INFO  com.example.mqtt.MessageData - Data sent to InfluxDBService: data/s/nhnacademy/b/gyeongnam_campus/p/hive/d/24e124725d081175/sp/8인 책상/n/8인 책상/e/co2 -> 628.0
2025-04-21 11:18:13 [MQTT Call: JavaClientExample] INFO  com.example.mqtt.MessageData - Topic: data/s/nhnacademy/b/gyeongnam_campus/p/hive/d/24e124725d081175/sp/8인 책상/n/8인 책상/g/24e124fffef79304/e/lora
Message Data:
time: 1745201892434
value: 

2025-04-21 11:18:13 [MQTT Call: JavaClientExample] INFO  com.example.mqtt.InfluxDBService - Extracted tagkey -> location: hive, kind: 8인 책상, data: lora
Value into InfluxDB: 0.0
2025-04-21 11:18:13 [MQTT Call: JavaClientExample] INFO  com.example.mqtt.MessageData - Data sent to InfluxDBService: data/s/nhnacademy/b/gyeongnam_campus/p/hive/d/24e124725d081175/sp/8인 책상/n/8인 책상/g/24e124fffef79304/e/lora -> 0.0
2025-04-21 11:18:13 [MQTT Call: JavaClientExample] INFO  com.example.mqtt.MessageData - Topic: data/s/nhnacademy/b/gyeongnam_campus/p/hive/d/24e124725d081175/sp/8인 책상/n/8인 책상/g/24e124fffef5dccc/e/lora
Message Data:
time: 1745201892434
value: 

2025-04-21 11:18:13 [MQTT Call: JavaClientExample] INFO  com.example.mqtt.InfluxDBService - Extracted tagkey -> location: hive, kind: 8인 책상, data: lora
Value into InfluxDB: 0.0
2025-04-21 11:18:13 [MQTT Call: JavaClientExample] INFO  com.example.mqtt.MessageData - Data sent to InfluxDBService: data/s/nhnacademy/b/gyeongnam_campus/p/hive/d/24e124725d081175/sp/8인 책상/n/8인 책상/g/24e124fffef5dccc/e/lora -> 0.0
2025-04-21 11:18:15 [MQTT Call: JavaClientExample] INFO  com.example.mqtt.MessageData - Topic: data/s/nhnacademy/b/gyeongnam_campus/p/pair_room/d/24e124617d159573/n/2/e/distance
Message Data:
time: 1745201894574
value: 2233

2025-04-21 11:18:15 [MQTT Call: JavaClientExample] INFO  com.example.mqtt.InfluxDBService - Extracted tagkey -> location: pair_room, kind: 2, data: distance
Value into InfluxDB: 2233.0
2025-04-21 11:18:15 [MQTT Call: JavaClientExample] INFO  com.example.mqtt.MessageData - Data sent to InfluxDBService: data/s/nhnacademy/b/gyeongnam_campus/p/pair_room/d/24e124617d159573/n/2/e/distance -> 2233.0
2025-04-21 11:18:15 [MQTT Call: JavaClientExample] INFO  com.example.mqtt.MessageData - Topic: data/s/nhnacademy/b/gyeongnam_campus/p/pair_room/d/24e124617d159573/n/2/e/battery
Message Data:
time: 1745201894574
value: 33

2025-04-21 11:18:15 [MQTT Call: JavaClientExample] INFO  com.example.mqtt.InfluxDBService - Extracted tagkey -> location: pair_room, kind: 2, data: battery
Value into InfluxDB: 33.0
2025-04-21 11:18:15 [MQTT Call: JavaClientExample] INFO  com.example.mqtt.MessageData - Data sent to InfluxDBService: data/s/nhnacademy/b/gyeongnam_campus/p/pair_room/d/24e124617d159573/n/2/e/battery -> 33.0
2025-04-21 11:18:15 [MQTT Call: JavaClientExample] INFO  com.example.mqtt.MessageData - Topic: data/s/nhnacademy/b/gyeongnam_campus/p/pair_room/d/24e124617d159573/n/2/e/occupancy
Message Data:
time: 1745201894574
value: 0

2025-04-21 11:18:15 [MQTT Call: JavaClientExample] INFO  com.example.mqtt.InfluxDBService - Extracted tagkey -> location: pair_room, kind: 2, data: occupancy
Value into InfluxDB: 0.0
2025-04-21 11:18:15 [MQTT Call: JavaClientExample] INFO  com.example.mqtt.MessageData - Data sent to InfluxDBService: data/s/nhnacademy/b/gyeongnam_campus/p/pair_room/d/24e124617d159573/n/2/e/occupancy -> 0.0
2025-04-21 11:18:15 [MQTT Call: JavaClientExample] INFO  com.example.mqtt.MessageData - Topic: data/s/nhnacademy/b/gyeongnam_campus/p/pair_room/d/24e124617d159573/n/2/g/24e124fffef5dccc/e/lora
Message Data:
time: 1745201894574
value: 

2025-04-21 11:18:15 [MQTT Call: JavaClientExample] INFO  com.example.mqtt.InfluxDBService - Extracted tagkey -> location: pair_room, kind: 2, data: lora
Value into InfluxDB: 0.0
2025-04-21 11:18:15 [MQTT Call: JavaClientExample] INFO  com.example.mqtt.MessageData - Data sent to InfluxDBService: data/s/nhnacademy/b/gyeongnam_campus/p/pair_room/d/24e124617d159573/n/2/g/24e124fffef5dccc/e/lora -> 0.0
2025-04-21 11:18:15 [MQTT Call: JavaClientExample] INFO  com.example.mqtt.MessageData - Topic: data/s/nhnacademy/b/gyeongnam_campus/p/pair_room/d/24e124617d159573/n/2/g/24e124fffef79304/e/lora
Message Data:
time: 1745201894574
value: 

2025-04-21 11:18:15 [MQTT Call: JavaClientExample] INFO  com.example.mqtt.InfluxDBService - Extracted tagkey -> location: pair_room, kind: 2, data: lora
Value into InfluxDB: 0.0
2025-04-21 11:18:15 [MQTT Call: JavaClientExample] INFO  com.example.mqtt.MessageData - Data sent to InfluxDBService: data/s/nhnacademy/b/gyeongnam_campus/p/pair_room/d/24e124617d159573/n/2/g/24e124fffef79304/e/lora -> 0.0
2025-04-21 11:18:18 [MQTT Call: JavaClientExample] INFO  com.example.mqtt.MessageData - Topic: data/s/nhnacademy/b/gyeongnam_campus/p/class_a/d/24e124128c067999/sp/입구/n/입구/e/tvoc
Message Data:
time: 1745201897639
value: 301

2025-04-21 11:18:18 [MQTT Call: JavaClientExample] INFO  com.example.mqtt.InfluxDBService - Extracted tagkey -> location: class_a, kind: 입구, data: tvoc
Value into InfluxDB: 301.0
2025-04-21 11:18:18 [MQTT Call: JavaClientExample] INFO  com.example.mqtt.MessageData - Data sent to InfluxDBService: data/s/nhnacademy/b/gyeongnam_campus/p/class_a/d/24e124128c067999/sp/입구/n/입구/e/tvoc -> 301.0
2025-04-21 11:18:18 [MQTT Call: JavaClientExample] INFO  com.example.mqtt.MessageData - Topic: data/s/nhnacademy/b/gyeongnam_campus/p/class_a/d/24e124128c067999/sp/입구/n/입구/e/illumination
Message Data:
time: 1745201897639
value: 67

2025-04-21 11:18:18 [MQTT Call: JavaClientExample] INFO  com.example.mqtt.InfluxDBService - Extracted tagkey -> location: class_a, kind: 입구, data: illumination
Value into InfluxDB: 67.0
2025-04-21 11:18:18 [MQTT Call: JavaClientExample] INFO  com.example.mqtt.MessageData - Data sent to InfluxDBService: data/s/nhnacademy/b/gyeongnam_campus/p/class_a/d/24e124128c067999/sp/입구/n/입구/e/illumination -> 67.0
2025-04-21 11:18:18 [MQTT Call: JavaClientExample] INFO  com.example.mqtt.MessageData - Topic: data/s/nhnacademy/b/gyeongnam_campus/p/class_a/d/24e124128c067999/sp/입구/n/입구/e/temperature
Message Data:
time: 1745201897639
value: 23.8

2025-04-21 11:18:18 [MQTT Call: JavaClientExample] INFO  com.example.mqtt.InfluxDBService - Extracted tagkey -> location: class_a, kind: 입구, data: temperature
Value into InfluxDB: 23.8
2025-04-21 11:18:18 [MQTT Call: JavaClientExample] INFO  com.example.mqtt.MessageData - Data sent to InfluxDBService: data/s/nhnacademy/b/gyeongnam_campus/p/class_a/d/24e124128c067999/sp/입구/n/입구/e/temperature -> 23.8
2025-04-21 11:18:18 [MQTT Call: JavaClientExample] INFO  com.example.mqtt.MessageData - Topic: data/s/nhnacademy/b/gyeongnam_campus/p/class_a/d/24e124128c067999/sp/입구/n/입구/e/humidity
Message Data:
time: 1745201897639
value: 45.5

2025-04-21 11:18:18 [MQTT Call: JavaClientExample] INFO  com.example.mqtt.InfluxDBService - Extracted tagkey -> location: class_a, kind: 입구, data: humidity
Value into InfluxDB: 45.5
2025-04-21 11:18:18 [MQTT Call: JavaClientExample] INFO  com.example.mqtt.MessageData - Data sent to InfluxDBService: data/s/nhnacademy/b/gyeongnam_campus/p/class_a/d/24e124128c067999/sp/입구/n/입구/e/humidity -> 45.5
2025-04-21 11:18:18 [MQTT Call: JavaClientExample] INFO  com.example.mqtt.MessageData - Topic: data/s/nhnacademy/b/gyeongnam_campus/p/class_a/d/24e124128c067999/sp/입구/n/입구/e/pressure
Message Data:
time: 1745201897639
value: 1009

2025-04-21 11:18:18 [MQTT Call: JavaClientExample] INFO  com.example.mqtt.InfluxDBService - Extracted tagkey -> location: class_a, kind: 입구, data: pressure
Value into InfluxDB: 1009.0
2025-04-21 11:18:18 [MQTT Call: JavaClientExample] INFO  com.example.mqtt.MessageData - Data sent to InfluxDBService: data/s/nhnacademy/b/gyeongnam_campus/p/class_a/d/24e124128c067999/sp/입구/n/입구/e/pressure -> 1009.0
2025-04-21 11:18:18 [MQTT Call: JavaClientExample] INFO  com.example.mqtt.MessageData - Topic: data/s/nhnacademy/b/gyeongnam_campus/p/class_a/d/24e124128c067999/sp/입구/n/입구/e/co2
Message Data:
time: 1745201897639
value: 889

2025-04-21 11:18:18 [MQTT Call: JavaClientExample] INFO  com.example.mqtt.InfluxDBService - Extracted tagkey -> location: class_a, kind: 입구, data: co2
Value into InfluxDB: 889.0
2025-04-21 11:18:18 [MQTT Call: JavaClientExample] INFO  com.example.mqtt.MessageData - Data sent to InfluxDBService: data/s/nhnacademy/b/gyeongnam_campus/p/class_a/d/24e124128c067999/sp/입구/n/입구/e/co2 -> 889.0
2025-04-21 11:18:18 [MQTT Call: JavaClientExample] INFO  com.example.mqtt.MessageData - Topic: data/s/nhnacademy/b/gyeongnam_campus/p/class_a/d/24e124128c067999/sp/입구/n/입구/e/activity
Message Data:
time: 1745201897639
value: 0

2025-04-21 11:18:18 [MQTT Call: JavaClientExample] INFO  com.example.mqtt.InfluxDBService - Extracted tagkey -> location: class_a, kind: 입구, data: activity
Value into InfluxDB: 0.0
2025-04-21 11:18:18 [MQTT Call: JavaClientExample] INFO  com.example.mqtt.MessageData - Data sent to InfluxDBService: data/s/nhnacademy/b/gyeongnam_campus/p/class_a/d/24e124128c067999/sp/입구/n/입구/e/activity -> 0.0
2025-04-21 11:18:18 [MQTT Call: JavaClientExample] INFO  com.example.mqtt.MessageData - Topic: data/s/nhnacademy/b/gyeongnam_campus/p/class_a/d/24e124128c067999/sp/입구/n/입구/e/infrared
Message Data:
time: 1745201897639
value: 7

2025-04-21 11:18:18 [MQTT Call: JavaClientExample] INFO  com.example.mqtt.InfluxDBService - Extracted tagkey -> location: class_a, kind: 입구, data: infrared
Value into InfluxDB: 7.0
2025-04-21 11:18:18 [MQTT Call: JavaClientExample] INFO  com.example.mqtt.MessageData - Data sent to InfluxDBService: data/s/nhnacademy/b/gyeongnam_campus/p/class_a/d/24e124128c067999/sp/입구/n/입구/e/infrared -> 7.0
2025-04-21 11:18:18 [MQTT Call: JavaClientExample] INFO  com.example.mqtt.MessageData - Topic: data/s/nhnacademy/b/gyeongnam_campus/p/class_a/d/24e124128c067999/sp/입구/n/입구/e/infrared_and_visible
Message Data:
time: 1745201897639
value: 46

2025-04-21 11:18:18 [MQTT Call: JavaClientExample] INFO  com.example.mqtt.InfluxDBService - Extracted tagkey -> location: class_a, kind: 입구, data: infrared_and_visible
Value into InfluxDB: 46.0
2025-04-21 11:18:18 [MQTT Call: JavaClientExample] INFO  com.example.mqtt.MessageData - Data sent to InfluxDBService: data/s/nhnacademy/b/gyeongnam_campus/p/class_a/d/24e124128c067999/sp/입구/n/입구/e/infrared_and_visible -> 46.0
2025-04-21 11:18:18 [MQTT Call: JavaClientExample] INFO  com.example.mqtt.MessageData - Topic: data/s/nhnacademy/b/gyeongnam_campus/p/class_a/d/24e124128c067999/sp/입구/n/입구/g/24e124fffef5dccc/e/lora
Message Data:
time: 1745201897639
value: 

2025-04-21 11:18:18 [MQTT Call: JavaClientExample] INFO  com.example.mqtt.InfluxDBService - Extracted tagkey -> location: class_a, kind: 입구, data: lora
Value into InfluxDB: 0.0
2025-04-21 11:18:18 [MQTT Call: JavaClientExample] INFO  com.example.mqtt.MessageData - Data sent to InfluxDBService: data/s/nhnacademy/b/gyeongnam_campus/p/class_a/d/24e124128c067999/sp/입구/n/입구/g/24e124fffef5dccc/e/lora -> 0.0
2025-04-21 11:18:18 [MQTT Call: JavaClientExample] INFO  com.example.mqtt.MessageData - Topic: data/s/nhnacademy/b/gyeongnam_campus/p/class_a/d/24e124128c067999/sp/입구/n/입구/g/24e124fffef79304/e/lora
Message Data:
time: 1745201897639
value: 

2025-04-21 11:18:18 [MQTT Call: JavaClientExample] INFO  com.example.mqtt.InfluxDBService - Extracted tagkey -> location: class_a, kind: 입구, data: lora
Value into InfluxDB: 0.0
2025-04-21 11:18:18 [MQTT Call: JavaClientExample] INFO  com.example.mqtt.MessageData - Data sent to InfluxDBService: data/s/nhnacademy/b/gyeongnam_campus/p/class_a/d/24e124128c067999/sp/입구/n/입구/g/24e124fffef79304/e/lora -> 0.0
2025-04-21 11:18:26 [MQTT Call: JavaClientExample] INFO  com.example.mqtt.MessageData - Topic: data/s/nhnacademy/b/gyeongnam_campus/p/server_room/d/24e124136d151368/n/입구/e/temperature
Message Data:
time: 1745201906410
value: 24.2

2025-04-21 11:18:26 [MQTT Call: JavaClientExample] INFO  com.example.mqtt.InfluxDBService - Extracted tagkey -> location: server_room, kind: 입구, data: temperature
Value into InfluxDB: 24.2
2025-04-21 11:18:26 [MQTT Call: JavaClientExample] INFO  com.example.mqtt.MessageData - Data sent to InfluxDBService: data/s/nhnacademy/b/gyeongnam_campus/p/server_room/d/24e124136d151368/n/입구/e/temperature -> 24.2
2025-04-21 11:18:26 [MQTT Call: JavaClientExample] INFO  com.example.mqtt.MessageData - Topic: data/s/nhnacademy/b/gyeongnam_campus/p/server_room/d/24e124136d151368/n/입구/e/humidity
Message Data:
time: 1745201906410
value: 45.5

2025-04-21 11:18:26 [MQTT Call: JavaClientExample] INFO  com.example.mqtt.InfluxDBService - Extracted tagkey -> location: server_room, kind: 입구, data: humidity
Value into InfluxDB: 45.5
2025-04-21 11:18:26 [MQTT Call: JavaClientExample] INFO  com.example.mqtt.MessageData - Data sent to InfluxDBService: data/s/nhnacademy/b/gyeongnam_campus/p/server_room/d/24e124136d151368/n/입구/e/humidity -> 45.5
2025-04-21 11:18:26 [MQTT Call: JavaClientExample] INFO  com.example.mqtt.MessageData - Topic: data/s/nhnacademy/b/gyeongnam_campus/p/server_room/d/24e124136d151368/n/입구/g/24e124fffef79304/e/lora
Message Data:
time: 1745201906410
value: 

2025-04-21 11:18:26 [MQTT Call: JavaClientExample] INFO  com.example.mqtt.InfluxDBService - Extracted tagkey -> location: server_room, kind: 입구, data: lora
Value into InfluxDB: 0.0
2025-04-21 11:18:26 [MQTT Call: JavaClientExample] INFO  com.example.mqtt.MessageData - Data sent to InfluxDBService: data/s/nhnacademy/b/gyeongnam_campus/p/server_room/d/24e124136d151368/n/입구/g/24e124fffef79304/e/lora -> 0.0
2025-04-21 11:18:26 [MQTT Call: JavaClientExample] INFO  com.example.mqtt.MessageData - Topic: data/s/nhnacademy/b/gyeongnam_campus/p/server_room/d/24e124136d151368/n/입구/g/24e124fffef5dccc/e/lora
Message Data:
time: 1745201906410
value: 

2025-04-21 11:18:26 [MQTT Call: JavaClientExample] INFO  com.example.mqtt.InfluxDBService - Extracted tagkey -> location: server_room, kind: 입구, data: lora
Value into InfluxDB: 0.0
2025-04-21 11:18:26 [MQTT Call: JavaClientExample] INFO  com.example.mqtt.MessageData - Data sent to InfluxDBService: data/s/nhnacademy/b/gyeongnam_campus/p/server_room/d/24e124136d151368/n/입구/g/24e124fffef5dccc/e/lora -> 0.0
2025-04-21 11:18:43 [MQTT Call: JavaClientExample] INFO  com.example.mqtt.MessageData - Topic: data/s/nhnacademy/b/gyeongnam_campus/p/hive/d/24e124126d111937/sp/farm/n/스마트팜/e/illumination
Message Data:
time: 1745201923511
value: 320

2025-04-21 11:18:43 [MQTT Call: JavaClientExample] INFO  com.example.mqtt.InfluxDBService - Extracted tagkey -> location: hive, kind: 스마트팜, data: illumination
Value into InfluxDB: 320.0
2025-04-21 11:18:43 [MQTT Call: JavaClientExample] INFO  com.example.mqtt.MessageData - Data sent to InfluxDBService: data/s/nhnacademy/b/gyeongnam_campus/p/hive/d/24e124126d111937/sp/farm/n/스마트팜/e/illumination -> 320.0
2025-04-21 11:18:44 [MQTT Call: JavaClientExample] INFO  com.example.mqtt.MessageData - Topic: data/s/nhnacademy/b/gyeongnam_campus/p/hive/d/24e124126d111937/sp/farm/n/스마트팜/g/24e124fffef79304/e/lora
Message Data:
time: 1745201923511
value: 

2025-04-21 11:18:44 [MQTT Call: JavaClientExample] INFO  com.example.mqtt.InfluxDBService - Extracted tagkey -> location: hive, kind: 스마트팜, data: lora
Value into InfluxDB: 0.0
2025-04-21 11:18:44 [MQTT Call: JavaClientExample] INFO  com.example.mqtt.MessageData - Data sent to InfluxDBService: data/s/nhnacademy/b/gyeongnam_campus/p/hive/d/24e124126d111937/sp/farm/n/스마트팜/g/24e124fffef79304/e/lora -> 0.0
2025-04-21 11:18:44 [MQTT Call: JavaClientExample] INFO  com.example.mqtt.MessageData - Topic: data/s/nhnacademy/b/gyeongnam_campus/p/hive/d/24e124126d111937/sp/farm/n/스마트팜/g/24e124fffef5dccc/e/lora
Message Data:
time: 1745201923511
value: 

2025-04-21 11:18:44 [MQTT Call: JavaClientExample] INFO  com.example.mqtt.InfluxDBService - Extracted tagkey -> location: hive, kind: 스마트팜, data: lora
Value into InfluxDB: 0.0
2025-04-21 11:18:44 [MQTT Call: JavaClientExample] INFO  com.example.mqtt.MessageData - Data sent to InfluxDBService: data/s/nhnacademy/b/gyeongnam_campus/p/hive/d/24e124126d111937/sp/farm/n/스마트팜/g/24e124fffef5dccc/e/lora -> 0.0
2025-04-21 11:18:46 [MQTT Call: JavaClientExample] INFO  com.example.mqtt.MessageData - Topic: data/s/nhnacademy/b/gyeongnam_campus/p/storage/d/24e124136d151547/n/입구/e/temperature
Message Data:
time: 1745201926458
value: -0.1

2025-04-21 11:18:46 [MQTT Call: JavaClientExample] INFO  com.example.mqtt.InfluxDBService - Extracted tagkey -> location: storage, kind: 입구, data: temperature
Value into InfluxDB: -0.1
2025-04-21 11:18:46 [MQTT Call: JavaClientExample] INFO  com.example.mqtt.MessageData - Data sent to InfluxDBService: data/s/nhnacademy/b/gyeongnam_campus/p/storage/d/24e124136d151547/n/입구/e/temperature -> -0.1
2025-04-21 11:18:46 [MQTT Call: JavaClientExample] INFO  com.example.mqtt.MessageData - Topic: data/s/nhnacademy/b/gyeongnam_campus/p/storage/d/24e124136d151547/n/입구/e/humidity
Message Data:
time: 1745201926458
value: 127.5

2025-04-21 11:18:46 [MQTT Call: JavaClientExample] INFO  com.example.mqtt.InfluxDBService - Extracted tagkey -> location: storage, kind: 입구, data: humidity
Value into InfluxDB: 127.5
2025-04-21 11:18:46 [MQTT Call: JavaClientExample] INFO  com.example.mqtt.MessageData - Data sent to InfluxDBService: data/s/nhnacademy/b/gyeongnam_campus/p/storage/d/24e124136d151547/n/입구/e/humidity -> 127.5
2025-04-21 11:18:46 [MQTT Call: JavaClientExample] INFO  com.example.mqtt.MessageData - Topic: data/s/nhnacademy/b/gyeongnam_campus/p/storage/d/24e124136d151547/n/입구/e/battery
Message Data:
time: 1745201926458
value: 1

2025-04-21 11:18:46 [MQTT Call: JavaClientExample] INFO  com.example.mqtt.InfluxDBService - Extracted tagkey -> location: storage, kind: 입구, data: battery
Value into InfluxDB: 1.0
2025-04-21 11:18:46 [MQTT Call: JavaClientExample] INFO  com.example.mqtt.MessageData - Data sent to InfluxDBService: data/s/nhnacademy/b/gyeongnam_campus/p/storage/d/24e124136d151547/n/입구/e/battery -> 1.0
2025-04-21 11:18:46 [MQTT Call: JavaClientExample] INFO  com.example.mqtt.MessageData - Topic: data/s/nhnacademy/b/gyeongnam_campus/p/storage/d/24e124136d151547/n/입구/g/24e124fffef79304/e/lora
Message Data:
time: 1745201926458
value: 

2025-04-21 11:18:46 [MQTT Call: JavaClientExample] INFO  com.example.mqtt.InfluxDBService - Extracted tagkey -> location: storage, kind: 입구, data: lora
Value into InfluxDB: 0.0
2025-04-21 11:18:46 [MQTT Call: JavaClientExample] INFO  com.example.mqtt.MessageData - Data sent to InfluxDBService: data/s/nhnacademy/b/gyeongnam_campus/p/storage/d/24e124136d151547/n/입구/g/24e124fffef79304/e/lora -> 0.0
2025-04-21 11:18:46 [MQTT Call: JavaClientExample] INFO  com.example.mqtt.MessageData - Topic: data/s/nhnacademy/b/gyeongnam_campus/p/storage/d/24e124136d151547/n/입구/g/24e124fffef5dccc/e/lora
Message Data:
time: 1745201926458
value: 

2025-04-21 11:18:46 [MQTT Call: JavaClientExample] INFO  com.example.mqtt.InfluxDBService - Extracted tagkey -> location: storage, kind: 입구, data: lora
Value into InfluxDB: 0.0
2025-04-21 11:18:46 [MQTT Call: JavaClientExample] INFO  com.example.mqtt.MessageData - Data sent to InfluxDBService: data/s/nhnacademy/b/gyeongnam_campus/p/storage/d/24e124136d151547/n/입구/g/24e124fffef5dccc/e/lora -> 0.0
2025-04-21 11:18:46 [MQTT Call: JavaClientExample] INFO  com.example.mqtt.MessageData - Topic: data/s/nhnacademy/b/gyeongnam_campus/p/campus/d/gem3500_1/n/캠퍼스_LL/e/voltage
Message Data:
time: 1745201926835
value: 380.98

2025-04-21 11:18:46 [MQTT Call: JavaClientExample] INFO  com.example.mqtt.InfluxDBService - Extracted tagkey -> location: campus, kind: 캠퍼스_LL, data: voltage
Value into InfluxDB: 380.98
2025-04-21 11:18:46 [MQTT Call: JavaClientExample] INFO  com.example.mqtt.MessageData - Data sent to InfluxDBService: data/s/nhnacademy/b/gyeongnam_campus/p/campus/d/gem3500_1/n/캠퍼스_LL/e/voltage -> 380.98
2025-04-21 11:18:46 [MQTT Call: JavaClientExample] INFO  com.example.mqtt.MessageData - Topic: data/s/nhnacademy/b/gyeongnam_campus/p/campus/d/gem3500_1/n/캠퍼스_LN/e/voltage
Message Data:
time: 1745201926835
value: 219.96

2025-04-21 11:18:46 [MQTT Call: JavaClientExample] INFO  com.example.mqtt.InfluxDBService - Extracted tagkey -> location: campus, kind: 캠퍼스_LN, data: voltage
Value into InfluxDB: 219.96
2025-04-21 11:18:46 [MQTT Call: JavaClientExample] INFO  com.example.mqtt.MessageData - Data sent to InfluxDBService: data/s/nhnacademy/b/gyeongnam_campus/p/campus/d/gem3500_1/n/캠퍼스_LN/e/voltage -> 219.96
2025-04-21 11:18:46 [MQTT Call: JavaClientExample] INFO  com.example.mqtt.MessageData - Topic: data/s/nhnacademy/b/gyeongnam_campus/p/campus/d/gem3500_1/n/캠퍼스1/e/power_meter
Message Data:
time: 1745201926935
type: 5
leakageCurrent: 0
current: 2728
activePower: 5012
reactivePower: -1838
tapparentPower: 5963
powerFactor: 84.06
currentUnbalance: 55.11
lines: 

2025-04-21 11:18:46 [MQTT Call: JavaClientExample] WARN  com.example.mqtt.MessageData - No 'value' field found in message, skipping InfluxDB write.
2025-04-21 11:18:46 [MQTT Call: JavaClientExample] INFO  com.example.mqtt.MessageData - Topic: data/s/nhnacademy/b/gyeongnam_campus/p/campus/d/gem3500_1/n/전등1/e/power_meter
Message Data:
time: 1745201927037
type: 3
leakageCurrent: 0
current: 700
activePower: 1307
reactivePower: -331
tapparentPower: 1540
powerFactor: 84.89
currentUnbalance: 0
lines: 

2025-04-21 11:18:46 [MQTT Call: JavaClientExample] WARN  com.example.mqtt.MessageData - No 'value' field found in message, skipping InfluxDB write.
2025-04-21 11:18:47 [MQTT Call: JavaClientExample] INFO  com.example.mqtt.MessageData - Topic: data/s/nhnacademy/b/gyeongnam_campus/p/campus/d/gem3500_1/n/전등2/e/power_meter
Message Data:
time: 1745201927139
type: 1
leakageCurrent: 0
current: 568
activePower: 1137
reactivePower: -287
tapparentPower: 1252
powerFactor: 90.8
currentUnbalance: 0
lines: 

2025-04-21 11:18:47 [MQTT Call: JavaClientExample] WARN  com.example.mqtt.MessageData - No 'value' field found in message, skipping InfluxDB write.
2025-04-21 11:18:47 [MQTT Call: JavaClientExample] INFO  com.example.mqtt.MessageData - Topic: data/s/nhnacademy/b/gyeongnam_campus/p/campus/d/gem3500_1/n/전등3/e/power_meter
Message Data:
time: 1745201927240
type: 2
leakageCurrent: 0
current: 0
activePower: 0
reactivePower: 0
tapparentPower: 0
powerFactor: 0
currentUnbalance: 0
lines: 

2025-04-21 11:18:47 [MQTT Call: JavaClientExample] WARN  com.example.mqtt.MessageData - No 'value' field found in message, skipping InfluxDB write.
2025-04-21 11:18:47 [MQTT Call: JavaClientExample] INFO  com.example.mqtt.MessageData - Topic: data/s/nhnacademy/b/gyeongnam_campus/p/campus/d/gem3500_1/n/강의실b_바닥/e/power_meter
Message Data:
time: 1745201927342
type: 3
leakageCurrent: 0
current: 221
activePower: 367
reactivePower: -242
tapparentPower: 491
powerFactor: 74.63
currentUnbalance: 0
lines: 

2025-04-21 11:18:47 [MQTT Call: JavaClientExample] WARN  com.example.mqtt.MessageData - No 'value' field found in message, skipping InfluxDB write.
2025-04-21 11:18:47 [MQTT Call: JavaClientExample] INFO  com.example.mqtt.MessageData - Topic: data/s/nhnacademy/b/gyeongnam_campus/p/campus/d/gem3500_1/n/강의실a_바닥1/e/power_meter
Message Data:
time: 1745201927442
type: 1
leakageCurrent: 0
current: 321
activePower: 547
reactivePower: -371
tapparentPower: 715
powerFactor: 76.51
currentUnbalance: 0
lines: 

2025-04-21 11:18:47 [MQTT Call: JavaClientExample] WARN  com.example.mqtt.MessageData - No 'value' field found in message, skipping InfluxDB write.
2025-04-21 11:18:47 [MQTT Call: JavaClientExample] INFO  com.example.mqtt.MessageData - Topic: data/s/nhnacademy/b/gyeongnam_campus/p/campus/d/gem3500_1/n/강의실a_바닥2/e/power_meter
Message Data:
time: 1745201927542
type: 2
leakageCurrent: 0
current: 171
activePower: 304
reactivePower: -182
tapparentPower: 381
powerFactor: 79.87
currentUnbalance: 0
lines: 

2025-04-21 11:18:47 [MQTT Call: JavaClientExample] WARN  com.example.mqtt.MessageData - No 'value' field found in message, skipping InfluxDB write.
2025-04-21 11:18:47 [MQTT Call: JavaClientExample] INFO  com.example.mqtt.MessageData - Topic: data/s/nhnacademy/b/gyeongnam_campus/p/campus/d/gem3500_1/n/프로젝터1/e/power_meter
Message Data:
time: 1745201927643
type: 3
leakageCurrent: 0
current: 93
activePower: 124
reactivePower: -146
tapparentPower: 206
powerFactor: 60.46
currentUnbalance: 0
lines: 

2025-04-21 11:18:47 [MQTT Call: JavaClientExample] WARN  com.example.mqtt.MessageData - No 'value' field found in message, skipping InfluxDB write.
2025-04-21 11:18:47 [MQTT Call: JavaClientExample] INFO  com.example.mqtt.MessageData - Topic: data/s/nhnacademy/b/gyeongnam_campus/p/campus/d/gem3500_1/n/프로젝터2/e/power_meter
Message Data:
time: 1745201927744
type: 1
leakageCurrent: 0
current: 39
activePower: 47
reactivePower: -69
tapparentPower: 88
powerFactor: 54.05
currentUnbalance: 0
lines: 

2025-04-21 11:18:47 [MQTT Call: JavaClientExample] WARN  com.example.mqtt.MessageData - No 'value' field found in message, skipping InfluxDB write.
2025-04-21 11:18:47 [MQTT Call: JavaClientExample] INFO  com.example.mqtt.MessageData - Topic: data/s/nhnacademy/b/gyeongnam_campus/p/campus/d/gem3500_1/n/회의실/e/power_meter
Message Data:
time: 1745201927846
type: 2
leakageCurrent: 0
current: 14
activePower: 4
reactivePower: -28
tapparentPower: 31
powerFactor: 15.38
currentUnbalance: 0
lines: 

2025-04-21 11:18:47 [MQTT Call: JavaClientExample] WARN  com.example.mqtt.MessageData - No 'value' field found in message, skipping InfluxDB write.
2025-04-21 11:18:48 [MQTT Call: JavaClientExample] INFO  com.example.mqtt.MessageData - Topic: data/s/nhnacademy/b/gyeongnam_campus/p/campus/d/gem3500_1/n/서버실/e/power_meter
Message Data:
time: 1745201927948
type: 3
leakageCurrent: 0
current: 197
activePower: 395
reactivePower: -115
tapparentPower: 446
powerFactor: 88.7
currentUnbalance: 0
lines: 

2025-04-21 11:18:48 [MQTT Call: JavaClientExample] WARN  com.example.mqtt.MessageData - No 'value' field found in message, skipping InfluxDB write.
2025-04-21 11:18:48 [MQTT Call: JavaClientExample] INFO  com.example.mqtt.MessageData - Topic: data/s/nhnacademy/b/gyeongnam_campus/p/campus/d/gem3500_1/n/간판/e/power_meter
Message Data:
time: 1745201928050
type: 1
leakageCurrent: 0
current: 0
activePower: 0
reactivePower: 0
tapparentPower: 0
powerFactor: 0
currentUnbalance: 0
lines: 

2025-04-21 11:18:48 [MQTT Call: JavaClientExample] WARN  com.example.mqtt.MessageData - No 'value' field found in message, skipping InfluxDB write.
2025-04-21 11:18:48 [MQTT Call: JavaClientExample] INFO  com.example.mqtt.MessageData - Topic: data/s/nhnacademy/b/gyeongnam_campus/p/campus/d/gem3500_1/n/페어룸/e/power_meter
Message Data:
time: 1745201928152
type: 2
leakageCurrent: 0
current: 0
activePower: 0
reactivePower: 0
tapparentPower: 0
powerFactor: 0
currentUnbalance: 0
lines: 

2025-04-21 11:18:48 [MQTT Call: JavaClientExample] WARN  com.example.mqtt.MessageData - No 'value' field found in message, skipping InfluxDB write.
2025-04-21 11:18:48 [MQTT Call: JavaClientExample] INFO  com.example.mqtt.MessageData - Topic: data/s/nhnacademy/b/gyeongnam_campus/p/campus/d/gem3500_1/n/사무실_전열1/e/power_meter
Message Data:
time: 1745201928253
type: 3
leakageCurrent: 0
current: 83
activePower: 100
reactivePower: -57
tapparentPower: 182
powerFactor: 55.26
currentUnbalance: 0
lines: 

2025-04-21 11:18:48 [MQTT Call: JavaClientExample] WARN  com.example.mqtt.MessageData - No 'value' field found in message, skipping InfluxDB write.
2025-04-21 11:18:48 [MQTT Call: JavaClientExample] INFO  com.example.mqtt.MessageData - Topic: data/s/nhnacademy/b/gyeongnam_campus/p/campus/d/gem3500_1/n/사무실_전열2/e/power_meter
Message Data:
time: 1745201928354
type: 3
leakageCurrent: 0
current: 91
activePower: 95
reactivePower: -57
tapparentPower: 201
powerFactor: 47.61
currentUnbalance: 0
lines: 

2025-04-21 11:18:48 [MQTT Call: JavaClientExample] WARN  com.example.mqtt.MessageData - No 'value' field found in message, skipping InfluxDB write.
2025-04-21 11:18:48 [MQTT Call: JavaClientExample] INFO  com.example.mqtt.MessageData - Topic: data/s/nhnacademy/b/gyeongnam_campus/p/campus/d/gem3500_1/n/사무실_복사기/e/power_meter
Message Data:
time: 1745201928455
type: 1
leakageCurrent: 0
current: 90
activePower: 122
reactivePower: 155
tapparentPower: 201
powerFactor: 60.71
currentUnbalance: 0
lines: 

2025-04-21 11:18:48 [MQTT Call: JavaClientExample] WARN  com.example.mqtt.MessageData - No 'value' field found in message, skipping InfluxDB write.
2025-04-21 11:18:48 [MQTT Call: JavaClientExample] INFO  com.example.mqtt.MessageData - Topic: data/s/nhnacademy/b/gyeongnam_campus/p/campus/d/gem3500_1/n/빌트인_전열/e/power_meter
Message Data:
time: 1745201928555
type: 2
leakageCurrent: 0
current: 5
activePower: 4
reactivePower: -7
tapparentPower: 14
powerFactor: 33.33
currentUnbalance: 0
lines: 

2025-04-21 11:18:48 [MQTT Call: JavaClientExample] WARN  com.example.mqtt.MessageData - No 'value' field found in message, skipping InfluxDB write.
2025-04-21 11:18:48 [MQTT Call: JavaClientExample] INFO  com.example.mqtt.MessageData - Topic: data/s/nhnacademy/b/gyeongnam_campus/p/campus/d/gem3500_1/n/사무실_전열3/e/power_meter
Message Data:
time: 1745201928658
type: 3
leakageCurrent: 0
current: 0
activePower: 0
reactivePower: 0
tapparentPower: 0
powerFactor: 0
currentUnbalance: 0
lines: 

2025-04-21 11:18:48 [MQTT Call: JavaClientExample] WARN  com.example.mqtt.MessageData - No 'value' field found in message, skipping InfluxDB write.
2025-04-21 11:18:49 [MQTT Call: JavaClientExample] INFO  com.example.mqtt.MessageData - Topic: data/s/nhnacademy/b/gyeongnam_campus/p/campus/d/gem3500_1/n/정수기/e/power_meter
Message Data:
time: 1745201928758
type: 1
leakageCurrent: 0
current: 7
activePower: 2
reactivePower: -16
tapparentPower: 16
powerFactor: 14.28
currentUnbalance: 0
lines: 

2025-04-21 11:18:49 [MQTT Call: JavaClientExample] WARN  com.example.mqtt.MessageData - No 'value' field found in message, skipping InfluxDB write.
2025-04-21 11:18:49 [MQTT Call: JavaClientExample] INFO  com.example.mqtt.MessageData - Topic: data/s/nhnacademy/b/gyeongnam_campus/p/campus/d/gem3500_1/n/하이브_전열/e/power_meter
Message Data:
time: 1745201928859
type: 2
leakageCurrent: 0
current: 63
activePower: 122
reactivePower: -47
tapparentPower: 139
powerFactor: 87.93
currentUnbalance: 0
lines: 

2025-04-21 11:18:49 [MQTT Call: JavaClientExample] WARN  com.example.mqtt.MessageData - No 'value' field found in message, skipping InfluxDB write.
2025-04-21 11:18:49 [MQTT Call: JavaClientExample] INFO  com.example.mqtt.MessageData - Topic: data/s/nhnacademy/b/gyeongnam_campus/p/campus/d/gem3500_1/n/바텐_전열/e/power_meter
Message Data:
time: 1745201928960
type: 3
leakageCurrent: 0
current: 0
activePower: 0
reactivePower: 0
tapparentPower: 0
powerFactor: 0
currentUnbalance: 0
lines: 

2025-04-21 11:18:49 [MQTT Call: JavaClientExample] WARN  com.example.mqtt.MessageData - No 'value' field found in message, skipping InfluxDB write.
2025-04-21 11:18:49 [MQTT Call: JavaClientExample] INFO  com.example.mqtt.MessageData - Topic: data/s/nhnacademy/b/gyeongnam_campus/p/campus/d/gem3500_1/n/S_P/e/power_meter
Message Data:
time: 1745201929063
type: 1
leakageCurrent: 0
current: 0
activePower: 0
reactivePower: 0
tapparentPower: 0
powerFactor: 0
currentUnbalance: 0
lines: 

2025-04-21 11:18:49 [MQTT Call: JavaClientExample] WARN  com.example.mqtt.MessageData - No 'value' field found in message, skipping InfluxDB write.
2025-04-21 11:18:49 [MQTT Call: JavaClientExample] INFO  com.example.mqtt.MessageData - Topic: data/s/nhnacademy/b/gyeongnam_campus/p/campus/d/gem3500_1/n/공조기/e/power_meter
Message Data:
time: 1745201929163
type: 2
leakageCurrent: 0
current: 198
activePower: 225
reactivePower: -23
tapparentPower: 439
powerFactor: 51.36
currentUnbalance: 0
lines: 

2025-04-21 11:18:49 [MQTT Call: JavaClientExample] WARN  com.example.mqtt.MessageData - No 'value' field found in message, skipping InfluxDB write.
2025-04-21 11:18:49 [MQTT Call: JavaClientExample] INFO  com.example.mqtt.MessageData - Topic: data/s/nhnacademy/b/gyeongnam_campus/p/campus/d/gem3500_1/n/AC/e/power_meter
Message Data:
time: 1745201929263
type: 3
leakageCurrent: 0
current: 74
activePower: 95
reactivePower: -4
tapparentPower: 163
powerFactor: 58.82
currentUnbalance: 0
lines: 

2025-04-21 11:18:49 [MQTT Call: JavaClientExample] WARN  com.example.mqtt.MessageData - No 'value' field found in message, skipping InfluxDB write.
2025-04-21 11:19:05 [MQTT Call: JavaClientExample] INFO  com.example.mqtt.MessageData - Topic: data/s/nhnacademy/b/gyeongnam_campus/p/hive/d/24e124126c452091/sp/farm/n/스마트팜/e/temperature
Message Data:
time: 1745201944871
value: 24.5

2025-04-21 11:19:05 [MQTT Call: JavaClientExample] INFO  com.example.mqtt.InfluxDBService - Extracted tagkey -> location: hive, kind: 스마트팜, data: temperature
Value into InfluxDB: 24.5
2025-04-21 11:19:05 [MQTT Call: JavaClientExample] INFO  com.example.mqtt.MessageData - Data sent to InfluxDBService: data/s/nhnacademy/b/gyeongnam_campus/p/hive/d/24e124126c452091/sp/farm/n/스마트팜/e/temperature -> 24.5
2025-04-21 11:19:05 [MQTT Call: JavaClientExample] INFO  com.example.mqtt.MessageData - Topic: data/s/nhnacademy/b/gyeongnam_campus/p/hive/d/24e124126c452091/sp/farm/n/스마트팜/g/24e124fffef79304/e/lora
Message Data:
time: 1745201944871
value: 

2025-04-21 11:19:05 [MQTT Call: JavaClientExample] INFO  com.example.mqtt.InfluxDBService - Extracted tagkey -> location: hive, kind: 스마트팜, data: lora
Value into InfluxDB: 0.0
2025-04-21 11:19:05 [MQTT Call: JavaClientExample] INFO  com.example.mqtt.MessageData - Data sent to InfluxDBService: data/s/nhnacademy/b/gyeongnam_campus/p/hive/d/24e124126c452091/sp/farm/n/스마트팜/g/24e124fffef79304/e/lora -> 0.0
2025-04-21 11:19:05 [MQTT Call: JavaClientExample] INFO  com.example.mqtt.MessageData - Topic: data/s/nhnacademy/b/gyeongnam_campus/p/hive/d/24e124126c452091/sp/farm/n/스마트팜/g/24e124fffef5dccc/e/lora
Message Data:
time: 1745201944871
value: 

2025-04-21 11:19:05 [MQTT Call: JavaClientExample] INFO  com.example.mqtt.InfluxDBService - Extracted tagkey -> location: hive, kind: 스마트팜, data: lora
Value into InfluxDB: 0.0
2025-04-21 11:19:05 [MQTT Call: JavaClientExample] INFO  com.example.mqtt.MessageData - Data sent to InfluxDBService: data/s/nhnacademy/b/gyeongnam_campus/p/hive/d/24e124126c452091/sp/farm/n/스마트팜/g/24e124fffef5dccc/e/lora -> 0.0
2025-04-21 11:19:13 [MQTT Call: JavaClientExample] INFO  com.example.mqtt.MessageData - Topic: data/s/nhnacademy/b/gyeongnam_campus/p/hive/d/24e124725d081175/sp/8인 책상/n/8인 책상/e/co2
Message Data:
time: 1745201953583
value: 622

2025-04-21 11:19:13 [MQTT Call: JavaClientExample] INFO  com.example.mqtt.InfluxDBService - Extracted tagkey -> location: hive, kind: 8인 책상, data: co2
Value into InfluxDB: 622.0
2025-04-21 11:19:13 [MQTT Call: JavaClientExample] INFO  com.example.mqtt.MessageData - Data sent to InfluxDBService: data/s/nhnacademy/b/gyeongnam_campus/p/hive/d/24e124725d081175/sp/8인 책상/n/8인 책상/e/co2 -> 622.0
2025-04-21 11:19:13 [MQTT Call: JavaClientExample] INFO  com.example.mqtt.MessageData - Topic: data/s/nhnacademy/b/gyeongnam_campus/p/hive/d/24e124725d081175/sp/8인 책상/n/8인 책상/e/humidity
Message Data:
time: 1745201953583
value: 42

2025-04-21 11:19:13 [MQTT Call: JavaClientExample] INFO  com.example.mqtt.InfluxDBService - Extracted tagkey -> location: hive, kind: 8인 책상, data: humidity
Value into InfluxDB: 42.0
2025-04-21 11:19:14 [MQTT Call: JavaClientExample] INFO  com.example.mqtt.MessageData - Data sent to InfluxDBService: data/s/nhnacademy/b/gyeongnam_campus/p/hive/d/24e124725d081175/sp/8인 책상/n/8인 책상/e/humidity -> 42.0
2025-04-21 11:19:14 [MQTT Call: JavaClientExample] INFO  com.example.mqtt.MessageData - Topic: data/s/nhnacademy/b/gyeongnam_campus/p/hive/d/24e124725d081175/sp/8인 책상/n/8인 책상/e/battery
Message Data:
time: 1745201953583
value: 77

2025-04-21 11:19:14 [MQTT Call: JavaClientExample] INFO  com.example.mqtt.InfluxDBService - Extracted tagkey -> location: hive, kind: 8인 책상, data: battery
Value into InfluxDB: 77.0
2025-04-21 11:19:14 [MQTT Call: JavaClientExample] INFO  com.example.mqtt.MessageData - Data sent to InfluxDBService: data/s/nhnacademy/b/gyeongnam_campus/p/hive/d/24e124725d081175/sp/8인 책상/n/8인 책상/e/battery -> 77.0
2025-04-21 11:19:14 [MQTT Call: JavaClientExample] INFO  com.example.mqtt.MessageData - Topic: data/s/nhnacademy/b/gyeongnam_campus/p/hive/d/24e124725d081175/sp/8인 책상/n/8인 책상/e/temperature
Message Data:
time: 1745201953583
value: 25.5

2025-04-21 11:19:14 [MQTT Call: JavaClientExample] INFO  com.example.mqtt.InfluxDBService - Extracted tagkey -> location: hive, kind: 8인 책상, data: temperature
Value into InfluxDB: 25.5
2025-04-21 11:19:14 [MQTT Call: JavaClientExample] INFO  com.example.mqtt.MessageData - Data sent to InfluxDBService: data/s/nhnacademy/b/gyeongnam_campus/p/hive/d/24e124725d081175/sp/8인 책상/n/8인 책상/e/temperature -> 25.5
2025-04-21 11:19:14 [MQTT Call: JavaClientExample] INFO  com.example.mqtt.MessageData - Topic: data/s/nhnacademy/b/gyeongnam_campus/p/hive/d/24e124725d081175/sp/8인 책상/n/8인 책상/g/24e124fffef79304/e/lora
Message Data:
time: 1745201953583
value: 

2025-04-21 11:19:14 [MQTT Call: JavaClientExample] INFO  com.example.mqtt.InfluxDBService - Extracted tagkey -> location: hive, kind: 8인 책상, data: lora
Value into InfluxDB: 0.0
2025-04-21 11:19:14 [MQTT Call: JavaClientExample] INFO  com.example.mqtt.MessageData - Data sent to InfluxDBService: data/s/nhnacademy/b/gyeongnam_campus/p/hive/d/24e124725d081175/sp/8인 책상/n/8인 책상/g/24e124fffef79304/e/lora -> 0.0
2025-04-21 11:19:14 [MQTT Call: JavaClientExample] INFO  com.example.mqtt.MessageData - Topic: data/s/nhnacademy/b/gyeongnam_campus/p/hive/d/24e124725d081175/sp/8인 책상/n/8인 책상/g/24e124fffef5dccc/e/lora
Message Data:
time: 1745201953583
value: 

2025-04-21 11:19:14 [MQTT Call: JavaClientExample] INFO  com.example.mqtt.InfluxDBService - Extracted tagkey -> location: hive, kind: 8인 책상, data: lora
Value into InfluxDB: 0.0
2025-04-21 11:19:14 [MQTT Call: JavaClientExample] INFO  com.example.mqtt.MessageData - Data sent to InfluxDBService: data/s/nhnacademy/b/gyeongnam_campus/p/hive/d/24e124725d081175/sp/8인 책상/n/8인 책상/g/24e124fffef5dccc/e/lora -> 0.0
2025-04-21 11:19:17 [MQTT Call: JavaClientExample] INFO  com.example.mqtt.MessageData - Topic: data/s/nhnacademy/b/gyeongnam_campus/p/class_a/d/24e124128c067999/sp/입구/n/입구/e/temperature
Message Data:
time: 1745201957560
value: 24

2025-04-21 11:19:17 [MQTT Call: JavaClientExample] INFO  com.example.mqtt.InfluxDBService - Extracted tagkey -> location: class_a, kind: 입구, data: temperature
Value into InfluxDB: 24.0
2025-04-21 11:19:17 [MQTT Call: JavaClientExample] INFO  com.example.mqtt.MessageData - Data sent to InfluxDBService: data/s/nhnacademy/b/gyeongnam_campus/p/class_a/d/24e124128c067999/sp/입구/n/입구/e/temperature -> 24.0
2025-04-21 11:19:17 [MQTT Call: JavaClientExample] INFO  com.example.mqtt.MessageData - Topic: data/s/nhnacademy/b/gyeongnam_campus/p/class_a/d/24e124128c067999/sp/입구/n/입구/e/infrared_and_visible
Message Data:
time: 1745201957560
value: 46

2025-04-21 11:19:17 [MQTT Call: JavaClientExample] INFO  com.example.mqtt.InfluxDBService - Extracted tagkey -> location: class_a, kind: 입구, data: infrared_and_visible
Value into InfluxDB: 46.0
2025-04-21 11:19:17 [MQTT Call: JavaClientExample] INFO  com.example.mqtt.MessageData - Data sent to InfluxDBService: data/s/nhnacademy/b/gyeongnam_campus/p/class_a/d/24e124128c067999/sp/입구/n/입구/e/infrared_and_visible -> 46.0
2025-04-21 11:19:17 [MQTT Call: JavaClientExample] INFO  com.example.mqtt.MessageData - Topic: data/s/nhnacademy/b/gyeongnam_campus/p/class_a/d/24e124128c067999/sp/입구/n/입구/e/infrared
Message Data:
time: 1745201957560
value: 7

2025-04-21 11:19:17 [MQTT Call: JavaClientExample] INFO  com.example.mqtt.InfluxDBService - Extracted tagkey -> location: class_a, kind: 입구, data: infrared
Value into InfluxDB: 7.0
2025-04-21 11:19:17 [MQTT Call: JavaClientExample] INFO  com.example.mqtt.MessageData - Data sent to InfluxDBService: data/s/nhnacademy/b/gyeongnam_campus/p/class_a/d/24e124128c067999/sp/입구/n/입구/e/infrared -> 7.0
2025-04-21 11:19:17 [MQTT Call: JavaClientExample] INFO  com.example.mqtt.MessageData - Topic: data/s/nhnacademy/b/gyeongnam_campus/p/class_a/d/24e124128c067999/sp/입구/n/입구/e/humidity
Message Data:
time: 1745201957560
value: 45.5

2025-04-21 11:19:17 [MQTT Call: JavaClientExample] INFO  com.example.mqtt.InfluxDBService - Extracted tagkey -> location: class_a, kind: 입구, data: humidity
Value into InfluxDB: 45.5
2025-04-21 11:19:17 [MQTT Call: JavaClientExample] INFO  com.example.mqtt.MessageData - Data sent to InfluxDBService: data/s/nhnacademy/b/gyeongnam_campus/p/class_a/d/24e124128c067999/sp/입구/n/입구/e/humidity -> 45.5
2025-04-21 11:19:17 [MQTT Call: JavaClientExample] INFO  com.example.mqtt.MessageData - Topic: data/s/nhnacademy/b/gyeongnam_campus/p/class_a/d/24e124128c067999/sp/입구/n/입구/e/illumination
Message Data:
time: 1745201957560
value: 67

2025-04-21 11:19:17 [MQTT Call: JavaClientExample] INFO  com.example.mqtt.InfluxDBService - Extracted tagkey -> location: class_a, kind: 입구, data: illumination
Value into InfluxDB: 67.0
2025-04-21 11:19:17 [MQTT Call: JavaClientExample] INFO  com.example.mqtt.MessageData - Data sent to InfluxDBService: data/s/nhnacademy/b/gyeongnam_campus/p/class_a/d/24e124128c067999/sp/입구/n/입구/e/illumination -> 67.0
2025-04-21 11:19:17 [MQTT Call: JavaClientExample] INFO  com.example.mqtt.MessageData - Topic: data/s/nhnacademy/b/gyeongnam_campus/p/class_a/d/24e124128c067999/sp/입구/n/입구/e/co2
Message Data:
time: 1745201957560
value: 889

2025-04-21 11:19:17 [MQTT Call: JavaClientExample] INFO  com.example.mqtt.InfluxDBService - Extracted tagkey -> location: class_a, kind: 입구, data: co2
Value into InfluxDB: 889.0
2025-04-21 11:19:17 [MQTT Call: JavaClientExample] INFO  com.example.mqtt.MessageData - Data sent to InfluxDBService: data/s/nhnacademy/b/gyeongnam_campus/p/class_a/d/24e124128c067999/sp/입구/n/입구/e/co2 -> 889.0
2025-04-21 11:19:17 [MQTT Call: JavaClientExample] INFO  com.example.mqtt.MessageData - Topic: data/s/nhnacademy/b/gyeongnam_campus/p/class_a/d/24e124128c067999/sp/입구/n/입구/e/activity
Message Data:
time: 1745201957560
value: 0

2025-04-21 11:19:17 [MQTT Call: JavaClientExample] INFO  com.example.mqtt.InfluxDBService - Extracted tagkey -> location: class_a, kind: 입구, data: activity
Value into InfluxDB: 0.0
2025-04-21 11:19:17 [MQTT Call: JavaClientExample] INFO  com.example.mqtt.MessageData - Data sent to InfluxDBService: data/s/nhnacademy/b/gyeongnam_campus/p/class_a/d/24e124128c067999/sp/입구/n/입구/e/activity -> 0.0
2025-04-21 11:19:17 [MQTT Call: JavaClientExample] INFO  com.example.mqtt.MessageData - Topic: data/s/nhnacademy/b/gyeongnam_campus/p/class_a/d/24e124128c067999/sp/입구/n/입구/e/pressure
Message Data:
time: 1745201957560
value: 1009

2025-04-21 11:19:17 [MQTT Call: JavaClientExample] INFO  com.example.mqtt.InfluxDBService - Extracted tagkey -> location: class_a, kind: 입구, data: pressure
Value into InfluxDB: 1009.0
2025-04-21 11:19:17 [MQTT Call: JavaClientExample] INFO  com.example.mqtt.MessageData - Data sent to InfluxDBService: data/s/nhnacademy/b/gyeongnam_campus/p/class_a/d/24e124128c067999/sp/입구/n/입구/e/pressure -> 1009.0
2025-04-21 11:19:17 [MQTT Call: JavaClientExample] INFO  com.example.mqtt.MessageData - Topic: data/s/nhnacademy/b/gyeongnam_campus/p/class_a/d/24e124128c067999/sp/입구/n/입구/e/tvoc
Message Data:
time: 1745201957560
value: 297

2025-04-21 11:19:17 [MQTT Call: JavaClientExample] INFO  com.example.mqtt.InfluxDBService - Extracted tagkey -> location: class_a, kind: 입구, data: tvoc
Value into InfluxDB: 297.0
2025-04-21 11:19:17 [MQTT Call: JavaClientExample] INFO  com.example.mqtt.MessageData - Data sent to InfluxDBService: data/s/nhnacademy/b/gyeongnam_campus/p/class_a/d/24e124128c067999/sp/입구/n/입구/e/tvoc -> 297.0
2025-04-21 11:19:17 [MQTT Call: JavaClientExample] INFO  com.example.mqtt.MessageData - Topic: data/s/nhnacademy/b/gyeongnam_campus/p/class_a/d/24e124128c067999/sp/입구/n/입구/g/24e124fffef5dccc/e/lora
Message Data:
time: 1745201957560
value: 

2025-04-21 11:19:17 [MQTT Call: JavaClientExample] INFO  com.example.mqtt.InfluxDBService - Extracted tagkey -> location: class_a, kind: 입구, data: lora
Value into InfluxDB: 0.0
2025-04-21 11:19:17 [MQTT Call: JavaClientExample] INFO  com.example.mqtt.MessageData - Data sent to InfluxDBService: data/s/nhnacademy/b/gyeongnam_campus/p/class_a/d/24e124128c067999/sp/입구/n/입구/g/24e124fffef5dccc/e/lora -> 0.0
2025-04-21 11:19:17 [MQTT Call: JavaClientExample] INFO  com.example.mqtt.MessageData - Topic: data/s/nhnacademy/b/gyeongnam_campus/p/class_a/d/24e124128c067999/sp/입구/n/입구/g/24e124fffef79304/e/lora
Message Data:
time: 1745201957560
value: 

2025-04-21 11:19:17 [MQTT Call: JavaClientExample] INFO  com.example.mqtt.InfluxDBService - Extracted tagkey -> location: class_a, kind: 입구, data: lora
Value into InfluxDB: 0.0
2025-04-21 11:19:17 [MQTT Call: JavaClientExample] INFO  com.example.mqtt.MessageData - Data sent to InfluxDBService: data/s/nhnacademy/b/gyeongnam_campus/p/class_a/d/24e124128c067999/sp/입구/n/입구/g/24e124fffef79304/e/lora -> 0.0
2025-04-21 11:19:19 [MQTT Call: JavaClientExample] INFO  com.example.mqtt.MessageData - Topic: data/s/nhnacademy/b/gyeongnam_campus/p/hive/d/24e124785c389010/n/정수기 위/e/battery
Message Data:
time: 1745201958890
value: 86

2025-04-21 11:19:19 [MQTT Call: JavaClientExample] INFO  com.example.mqtt.InfluxDBService - Extracted tagkey -> location: hive, kind: 정수기 위, data: battery
Value into InfluxDB: 86.0
2025-04-21 11:19:19 [MQTT Call: JavaClientExample] INFO  com.example.mqtt.MessageData - Data sent to InfluxDBService: data/s/nhnacademy/b/gyeongnam_campus/p/hive/d/24e124785c389010/n/정수기 위/e/battery -> 86.0
2025-04-21 11:19:19 [MQTT Call: JavaClientExample] INFO  com.example.mqtt.MessageData - Topic: data/s/nhnacademy/b/gyeongnam_campus/p/hive/d/24e124785c389010/n/정수기 위/e/humidity
Message Data:
time: 1745201958890
value: 41

2025-04-21 11:19:19 [MQTT Call: JavaClientExample] INFO  com.example.mqtt.InfluxDBService - Extracted tagkey -> location: hive, kind: 정수기 위, data: humidity
Value into InfluxDB: 41.0
2025-04-21 11:19:19 [MQTT Call: JavaClientExample] INFO  com.example.mqtt.MessageData - Data sent to InfluxDBService: data/s/nhnacademy/b/gyeongnam_campus/p/hive/d/24e124785c389010/n/정수기 위/e/humidity -> 41.0
2025-04-21 11:19:19 [MQTT Call: JavaClientExample] INFO  com.example.mqtt.MessageData - Topic: data/s/nhnacademy/b/gyeongnam_campus/p/hive/d/24e124785c389010/n/정수기 위/e/temperature
Message Data:
time: 1745201958890
value: 25.3

2025-04-21 11:19:19 [MQTT Call: JavaClientExample] INFO  com.example.mqtt.InfluxDBService - Extracted tagkey -> location: hive, kind: 정수기 위, data: temperature
Value into InfluxDB: 25.3
2025-04-21 11:19:19 [MQTT Call: JavaClientExample] INFO  com.example.mqtt.MessageData - Data sent to InfluxDBService: data/s/nhnacademy/b/gyeongnam_campus/p/hive/d/24e124785c389010/n/정수기 위/e/temperature -> 25.3
2025-04-21 11:19:19 [MQTT Call: JavaClientExample] INFO  com.example.mqtt.MessageData - Topic: data/s/nhnacademy/b/gyeongnam_campus/p/hive/d/24e124785c389010/n/정수기 위/g/24e124fffef5dccc/e/lora
Message Data:
time: 1745201958890
value: 

2025-04-21 11:19:19 [MQTT Call: JavaClientExample] INFO  com.example.mqtt.InfluxDBService - Extracted tagkey -> location: hive, kind: 정수기 위, data: lora
Value into InfluxDB: 0.0
2025-04-21 11:19:19 [MQTT Call: JavaClientExample] INFO  com.example.mqtt.MessageData - Data sent to InfluxDBService: data/s/nhnacademy/b/gyeongnam_campus/p/hive/d/24e124785c389010/n/정수기 위/g/24e124fffef5dccc/e/lora -> 0.0
2025-04-21 11:19:19 [MQTT Call: JavaClientExample] INFO  com.example.mqtt.MessageData - Topic: data/s/nhnacademy/b/gyeongnam_campus/p/hive/d/24e124785c389010/n/정수기 위/g/24e124fffef79304/e/lora
Message Data:
time: 1745201958890
value: 

2025-04-21 11:19:19 [MQTT Call: JavaClientExample] INFO  com.example.mqtt.InfluxDBService - Extracted tagkey -> location: hive, kind: 정수기 위, data: lora
Value into InfluxDB: 0.0
2025-04-21 11:19:19 [MQTT Call: JavaClientExample] INFO  com.example.mqtt.MessageData - Data sent to InfluxDBService: data/s/nhnacademy/b/gyeongnam_campus/p/hive/d/24e124785c389010/n/정수기 위/g/24e124fffef79304/e/lora -> 0.0
2025-04-21 11:19:20 [MQTT Call: JavaClientExample] INFO  com.example.mqtt.MessageData - Topic: data/s/nhnacademy/b/gyeongnam_campus/p/pair_room/d/24e124617d159573/n/2/e/distance
Message Data:
time: 1745201959572
value: 2234

2025-04-21 11:19:20 [MQTT Call: JavaClientExample] INFO  com.example.mqtt.InfluxDBService - Extracted tagkey -> location: pair_room, kind: 2, data: distance
Value into InfluxDB: 2234.0
2025-04-21 11:19:20 [MQTT Call: JavaClientExample] INFO  com.example.mqtt.MessageData - Data sent to InfluxDBService: data/s/nhnacademy/b/gyeongnam_campus/p/pair_room/d/24e124617d159573/n/2/e/distance -> 2234.0
2025-04-21 11:19:20 [MQTT Call: JavaClientExample] INFO  com.example.mqtt.MessageData - Topic: data/s/nhnacademy/b/gyeongnam_campus/p/pair_room/d/24e124617d159573/n/2/e/occupancy
Message Data:
time: 1745201959572
value: 0

2025-04-21 11:19:20 [MQTT Call: JavaClientExample] INFO  com.example.mqtt.InfluxDBService - Extracted tagkey -> location: pair_room, kind: 2, data: occupancy
Value into InfluxDB: 0.0
2025-04-21 11:19:20 [MQTT Call: JavaClientExample] INFO  com.example.mqtt.MessageData - Data sent to InfluxDBService: data/s/nhnacademy/b/gyeongnam_campus/p/pair_room/d/24e124617d159573/n/2/e/occupancy -> 0.0
2025-04-21 11:19:20 [MQTT Call: JavaClientExample] INFO  com.example.mqtt.MessageData - Topic: data/s/nhnacademy/b/gyeongnam_campus/p/pair_room/d/24e124617d159573/n/2/e/battery
Message Data:
time: 1745201959572
value: 33

2025-04-21 11:19:20 [MQTT Call: JavaClientExample] INFO  com.example.mqtt.InfluxDBService - Extracted tagkey -> location: pair_room, kind: 2, data: battery
Value into InfluxDB: 33.0
2025-04-21 11:19:20 [MQTT Call: JavaClientExample] INFO  com.example.mqtt.MessageData - Data sent to InfluxDBService: data/s/nhnacademy/b/gyeongnam_campus/p/pair_room/d/24e124617d159573/n/2/e/battery -> 33.0
2025-04-21 11:19:20 [MQTT Call: JavaClientExample] INFO  com.example.mqtt.MessageData - Topic: data/s/nhnacademy/b/gyeongnam_campus/p/pair_room/d/24e124617d159573/n/2/g/24e124fffef79304/e/lora
Message Data:
time: 1745201959572
value: 

2025-04-21 11:19:20 [MQTT Call: JavaClientExample] INFO  com.example.mqtt.InfluxDBService - Extracted tagkey -> location: pair_room, kind: 2, data: lora
Value into InfluxDB: 0.0
2025-04-21 11:19:20 [MQTT Call: JavaClientExample] INFO  com.example.mqtt.MessageData - Data sent to InfluxDBService: data/s/nhnacademy/b/gyeongnam_campus/p/pair_room/d/24e124617d159573/n/2/g/24e124fffef79304/e/lora -> 0.0
2025-04-21 11:19:20 [MQTT Call: JavaClientExample] INFO  com.example.mqtt.MessageData - Topic: data/s/nhnacademy/b/gyeongnam_campus/p/pair_room/d/24e124617d159573/n/2/g/24e124fffef5dccc/e/lora
Message Data:
time: 1745201959572
value: 

2025-04-21 11:19:20 [MQTT Call: JavaClientExample] INFO  com.example.mqtt.InfluxDBService - Extracted tagkey -> location: pair_room, kind: 2, data: lora
Value into InfluxDB: 0.0
2025-04-21 11:19:20 [MQTT Call: JavaClientExample] INFO  com.example.mqtt.MessageData - Data sent to InfluxDBService: data/s/nhnacademy/b/gyeongnam_campus/p/pair_room/d/24e124617d159573/n/2/g/24e124fffef5dccc/e/lora -> 0.0
2025-04-21 11:19:27 [MQTT Call: JavaClientExample] INFO  com.example.mqtt.MessageData - Topic: data/s/nhnacademy/b/gyeongnam_campus/p/server_room/d/24e124136d151368/n/입구/e/humidity
Message Data:
time: 1745201966407
value: 46

2025-04-21 11:19:27 [MQTT Call: JavaClientExample] INFO  com.example.mqtt.InfluxDBService - Extracted tagkey -> location: server_room, kind: 입구, data: humidity
Value into InfluxDB: 46.0
2025-04-21 11:19:27 [MQTT Call: JavaClientExample] INFO  com.example.mqtt.MessageData - Data sent to InfluxDBService: data/s/nhnacademy/b/gyeongnam_campus/p/server_room/d/24e124136d151368/n/입구/e/humidity -> 46.0
2025-04-21 11:19:27 [MQTT Call: JavaClientExample] INFO  com.example.mqtt.MessageData - Topic: data/s/nhnacademy/b/gyeongnam_campus/p/server_room/d/24e124136d151368/n/입구/e/temperature
Message Data:
time: 1745201966407
value: 24

2025-04-21 11:19:27 [MQTT Call: JavaClientExample] INFO  com.example.mqtt.InfluxDBService - Extracted tagkey -> location: server_room, kind: 입구, data: temperature
Value into InfluxDB: 24.0
2025-04-21 11:19:27 [MQTT Call: JavaClientExample] INFO  com.example.mqtt.MessageData - Data sent to InfluxDBService: data/s/nhnacademy/b/gyeongnam_campus/p/server_room/d/24e124136d151368/n/입구/e/temperature -> 24.0
2025-04-21 11:19:27 [MQTT Call: JavaClientExample] INFO  com.example.mqtt.MessageData - Topic: data/s/nhnacademy/b/gyeongnam_campus/p/server_room/d/24e124136d151368/n/입구/g/24e124fffef79304/e/lora
Message Data:
time: 1745201966407
value: 

2025-04-21 11:19:27 [MQTT Call: JavaClientExample] INFO  com.example.mqtt.InfluxDBService - Extracted tagkey -> location: server_room, kind: 입구, data: lora
Value into InfluxDB: 0.0
2025-04-21 11:19:27 [MQTT Call: JavaClientExample] INFO  com.example.mqtt.MessageData - Data sent to InfluxDBService: data/s/nhnacademy/b/gyeongnam_campus/p/server_room/d/24e124136d151368/n/입구/g/24e124fffef79304/e/lora -> 0.0
2025-04-21 11:19:27 [MQTT Call: JavaClientExample] INFO  com.example.mqtt.MessageData - Topic: data/s/nhnacademy/b/gyeongnam_campus/p/server_room/d/24e124136d151368/n/입구/g/24e124fffef5dccc/e/lora
Message Data:
time: 1745201966407
value: 

2025-04-21 11:19:27 [MQTT Call: JavaClientExample] INFO  com.example.mqtt.InfluxDBService - Extracted tagkey -> location: server_room, kind: 입구, data: lora
Value into InfluxDB: 0.0
2025-04-21 11:19:27 [MQTT Call: JavaClientExample] INFO  com.example.mqtt.MessageData - Data sent to InfluxDBService: data/s/nhnacademy/b/gyeongnam_campus/p/server_room/d/24e124136d151368/n/입구/g/24e124fffef5dccc/e/lora -> 0.0
2025-04-21 11:19:27 [MQTT Call: JavaClientExample] INFO  com.example.mqtt.MessageData - Topic: data/s/nhnacademy/b/gyeongnam_campus/p/meeting_room/d/24e124136d151836/n/안쪽벽 중앙/e/humidity
Message Data:
time: 1745201967104
value: 45

2025-04-21 11:19:27 [MQTT Call: JavaClientExample] INFO  com.example.mqtt.InfluxDBService - Extracted tagkey -> location: meeting_room, kind: 안쪽벽 중앙, data: humidity
Value into InfluxDB: 45.0
2025-04-21 11:19:27 [MQTT Call: JavaClientExample] INFO  com.example.mqtt.MessageData - Data sent to InfluxDBService: data/s/nhnacademy/b/gyeongnam_campus/p/meeting_room/d/24e124136d151836/n/안쪽벽 중앙/e/humidity -> 45.0
2025-04-21 11:19:29 [MQTT Call: JavaClientExample] INFO  com.example.mqtt.MessageData - Topic: data/s/nhnacademy/b/gyeongnam_campus/p/meeting_room/d/24e124136d151836/n/안쪽벽 중앙/e/temperature
Message Data:
time: 1745201967104
value: 22.9

2025-04-21 11:19:29 [MQTT Call: JavaClientExample] INFO  com.example.mqtt.InfluxDBService - Extracted tagkey -> location: meeting_room, kind: 안쪽벽 중앙, data: temperature
Value into InfluxDB: 22.9
2025-04-21 11:19:29 [MQTT Call: JavaClientExample] INFO  com.example.mqtt.MessageData - Data sent to InfluxDBService: data/s/nhnacademy/b/gyeongnam_campus/p/meeting_room/d/24e124136d151836/n/안쪽벽 중앙/e/temperature -> 22.9
2025-04-21 11:19:29 [MQTT Call: JavaClientExample] INFO  com.example.mqtt.MessageData - Topic: data/s/nhnacademy/b/gyeongnam_campus/p/meeting_room/d/24e124136d151836/n/안쪽벽 중앙/g/24e124fffef5dccc/e/lora
Message Data:
time: 1745201967104
value: 

2025-04-21 11:19:29 [MQTT Call: JavaClientExample] INFO  com.example.mqtt.InfluxDBService - Extracted tagkey -> location: meeting_room, kind: 안쪽벽 중앙, data: lora
Value into InfluxDB: 0.0
2025-04-21 11:19:29 [MQTT Call: JavaClientExample] INFO  com.example.mqtt.MessageData - Data sent to InfluxDBService: data/s/nhnacademy/b/gyeongnam_campus/p/meeting_room/d/24e124136d151836/n/안쪽벽 중앙/g/24e124fffef5dccc/e/lora -> 0.0
2025-04-21 11:19:29 [MQTT Call: JavaClientExample] INFO  com.example.mqtt.MessageData - Topic: data/s/nhnacademy/b/gyeongnam_campus/p/meeting_room/d/24e124136d151836/n/안쪽벽 중앙/g/24e124fffef79304/e/lora
Message Data:
time: 1745201967104
value: 

2025-04-21 11:19:29 [MQTT Call: JavaClientExample] INFO  com.example.mqtt.InfluxDBService - Extracted tagkey -> location: meeting_room, kind: 안쪽벽 중앙, data: lora
Value into InfluxDB: 0.0
2025-04-21 11:19:29 [MQTT Call: JavaClientExample] INFO  com.example.mqtt.MessageData - Data sent to InfluxDBService: data/s/nhnacademy/b/gyeongnam_campus/p/meeting_room/d/24e124136d151836/n/안쪽벽 중앙/g/24e124fffef79304/e/lora -> 0.0
2025-04-21 11:19:45 [MQTT Call: JavaClientExample] INFO  com.example.mqtt.MessageData - Topic: data/s/nhnacademy/b/gyeongnam_campus/p/hive/d/24e124126d111937/sp/farm/n/스마트팜/e/illumination
Message Data:
time: 1745201985036
value: 320

2025-04-21 11:19:45 [MQTT Call: JavaClientExample] INFO  com.example.mqtt.InfluxDBService - Extracted tagkey -> location: hive, kind: 스마트팜, data: illumination
Value into InfluxDB: 320.0
2025-04-21 11:19:45 [MQTT Call: JavaClientExample] INFO  com.example.mqtt.MessageData - Data sent to InfluxDBService: data/s/nhnacademy/b/gyeongnam_campus/p/hive/d/24e124126d111937/sp/farm/n/스마트팜/e/illumination -> 320.0
2025-04-21 11:19:45 [MQTT Call: JavaClientExample] INFO  com.example.mqtt.MessageData - Topic: data/s/nhnacademy/b/gyeongnam_campus/p/hive/d/24e124126d111937/sp/farm/n/스마트팜/g/24e124fffef5dccc/e/lora
Message Data:
time: 1745201985036
value: 

2025-04-21 11:19:45 [MQTT Call: JavaClientExample] INFO  com.example.mqtt.InfluxDBService - Extracted tagkey -> location: hive, kind: 스마트팜, data: lora
Value into InfluxDB: 0.0
2025-04-21 11:19:45 [MQTT Call: JavaClientExample] INFO  com.example.mqtt.MessageData - Data sent to InfluxDBService: data/s/nhnacademy/b/gyeongnam_campus/p/hive/d/24e124126d111937/sp/farm/n/스마트팜/g/24e124fffef5dccc/e/lora -> 0.0
2025-04-21 11:19:45 [MQTT Call: JavaClientExample] INFO  com.example.mqtt.MessageData - Topic: data/s/nhnacademy/b/gyeongnam_campus/p/hive/d/24e124126d111937/sp/farm/n/스마트팜/g/24e124fffef79304/e/lora
Message Data:
time: 1745201985036
value: 

2025-04-21 11:19:45 [MQTT Call: JavaClientExample] INFO  com.example.mqtt.InfluxDBService - Extracted tagkey -> location: hive, kind: 스마트팜, data: lora
Value into InfluxDB: 0.0
2025-04-21 11:19:45 [MQTT Call: JavaClientExample] INFO  com.example.mqtt.MessageData - Data sent to InfluxDBService: data/s/nhnacademy/b/gyeongnam_campus/p/hive/d/24e124126d111937/sp/farm/n/스마트팜/g/24e124fffef79304/e/lora -> 0.0
2025-04-21 11:19:46 [MQTT Call: JavaClientExample] INFO  com.example.mqtt.MessageData - Topic: data/s/nhnacademy/b/gyeongnam_campus/p/storage/d/24e124136d151547/n/입구/e/battery
Message Data:
time: 1745201986447
value: 1

2025-04-21 11:19:46 [MQTT Call: JavaClientExample] INFO  com.example.mqtt.InfluxDBService - Extracted tagkey -> location: storage, kind: 입구, data: battery
Value into InfluxDB: 1.0
2025-04-21 11:19:46 [MQTT Call: JavaClientExample] INFO  com.example.mqtt.MessageData - Data sent to InfluxDBService: data/s/nhnacademy/b/gyeongnam_campus/p/storage/d/24e124136d151547/n/입구/e/battery -> 1.0
2025-04-21 11:19:47 [MQTT Call: JavaClientExample] INFO  com.example.mqtt.MessageData - Topic: data/s/nhnacademy/b/gyeongnam_campus/p/storage/d/24e124136d151547/n/입구/e/temperature
Message Data:
time: 1745201986447
value: -0.1

2025-04-21 11:19:47 [MQTT Call: JavaClientExample] INFO  com.example.mqtt.InfluxDBService - Extracted tagkey -> location: storage, kind: 입구, data: temperature
Value into InfluxDB: -0.1
2025-04-21 11:19:47 [MQTT Call: JavaClientExample] INFO  com.example.mqtt.MessageData - Data sent to InfluxDBService: data/s/nhnacademy/b/gyeongnam_campus/p/storage/d/24e124136d151547/n/입구/e/temperature -> -0.1
2025-04-21 11:19:47 [MQTT Call: JavaClientExample] INFO  com.example.mqtt.MessageData - Topic: data/s/nhnacademy/b/gyeongnam_campus/p/storage/d/24e124136d151547/n/입구/e/humidity
Message Data:
time: 1745201986447
value: 127.5

2025-04-21 11:19:47 [MQTT Call: JavaClientExample] INFO  com.example.mqtt.InfluxDBService - Extracted tagkey -> location: storage, kind: 입구, data: humidity
Value into InfluxDB: 127.5
2025-04-21 11:19:47 [MQTT Call: JavaClientExample] INFO  com.example.mqtt.MessageData - Data sent to InfluxDBService: data/s/nhnacademy/b/gyeongnam_campus/p/storage/d/24e124136d151547/n/입구/e/humidity -> 127.5
2025-04-21 11:19:47 [MQTT Call: JavaClientExample] INFO  com.example.mqtt.MessageData - Topic: data/s/nhnacademy/b/gyeongnam_campus/p/storage/d/24e124136d151547/n/입구/g/24e124fffef5dccc/e/lora
Message Data:
time: 1745201986447
value: 

2025-04-21 11:19:47 [MQTT Call: JavaClientExample] INFO  com.example.mqtt.InfluxDBService - Extracted tagkey -> location: storage, kind: 입구, data: lora
Value into InfluxDB: 0.0
2025-04-21 11:19:47 [MQTT Call: JavaClientExample] INFO  com.example.mqtt.MessageData - Data sent to InfluxDBService: data/s/nhnacademy/b/gyeongnam_campus/p/storage/d/24e124136d151547/n/입구/g/24e124fffef5dccc/e/lora -> 0.0
2025-04-21 11:19:47 [MQTT Call: JavaClientExample] INFO  com.example.mqtt.MessageData - Topic: data/s/nhnacademy/b/gyeongnam_campus/p/storage/d/24e124136d151547/n/입구/g/24e124fffef79304/e/lora
Message Data:
time: 1745201986447
value: 

2025-04-21 11:19:47 [MQTT Call: JavaClientExample] INFO  com.example.mqtt.InfluxDBService - Extracted tagkey -> location: storage, kind: 입구, data: lora
Value into InfluxDB: 0.0
2025-04-21 11:19:47 [MQTT Call: JavaClientExample] INFO  com.example.mqtt.MessageData - Data sent to InfluxDBService: data/s/nhnacademy/b/gyeongnam_campus/p/storage/d/24e124136d151547/n/입구/g/24e124fffef79304/e/lora -> 0.0
2025-04-21 11:19:47 [MQTT Call: JavaClientExample] INFO  com.example.mqtt.MessageData - Topic: data/s/nhnacademy/b/gyeongnam_campus/p/campus/d/gem3500_1/n/캠퍼스_LL/e/voltage
Message Data:
time: 1745201986838
value: 378.03

2025-04-21 11:19:47 [MQTT Call: JavaClientExample] INFO  com.example.mqtt.InfluxDBService - Extracted tagkey -> location: campus, kind: 캠퍼스_LL, data: voltage
Value into InfluxDB: 378.03
2025-04-21 11:19:47 [MQTT Call: JavaClientExample] INFO  com.example.mqtt.MessageData - Data sent to InfluxDBService: data/s/nhnacademy/b/gyeongnam_campus/p/campus/d/gem3500_1/n/캠퍼스_LL/e/voltage -> 378.03
2025-04-21 11:19:47 [MQTT Call: JavaClientExample] INFO  com.example.mqtt.MessageData - Topic: data/s/nhnacademy/b/gyeongnam_campus/p/campus/d/gem3500_1/n/캠퍼스_LN/e/voltage
Message Data:
time: 1745201986838
value: 218.26

2025-04-21 11:19:47 [MQTT Call: JavaClientExample] INFO  com.example.mqtt.InfluxDBService - Extracted tagkey -> location: campus, kind: 캠퍼스_LN, data: voltage
Value into InfluxDB: 218.26
2025-04-21 11:19:47 [MQTT Call: JavaClientExample] INFO  com.example.mqtt.MessageData - Data sent to InfluxDBService: data/s/nhnacademy/b/gyeongnam_campus/p/campus/d/gem3500_1/n/캠퍼스_LN/e/voltage -> 218.26
2025-04-21 11:19:47 [MQTT Call: JavaClientExample] INFO  com.example.mqtt.MessageData - Topic: data/s/nhnacademy/b/gyeongnam_campus/p/campus/d/gem3500_1/n/캠퍼스1/e/power_meter
Message Data:
time: 1745201986939
type: 5
leakageCurrent: 0
current: 2955
activePower: 5552
reactivePower: -1840
tapparentPower: 6447
powerFactor: 86.11
currentUnbalance: 58.33
lines: 

2025-04-21 11:19:47 [MQTT Call: JavaClientExample] WARN  com.example.mqtt.MessageData - No 'value' field found in message, skipping InfluxDB write.
2025-04-21 11:19:47 [MQTT Call: JavaClientExample] INFO  com.example.mqtt.MessageData - Topic: data/s/nhnacademy/b/gyeongnam_campus/p/campus/d/gem3500_1/n/전등1/e/power_meter
Message Data:
time: 1745201987039
type: 3
leakageCurrent: 0
current: 703
activePower: 1307
reactivePower: -331
tapparentPower: 1535
powerFactor: 85.15
currentUnbalance: 0
lines: 

2025-04-21 11:19:47 [MQTT Call: JavaClientExample] WARN  com.example.mqtt.MessageData - No 'value' field found in message, skipping InfluxDB write.
2025-04-21 11:19:47 [MQTT Call: JavaClientExample] INFO  com.example.mqtt.MessageData - Topic: data/s/nhnacademy/b/gyeongnam_campus/p/campus/d/gem3500_1/n/전등2/e/power_meter
Message Data:
time: 1745201987140
type: 1
leakageCurrent: 0
current: 572
activePower: 1137
reactivePower: -283
tapparentPower: 1252
powerFactor: 90.8
currentUnbalance: 0
lines: 

2025-04-21 11:19:47 [MQTT Call: JavaClientExample] WARN  com.example.mqtt.MessageData - No 'value' field found in message, skipping InfluxDB write.
2025-04-21 11:19:47 [MQTT Call: JavaClientExample] INFO  com.example.mqtt.MessageData - Topic: data/s/nhnacademy/b/gyeongnam_campus/p/campus/d/gem3500_1/n/전등3/e/power_meter
Message Data:
time: 1745201987242
type: 2
leakageCurrent: 0
current: 0
activePower: 0
reactivePower: 0
tapparentPower: 0
powerFactor: 0
currentUnbalance: 0
lines: 

2025-04-21 11:19:47 [MQTT Call: JavaClientExample] WARN  com.example.mqtt.MessageData - No 'value' field found in message, skipping InfluxDB write.
2025-04-21 11:19:47 [MQTT Call: JavaClientExample] INFO  com.example.mqtt.MessageData - Topic: data/s/nhnacademy/b/gyeongnam_campus/p/campus/d/gem3500_1/n/강의실b_바닥/e/power_meter
Message Data:
time: 1745201987344
type: 3
leakageCurrent: 0
current: 245
activePower: 383
reactivePower: -242
tapparentPower: 506
powerFactor: 75.82
currentUnbalance: 0
lines: 

2025-04-21 11:19:47 [MQTT Call: JavaClientExample] WARN  com.example.mqtt.MessageData - No 'value' field found in message, skipping InfluxDB write.
2025-04-21 11:19:47 [MQTT Call: JavaClientExample] INFO  com.example.mqtt.MessageData - Topic: data/s/nhnacademy/b/gyeongnam_campus/p/campus/d/gem3500_1/n/강의실a_바닥1/e/power_meter
Message Data:
time: 1745201987445
type: 1
leakageCurrent: 0
current: 335
activePower: 585
reactivePower: -374
tapparentPower: 743
powerFactor: 78.7
currentUnbalance: 0
lines: 

2025-04-21 11:19:47 [MQTT Call: JavaClientExample] WARN  com.example.mqtt.MessageData - No 'value' field found in message, skipping InfluxDB write.
2025-04-21 11:19:47 [MQTT Call: JavaClientExample] INFO  com.example.mqtt.MessageData - Topic: data/s/nhnacademy/b/gyeongnam_campus/p/campus/d/gem3500_1/n/강의실a_바닥2/e/power_meter
Message Data:
time: 1745201987545
type: 2
leakageCurrent: 0
current: 175
activePower: 321
reactivePower: -182
tapparentPower: 395
powerFactor: 81.21
currentUnbalance: 0
lines: 

2025-04-21 11:19:47 [MQTT Call: JavaClientExample] WARN  com.example.mqtt.MessageData - No 'value' field found in message, skipping InfluxDB write.
2025-04-21 11:19:48 [MQTT Call: JavaClientExample] INFO  com.example.mqtt.MessageData - Topic: data/s/nhnacademy/b/gyeongnam_campus/p/campus/d/gem3500_1/n/프로젝터1/e/power_meter
Message Data:
time: 1745201987648
type: 3
leakageCurrent: 0
current: 93
activePower: 119
reactivePower: -143
tapparentPower: 201
powerFactor: 59.52
currentUnbalance: 0
lines: 

2025-04-21 11:19:48 [MQTT Call: JavaClientExample] WARN  com.example.mqtt.MessageData - No 'value' field found in message, skipping InfluxDB write.
2025-04-21 11:19:48 [MQTT Call: JavaClientExample] INFO  com.example.mqtt.MessageData - Topic: data/s/nhnacademy/b/gyeongnam_campus/p/campus/d/gem3500_1/n/프로젝터2/e/power_meter
Message Data:
time: 1745201987748
type: 1
leakageCurrent: 0
current: 39
activePower: 47
reactivePower: -69
tapparentPower: 88
powerFactor: 54.05
currentUnbalance: 0
lines: 

2025-04-21 11:19:48 [MQTT Call: JavaClientExample] WARN  com.example.mqtt.MessageData - No 'value' field found in message, skipping InfluxDB write.
2025-04-21 11:19:48 [MQTT Call: JavaClientExample] INFO  com.example.mqtt.MessageData - Topic: data/s/nhnacademy/b/gyeongnam_campus/p/campus/d/gem3500_1/n/회의실/e/power_meter
Message Data:
time: 1745201987848
type: 2
leakageCurrent: 0
current: 14
activePower: 4
reactivePower: -28
tapparentPower: 31
powerFactor: 15.38
currentUnbalance: 0
lines: 

2025-04-21 11:19:48 [MQTT Call: JavaClientExample] WARN  com.example.mqtt.MessageData - No 'value' field found in message, skipping InfluxDB write.
2025-04-21 11:19:48 [MQTT Call: JavaClientExample] INFO  com.example.mqtt.MessageData - Topic: data/s/nhnacademy/b/gyeongnam_campus/p/campus/d/gem3500_1/n/서버실/e/power_meter
Message Data:
time: 1745201987950
type: 3
leakageCurrent: 0
current: 198
activePower: 391
reactivePower: -112
tapparentPower: 436
powerFactor: 89.56
currentUnbalance: 0
lines: 

2025-04-21 11:19:48 [MQTT Call: JavaClientExample] WARN  com.example.mqtt.MessageData - No 'value' field found in message, skipping InfluxDB write.
2025-04-21 11:19:48 [MQTT Call: JavaClientExample] INFO  com.example.mqtt.MessageData - Topic: data/s/nhnacademy/b/gyeongnam_campus/p/campus/d/gem3500_1/n/간판/e/power_meter
Message Data:
time: 1745201988050
type: 1
leakageCurrent: 0
current: 0
activePower: 0
reactivePower: 0
tapparentPower: 0
powerFactor: 0
currentUnbalance: 0
lines: 

2025-04-21 11:19:48 [MQTT Call: JavaClientExample] WARN  com.example.mqtt.MessageData - No 'value' field found in message, skipping InfluxDB write.
2025-04-21 11:19:48 [MQTT Call: JavaClientExample] INFO  com.example.mqtt.MessageData - Topic: data/s/nhnacademy/b/gyeongnam_campus/p/campus/d/gem3500_1/n/페어룸/e/power_meter
Message Data:
time: 1745201988152
type: 2
leakageCurrent: 0
current: 0
activePower: 0
reactivePower: 0
tapparentPower: 0
powerFactor: 0
currentUnbalance: 0
lines: 

2025-04-21 11:19:48 [MQTT Call: JavaClientExample] WARN  com.example.mqtt.MessageData - No 'value' field found in message, skipping InfluxDB write.
2025-04-21 11:19:48 [MQTT Call: JavaClientExample] INFO  com.example.mqtt.MessageData - Topic: data/s/nhnacademy/b/gyeongnam_campus/p/campus/d/gem3500_1/n/사무실_전열1/e/power_meter
Message Data:
time: 1745201988254
type: 3
leakageCurrent: 0
current: 85
activePower: 100
reactivePower: -55
tapparentPower: 182
powerFactor: 55.26
currentUnbalance: 0
lines: 

2025-04-21 11:19:48 [MQTT Call: JavaClientExample] WARN  com.example.mqtt.MessageData - No 'value' field found in message, skipping InfluxDB write.
2025-04-21 11:19:48 [MQTT Call: JavaClientExample] INFO  com.example.mqtt.MessageData - Topic: data/s/nhnacademy/b/gyeongnam_campus/p/campus/d/gem3500_1/n/사무실_전열2/e/power_meter
Message Data:
time: 1745201988357
type: 3
leakageCurrent: 0
current: 91
activePower: 93
reactivePower: -59
tapparentPower: 201
powerFactor: 46.42
currentUnbalance: 0
lines: 

2025-04-21 11:19:48 [MQTT Call: JavaClientExample] WARN  com.example.mqtt.MessageData - No 'value' field found in message, skipping InfluxDB write.
2025-04-21 11:19:48 [MQTT Call: JavaClientExample] INFO  com.example.mqtt.MessageData - Topic: data/s/nhnacademy/b/gyeongnam_campus/p/campus/d/gem3500_1/n/사무실_복사기/e/power_meter
Message Data:
time: 1745201988456
type: 1
leakageCurrent: 0
current: 89
activePower: 119
reactivePower: 153
tapparentPower: 196
powerFactor: 60.97
currentUnbalance: 0
lines: 

2025-04-21 11:19:48 [MQTT Call: JavaClientExample] WARN  com.example.mqtt.MessageData - No 'value' field found in message, skipping InfluxDB write.
2025-04-21 11:19:48 [MQTT Call: JavaClientExample] INFO  com.example.mqtt.MessageData - Topic: data/s/nhnacademy/b/gyeongnam_campus/p/campus/d/gem3500_1/n/빌트인_전열/e/power_meter
Message Data:
time: 1745201988558
type: 2
leakageCurrent: 0
current: 5
activePower: 4
reactivePower: -7
tapparentPower: 11
powerFactor: 40
currentUnbalance: 0
lines: 

2025-04-21 11:19:48 [MQTT Call: JavaClientExample] WARN  com.example.mqtt.MessageData - No 'value' field found in message, skipping InfluxDB write.
2025-04-21 11:19:48 [MQTT Call: JavaClientExample] INFO  com.example.mqtt.MessageData - Topic: data/s/nhnacademy/b/gyeongnam_campus/p/campus/d/gem3500_1/n/사무실_전열3/e/power_meter
Message Data:
time: 1745201988659
type: 3
leakageCurrent: 0
current: 0
activePower: 0
reactivePower: 0
tapparentPower: 0
powerFactor: 0
currentUnbalance: 0
lines: 

2025-04-21 11:19:48 [MQTT Call: JavaClientExample] WARN  com.example.mqtt.MessageData - No 'value' field found in message, skipping InfluxDB write.
2025-04-21 11:19:48 [MQTT Call: JavaClientExample] INFO  com.example.mqtt.MessageData - Topic: data/s/nhnacademy/b/gyeongnam_campus/p/campus/d/gem3500_1/n/정수기/e/power_meter
Message Data:
time: 1745201988762
type: 1
leakageCurrent: 0
current: 221
activePower: 484
reactivePower: -16
tapparentPower: 484
powerFactor: 100
currentUnbalance: 0
lines: 

2025-04-21 11:19:48 [MQTT Call: JavaClientExample] WARN  com.example.mqtt.MessageData - No 'value' field found in message, skipping InfluxDB write.
2025-04-21 11:19:49 [MQTT Call: JavaClientExample] INFO  com.example.mqtt.MessageData - Topic: data/s/nhnacademy/b/gyeongnam_campus/p/campus/d/gem3500_1/n/하이브_전열/e/power_meter
Message Data:
time: 1745201988862
type: 2
leakageCurrent: 0
current: 64
activePower: 122
reactivePower: -47
tapparentPower: 141
powerFactor: 86.44
currentUnbalance: 0
lines: 

2025-04-21 11:19:49 [MQTT Call: JavaClientExample] WARN  com.example.mqtt.MessageData - No 'value' field found in message, skipping InfluxDB write.
2025-04-21 11:19:49 [MQTT Call: JavaClientExample] INFO  com.example.mqtt.MessageData - Topic: data/s/nhnacademy/b/gyeongnam_campus/p/campus/d/gem3500_1/n/바텐_전열/e/power_meter
Message Data:
time: 1745201988962
type: 3
leakageCurrent: 0
current: 0
activePower: 0
reactivePower: 0
tapparentPower: 0
powerFactor: 0
currentUnbalance: 0
lines: 

2025-04-21 11:19:49 [MQTT Call: JavaClientExample] WARN  com.example.mqtt.MessageData - No 'value' field found in message, skipping InfluxDB write.
2025-04-21 11:19:49 [MQTT Call: JavaClientExample] INFO  com.example.mqtt.MessageData - Topic: data/s/nhnacademy/b/gyeongnam_campus/p/campus/d/gem3500_1/n/S_P/e/power_meter
Message Data:
time: 1745201989063
type: 1
leakageCurrent: 0
current: 0
activePower: 0
reactivePower: 0
tapparentPower: 0
powerFactor: 0
currentUnbalance: 0
lines: 

2025-04-21 11:19:49 [MQTT Call: JavaClientExample] WARN  com.example.mqtt.MessageData - No 'value' field found in message, skipping InfluxDB write.
2025-04-21 11:19:49 [MQTT Call: JavaClientExample] INFO  com.example.mqtt.MessageData - Topic: data/s/nhnacademy/b/gyeongnam_campus/p/campus/d/gem3500_1/n/공조기/e/power_meter
Message Data:
time: 1745201989165
type: 2
leakageCurrent: 0
current: 198
activePower: 223
reactivePower: -23
tapparentPower: 434
powerFactor: 51.38
currentUnbalance: 0
lines: 

2025-04-21 11:19:49 [MQTT Call: JavaClientExample] WARN  com.example.mqtt.MessageData - No 'value' field found in message, skipping InfluxDB write.
2025-04-21 11:19:49 [MQTT Call: JavaClientExample] INFO  com.example.mqtt.MessageData - Topic: data/s/nhnacademy/b/gyeongnam_campus/p/campus/d/gem3500_1/n/AC/e/power_meter
Message Data:
time: 1745201989266
type: 3
leakageCurrent: 0
current: 77
activePower: 95
reactivePower: -4
tapparentPower: 167
powerFactor: 57.14
currentUnbalance: 0
lines: 

2025-04-21 11:19:49 [MQTT Call: JavaClientExample] WARN  com.example.mqtt.MessageData - No 'value' field found in message, skipping InfluxDB write.
2025-04-21 11:19:55 [MQTT Call: JavaClientExample] INFO  com.example.mqtt.MessageData - Topic: data/s/nhnacademy/b/gyeongnam_campus/p/class_a/d/24e124126d152969/n/왼쪽 뒤/e/co2
Message Data:
time: 1745201993685
value: 970

2025-04-21 11:19:55 [MQTT Call: JavaClientExample] INFO  com.example.mqtt.InfluxDBService - Extracted tagkey -> location: class_a, kind: 왼쪽 뒤, data: co2
Value into InfluxDB: 970.0
2025-04-21 11:19:55 [MQTT Call: JavaClientExample] INFO  com.example.mqtt.MessageData - Data sent to InfluxDBService: data/s/nhnacademy/b/gyeongnam_campus/p/class_a/d/24e124126d152969/n/왼쪽 뒤/e/co2 -> 970.0
2025-04-21 11:19:55 [MQTT Call: JavaClientExample] INFO  com.example.mqtt.MessageData - Topic: data/s/nhnacademy/b/gyeongnam_campus/p/class_a/d/24e124126d152969/n/왼쪽 뒤/e/humidity
Message Data:
time: 1745201993685
value: 51

2025-04-21 11:19:55 [MQTT Call: JavaClientExample] INFO  com.example.mqtt.InfluxDBService - Extracted tagkey -> location: class_a, kind: 왼쪽 뒤, data: humidity
Value into InfluxDB: 51.0
2025-04-21 11:19:55 [MQTT Call: JavaClientExample] INFO  com.example.mqtt.MessageData - Data sent to InfluxDBService: data/s/nhnacademy/b/gyeongnam_campus/p/class_a/d/24e124126d152969/n/왼쪽 뒤/e/humidity -> 51.0
2025-04-21 11:19:55 [MQTT Call: JavaClientExample] INFO  com.example.mqtt.MessageData - Topic: data/s/nhnacademy/b/gyeongnam_campus/p/class_a/d/24e124126d152969/n/왼쪽 뒤/e/pressure
Message Data:
time: 1745201993685
value: 1016.6

2025-04-21 11:19:55 [MQTT Call: JavaClientExample] INFO  com.example.mqtt.InfluxDBService - Extracted tagkey -> location: class_a, kind: 왼쪽 뒤, data: pressure
Value into InfluxDB: 1016.6
2025-04-21 11:19:55 [MQTT Call: JavaClientExample] INFO  com.example.mqtt.MessageData - Data sent to InfluxDBService: data/s/nhnacademy/b/gyeongnam_campus/p/class_a/d/24e124126d152969/n/왼쪽 뒤/e/pressure -> 1016.6
2025-04-21 11:19:55 [MQTT Call: JavaClientExample] INFO  com.example.mqtt.MessageData - Topic: data/s/nhnacademy/b/gyeongnam_campus/p/class_a/d/24e124126d152969/n/왼쪽 뒤/e/temperature
Message Data:
time: 1745201993685
value: 23

2025-04-21 11:19:55 [MQTT Call: JavaClientExample] INFO  com.example.mqtt.InfluxDBService - Extracted tagkey -> location: class_a, kind: 왼쪽 뒤, data: temperature
Value into InfluxDB: 23.0
2025-04-21 11:19:55 [MQTT Call: JavaClientExample] INFO  com.example.mqtt.MessageData - Data sent to InfluxDBService: data/s/nhnacademy/b/gyeongnam_campus/p/class_a/d/24e124126d152969/n/왼쪽 뒤/e/temperature -> 23.0
2025-04-21 11:19:55 [MQTT Call: JavaClientExample] INFO  com.example.mqtt.MessageData - Topic: data/s/nhnacademy/b/gyeongnam_campus/p/class_a/d/24e124126d152969/n/왼쪽 뒤/g/24e124fffef5dccc/e/lora
Message Data:
time: 1745201993685
value: 

2025-04-21 11:19:55 [MQTT Call: JavaClientExample] INFO  com.example.mqtt.InfluxDBService - Extracted tagkey -> location: class_a, kind: 왼쪽 뒤, data: lora
Value into InfluxDB: 0.0
2025-04-21 11:19:55 [MQTT Call: JavaClientExample] INFO  com.example.mqtt.MessageData - Data sent to InfluxDBService: data/s/nhnacademy/b/gyeongnam_campus/p/class_a/d/24e124126d152969/n/왼쪽 뒤/g/24e124fffef5dccc/e/lora -> 0.0
2025-04-21 11:19:55 [MQTT Call: JavaClientExample] INFO  com.example.mqtt.MessageData - Topic: data/s/nhnacademy/b/gyeongnam_campus/p/class_a/d/24e124126d152969/n/왼쪽 뒤/g/24e124fffef79304/e/lora
Message Data:
time: 1745201993685
value: 

2025-04-21 11:19:55 [MQTT Call: JavaClientExample] INFO  com.example.mqtt.InfluxDBService - Extracted tagkey -> location: class_a, kind: 왼쪽 뒤, data: lora
Value into InfluxDB: 0.0
2025-04-21 11:19:55 [MQTT Call: JavaClientExample] INFO  com.example.mqtt.MessageData - Data sent to InfluxDBService: data/s/nhnacademy/b/gyeongnam_campus/p/class_a/d/24e124126d152969/n/왼쪽 뒤/g/24e124fffef79304/e/lora -> 0.0
2025-04-21 11:20:06 [MQTT Call: JavaClientExample] INFO  com.example.mqtt.MessageData - Topic: data/s/nhnacademy/b/gyeongnam_campus/p/hive/d/24e124126c452091/sp/farm/n/스마트팜/e/temperature
Message Data:
time: 1745202005528
value: 24.5

2025-04-21 11:20:06 [MQTT Call: JavaClientExample] INFO  com.example.mqtt.InfluxDBService - Extracted tagkey -> location: hive, kind: 스마트팜, data: temperature
Value into InfluxDB: 24.5
2025-04-21 11:20:06 [MQTT Call: JavaClientExample] INFO  com.example.mqtt.MessageData - Data sent to InfluxDBService: data/s/nhnacademy/b/gyeongnam_campus/p/hive/d/24e124126c452091/sp/farm/n/스마트팜/e/temperature -> 24.5
2025-04-21 11:20:08 [MQTT Call: JavaClientExample] INFO  com.example.mqtt.MessageData - Topic: data/s/nhnacademy/b/gyeongnam_campus/p/hive/d/24e124126c452091/sp/farm/n/스마트팜/g/24e124fffef79304/e/lora
Message Data:
time: 1745202005528
value: 

2025-04-21 11:20:08 [MQTT Call: JavaClientExample] INFO  com.example.mqtt.InfluxDBService - Extracted tagkey -> location: hive, kind: 스마트팜, data: lora
Value into InfluxDB: 0.0
2025-04-21 11:20:08 [MQTT Call: JavaClientExample] INFO  com.example.mqtt.MessageData - Data sent to InfluxDBService: data/s/nhnacademy/b/gyeongnam_campus/p/hive/d/24e124126c452091/sp/farm/n/스마트팜/g/24e124fffef79304/e/lora -> 0.0
2025-04-21 11:20:08 [MQTT Call: JavaClientExample] INFO  com.example.mqtt.MessageData - Topic: data/s/nhnacademy/b/gyeongnam_campus/p/hive/d/24e124126c452091/sp/farm/n/스마트팜/g/24e124fffef5dccc/e/lora
Message Data:
time: 1745202005528
value: 

2025-04-21 11:20:08 [MQTT Call: JavaClientExample] INFO  com.example.mqtt.InfluxDBService - Extracted tagkey -> location: hive, kind: 스마트팜, data: lora
Value into InfluxDB: 0.0
2025-04-21 11:20:08 [MQTT Call: JavaClientExample] INFO  com.example.mqtt.MessageData - Data sent to InfluxDBService: data/s/nhnacademy/b/gyeongnam_campus/p/hive/d/24e124126c452091/sp/farm/n/스마트팜/g/24e124fffef5dccc/e/lora -> 0.0
2025-04-21 11:20:13 [MQTT Call: JavaClientExample] INFO  com.example.mqtt.MessageData - Topic: data/s/nhnacademy/b/gyeongnam_campus/p/office/d/24e124126d152919/n/보드/e/co2
Message Data:
time: 1745202012963
value: 720

2025-04-21 11:20:13 [MQTT Call: JavaClientExample] INFO  com.example.mqtt.InfluxDBService - Extracted tagkey -> location: office, kind: 보드, data: co2
Value into InfluxDB: 720.0
2025-04-21 11:20:13 [MQTT Call: JavaClientExample] INFO  com.example.mqtt.MessageData - Data sent to InfluxDBService: data/s/nhnacademy/b/gyeongnam_campus/p/office/d/24e124126d152919/n/보드/e/co2 -> 720.0
2025-04-21 11:20:14 [MQTT Call: JavaClientExample] INFO  com.example.mqtt.MessageData - Topic: data/s/nhnacademy/b/gyeongnam_campus/p/office/d/24e124126d152919/n/보드/e/pressure
Message Data:
time: 1745202012963
value: 1016.6

2025-04-21 11:20:14 [MQTT Call: JavaClientExample] INFO  com.example.mqtt.InfluxDBService - Extracted tagkey -> location: office, kind: 보드, data: pressure
Value into InfluxDB: 1016.6
2025-04-21 11:20:14 [MQTT Call: JavaClientExample] INFO  com.example.mqtt.MessageData - Data sent to InfluxDBService: data/s/nhnacademy/b/gyeongnam_campus/p/office/d/24e124126d152919/n/보드/e/pressure -> 1016.6
2025-04-21 11:20:14 [MQTT Call: JavaClientExample] INFO  com.example.mqtt.MessageData - Topic: data/s/nhnacademy/b/gyeongnam_campus/p/office/d/24e124126d152919/n/보드/e/temperature
Message Data:
time: 1745202012963
value: 23.5

2025-04-21 11:20:14 [MQTT Call: JavaClientExample] INFO  com.example.mqtt.InfluxDBService - Extracted tagkey -> location: office, kind: 보드, data: temperature
Value into InfluxDB: 23.5
2025-04-21 11:20:14 [MQTT Call: JavaClientExample] INFO  com.example.mqtt.MessageData - Data sent to InfluxDBService: data/s/nhnacademy/b/gyeongnam_campus/p/office/d/24e124126d152919/n/보드/e/temperature -> 23.5
2025-04-21 11:20:14 [MQTT Call: JavaClientExample] INFO  com.example.mqtt.MessageData - Topic: data/s/nhnacademy/b/gyeongnam_campus/p/office/d/24e124126d152919/n/보드/e/humidity
Message Data:
time: 1745202012963
value: 47.5

2025-04-21 11:20:14 [MQTT Call: JavaClientExample] INFO  com.example.mqtt.InfluxDBService - Extracted tagkey -> location: office, kind: 보드, data: humidity
Value into InfluxDB: 47.5
2025-04-21 11:20:14 [MQTT Call: JavaClientExample] INFO  com.example.mqtt.MessageData - Data sent to InfluxDBService: data/s/nhnacademy/b/gyeongnam_campus/p/office/d/24e124126d152919/n/보드/e/humidity -> 47.5
2025-04-21 11:20:14 [MQTT Call: JavaClientExample] INFO  com.example.mqtt.MessageData - Topic: data/s/nhnacademy/b/gyeongnam_campus/p/office/d/24e124126d152919/n/보드/g/24e124fffef5dccc/e/lora
Message Data:
time: 1745202012963
value: 

2025-04-21 11:20:14 [MQTT Call: JavaClientExample] INFO  com.example.mqtt.InfluxDBService - Extracted tagkey -> location: office, kind: 보드, data: lora
Value into InfluxDB: 0.0
2025-04-21 11:20:14 [MQTT Call: JavaClientExample] INFO  com.example.mqtt.MessageData - Data sent to InfluxDBService: data/s/nhnacademy/b/gyeongnam_campus/p/office/d/24e124126d152919/n/보드/g/24e124fffef5dccc/e/lora -> 0.0
2025-04-21 11:20:14 [MQTT Call: JavaClientExample] INFO  com.example.mqtt.MessageData - Topic: data/s/nhnacademy/b/gyeongnam_campus/p/office/d/24e124126d152919/n/보드/g/24e124fffef79304/e/lora
Message Data:
time: 1745202012963
value: 

2025-04-21 11:20:14 [MQTT Call: JavaClientExample] INFO  com.example.mqtt.InfluxDBService - Extracted tagkey -> location: office, kind: 보드, data: lora
Value into InfluxDB: 0.0
2025-04-21 11:20:14 [MQTT Call: JavaClientExample] INFO  com.example.mqtt.MessageData - Data sent to InfluxDBService: data/s/nhnacademy/b/gyeongnam_campus/p/office/d/24e124126d152919/n/보드/g/24e124fffef79304/e/lora -> 0.0
2025-04-21 11:20:17 [MQTT Call: JavaClientExample] INFO  com.example.mqtt.MessageData - Topic: data/s/nhnacademy/b/gyeongnam_campus/p/hive/d/24e124725d081175/sp/8인 책상/n/8인 책상/e/battery
Message Data:
time: 1745202015396
value: 77

2025-04-21 11:20:17 [MQTT Call: JavaClientExample] INFO  com.example.mqtt.InfluxDBService - Extracted tagkey -> location: hive, kind: 8인 책상, data: battery
Value into InfluxDB: 77.0
2025-04-21 11:20:17 [MQTT Call: JavaClientExample] INFO  com.example.mqtt.MessageData - Data sent to InfluxDBService: data/s/nhnacademy/b/gyeongnam_campus/p/hive/d/24e124725d081175/sp/8인 책상/n/8인 책상/e/battery -> 77.0
2025-04-21 11:20:17 [MQTT Call: JavaClientExample] INFO  com.example.mqtt.MessageData - Topic: data/s/nhnacademy/b/gyeongnam_campus/p/hive/d/24e124725d081175/sp/8인 책상/n/8인 책상/e/temperature
Message Data:
time: 1745202015396
value: 25.5

2025-04-21 11:20:17 [MQTT Call: JavaClientExample] INFO  com.example.mqtt.InfluxDBService - Extracted tagkey -> location: hive, kind: 8인 책상, data: temperature
Value into InfluxDB: 25.5
2025-04-21 11:20:17 [MQTT Call: JavaClientExample] INFO  com.example.mqtt.MessageData - Data sent to InfluxDBService: data/s/nhnacademy/b/gyeongnam_campus/p/hive/d/24e124725d081175/sp/8인 책상/n/8인 책상/e/temperature -> 25.5
2025-04-21 11:20:17 [MQTT Call: JavaClientExample] INFO  com.example.mqtt.MessageData - Topic: data/s/nhnacademy/b/gyeongnam_campus/p/hive/d/24e124725d081175/sp/8인 책상/n/8인 책상/e/humidity
Message Data:
time: 1745202015396
value: 42

2025-04-21 11:20:17 [MQTT Call: JavaClientExample] INFO  com.example.mqtt.InfluxDBService - Extracted tagkey -> location: hive, kind: 8인 책상, data: humidity
Value into InfluxDB: 42.0
2025-04-21 11:20:17 [MQTT Call: JavaClientExample] INFO  com.example.mqtt.MessageData - Data sent to InfluxDBService: data/s/nhnacademy/b/gyeongnam_campus/p/hive/d/24e124725d081175/sp/8인 책상/n/8인 책상/e/humidity -> 42.0
2025-04-21 11:20:17 [MQTT Call: JavaClientExample] INFO  com.example.mqtt.MessageData - Topic: data/s/nhnacademy/b/gyeongnam_campus/p/hive/d/24e124725d081175/sp/8인 책상/n/8인 책상/e/co2
Message Data:
time: 1745202015396
value: 622

2025-04-21 11:20:17 [MQTT Call: JavaClientExample] INFO  com.example.mqtt.InfluxDBService - Extracted tagkey -> location: hive, kind: 8인 책상, data: co2
Value into InfluxDB: 622.0
2025-04-21 11:20:17 [MQTT Call: JavaClientExample] INFO  com.example.mqtt.MessageData - Data sent to InfluxDBService: data/s/nhnacademy/b/gyeongnam_campus/p/hive/d/24e124725d081175/sp/8인 책상/n/8인 책상/e/co2 -> 622.0
2025-04-21 11:20:17 [MQTT Call: JavaClientExample] INFO  com.example.mqtt.MessageData - Topic: data/s/nhnacademy/b/gyeongnam_campus/p/hive/d/24e124725d081175/sp/8인 책상/n/8인 책상/g/24e124fffef79304/e/lora
Message Data:
time: 1745202015396
value: 

2025-04-21 11:20:17 [MQTT Call: JavaClientExample] INFO  com.example.mqtt.InfluxDBService - Extracted tagkey -> location: hive, kind: 8인 책상, data: lora
Value into InfluxDB: 0.0
2025-04-21 11:20:17 [MQTT Call: JavaClientExample] INFO  com.example.mqtt.MessageData - Data sent to InfluxDBService: data/s/nhnacademy/b/gyeongnam_campus/p/hive/d/24e124725d081175/sp/8인 책상/n/8인 책상/g/24e124fffef79304/e/lora -> 0.0
2025-04-21 11:20:17 [MQTT Call: JavaClientExample] INFO  com.example.mqtt.MessageData - Topic: data/s/nhnacademy/b/gyeongnam_campus/p/hive/d/24e124725d081175/sp/8인 책상/n/8인 책상/g/24e124fffef5dccc/e/lora
Message Data:
time: 1745202015396
value: 

2025-04-21 11:20:17 [MQTT Call: JavaClientExample] INFO  com.example.mqtt.InfluxDBService - Extracted tagkey -> location: hive, kind: 8인 책상, data: lora
Value into InfluxDB: 0.0
2025-04-21 11:20:17 [MQTT Call: JavaClientExample] INFO  com.example.mqtt.MessageData - Data sent to InfluxDBService: data/s/nhnacademy/b/gyeongnam_campus/p/hive/d/24e124725d081175/sp/8인 책상/n/8인 책상/g/24e124fffef5dccc/e/lora -> 0.0
2025-04-21 11:20:17 [MQTT Call: JavaClientExample] INFO  com.example.mqtt.MessageData - Topic: data/s/nhnacademy/b/gyeongnam_campus/p/class_a/d/24e124128c067999/sp/입구/n/입구/e/infrared_and_visible
Message Data:
time: 1745202017538
value: 46

2025-04-21 11:20:17 [MQTT Call: JavaClientExample] INFO  com.example.mqtt.InfluxDBService - Extracted tagkey -> location: class_a, kind: 입구, data: infrared_and_visible
Value into InfluxDB: 46.0
2025-04-21 11:20:17 [MQTT Call: JavaClientExample] INFO  com.example.mqtt.MessageData - Data sent to InfluxDBService: data/s/nhnacademy/b/gyeongnam_campus/p/class_a/d/24e124128c067999/sp/입구/n/입구/e/infrared_and_visible -> 46.0
2025-04-21 11:20:18 [MQTT Call: JavaClientExample] INFO  com.example.mqtt.MessageData - Topic: data/s/nhnacademy/b/gyeongnam_campus/p/class_a/d/24e124128c067999/sp/입구/n/입구/e/co2
Message Data:
time: 1745202017538
value: 888

2025-04-21 11:20:18 [MQTT Call: JavaClientExample] INFO  com.example.mqtt.InfluxDBService - Extracted tagkey -> location: class_a, kind: 입구, data: co2
Value into InfluxDB: 888.0
2025-04-21 11:20:18 [MQTT Call: JavaClientExample] INFO  com.example.mqtt.MessageData - Data sent to InfluxDBService: data/s/nhnacademy/b/gyeongnam_campus/p/class_a/d/24e124128c067999/sp/입구/n/입구/e/co2 -> 888.0
2025-04-21 11:20:18 [MQTT Call: JavaClientExample] INFO  com.example.mqtt.MessageData - Topic: data/s/nhnacademy/b/gyeongnam_campus/p/class_a/d/24e124128c067999/sp/입구/n/입구/e/temperature
Message Data:
time: 1745202017538
value: 23.9

2025-04-21 11:20:18 [MQTT Call: JavaClientExample] INFO  com.example.mqtt.InfluxDBService - Extracted tagkey -> location: class_a, kind: 입구, data: temperature
Value into InfluxDB: 23.9
2025-04-21 11:20:18 [MQTT Call: JavaClientExample] INFO  com.example.mqtt.MessageData - Data sent to InfluxDBService: data/s/nhnacademy/b/gyeongnam_campus/p/class_a/d/24e124128c067999/sp/입구/n/입구/e/temperature -> 23.9
2025-04-21 11:20:18 [MQTT Call: JavaClientExample] INFO  com.example.mqtt.MessageData - Topic: data/s/nhnacademy/b/gyeongnam_campus/p/class_a/d/24e124128c067999/sp/입구/n/입구/e/pressure
Message Data:
time: 1745202017538
value: 1009

2025-04-21 11:20:18 [MQTT Call: JavaClientExample] INFO  com.example.mqtt.InfluxDBService - Extracted tagkey -> location: class_a, kind: 입구, data: pressure
Value into InfluxDB: 1009.0
2025-04-21 11:20:18 [MQTT Call: JavaClientExample] INFO  com.example.mqtt.MessageData - Data sent to InfluxDBService: data/s/nhnacademy/b/gyeongnam_campus/p/class_a/d/24e124128c067999/sp/입구/n/입구/e/pressure -> 1009.0
2025-04-21 11:20:18 [MQTT Call: JavaClientExample] INFO  com.example.mqtt.MessageData - Topic: data/s/nhnacademy/b/gyeongnam_campus/p/class_a/d/24e124128c067999/sp/입구/n/입구/e/humidity
Message Data:
time: 1745202017538
value: 45.5

2025-04-21 11:20:18 [MQTT Call: JavaClientExample] INFO  com.example.mqtt.InfluxDBService - Extracted tagkey -> location: class_a, kind: 입구, data: humidity
Value into InfluxDB: 45.5
2025-04-21 11:20:18 [MQTT Call: JavaClientExample] INFO  com.example.mqtt.MessageData - Data sent to InfluxDBService: data/s/nhnacademy/b/gyeongnam_campus/p/class_a/d/24e124128c067999/sp/입구/n/입구/e/humidity -> 45.5
2025-04-21 11:20:18 [MQTT Call: JavaClientExample] INFO  com.example.mqtt.MessageData - Topic: data/s/nhnacademy/b/gyeongnam_campus/p/class_a/d/24e124128c067999/sp/입구/n/입구/e/activity
Message Data:
time: 1745202017538
value: 0

2025-04-21 11:20:18 [MQTT Call: JavaClientExample] INFO  com.example.mqtt.InfluxDBService - Extracted tagkey -> location: class_a, kind: 입구, data: activity
Value into InfluxDB: 0.0
2025-04-21 11:20:18 [MQTT Call: JavaClientExample] INFO  com.example.mqtt.MessageData - Data sent to InfluxDBService: data/s/nhnacademy/b/gyeongnam_campus/p/class_a/d/24e124128c067999/sp/입구/n/입구/e/activity -> 0.0
2025-04-21 11:20:18 [MQTT Call: JavaClientExample] INFO  com.example.mqtt.MessageData - Topic: data/s/nhnacademy/b/gyeongnam_campus/p/class_a/d/24e124128c067999/sp/입구/n/입구/e/illumination
Message Data:
time: 1745202017538
value: 67

2025-04-21 11:20:18 [MQTT Call: JavaClientExample] INFO  com.example.mqtt.InfluxDBService - Extracted tagkey -> location: class_a, kind: 입구, data: illumination
Value into InfluxDB: 67.0
2025-04-21 11:20:18 [MQTT Call: JavaClientExample] INFO  com.example.mqtt.MessageData - Data sent to InfluxDBService: data/s/nhnacademy/b/gyeongnam_campus/p/class_a/d/24e124128c067999/sp/입구/n/입구/e/illumination -> 67.0
2025-04-21 11:20:18 [MQTT Call: JavaClientExample] INFO  com.example.mqtt.MessageData - Topic: data/s/nhnacademy/b/gyeongnam_campus/p/class_a/d/24e124128c067999/sp/입구/n/입구/e/tvoc
Message Data:
time: 1745202017538
value: 299

2025-04-21 11:20:18 [MQTT Call: JavaClientExample] INFO  com.example.mqtt.InfluxDBService - Extracted tagkey -> location: class_a, kind: 입구, data: tvoc
Value into InfluxDB: 299.0
2025-04-21 11:20:18 [MQTT Call: JavaClientExample] INFO  com.example.mqtt.MessageData - Data sent to InfluxDBService: data/s/nhnacademy/b/gyeongnam_campus/p/class_a/d/24e124128c067999/sp/입구/n/입구/e/tvoc -> 299.0
2025-04-21 11:20:18 [MQTT Call: JavaClientExample] INFO  com.example.mqtt.MessageData - Topic: data/s/nhnacademy/b/gyeongnam_campus/p/class_a/d/24e124128c067999/sp/입구/n/입구/e/infrared
Message Data:
time: 1745202017538
value: 7

2025-04-21 11:20:18 [MQTT Call: JavaClientExample] INFO  com.example.mqtt.InfluxDBService - Extracted tagkey -> location: class_a, kind: 입구, data: infrared
Value into InfluxDB: 7.0
2025-04-21 11:20:18 [MQTT Call: JavaClientExample] INFO  com.example.mqtt.MessageData - Data sent to InfluxDBService: data/s/nhnacademy/b/gyeongnam_campus/p/class_a/d/24e124128c067999/sp/입구/n/입구/e/infrared -> 7.0
2025-04-21 11:20:18 [MQTT Call: JavaClientExample] INFO  com.example.mqtt.MessageData - Topic: data/s/nhnacademy/b/gyeongnam_campus/p/class_a/d/24e124128c067999/sp/입구/n/입구/g/24e124fffef5dccc/e/lora
Message Data:
time: 1745202017538
value: 

2025-04-21 11:20:18 [MQTT Call: JavaClientExample] INFO  com.example.mqtt.InfluxDBService - Extracted tagkey -> location: class_a, kind: 입구, data: lora
Value into InfluxDB: 0.0
2025-04-21 11:20:18 [MQTT Call: JavaClientExample] INFO  com.example.mqtt.MessageData - Data sent to InfluxDBService: data/s/nhnacademy/b/gyeongnam_campus/p/class_a/d/24e124128c067999/sp/입구/n/입구/g/24e124fffef5dccc/e/lora -> 0.0
2025-04-21 11:20:18 [MQTT Call: JavaClientExample] INFO  com.example.mqtt.MessageData - Topic: data/s/nhnacademy/b/gyeongnam_campus/p/class_a/d/24e124128c067999/sp/입구/n/입구/g/24e124fffef79304/e/lora
Message Data:
time: 1745202017538
value: 

2025-04-21 11:20:18 [MQTT Call: JavaClientExample] INFO  com.example.mqtt.InfluxDBService - Extracted tagkey -> location: class_a, kind: 입구, data: lora
Value into InfluxDB: 0.0
2025-04-21 11:20:18 [MQTT Call: JavaClientExample] INFO  com.example.mqtt.MessageData - Data sent to InfluxDBService: data/s/nhnacademy/b/gyeongnam_campus/p/class_a/d/24e124128c067999/sp/입구/n/입구/g/24e124fffef79304/e/lora -> 0.0
2025-04-21 11:20:19 [MQTT Call: JavaClientExample] INFO  com.example.mqtt.MessageData - Topic: data/s/nhnacademy/b/gyeongnam_campus/p/hive/d/24e124785c389010/n/정수기 위/e/battery
Message Data:
time: 1745202018881
value: 86

2025-04-21 11:20:19 [MQTT Call: JavaClientExample] INFO  com.example.mqtt.InfluxDBService - Extracted tagkey -> location: hive, kind: 정수기 위, data: battery
Value into InfluxDB: 86.0
2025-04-21 11:20:19 [MQTT Call: JavaClientExample] INFO  com.example.mqtt.MessageData - Data sent to InfluxDBService: data/s/nhnacademy/b/gyeongnam_campus/p/hive/d/24e124785c389010/n/정수기 위/e/battery -> 86.0
2025-04-21 11:20:19 [MQTT Call: JavaClientExample] INFO  com.example.mqtt.MessageData - Topic: data/s/nhnacademy/b/gyeongnam_campus/p/hive/d/24e124785c389010/n/정수기 위/e/temperature
Message Data:
time: 1745202018881
value: 25.3

2025-04-21 11:20:19 [MQTT Call: JavaClientExample] INFO  com.example.mqtt.InfluxDBService - Extracted tagkey -> location: hive, kind: 정수기 위, data: temperature
Value into InfluxDB: 25.3
2025-04-21 11:20:19 [MQTT Call: JavaClientExample] INFO  com.example.mqtt.MessageData - Data sent to InfluxDBService: data/s/nhnacademy/b/gyeongnam_campus/p/hive/d/24e124785c389010/n/정수기 위/e/temperature -> 25.3
2025-04-21 11:20:19 [MQTT Call: JavaClientExample] INFO  com.example.mqtt.MessageData - Topic: data/s/nhnacademy/b/gyeongnam_campus/p/hive/d/24e124785c389010/n/정수기 위/e/humidity
Message Data:
time: 1745202018881
value: 40.5

2025-04-21 11:20:19 [MQTT Call: JavaClientExample] INFO  com.example.mqtt.InfluxDBService - Extracted tagkey -> location: hive, kind: 정수기 위, data: humidity
Value into InfluxDB: 40.5
2025-04-21 11:20:19 [MQTT Call: JavaClientExample] INFO  com.example.mqtt.MessageData - Data sent to InfluxDBService: data/s/nhnacademy/b/gyeongnam_campus/p/hive/d/24e124785c389010/n/정수기 위/e/humidity -> 40.5
2025-04-21 11:20:19 [MQTT Call: JavaClientExample] INFO  com.example.mqtt.MessageData - Topic: data/s/nhnacademy/b/gyeongnam_campus/p/hive/d/24e124785c389010/n/정수기 위/g/24e124fffef79304/e/lora
Message Data:
time: 1745202018881
value: 

2025-04-21 11:20:19 [MQTT Call: JavaClientExample] INFO  com.example.mqtt.InfluxDBService - Extracted tagkey -> location: hive, kind: 정수기 위, data: lora
Value into InfluxDB: 0.0
2025-04-21 11:20:19 [MQTT Call: JavaClientExample] INFO  com.example.mqtt.MessageData - Data sent to InfluxDBService: data/s/nhnacademy/b/gyeongnam_campus/p/hive/d/24e124785c389010/n/정수기 위/g/24e124fffef79304/e/lora -> 0.0
2025-04-21 11:20:19 [MQTT Call: JavaClientExample] INFO  com.example.mqtt.MessageData - Topic: data/s/nhnacademy/b/gyeongnam_campus/p/hive/d/24e124785c389010/n/정수기 위/g/24e124fffef5dccc/e/lora
Message Data:
time: 1745202018881
value: 

2025-04-21 11:20:19 [MQTT Call: JavaClientExample] INFO  com.example.mqtt.InfluxDBService - Extracted tagkey -> location: hive, kind: 정수기 위, data: lora
Value into InfluxDB: 0.0
2025-04-21 11:20:19 [MQTT Call: JavaClientExample] INFO  com.example.mqtt.MessageData - Data sent to InfluxDBService: data/s/nhnacademy/b/gyeongnam_campus/p/hive/d/24e124785c389010/n/정수기 위/g/24e124fffef5dccc/e/lora -> 0.0
2025-04-21 11:20:26 [MQTT Call: JavaClientExample] INFO  com.example.mqtt.MessageData - Topic: data/s/nhnacademy/b/gyeongnam_campus/p/pair_room/d/24e124617d159573/n/2/e/battery
Message Data:
time: 1745202024549
value: 33

2025-04-21 11:20:26 [MQTT Call: JavaClientExample] INFO  com.example.mqtt.InfluxDBService - Extracted tagkey -> location: pair_room, kind: 2, data: battery
Value into InfluxDB: 33.0
2025-04-21 11:20:26 [MQTT Call: JavaClientExample] INFO  com.example.mqtt.MessageData - Data sent to InfluxDBService: data/s/nhnacademy/b/gyeongnam_campus/p/pair_room/d/24e124617d159573/n/2/e/battery -> 33.0
2025-04-21 11:20:26 [MQTT Call: JavaClientExample] INFO  com.example.mqtt.MessageData - Topic: data/s/nhnacademy/b/gyeongnam_campus/p/pair_room/d/24e124617d159573/n/2/e/distance
Message Data:
time: 1745202024549
value: 2236

2025-04-21 11:20:26 [MQTT Call: JavaClientExample] INFO  com.example.mqtt.InfluxDBService - Extracted tagkey -> location: pair_room, kind: 2, data: distance
Value into InfluxDB: 2236.0
2025-04-21 11:20:26 [MQTT Call: JavaClientExample] INFO  com.example.mqtt.MessageData - Data sent to InfluxDBService: data/s/nhnacademy/b/gyeongnam_campus/p/pair_room/d/24e124617d159573/n/2/e/distance -> 2236.0
2025-04-21 11:20:26 [MQTT Call: JavaClientExample] INFO  com.example.mqtt.MessageData - Topic: data/s/nhnacademy/b/gyeongnam_campus/p/pair_room/d/24e124617d159573/n/2/e/occupancy
Message Data:
time: 1745202024549
value: 0

2025-04-21 11:20:26 [MQTT Call: JavaClientExample] INFO  com.example.mqtt.InfluxDBService - Extracted tagkey -> location: pair_room, kind: 2, data: occupancy
Value into InfluxDB: 0.0
2025-04-21 11:20:26 [MQTT Call: JavaClientExample] INFO  com.example.mqtt.MessageData - Data sent to InfluxDBService: data/s/nhnacademy/b/gyeongnam_campus/p/pair_room/d/24e124617d159573/n/2/e/occupancy -> 0.0
2025-04-21 11:20:26 [MQTT Call: JavaClientExample] INFO  com.example.mqtt.MessageData - Topic: data/s/nhnacademy/b/gyeongnam_campus/p/pair_room/d/24e124617d159573/n/2/g/24e124fffef79304/e/lora
Message Data:
time: 1745202024549
value: 

2025-04-21 11:20:26 [MQTT Call: JavaClientExample] INFO  com.example.mqtt.InfluxDBService - Extracted tagkey -> location: pair_room, kind: 2, data: lora
Value into InfluxDB: 0.0
2025-04-21 11:20:26 [MQTT Call: JavaClientExample] INFO  com.example.mqtt.MessageData - Data sent to InfluxDBService: data/s/nhnacademy/b/gyeongnam_campus/p/pair_room/d/24e124617d159573/n/2/g/24e124fffef79304/e/lora -> 0.0
2025-04-21 11:20:26 [MQTT Call: JavaClientExample] INFO  com.example.mqtt.MessageData - Topic: data/s/nhnacademy/b/gyeongnam_campus/p/pair_room/d/24e124617d159573/n/2/g/24e124fffef5dccc/e/lora
Message Data:
time: 1745202024549
value: 

2025-04-21 11:20:26 [MQTT Call: JavaClientExample] INFO  com.example.mqtt.InfluxDBService - Extracted tagkey -> location: pair_room, kind: 2, data: lora
Value into InfluxDB: 0.0
2025-04-21 11:20:26 [MQTT Call: JavaClientExample] INFO  com.example.mqtt.MessageData - Data sent to InfluxDBService: data/s/nhnacademy/b/gyeongnam_campus/p/pair_room/d/24e124617d159573/n/2/g/24e124fffef5dccc/e/lora -> 0.0
2025-04-21 11:20:26 [MQTT Call: JavaClientExample] INFO  com.example.mqtt.MessageData - Topic: data/s/nhnacademy/b/gyeongnam_campus/p/server_room/d/24e124136d151368/n/입구/e/temperature
Message Data:
time: 1745202026384
value: 24

2025-04-21 11:20:26 [MQTT Call: JavaClientExample] INFO  com.example.mqtt.InfluxDBService - Extracted tagkey -> location: server_room, kind: 입구, data: temperature
Value into InfluxDB: 24.0
2025-04-21 11:20:26 [MQTT Call: JavaClientExample] INFO  com.example.mqtt.MessageData - Data sent to InfluxDBService: data/s/nhnacademy/b/gyeongnam_campus/p/server_room/d/24e124136d151368/n/입구/e/temperature -> 24.0
2025-04-21 11:20:26 [MQTT Call: JavaClientExample] INFO  com.example.mqtt.MessageData - Topic: data/s/nhnacademy/b/gyeongnam_campus/p/server_room/d/24e124136d151368/n/입구/e/humidity
Message Data:
time: 1745202026384
value: 46.5

2025-04-21 11:20:26 [MQTT Call: JavaClientExample] INFO  com.example.mqtt.InfluxDBService - Extracted tagkey -> location: server_room, kind: 입구, data: humidity
Value into InfluxDB: 46.5
2025-04-21 11:20:26 [MQTT Call: JavaClientExample] INFO  com.example.mqtt.MessageData - Data sent to InfluxDBService: data/s/nhnacademy/b/gyeongnam_campus/p/server_room/d/24e124136d151368/n/입구/e/humidity -> 46.5
2025-04-21 11:20:26 [MQTT Call: JavaClientExample] INFO  com.example.mqtt.MessageData - Topic: data/s/nhnacademy/b/gyeongnam_campus/p/server_room/d/24e124136d151368/n/입구/g/24e124fffef79304/e/lora
Message Data:
time: 1745202026384
value: 

2025-04-21 11:20:26 [MQTT Call: JavaClientExample] INFO  com.example.mqtt.InfluxDBService - Extracted tagkey -> location: server_room, kind: 입구, data: lora
Value into InfluxDB: 0.0
2025-04-21 11:20:26 [MQTT Call: JavaClientExample] INFO  com.example.mqtt.MessageData - Data sent to InfluxDBService: data/s/nhnacademy/b/gyeongnam_campus/p/server_room/d/24e124136d151368/n/입구/g/24e124fffef79304/e/lora -> 0.0
2025-04-21 11:20:26 [MQTT Call: JavaClientExample] INFO  com.example.mqtt.MessageData - Topic: data/s/nhnacademy/b/gyeongnam_campus/p/server_room/d/24e124136d151368/n/입구/g/24e124fffef5dccc/e/lora
Message Data:
time: 1745202026384
value: 

2025-04-21 11:20:26 [MQTT Call: JavaClientExample] INFO  com.example.mqtt.InfluxDBService - Extracted tagkey -> location: server_room, kind: 입구, data: lora
Value into InfluxDB: 0.0
2025-04-21 11:20:26 [MQTT Call: JavaClientExample] INFO  com.example.mqtt.MessageData - Data sent to InfluxDBService: data/s/nhnacademy/b/gyeongnam_campus/p/server_room/d/24e124136d151368/n/입구/g/24e124fffef5dccc/e/lora -> 0.0
2025-04-21 11:20:46 [MQTT Call: JavaClientExample] INFO  com.example.mqtt.MessageData - Topic: data/s/nhnacademy/b/gyeongnam_campus/p/storage/d/24e124136d151547/n/입구/e/battery
Message Data:
time: 1745202046456
value: 1

2025-04-21 11:20:46 [MQTT Call: JavaClientExample] INFO  com.example.mqtt.InfluxDBService - Extracted tagkey -> location: storage, kind: 입구, data: battery
Value into InfluxDB: 1.0
2025-04-21 11:20:46 [MQTT Call: JavaClientExample] INFO  com.example.mqtt.MessageData - Data sent to InfluxDBService: data/s/nhnacademy/b/gyeongnam_campus/p/storage/d/24e124136d151547/n/입구/e/battery -> 1.0
2025-04-21 11:20:46 [MQTT Call: JavaClientExample] INFO  com.example.mqtt.MessageData - Topic: data/s/nhnacademy/b/gyeongnam_campus/p/storage/d/24e124136d151547/n/입구/e/temperature
Message Data:
time: 1745202046456
value: -0.1

2025-04-21 11:20:46 [MQTT Call: JavaClientExample] INFO  com.example.mqtt.InfluxDBService - Extracted tagkey -> location: storage, kind: 입구, data: temperature
Value into InfluxDB: -0.1
2025-04-21 11:20:46 [MQTT Call: JavaClientExample] INFO  com.example.mqtt.MessageData - Data sent to InfluxDBService: data/s/nhnacademy/b/gyeongnam_campus/p/storage/d/24e124136d151547/n/입구/e/temperature -> -0.1
2025-04-21 11:20:46 [MQTT Call: JavaClientExample] INFO  com.example.mqtt.MessageData - Topic: data/s/nhnacademy/b/gyeongnam_campus/p/storage/d/24e124136d151547/n/입구/e/humidity
Message Data:
time: 1745202046456
value: 127.5

2025-04-21 11:20:46 [MQTT Call: JavaClientExample] INFO  com.example.mqtt.InfluxDBService - Extracted tagkey -> location: storage, kind: 입구, data: humidity
Value into InfluxDB: 127.5
2025-04-21 11:20:46 [MQTT Call: JavaClientExample] INFO  com.example.mqtt.MessageData - Data sent to InfluxDBService: data/s/nhnacademy/b/gyeongnam_campus/p/storage/d/24e124136d151547/n/입구/e/humidity -> 127.5
2025-04-21 11:20:46 [MQTT Call: JavaClientExample] INFO  com.example.mqtt.MessageData - Topic: data/s/nhnacademy/b/gyeongnam_campus/p/storage/d/24e124136d151547/n/입구/g/24e124fffef5dccc/e/lora
Message Data:
time: 1745202046456
value: 

2025-04-21 11:20:46 [MQTT Call: JavaClientExample] INFO  com.example.mqtt.InfluxDBService - Extracted tagkey -> location: storage, kind: 입구, data: lora
Value into InfluxDB: 0.0
2025-04-21 11:20:46 [MQTT Call: JavaClientExample] INFO  com.example.mqtt.MessageData - Data sent to InfluxDBService: data/s/nhnacademy/b/gyeongnam_campus/p/storage/d/24e124136d151547/n/입구/g/24e124fffef5dccc/e/lora -> 0.0
2025-04-21 11:20:46 [MQTT Call: JavaClientExample] INFO  com.example.mqtt.MessageData - Topic: data/s/nhnacademy/b/gyeongnam_campus/p/storage/d/24e124136d151547/n/입구/e/battery
Message Data:
time: 1745202046455
value: 1

2025-04-21 11:20:46 [MQTT Call: JavaClientExample] INFO  com.example.mqtt.InfluxDBService - Extracted tagkey -> location: storage, kind: 입구, data: battery
Value into InfluxDB: 1.0
2025-04-21 11:20:46 [MQTT Call: JavaClientExample] INFO  com.example.mqtt.MessageData - Data sent to InfluxDBService: data/s/nhnacademy/b/gyeongnam_campus/p/storage/d/24e124136d151547/n/입구/e/battery -> 1.0
2025-04-21 11:20:46 [MQTT Call: JavaClientExample] INFO  com.example.mqtt.MessageData - Topic: data/s/nhnacademy/b/gyeongnam_campus/p/storage/d/24e124136d151547/n/입구/e/humidity
Message Data:
time: 1745202046455
value: 127.5

2025-04-21 11:20:46 [MQTT Call: JavaClientExample] INFO  com.example.mqtt.InfluxDBService - Extracted tagkey -> location: storage, kind: 입구, data: humidity
Value into InfluxDB: 127.5
2025-04-21 11:20:46 [MQTT Call: JavaClientExample] INFO  com.example.mqtt.MessageData - Data sent to InfluxDBService: data/s/nhnacademy/b/gyeongnam_campus/p/storage/d/24e124136d151547/n/입구/e/humidity -> 127.5
2025-04-21 11:20:46 [MQTT Call: JavaClientExample] INFO  com.example.mqtt.MessageData - Topic: data/s/nhnacademy/b/gyeongnam_campus/p/storage/d/24e124136d151547/n/입구/e/temperature
Message Data:
time: 1745202046455
value: -0.1

2025-04-21 11:20:46 [MQTT Call: JavaClientExample] INFO  com.example.mqtt.InfluxDBService - Extracted tagkey -> location: storage, kind: 입구, data: temperature
Value into InfluxDB: -0.1
2025-04-21 11:20:46 [MQTT Call: JavaClientExample] INFO  com.example.mqtt.MessageData - Data sent to InfluxDBService: data/s/nhnacademy/b/gyeongnam_campus/p/storage/d/24e124136d151547/n/입구/e/temperature -> -0.1
2025-04-21 11:20:46 [MQTT Call: JavaClientExample] INFO  com.example.mqtt.MessageData - Topic: data/s/nhnacademy/b/gyeongnam_campus/p/storage/d/24e124136d151547/n/입구/g/24e124fffef79304/e/lora
Message Data:
time: 1745202046455
value: 

2025-04-21 11:20:46 [MQTT Call: JavaClientExample] INFO  com.example.mqtt.InfluxDBService - Extracted tagkey -> location: storage, kind: 입구, data: lora
Value into InfluxDB: 0.0
2025-04-21 11:20:46 [MQTT Call: JavaClientExample] INFO  com.example.mqtt.MessageData - Data sent to InfluxDBService: data/s/nhnacademy/b/gyeongnam_campus/p/storage/d/24e124136d151547/n/입구/g/24e124fffef79304/e/lora -> 0.0
2025-04-21 11:20:46 [MQTT Call: JavaClientExample] INFO  com.example.mqtt.MessageData - Topic: data/s/nhnacademy/b/gyeongnam_campus/p/storage/d/24e124136d151547/n/입구/g/24e124fffef5dccc/e/lora
Message Data:
time: 1745202046455
value: 

2025-04-21 11:20:46 [MQTT Call: JavaClientExample] INFO  com.example.mqtt.InfluxDBService - Extracted tagkey -> location: storage, kind: 입구, data: lora
Value into InfluxDB: 0.0
2025-04-21 11:20:46 [MQTT Call: JavaClientExample] INFO  com.example.mqtt.MessageData - Data sent to InfluxDBService: data/s/nhnacademy/b/gyeongnam_campus/p/storage/d/24e124136d151547/n/입구/g/24e124fffef5dccc/e/lora -> 0.0
2025-04-21 11:20:46 [MQTT Call: JavaClientExample] INFO  com.example.mqtt.MessageData - Topic: data/s/nhnacademy/b/gyeongnam_campus/p/campus/d/gem3500_1/n/캠퍼스_LL/e/voltage
Message Data:
time: 1745202046841
value: 378.25

2025-04-21 11:20:46 [MQTT Call: JavaClientExample] INFO  com.example.mqtt.InfluxDBService - Extracted tagkey -> location: campus, kind: 캠퍼스_LL, data: voltage
Value into InfluxDB: 378.25
2025-04-21 11:20:46 [MQTT Call: JavaClientExample] INFO  com.example.mqtt.MessageData - Data sent to InfluxDBService: data/s/nhnacademy/b/gyeongnam_campus/p/campus/d/gem3500_1/n/캠퍼스_LL/e/voltage -> 378.25
2025-04-21 11:20:46 [MQTT Call: JavaClientExample] INFO  com.example.mqtt.MessageData - Topic: data/s/nhnacademy/b/gyeongnam_campus/p/campus/d/gem3500_1/n/캠퍼스_LN/e/voltage
Message Data:
time: 1745202046841
value: 218.38

2025-04-21 11:20:46 [MQTT Call: JavaClientExample] INFO  com.example.mqtt.InfluxDBService - Extracted tagkey -> location: campus, kind: 캠퍼스_LN, data: voltage
Value into InfluxDB: 218.38
2025-04-21 11:20:46 [MQTT Call: JavaClientExample] INFO  com.example.mqtt.MessageData - Data sent to InfluxDBService: data/s/nhnacademy/b/gyeongnam_campus/p/campus/d/gem3500_1/n/캠퍼스_LN/e/voltage -> 218.38
2025-04-21 11:20:46 [MQTT Call: JavaClientExample] INFO  com.example.mqtt.MessageData - Topic: data/s/nhnacademy/b/gyeongnam_campus/p/hive/d/24e124126d111937/sp/farm/n/스마트팜/e/illumination
Message Data:
time: 1745202046615
value: 320

2025-04-21 11:20:46 [MQTT Call: JavaClientExample] INFO  com.example.mqtt.InfluxDBService - Extracted tagkey -> location: hive, kind: 스마트팜, data: illumination
Value into InfluxDB: 320.0
2025-04-21 11:20:46 [MQTT Call: JavaClientExample] INFO  com.example.mqtt.MessageData - Data sent to InfluxDBService: data/s/nhnacademy/b/gyeongnam_campus/p/hive/d/24e124126d111937/sp/farm/n/스마트팜/e/illumination -> 320.0
2025-04-21 11:20:46 [MQTT Call: JavaClientExample] INFO  com.example.mqtt.MessageData - Topic: data/s/nhnacademy/b/gyeongnam_campus/p/hive/d/24e124126d111937/sp/farm/n/스마트팜/g/24e124fffef79304/e/lora
Message Data:
time: 1745202046615
value: 

2025-04-21 11:20:46 [MQTT Call: JavaClientExample] INFO  com.example.mqtt.InfluxDBService - Extracted tagkey -> location: hive, kind: 스마트팜, data: lora
Value into InfluxDB: 0.0
2025-04-21 11:20:46 [MQTT Call: JavaClientExample] INFO  com.example.mqtt.MessageData - Data sent to InfluxDBService: data/s/nhnacademy/b/gyeongnam_campus/p/hive/d/24e124126d111937/sp/farm/n/스마트팜/g/24e124fffef79304/e/lora -> 0.0
2025-04-21 11:20:46 [MQTT Call: JavaClientExample] INFO  com.example.mqtt.MessageData - Topic: data/s/nhnacademy/b/gyeongnam_campus/p/hive/d/24e124126d111937/sp/farm/n/스마트팜/g/24e124fffef5dccc/e/lora
Message Data:
time: 1745202046615
value: 

2025-04-21 11:20:46 [MQTT Call: JavaClientExample] INFO  com.example.mqtt.InfluxDBService - Extracted tagkey -> location: hive, kind: 스마트팜, data: lora
Value into InfluxDB: 0.0
2025-04-21 11:20:46 [MQTT Call: JavaClientExample] INFO  com.example.mqtt.MessageData - Data sent to InfluxDBService: data/s/nhnacademy/b/gyeongnam_campus/p/hive/d/24e124126d111937/sp/farm/n/스마트팜/g/24e124fffef5dccc/e/lora -> 0.0
2025-04-21 11:20:46 [MQTT Call: JavaClientExample] INFO  com.example.mqtt.MessageData - Topic: data/s/nhnacademy/b/gyeongnam_campus/p/campus/d/gem3500_1/n/캠퍼스1/e/power_meter
Message Data:
time: 1745202046938
type: 5
leakageCurrent: 0
current: 2922
activePower: 5428
reactivePower: -1853
tapparentPower: 6337
powerFactor: 85.64
currentUnbalance: 58.22
lines: 

2025-04-21 11:20:46 [MQTT Call: JavaClientExample] WARN  com.example.mqtt.MessageData - No 'value' field found in message, skipping InfluxDB write.
2025-04-21 11:20:47 [MQTT Call: JavaClientExample] INFO  com.example.mqtt.MessageData - Topic: data/s/nhnacademy/b/gyeongnam_campus/p/campus/d/gem3500_1/n/전등1/e/power_meter
Message Data:
time: 1745202047038
type: 3
leakageCurrent: 0
current: 703
activePower: 1308
reactivePower: -328
tapparentPower: 1536
powerFactor: 85.15
currentUnbalance: 0
lines: 

2025-04-21 11:20:47 [MQTT Call: JavaClientExample] WARN  com.example.mqtt.MessageData - No 'value' field found in message, skipping InfluxDB write.
2025-04-21 11:20:47 [MQTT Call: JavaClientExample] INFO  com.example.mqtt.MessageData - Topic: data/s/nhnacademy/b/gyeongnam_campus/p/campus/d/gem3500_1/n/전등2/e/power_meter
Message Data:
time: 1745202047141
type: 1
leakageCurrent: 0
current: 571
activePower: 1137
reactivePower: -285
tapparentPower: 1252
powerFactor: 90.8
currentUnbalance: 0
lines: 

2025-04-21 11:20:47 [MQTT Call: JavaClientExample] WARN  com.example.mqtt.MessageData - No 'value' field found in message, skipping InfluxDB write.
2025-04-21 11:20:47 [MQTT Call: JavaClientExample] INFO  com.example.mqtt.MessageData - Topic: data/s/nhnacademy/b/gyeongnam_campus/p/campus/d/gem3500_1/n/전등3/e/power_meter
Message Data:
time: 1745202047243
type: 2
leakageCurrent: 0
current: 0
activePower: 0
reactivePower: 0
tapparentPower: 0
powerFactor: 0
currentUnbalance: 0
lines: 

2025-04-21 11:20:47 [MQTT Call: JavaClientExample] WARN  com.example.mqtt.MessageData - No 'value' field found in message, skipping InfluxDB write.
2025-04-21 11:20:47 [MQTT Call: JavaClientExample] INFO  com.example.mqtt.MessageData - Topic: data/s/nhnacademy/b/gyeongnam_campus/p/campus/d/gem3500_1/n/강의실b_바닥/e/power_meter
Message Data:
time: 1745202047344
type: 3
leakageCurrent: 0
current: 225
activePower: 362
reactivePower: -240
tapparentPower: 482
powerFactor: 75.12
currentUnbalance: 0
lines: 

2025-04-21 11:20:47 [MQTT Call: JavaClientExample] WARN  com.example.mqtt.MessageData - No 'value' field found in message, skipping InfluxDB write.
2025-04-21 11:20:47 [MQTT Call: JavaClientExample] INFO  com.example.mqtt.MessageData - Topic: data/s/nhnacademy/b/gyeongnam_campus/p/campus/d/gem3500_1/n/강의실a_바닥1/e/power_meter
Message Data:
time: 1745202047446
type: 1
leakageCurrent: 0
current: 346
activePower: 566
reactivePower: -374
tapparentPower: 732
powerFactor: 77.37
currentUnbalance: 0
lines: 

2025-04-21 11:20:47 [MQTT Call: JavaClientExample] WARN  com.example.mqtt.MessageData - No 'value' field found in message, skipping InfluxDB write.
2025-04-21 11:20:47 [MQTT Call: JavaClientExample] INFO  com.example.mqtt.MessageData - Topic: data/s/nhnacademy/b/gyeongnam_campus/p/campus/d/gem3500_1/n/강의실a_바닥2/e/power_meter
Message Data:
time: 1745202047546
type: 2
leakageCurrent: 0
current: 172
activePower: 302
reactivePower: -180
tapparentPower: 379
powerFactor: 79.74
currentUnbalance: 0
lines: 

2025-04-21 11:20:47 [MQTT Call: JavaClientExample] WARN  com.example.mqtt.MessageData - No 'value' field found in message, skipping InfluxDB write.
2025-04-21 11:20:47 [MQTT Call: JavaClientExample] INFO  com.example.mqtt.MessageData - Topic: data/s/nhnacademy/b/gyeongnam_campus/p/campus/d/gem3500_1/n/프로젝터1/e/power_meter
Message Data:
time: 1745202047649
type: 3
leakageCurrent: 0
current: 97
activePower: 122
reactivePower: -144
tapparentPower: 206
powerFactor: 59.3
currentUnbalance: 0
lines: 

2025-04-21 11:20:47 [MQTT Call: JavaClientExample] WARN  com.example.mqtt.MessageData - No 'value' field found in message, skipping InfluxDB write.
2025-04-21 11:20:47 [MQTT Call: JavaClientExample] INFO  com.example.mqtt.MessageData - Topic: data/s/nhnacademy/b/gyeongnam_campus/p/campus/d/gem3500_1/n/프로젝터2/e/power_meter
Message Data:
time: 1745202047750
type: 1
leakageCurrent: 0
current: 46
activePower: 62
reactivePower: -72
tapparentPower: 100
powerFactor: 61.9
currentUnbalance: 0
lines: 

2025-04-21 11:20:47 [MQTT Call: JavaClientExample] WARN  com.example.mqtt.MessageData - No 'value' field found in message, skipping InfluxDB write.
2025-04-21 11:20:47 [MQTT Call: JavaClientExample] INFO  com.example.mqtt.MessageData - Topic: data/s/nhnacademy/b/gyeongnam_campus/p/campus/d/gem3500_1/n/회의실/e/power_meter
Message Data:
time: 1745202047851
type: 2
leakageCurrent: 0
current: 14
activePower: 7
reactivePower: -28
tapparentPower: 31
powerFactor: 23.07
currentUnbalance: 0
lines: 

2025-04-21 11:20:47 [MQTT Call: JavaClientExample] WARN  com.example.mqtt.MessageData - No 'value' field found in message, skipping InfluxDB write.
2025-04-21 11:20:47 [MQTT Call: JavaClientExample] INFO  com.example.mqtt.MessageData - Topic: data/s/nhnacademy/b/gyeongnam_campus/p/campus/d/gem3500_1/n/서버실/e/power_meter
Message Data:
time: 1745202047952
type: 3
leakageCurrent: 0
current: 198
activePower: 388
reactivePower: -112
tapparentPower: 439
powerFactor: 88.52
currentUnbalance: 0
lines: 

2025-04-21 11:20:47 [MQTT Call: JavaClientExample] WARN  com.example.mqtt.MessageData - No 'value' field found in message, skipping InfluxDB write.
2025-04-21 11:20:48 [MQTT Call: JavaClientExample] INFO  com.example.mqtt.MessageData - Topic: data/s/nhnacademy/b/gyeongnam_campus/p/campus/d/gem3500_1/n/간판/e/power_meter
Message Data:
time: 1745202048053
type: 1
leakageCurrent: 0
current: 0
activePower: 0
reactivePower: 0
tapparentPower: 0
powerFactor: 0
currentUnbalance: 0
lines: 

2025-04-21 11:20:48 [MQTT Call: JavaClientExample] WARN  com.example.mqtt.MessageData - No 'value' field found in message, skipping InfluxDB write.
2025-04-21 11:20:48 [MQTT Call: JavaClientExample] INFO  com.example.mqtt.MessageData - Topic: data/s/nhnacademy/b/gyeongnam_campus/p/campus/d/gem3500_1/n/페어룸/e/power_meter
Message Data:
time: 1745202048155
type: 2
leakageCurrent: 0
current: 0
activePower: 0
reactivePower: 0
tapparentPower: 0
powerFactor: 0
currentUnbalance: 0
lines: 

2025-04-21 11:20:48 [MQTT Call: JavaClientExample] WARN  com.example.mqtt.MessageData - No 'value' field found in message, skipping InfluxDB write.
2025-04-21 11:20:48 [MQTT Call: JavaClientExample] INFO  com.example.mqtt.MessageData - Topic: data/s/nhnacademy/b/gyeongnam_campus/p/campus/d/gem3500_1/n/사무실_전열1/e/power_meter
Message Data:
time: 1745202048255
type: 3
leakageCurrent: 0
current: 84
activePower: 100
reactivePower: -57
tapparentPower: 180
powerFactor: 56
currentUnbalance: 0
lines: 

2025-04-21 11:20:48 [MQTT Call: JavaClientExample] WARN  com.example.mqtt.MessageData - No 'value' field found in message, skipping InfluxDB write.
2025-04-21 11:20:48 [MQTT Call: JavaClientExample] INFO  com.example.mqtt.MessageData - Topic: data/s/nhnacademy/b/gyeongnam_campus/p/campus/d/gem3500_1/n/사무실_전열2/e/power_meter
Message Data:
time: 1745202048357
type: 3
leakageCurrent: 0
current: 93
activePower: 93
reactivePower: -60
tapparentPower: 199
powerFactor: 46.98
currentUnbalance: 0
lines: 

2025-04-21 11:20:48 [MQTT Call: JavaClientExample] WARN  com.example.mqtt.MessageData - No 'value' field found in message, skipping InfluxDB write.
2025-04-21 11:20:48 [MQTT Call: JavaClientExample] INFO  com.example.mqtt.MessageData - Topic: data/s/nhnacademy/b/gyeongnam_campus/p/campus/d/gem3500_1/n/사무실_복사기/e/power_meter
Message Data:
time: 1745202048457
type: 1
leakageCurrent: 0
current: 89
activePower: 117
reactivePower: 153
tapparentPower: 196
powerFactor: 59.75
currentUnbalance: 0
lines: 

2025-04-21 11:20:48 [MQTT Call: JavaClientExample] WARN  com.example.mqtt.MessageData - No 'value' field found in message, skipping InfluxDB write.
2025-04-21 11:20:48 [MQTT Call: JavaClientExample] INFO  com.example.mqtt.MessageData - Topic: data/s/nhnacademy/b/gyeongnam_campus/p/campus/d/gem3500_1/n/빌트인_전열/e/power_meter
Message Data:
time: 1745202048560
type: 2
leakageCurrent: 0
current: 5
activePower: 2
reactivePower: -7
tapparentPower: 14
powerFactor: 16.66
currentUnbalance: 0
lines: 

2025-04-21 11:20:48 [MQTT Call: JavaClientExample] WARN  com.example.mqtt.MessageData - No 'value' field found in message, skipping InfluxDB write.
2025-04-21 11:20:48 [MQTT Call: JavaClientExample] INFO  com.example.mqtt.MessageData - Topic: data/s/nhnacademy/b/gyeongnam_campus/p/campus/d/gem3500_1/n/사무실_전열3/e/power_meter
Message Data:
time: 1745202048659
type: 3
leakageCurrent: 0
current: 0
activePower: 0
reactivePower: 0
tapparentPower: 0
powerFactor: 0
currentUnbalance: 0
lines: 

2025-04-21 11:20:48 [MQTT Call: JavaClientExample] WARN  com.example.mqtt.MessageData - No 'value' field found in message, skipping InfluxDB write.
2025-04-21 11:20:48 [MQTT Call: JavaClientExample] INFO  com.example.mqtt.MessageData - Topic: data/s/nhnacademy/b/gyeongnam_campus/p/campus/d/gem3500_1/n/정수기/e/power_meter
Message Data:
time: 1745202048760
type: 1
leakageCurrent: 0
current: 221
activePower: 484
reactivePower: -19
tapparentPower: 484
powerFactor: 100
currentUnbalance: 0
lines: 

2025-04-21 11:20:48 [MQTT Call: JavaClientExample] WARN  com.example.mqtt.MessageData - No 'value' field found in message, skipping InfluxDB write.
2025-04-21 11:20:48 [MQTT Call: JavaClientExample] INFO  com.example.mqtt.MessageData - Topic: data/s/nhnacademy/b/gyeongnam_campus/p/campus/d/gem3500_1/n/하이브_전열/e/power_meter
Message Data:
time: 1745202048861
type: 2
leakageCurrent: 0
current: 64
activePower: 122
reactivePower: -48
tapparentPower: 141
powerFactor: 86.44
currentUnbalance: 0
lines: 

2025-04-21 11:20:48 [MQTT Call: JavaClientExample] WARN  com.example.mqtt.MessageData - No 'value' field found in message, skipping InfluxDB write.
2025-04-21 11:20:48 [MQTT Call: JavaClientExample] INFO  com.example.mqtt.MessageData - Topic: data/s/nhnacademy/b/gyeongnam_campus/p/campus/d/gem3500_1/n/바텐_전열/e/power_meter
Message Data:
time: 1745202048963
type: 3
leakageCurrent: 0
current: 0
activePower: 0
reactivePower: 0
tapparentPower: 0
powerFactor: 0
currentUnbalance: 0
lines: 

2025-04-21 11:20:48 [MQTT Call: JavaClientExample] WARN  com.example.mqtt.MessageData - No 'value' field found in message, skipping InfluxDB write.
2025-04-21 11:20:51 [MQTT Call: JavaClientExample] INFO  com.example.mqtt.MessageData - Topic: data/s/nhnacademy/b/gyeongnam_campus/p/campus/d/gem3500_1/n/S_P/e/power_meter
Message Data:
time: 1745202049063
type: 1
leakageCurrent: 0
current: 0
activePower: 0
reactivePower: 0
tapparentPower: 0
powerFactor: 0
currentUnbalance: 0
lines: 

2025-04-21 11:20:51 [MQTT Call: JavaClientExample] WARN  com.example.mqtt.MessageData - No 'value' field found in message, skipping InfluxDB write.
2025-04-21 11:20:51 [MQTT Call: JavaClientExample] INFO  com.example.mqtt.MessageData - Topic: data/s/nhnacademy/b/gyeongnam_campus/p/campus/d/gem3500_1/n/공조기/e/power_meter
Message Data:
time: 1745202049166
type: 2
leakageCurrent: 0
current: 197
activePower: 223
reactivePower: -24
tapparentPower: 429
powerFactor: 51.95
currentUnbalance: 0
lines: 

2025-04-21 11:20:51 [MQTT Call: JavaClientExample] WARN  com.example.mqtt.MessageData - No 'value' field found in message, skipping InfluxDB write.
2025-04-21 11:20:51 [MQTT Call: JavaClientExample] INFO  com.example.mqtt.MessageData - Topic: data/s/nhnacademy/b/gyeongnam_campus/p/campus/d/gem3500_1/n/AC/e/power_meter
Message Data:
time: 1745202049267
type: 3
leakageCurrent: 0
current: 18
activePower: 16
reactivePower: -24
tapparentPower: 43
powerFactor: 38.88
currentUnbalance: 0
lines: 

2025-04-21 11:20:51 [MQTT Call: JavaClientExample] WARN  com.example.mqtt.MessageData - No 'value' field found in message, skipping InfluxDB write.
2025-04-21 11:21:07 [MQTT Call: JavaClientExample] INFO  com.example.mqtt.MessageData - Topic: data/s/nhnacademy/b/gyeongnam_campus/p/hive/d/24e124126c452091/sp/farm/n/스마트팜/e/temperature
Message Data:
time: 1745202066178
value: 24.5

2025-04-21 11:21:07 [MQTT Call: JavaClientExample] INFO  com.example.mqtt.InfluxDBService - Extracted tagkey -> location: hive, kind: 스마트팜, data: temperature
Value into InfluxDB: 24.5
2025-04-21 11:21:07 [MQTT Call: JavaClientExample] INFO  com.example.mqtt.MessageData - Data sent to InfluxDBService: data/s/nhnacademy/b/gyeongnam_campus/p/hive/d/24e124126c452091/sp/farm/n/스마트팜/e/temperature -> 24.5
2025-04-21 11:21:10 [MQTT Call: JavaClientExample] INFO  com.example.mqtt.MessageData - Topic: data/s/nhnacademy/b/gyeongnam_campus/p/hive/d/24e124126c452091/sp/farm/n/스마트팜/g/24e124fffef5dccc/e/lora
Message Data:
time: 1745202066178
value: 

2025-04-21 11:21:10 [MQTT Call: JavaClientExample] INFO  com.example.mqtt.InfluxDBService - Extracted tagkey -> location: hive, kind: 스마트팜, data: lora
Value into InfluxDB: 0.0
2025-04-21 11:21:10 [MQTT Call: JavaClientExample] INFO  com.example.mqtt.MessageData - Data sent to InfluxDBService: data/s/nhnacademy/b/gyeongnam_campus/p/hive/d/24e124126c452091/sp/farm/n/스마트팜/g/24e124fffef5dccc/e/lora -> 0.0
2025-04-21 11:21:10 [MQTT Call: JavaClientExample] INFO  com.example.mqtt.MessageData - Topic: data/s/nhnacademy/b/gyeongnam_campus/p/hive/d/24e124126c452091/sp/farm/n/스마트팜/g/24e124fffef79304/e/lora
Message Data:
time: 1745202066178
value: 

2025-04-21 11:21:10 [MQTT Call: JavaClientExample] INFO  com.example.mqtt.InfluxDBService - Extracted tagkey -> location: hive, kind: 스마트팜, data: lora
Value into InfluxDB: 0.0
2025-04-21 11:21:10 [MQTT Call: JavaClientExample] INFO  com.example.mqtt.MessageData - Data sent to InfluxDBService: data/s/nhnacademy/b/gyeongnam_campus/p/hive/d/24e124126c452091/sp/farm/n/스마트팜/g/24e124fffef79304/e/lora -> 0.0
2025-04-21 11:21:13 [MQTT Call: JavaClientExample] INFO  com.example.mqtt.MessageData - Topic: data/s/nhnacademy/b/gyeongnam_campus/p/hive/d/24e124725d081175/sp/8인 책상/n/8인 책상/e/co2
Message Data:
time: 1745202073205
value: 631

2025-04-21 11:21:13 [MQTT Call: JavaClientExample] INFO  com.example.mqtt.InfluxDBService - Extracted tagkey -> location: hive, kind: 8인 책상, data: co2
Value into InfluxDB: 631.0
2025-04-21 11:21:13 [MQTT Call: JavaClientExample] INFO  com.example.mqtt.MessageData - Data sent to InfluxDBService: data/s/nhnacademy/b/gyeongnam_campus/p/hive/d/24e124725d081175/sp/8인 책상/n/8인 책상/e/co2 -> 631.0
2025-04-21 11:21:13 [MQTT Call: JavaClientExample] INFO  com.example.mqtt.MessageData - Topic: data/s/nhnacademy/b/gyeongnam_campus/p/hive/d/24e124725d081175/sp/8인 책상/n/8인 책상/e/temperature
Message Data:
time: 1745202073205
value: 25.5

2025-04-21 11:21:13 [MQTT Call: JavaClientExample] INFO  com.example.mqtt.InfluxDBService - Extracted tagkey -> location: hive, kind: 8인 책상, data: temperature
Value into InfluxDB: 25.5
2025-04-21 11:21:13 [MQTT Call: JavaClientExample] INFO  com.example.mqtt.MessageData - Data sent to InfluxDBService: data/s/nhnacademy/b/gyeongnam_campus/p/hive/d/24e124725d081175/sp/8인 책상/n/8인 책상/e/temperature -> 25.5
2025-04-21 11:21:13 [MQTT Call: JavaClientExample] INFO  com.example.mqtt.MessageData - Topic: data/s/nhnacademy/b/gyeongnam_campus/p/hive/d/24e124725d081175/sp/8인 책상/n/8인 책상/e/humidity
Message Data:
time: 1745202073205
value: 42

2025-04-21 11:21:13 [MQTT Call: JavaClientExample] INFO  com.example.mqtt.InfluxDBService - Extracted tagkey -> location: hive, kind: 8인 책상, data: humidity
Value into InfluxDB: 42.0
2025-04-21 11:21:13 [MQTT Call: JavaClientExample] INFO  com.example.mqtt.MessageData - Data sent to InfluxDBService: data/s/nhnacademy/b/gyeongnam_campus/p/hive/d/24e124725d081175/sp/8인 책상/n/8인 책상/e/humidity -> 42.0
2025-04-21 11:21:13 [MQTT Call: JavaClientExample] INFO  com.example.mqtt.MessageData - Topic: data/s/nhnacademy/b/gyeongnam_campus/p/hive/d/24e124725d081175/sp/8인 책상/n/8인 책상/e/battery
Message Data:
time: 1745202073205
value: 77

2025-04-21 11:21:13 [MQTT Call: JavaClientExample] INFO  com.example.mqtt.InfluxDBService - Extracted tagkey -> location: hive, kind: 8인 책상, data: battery
Value into InfluxDB: 77.0
2025-04-21 11:21:13 [MQTT Call: JavaClientExample] INFO  com.example.mqtt.MessageData - Data sent to InfluxDBService: data/s/nhnacademy/b/gyeongnam_campus/p/hive/d/24e124725d081175/sp/8인 책상/n/8인 책상/e/battery -> 77.0
2025-04-21 11:21:13 [MQTT Call: JavaClientExample] INFO  com.example.mqtt.MessageData - Topic: data/s/nhnacademy/b/gyeongnam_campus/p/hive/d/24e124725d081175/sp/8인 책상/n/8인 책상/g/24e124fffef5dccc/e/lora
Message Data:
time: 1745202073205
value: 

2025-04-21 11:21:13 [MQTT Call: JavaClientExample] INFO  com.example.mqtt.InfluxDBService - Extracted tagkey -> location: hive, kind: 8인 책상, data: lora
Value into InfluxDB: 0.0
2025-04-21 11:21:13 [MQTT Call: JavaClientExample] INFO  com.example.mqtt.MessageData - Data sent to InfluxDBService: data/s/nhnacademy/b/gyeongnam_campus/p/hive/d/24e124725d081175/sp/8인 책상/n/8인 책상/g/24e124fffef5dccc/e/lora -> 0.0
2025-04-21 11:21:13 [MQTT Call: JavaClientExample] INFO  com.example.mqtt.MessageData - Topic: data/s/nhnacademy/b/gyeongnam_campus/p/hive/d/24e124725d081175/sp/8인 책상/n/8인 책상/g/24e124fffef79304/e/lora
Message Data:
time: 1745202073205
value: 

2025-04-21 11:21:13 [MQTT Call: JavaClientExample] INFO  com.example.mqtt.InfluxDBService - Extracted tagkey -> location: hive, kind: 8인 책상, data: lora
Value into InfluxDB: 0.0
2025-04-21 11:21:13 [MQTT Call: JavaClientExample] INFO  com.example.mqtt.MessageData - Data sent to InfluxDBService: data/s/nhnacademy/b/gyeongnam_campus/p/hive/d/24e124725d081175/sp/8인 책상/n/8인 책상/g/24e124fffef79304/e/lora -> 0.0
2025-04-21 11:21:17 [MQTT Call: JavaClientExample] INFO  com.example.mqtt.MessageData - Topic: data/s/nhnacademy/b/gyeongnam_campus/p/class_a/d/24e124128c067999/sp/입구/n/입구/e/co2
Message Data:
time: 1745202077510
value: 888

2025-04-21 11:21:17 [MQTT Call: JavaClientExample] INFO  com.example.mqtt.InfluxDBService - Extracted tagkey -> location: class_a, kind: 입구, data: co2
Value into InfluxDB: 888.0
2025-04-21 11:21:17 [MQTT Call: JavaClientExample] INFO  com.example.mqtt.MessageData - Data sent to InfluxDBService: data/s/nhnacademy/b/gyeongnam_campus/p/class_a/d/24e124128c067999/sp/입구/n/입구/e/co2 -> 888.0
2025-04-21 11:21:17 [MQTT Call: JavaClientExample] INFO  com.example.mqtt.MessageData - Topic: data/s/nhnacademy/b/gyeongnam_campus/p/class_a/d/24e124128c067999/sp/입구/n/입구/e/infrared
Message Data:
time: 1745202077510
value: 7

2025-04-21 11:21:17 [MQTT Call: JavaClientExample] INFO  com.example.mqtt.InfluxDBService - Extracted tagkey -> location: class_a, kind: 입구, data: infrared
Value into InfluxDB: 7.0
2025-04-21 11:21:17 [MQTT Call: JavaClientExample] INFO  com.example.mqtt.MessageData - Data sent to InfluxDBService: data/s/nhnacademy/b/gyeongnam_campus/p/class_a/d/24e124128c067999/sp/입구/n/입구/e/infrared -> 7.0
2025-04-21 11:21:17 [MQTT Call: JavaClientExample] INFO  com.example.mqtt.MessageData - Topic: data/s/nhnacademy/b/gyeongnam_campus/p/class_a/d/24e124128c067999/sp/입구/n/입구/e/pressure
Message Data:
time: 1745202077510
value: 1009

2025-04-21 11:21:17 [MQTT Call: JavaClientExample] INFO  com.example.mqtt.InfluxDBService - Extracted tagkey -> location: class_a, kind: 입구, data: pressure
Value into InfluxDB: 1009.0
2025-04-21 11:21:17 [MQTT Call: JavaClientExample] INFO  com.example.mqtt.MessageData - Data sent to InfluxDBService: data/s/nhnacademy/b/gyeongnam_campus/p/class_a/d/24e124128c067999/sp/입구/n/입구/e/pressure -> 1009.0
2025-04-21 11:21:17 [MQTT Call: JavaClientExample] INFO  com.example.mqtt.MessageData - Topic: data/s/nhnacademy/b/gyeongnam_campus/p/class_a/d/24e124128c067999/sp/입구/n/입구/e/tvoc
Message Data:
time: 1745202077510
value: 296

2025-04-21 11:21:17 [MQTT Call: JavaClientExample] INFO  com.example.mqtt.InfluxDBService - Extracted tagkey -> location: class_a, kind: 입구, data: tvoc
Value into InfluxDB: 296.0
2025-04-21 11:21:17 [MQTT Call: JavaClientExample] INFO  com.example.mqtt.MessageData - Data sent to InfluxDBService: data/s/nhnacademy/b/gyeongnam_campus/p/class_a/d/24e124128c067999/sp/입구/n/입구/e/tvoc -> 296.0
2025-04-21 11:21:17 [MQTT Call: JavaClientExample] INFO  com.example.mqtt.MessageData - Topic: data/s/nhnacademy/b/gyeongnam_campus/p/class_a/d/24e124128c067999/sp/입구/n/입구/e/activity
Message Data:
time: 1745202077510
value: 2

2025-04-21 11:21:17 [MQTT Call: JavaClientExample] INFO  com.example.mqtt.InfluxDBService - Extracted tagkey -> location: class_a, kind: 입구, data: activity
Value into InfluxDB: 2.0
2025-04-21 11:21:17 [MQTT Call: JavaClientExample] INFO  com.example.mqtt.MessageData - Data sent to InfluxDBService: data/s/nhnacademy/b/gyeongnam_campus/p/class_a/d/24e124128c067999/sp/입구/n/입구/e/activity -> 2.0
2025-04-21 11:21:17 [MQTT Call: JavaClientExample] INFO  com.example.mqtt.MessageData - Topic: data/s/nhnacademy/b/gyeongnam_campus/p/class_a/d/24e124128c067999/sp/입구/n/입구/e/temperature
Message Data:
time: 1745202077510
value: 23.9

2025-04-21 11:21:17 [MQTT Call: JavaClientExample] INFO  com.example.mqtt.InfluxDBService - Extracted tagkey -> location: class_a, kind: 입구, data: temperature
Value into InfluxDB: 23.9
2025-04-21 11:21:17 [MQTT Call: JavaClientExample] INFO  com.example.mqtt.MessageData - Data sent to InfluxDBService: data/s/nhnacademy/b/gyeongnam_campus/p/class_a/d/24e124128c067999/sp/입구/n/입구/e/temperature -> 23.9
2025-04-21 11:21:17 [MQTT Call: JavaClientExample] INFO  com.example.mqtt.MessageData - Topic: data/s/nhnacademy/b/gyeongnam_campus/p/class_a/d/24e124128c067999/sp/입구/n/입구/e/humidity
Message Data:
time: 1745202077510
value: 45.5

2025-04-21 11:21:17 [MQTT Call: JavaClientExample] INFO  com.example.mqtt.InfluxDBService - Extracted tagkey -> location: class_a, kind: 입구, data: humidity
Value into InfluxDB: 45.5
2025-04-21 11:21:17 [MQTT Call: JavaClientExample] INFO  com.example.mqtt.MessageData - Data sent to InfluxDBService: data/s/nhnacademy/b/gyeongnam_campus/p/class_a/d/24e124128c067999/sp/입구/n/입구/e/humidity -> 45.5
2025-04-21 11:21:17 [MQTT Call: JavaClientExample] INFO  com.example.mqtt.MessageData - Topic: data/s/nhnacademy/b/gyeongnam_campus/p/class_a/d/24e124128c067999/sp/입구/n/입구/e/illumination
Message Data:
time: 1745202077510
value: 67

2025-04-21 11:21:17 [MQTT Call: JavaClientExample] INFO  com.example.mqtt.InfluxDBService - Extracted tagkey -> location: class_a, kind: 입구, data: illumination
Value into InfluxDB: 67.0
2025-04-21 11:21:17 [MQTT Call: JavaClientExample] INFO  com.example.mqtt.MessageData - Data sent to InfluxDBService: data/s/nhnacademy/b/gyeongnam_campus/p/class_a/d/24e124128c067999/sp/입구/n/입구/e/illumination -> 67.0
2025-04-21 11:21:17 [MQTT Call: JavaClientExample] INFO  com.example.mqtt.MessageData - Topic: data/s/nhnacademy/b/gyeongnam_campus/p/class_a/d/24e124128c067999/sp/입구/n/입구/e/infrared_and_visible
Message Data:
time: 1745202077510
value: 46

2025-04-21 11:21:17 [MQTT Call: JavaClientExample] INFO  com.example.mqtt.InfluxDBService - Extracted tagkey -> location: class_a, kind: 입구, data: infrared_and_visible
Value into InfluxDB: 46.0
2025-04-21 11:21:17 [MQTT Call: JavaClientExample] INFO  com.example.mqtt.MessageData - Data sent to InfluxDBService: data/s/nhnacademy/b/gyeongnam_campus/p/class_a/d/24e124128c067999/sp/입구/n/입구/e/infrared_and_visible -> 46.0
2025-04-21 11:21:17 [MQTT Call: JavaClientExample] INFO  com.example.mqtt.MessageData - Topic: data/s/nhnacademy/b/gyeongnam_campus/p/class_a/d/24e124128c067999/sp/입구/n/입구/g/24e124fffef5dccc/e/lora
Message Data:
time: 1745202077510
value: 

2025-04-21 11:21:17 [MQTT Call: JavaClientExample] INFO  com.example.mqtt.InfluxDBService - Extracted tagkey -> location: class_a, kind: 입구, data: lora
Value into InfluxDB: 0.0
2025-04-21 11:21:17 [MQTT Call: JavaClientExample] INFO  com.example.mqtt.MessageData - Data sent to InfluxDBService: data/s/nhnacademy/b/gyeongnam_campus/p/class_a/d/24e124128c067999/sp/입구/n/입구/g/24e124fffef5dccc/e/lora -> 0.0
2025-04-21 11:21:17 [MQTT Call: JavaClientExample] INFO  com.example.mqtt.MessageData - Topic: data/s/nhnacademy/b/gyeongnam_campus/p/class_a/d/24e124128c067999/sp/입구/n/입구/g/24e124fffef79304/e/lora
Message Data:
time: 1745202077510
value: 

2025-04-21 11:21:17 [MQTT Call: JavaClientExample] INFO  com.example.mqtt.InfluxDBService - Extracted tagkey -> location: class_a, kind: 입구, data: lora
Value into InfluxDB: 0.0
2025-04-21 11:21:17 [MQTT Call: JavaClientExample] INFO  com.example.mqtt.MessageData - Data sent to InfluxDBService: data/s/nhnacademy/b/gyeongnam_campus/p/class_a/d/24e124128c067999/sp/입구/n/입구/g/24e124fffef79304/e/lora -> 0.0
2025-04-21 11:21:20 [MQTT Call: JavaClientExample] INFO  com.example.mqtt.MessageData - Topic: data/s/nhnacademy/b/gyeongnam_campus/p/hive/d/24e124785c389010/n/정수기 위/e/battery
Message Data:
time: 1745202078881
value: 86

2025-04-21 11:21:20 [MQTT Call: JavaClientExample] INFO  com.example.mqtt.InfluxDBService - Extracted tagkey -> location: hive, kind: 정수기 위, data: battery
Value into InfluxDB: 86.0
2025-04-21 11:21:20 [MQTT Call: JavaClientExample] INFO  com.example.mqtt.MessageData - Data sent to InfluxDBService: data/s/nhnacademy/b/gyeongnam_campus/p/hive/d/24e124785c389010/n/정수기 위/e/battery -> 86.0
2025-04-21 11:21:21 [MQTT Call: JavaClientExample] INFO  com.example.mqtt.MessageData - Topic: data/s/nhnacademy/b/gyeongnam_campus/p/hive/d/24e124785c389010/n/정수기 위/e/temperature
Message Data:
time: 1745202078881
value: 25.3

2025-04-21 11:21:21 [MQTT Call: JavaClientExample] INFO  com.example.mqtt.InfluxDBService - Extracted tagkey -> location: hive, kind: 정수기 위, data: temperature
Value into InfluxDB: 25.3
2025-04-21 11:21:21 [MQTT Call: JavaClientExample] INFO  com.example.mqtt.MessageData - Data sent to InfluxDBService: data/s/nhnacademy/b/gyeongnam_campus/p/hive/d/24e124785c389010/n/정수기 위/e/temperature -> 25.3
2025-04-21 11:21:21 [MQTT Call: JavaClientExample] INFO  com.example.mqtt.MessageData - Topic: data/s/nhnacademy/b/gyeongnam_campus/p/hive/d/24e124785c389010/n/정수기 위/e/humidity
Message Data:
time: 1745202078881
value: 40.5

2025-04-21 11:21:21 [MQTT Call: JavaClientExample] INFO  com.example.mqtt.InfluxDBService - Extracted tagkey -> location: hive, kind: 정수기 위, data: humidity
Value into InfluxDB: 40.5
2025-04-21 11:21:21 [MQTT Call: JavaClientExample] INFO  com.example.mqtt.MessageData - Data sent to InfluxDBService: data/s/nhnacademy/b/gyeongnam_campus/p/hive/d/24e124785c389010/n/정수기 위/e/humidity -> 40.5
2025-04-21 11:21:21 [MQTT Call: JavaClientExample] INFO  com.example.mqtt.MessageData - Topic: data/s/nhnacademy/b/gyeongnam_campus/p/hive/d/24e124785c389010/n/정수기 위/g/24e124fffef79304/e/lora
Message Data:
time: 1745202078881
value: 

2025-04-21 11:21:21 [MQTT Call: JavaClientExample] INFO  com.example.mqtt.InfluxDBService - Extracted tagkey -> location: hive, kind: 정수기 위, data: lora
Value into InfluxDB: 0.0
2025-04-21 11:21:21 [MQTT Call: JavaClientExample] INFO  com.example.mqtt.MessageData - Data sent to InfluxDBService: data/s/nhnacademy/b/gyeongnam_campus/p/hive/d/24e124785c389010/n/정수기 위/g/24e124fffef79304/e/lora -> 0.0
2025-04-21 11:21:21 [MQTT Call: JavaClientExample] INFO  com.example.mqtt.MessageData - Topic: data/s/nhnacademy/b/gyeongnam_campus/p/hive/d/24e124785c389010/n/정수기 위/g/24e124fffef5dccc/e/lora
Message Data:
time: 1745202078881
value: 

2025-04-21 11:21:21 [MQTT Call: JavaClientExample] INFO  com.example.mqtt.InfluxDBService - Extracted tagkey -> location: hive, kind: 정수기 위, data: lora
Value into InfluxDB: 0.0
2025-04-21 11:21:21 [MQTT Call: JavaClientExample] INFO  com.example.mqtt.MessageData - Data sent to InfluxDBService: data/s/nhnacademy/b/gyeongnam_campus/p/hive/d/24e124785c389010/n/정수기 위/g/24e124fffef5dccc/e/lora -> 0.0
2025-04-21 11:21:26 [MQTT Call: JavaClientExample] INFO  com.example.mqtt.MessageData - Topic: data/s/nhnacademy/b/gyeongnam_campus/p/server_room/d/24e124136d151368/n/입구/e/humidity
Message Data:
time: 1745202086379
value: 46.5

2025-04-21 11:21:26 [MQTT Call: JavaClientExample] INFO  com.example.mqtt.InfluxDBService - Extracted tagkey -> location: server_room, kind: 입구, data: humidity
Value into InfluxDB: 46.5
2025-04-21 11:21:26 [MQTT Call: JavaClientExample] INFO  com.example.mqtt.MessageData - Data sent to InfluxDBService: data/s/nhnacademy/b/gyeongnam_campus/p/server_room/d/24e124136d151368/n/입구/e/humidity -> 46.5
2025-04-21 11:21:26 [MQTT Call: JavaClientExample] INFO  com.example.mqtt.MessageData - Topic: data/s/nhnacademy/b/gyeongnam_campus/p/server_room/d/24e124136d151368/n/입구/e/temperature
Message Data:
time: 1745202086379
value: 23.7

2025-04-21 11:21:26 [MQTT Call: JavaClientExample] INFO  com.example.mqtt.InfluxDBService - Extracted tagkey -> location: server_room, kind: 입구, data: temperature
Value into InfluxDB: 23.7
2025-04-21 11:21:26 [MQTT Call: JavaClientExample] INFO  com.example.mqtt.MessageData - Data sent to InfluxDBService: data/s/nhnacademy/b/gyeongnam_campus/p/server_room/d/24e124136d151368/n/입구/e/temperature -> 23.7
2025-04-21 11:21:26 [MQTT Call: JavaClientExample] INFO  com.example.mqtt.MessageData - Topic: data/s/nhnacademy/b/gyeongnam_campus/p/server_room/d/24e124136d151368/n/입구/g/24e124fffef5dccc/e/lora
Message Data:
time: 1745202086379
value: 

2025-04-21 11:21:26 [MQTT Call: JavaClientExample] INFO  com.example.mqtt.InfluxDBService - Extracted tagkey -> location: server_room, kind: 입구, data: lora
Value into InfluxDB: 0.0
2025-04-21 11:21:26 [MQTT Call: JavaClientExample] INFO  com.example.mqtt.MessageData - Data sent to InfluxDBService: data/s/nhnacademy/b/gyeongnam_campus/p/server_room/d/24e124136d151368/n/입구/g/24e124fffef5dccc/e/lora -> 0.0
2025-04-21 11:21:26 [MQTT Call: JavaClientExample] INFO  com.example.mqtt.MessageData - Topic: data/s/nhnacademy/b/gyeongnam_campus/p/server_room/d/24e124136d151368/n/입구/g/24e124fffef79304/e/lora
Message Data:
time: 1745202086379
value: 

2025-04-21 11:21:26 [MQTT Call: JavaClientExample] INFO  com.example.mqtt.InfluxDBService - Extracted tagkey -> location: server_room, kind: 입구, data: lora
Value into InfluxDB: 0.0
2025-04-21 11:21:26 [MQTT Call: JavaClientExample] INFO  com.example.mqtt.MessageData - Data sent to InfluxDBService: data/s/nhnacademy/b/gyeongnam_campus/p/server_room/d/24e124136d151368/n/입구/g/24e124fffef79304/e/lora -> 0.0
2025-04-21 11:21:30 [MQTT Call: JavaClientExample] INFO  com.example.mqtt.MessageData - Topic: data/s/nhnacademy/b/gyeongnam_campus/p/pair_room/d/24e124617d159573/n/2/e/battery
Message Data:
time: 1745202089552
value: 33

2025-04-21 11:21:30 [MQTT Call: JavaClientExample] INFO  com.example.mqtt.InfluxDBService - Extracted tagkey -> location: pair_room, kind: 2, data: battery
Value into InfluxDB: 33.0
2025-04-21 11:21:30 [MQTT Call: JavaClientExample] INFO  com.example.mqtt.MessageData - Data sent to InfluxDBService: data/s/nhnacademy/b/gyeongnam_campus/p/pair_room/d/24e124617d159573/n/2/e/battery -> 33.0
2025-04-21 11:21:30 [MQTT Call: JavaClientExample] INFO  com.example.mqtt.MessageData - Topic: data/s/nhnacademy/b/gyeongnam_campus/p/pair_room/d/24e124617d159573/n/2/e/distance
Message Data:
time: 1745202089552
value: 2235

2025-04-21 11:21:30 [MQTT Call: JavaClientExample] INFO  com.example.mqtt.InfluxDBService - Extracted tagkey -> location: pair_room, kind: 2, data: distance
Value into InfluxDB: 2235.0
2025-04-21 11:21:30 [MQTT Call: JavaClientExample] INFO  com.example.mqtt.MessageData - Data sent to InfluxDBService: data/s/nhnacademy/b/gyeongnam_campus/p/pair_room/d/24e124617d159573/n/2/e/distance -> 2235.0
2025-04-21 11:21:30 [MQTT Call: JavaClientExample] INFO  com.example.mqtt.MessageData - Topic: data/s/nhnacademy/b/gyeongnam_campus/p/pair_room/d/24e124617d159573/n/2/e/occupancy
Message Data:
time: 1745202089552
value: 0

2025-04-21 11:21:30 [MQTT Call: JavaClientExample] INFO  com.example.mqtt.InfluxDBService - Extracted tagkey -> location: pair_room, kind: 2, data: occupancy
Value into InfluxDB: 0.0
2025-04-21 11:21:30 [MQTT Call: JavaClientExample] INFO  com.example.mqtt.MessageData - Data sent to InfluxDBService: data/s/nhnacademy/b/gyeongnam_campus/p/pair_room/d/24e124617d159573/n/2/e/occupancy -> 0.0
2025-04-21 11:21:30 [MQTT Call: JavaClientExample] INFO  com.example.mqtt.MessageData - Topic: data/s/nhnacademy/b/gyeongnam_campus/p/pair_room/d/24e124617d159573/n/2/g/24e124fffef79304/e/lora
Message Data:
time: 1745202089552
value: 

2025-04-21 11:21:30 [MQTT Call: JavaClientExample] INFO  com.example.mqtt.InfluxDBService - Extracted tagkey -> location: pair_room, kind: 2, data: lora
Value into InfluxDB: 0.0
2025-04-21 11:21:30 [MQTT Call: JavaClientExample] INFO  com.example.mqtt.MessageData - Data sent to InfluxDBService: data/s/nhnacademy/b/gyeongnam_campus/p/pair_room/d/24e124617d159573/n/2/g/24e124fffef79304/e/lora -> 0.0
2025-04-21 11:21:30 [MQTT Call: JavaClientExample] INFO  com.example.mqtt.MessageData - Topic: data/s/nhnacademy/b/gyeongnam_campus/p/pair_room/d/24e124617d159573/n/2/g/24e124fffef5dccc/e/lora
Message Data:
time: 1745202089552
value: 

2025-04-21 11:21:30 [MQTT Call: JavaClientExample] INFO  com.example.mqtt.InfluxDBService - Extracted tagkey -> location: pair_room, kind: 2, data: lora
Value into InfluxDB: 0.0
2025-04-21 11:21:30 [MQTT Call: JavaClientExample] INFO  com.example.mqtt.MessageData - Data sent to InfluxDBService: data/s/nhnacademy/b/gyeongnam_campus/p/pair_room/d/24e124617d159573/n/2/g/24e124fffef5dccc/e/lora -> 0.0
2025-04-21 11:21:46 [MQTT Call: JavaClientExample] INFO  com.example.mqtt.MessageData - Topic: data/s/nhnacademy/b/gyeongnam_campus/p/storage/d/24e124136d151547/n/입구/e/temperature
Message Data:
time: 1745202106418
value: -0.1

2025-04-21 11:21:46 [MQTT Call: JavaClientExample] INFO  com.example.mqtt.InfluxDBService - Extracted tagkey -> location: storage, kind: 입구, data: temperature
Value into InfluxDB: -0.1
2025-04-21 11:21:46 [MQTT Call: JavaClientExample] INFO  com.example.mqtt.MessageData - Data sent to InfluxDBService: data/s/nhnacademy/b/gyeongnam_campus/p/storage/d/24e124136d151547/n/입구/e/temperature -> -0.1
2025-04-21 11:21:46 [MQTT Call: JavaClientExample] INFO  com.example.mqtt.MessageData - Topic: data/s/nhnacademy/b/gyeongnam_campus/p/storage/d/24e124136d151547/n/입구/e/battery
Message Data:
time: 1745202106418
value: 1

2025-04-21 11:21:46 [MQTT Call: JavaClientExample] INFO  com.example.mqtt.InfluxDBService - Extracted tagkey -> location: storage, kind: 입구, data: battery
Value into InfluxDB: 1.0
2025-04-21 11:21:46 [MQTT Call: JavaClientExample] INFO  com.example.mqtt.MessageData - Data sent to InfluxDBService: data/s/nhnacademy/b/gyeongnam_campus/p/storage/d/24e124136d151547/n/입구/e/battery -> 1.0
2025-04-21 11:21:46 [MQTT Call: JavaClientExample] INFO  com.example.mqtt.MessageData - Topic: data/s/nhnacademy/b/gyeongnam_campus/p/storage/d/24e124136d151547/n/입구/e/humidity
Message Data:
time: 1745202106418
value: 127.5

2025-04-21 11:21:46 [MQTT Call: JavaClientExample] INFO  com.example.mqtt.InfluxDBService - Extracted tagkey -> location: storage, kind: 입구, data: humidity
Value into InfluxDB: 127.5
2025-04-21 11:21:46 [MQTT Call: JavaClientExample] INFO  com.example.mqtt.MessageData - Data sent to InfluxDBService: data/s/nhnacademy/b/gyeongnam_campus/p/storage/d/24e124136d151547/n/입구/e/humidity -> 127.5
2025-04-21 11:21:46 [MQTT Call: JavaClientExample] INFO  com.example.mqtt.MessageData - Topic: data/s/nhnacademy/b/gyeongnam_campus/p/storage/d/24e124136d151547/n/입구/g/24e124fffef5dccc/e/lora
Message Data:
time: 1745202106418
value: 

2025-04-21 11:21:46 [MQTT Call: JavaClientExample] INFO  com.example.mqtt.InfluxDBService - Extracted tagkey -> location: storage, kind: 입구, data: lora
Value into InfluxDB: 0.0
2025-04-21 11:21:46 [MQTT Call: JavaClientExample] INFO  com.example.mqtt.MessageData - Data sent to InfluxDBService: data/s/nhnacademy/b/gyeongnam_campus/p/storage/d/24e124136d151547/n/입구/g/24e124fffef5dccc/e/lora -> 0.0
2025-04-21 11:21:46 [MQTT Call: JavaClientExample] INFO  com.example.mqtt.MessageData - Topic: data/s/nhnacademy/b/gyeongnam_campus/p/campus/d/gem3500_1/n/캠퍼스_LL/e/voltage
Message Data:
time: 1745202106834
value: 378.5

2025-04-21 11:21:46 [MQTT Call: JavaClientExample] INFO  com.example.mqtt.InfluxDBService - Extracted tagkey -> location: campus, kind: 캠퍼스_LL, data: voltage
Value into InfluxDB: 378.5
2025-04-21 11:21:46 [MQTT Call: JavaClientExample] INFO  com.example.mqtt.MessageData - Data sent to InfluxDBService: data/s/nhnacademy/b/gyeongnam_campus/p/campus/d/gem3500_1/n/캠퍼스_LL/e/voltage -> 378.5
2025-04-21 11:21:46 [MQTT Call: JavaClientExample] INFO  com.example.mqtt.MessageData - Topic: data/s/nhnacademy/b/gyeongnam_campus/p/campus/d/gem3500_1/n/캠퍼스_LN/e/voltage
Message Data:
time: 1745202106834
value: 218.52

2025-04-21 11:21:46 [MQTT Call: JavaClientExample] INFO  com.example.mqtt.InfluxDBService - Extracted tagkey -> location: campus, kind: 캠퍼스_LN, data: voltage
Value into InfluxDB: 218.52
2025-04-21 11:21:46 [MQTT Call: JavaClientExample] INFO  com.example.mqtt.MessageData - Data sent to InfluxDBService: data/s/nhnacademy/b/gyeongnam_campus/p/campus/d/gem3500_1/n/캠퍼스_LN/e/voltage -> 218.52
2025-04-21 11:21:46 [MQTT Call: JavaClientExample] INFO  com.example.mqtt.MessageData - Topic: data/s/nhnacademy/b/gyeongnam_campus/p/campus/d/gem3500_1/n/캠퍼스1/e/power_meter
Message Data:
time: 1745202106936
type: 5
leakageCurrent: 0
current: 2938
activePower: 5519
reactivePower: -1867
tapparentPower: 6446
powerFactor: 85.62
currentUnbalance: 58.21
lines: 

2025-04-21 11:21:46 [MQTT Call: JavaClientExample] WARN  com.example.mqtt.MessageData - No 'value' field found in message, skipping InfluxDB write.
2025-04-21 11:21:46 [MQTT Call: JavaClientExample] INFO  com.example.mqtt.MessageData - Topic: data/s/nhnacademy/b/gyeongnam_campus/p/campus/d/gem3500_1/n/전등1/e/power_meter
Message Data:
time: 1745202107039
type: 3
leakageCurrent: 0
current: 702
activePower: 1308
reactivePower: -328
tapparentPower: 1534
powerFactor: 85.28
currentUnbalance: 0
lines: 

2025-04-21 11:21:46 [MQTT Call: JavaClientExample] WARN  com.example.mqtt.MessageData - No 'value' field found in message, skipping InfluxDB write.
2025-04-21 11:21:47 [MQTT Call: JavaClientExample] INFO  com.example.mqtt.MessageData - Topic: data/s/nhnacademy/b/gyeongnam_campus/p/campus/d/gem3500_1/n/전등2/e/power_meter
Message Data:
time: 1745202107139
type: 1
leakageCurrent: 0
current: 571
activePower: 1137
reactivePower: -283
tapparentPower: 1250
powerFactor: 90.97
currentUnbalance: 0
lines: 

2025-04-21 11:21:47 [MQTT Call: JavaClientExample] WARN  com.example.mqtt.MessageData - No 'value' field found in message, skipping InfluxDB write.
2025-04-21 11:21:47 [MQTT Call: JavaClientExample] INFO  com.example.mqtt.MessageData - Topic: data/s/nhnacademy/b/gyeongnam_campus/p/campus/d/gem3500_1/n/전등3/e/power_meter
Message Data:
time: 1745202107242
type: 2
leakageCurrent: 0
current: 0
activePower: 0
reactivePower: 0
tapparentPower: 0
powerFactor: 0
currentUnbalance: 0
lines: 

2025-04-21 11:21:47 [MQTT Call: JavaClientExample] WARN  com.example.mqtt.MessageData - No 'value' field found in message, skipping InfluxDB write.
2025-04-21 11:21:47 [MQTT Call: JavaClientExample] INFO  com.example.mqtt.MessageData - Topic: data/s/nhnacademy/b/gyeongnam_campus/p/campus/d/gem3500_1/n/강의실b_바닥/e/power_meter
Message Data:
time: 1745202107344
type: 3
leakageCurrent: 0
current: 230
activePower: 379
reactivePower: -240
tapparentPower: 506
powerFactor: 74.88
currentUnbalance: 0
lines: 

2025-04-21 11:21:47 [MQTT Call: JavaClientExample] WARN  com.example.mqtt.MessageData - No 'value' field found in message, skipping InfluxDB write.
2025-04-21 11:21:47 [MQTT Call: JavaClientExample] INFO  com.example.mqtt.MessageData - Topic: data/s/nhnacademy/b/gyeongnam_campus/p/campus/d/gem3500_1/n/강의실a_바닥1/e/power_meter
Message Data:
time: 1745202107446
type: 1
leakageCurrent: 0
current: 342
activePower: 585
reactivePower: -374
tapparentPower: 746
powerFactor: 78.45
currentUnbalance: 0
lines: 

2025-04-21 11:21:47 [MQTT Call: JavaClientExample] WARN  com.example.mqtt.MessageData - No 'value' field found in message, skipping InfluxDB write.
2025-04-21 11:21:47 [MQTT Call: JavaClientExample] INFO  com.example.mqtt.MessageData - Topic: data/s/nhnacademy/b/gyeongnam_campus/p/campus/d/gem3500_1/n/강의실a_바닥2/e/power_meter
Message Data:
time: 1745202107548
type: 2
leakageCurrent: 0
current: 176
activePower: 316
reactivePower: -182
tapparentPower: 393
powerFactor: 80.48
currentUnbalance: 0
lines: 

2025-04-21 11:21:47 [MQTT Call: JavaClientExample] WARN  com.example.mqtt.MessageData - No 'value' field found in message, skipping InfluxDB write.
2025-04-21 11:21:47 [MQTT Call: JavaClientExample] INFO  com.example.mqtt.MessageData - Topic: data/s/nhnacademy/b/gyeongnam_campus/p/campus/d/gem3500_1/n/프로젝터1/e/power_meter
Message Data:
time: 1745202107648
type: 3
leakageCurrent: 0
current: 94
activePower: 124
reactivePower: -146
tapparentPower: 206
powerFactor: 60.46
currentUnbalance: 0
lines: 

2025-04-21 11:21:47 [MQTT Call: JavaClientExample] WARN  com.example.mqtt.MessageData - No 'value' field found in message, skipping InfluxDB write.
2025-04-21 11:21:48 [MQTT Call: JavaClientExample] INFO  com.example.mqtt.MessageData - Topic: data/s/nhnacademy/b/gyeongnam_campus/p/campus/d/gem3500_1/n/프로젝터2/e/power_meter
Message Data:
time: 1745202107750
type: 1
leakageCurrent: 0
current: 39
activePower: 45
reactivePower: -69
tapparentPower: 86
powerFactor: 52.77
currentUnbalance: 0
lines: 

2025-04-21 11:21:48 [MQTT Call: JavaClientExample] WARN  com.example.mqtt.MessageData - No 'value' field found in message, skipping InfluxDB write.
2025-04-21 11:21:48 [MQTT Call: JavaClientExample] INFO  com.example.mqtt.MessageData - Topic: data/s/nhnacademy/b/gyeongnam_campus/p/campus/d/gem3500_1/n/회의실/e/power_meter
Message Data:
time: 1745202107852
type: 2
leakageCurrent: 0
current: 13
activePower: 4
reactivePower: -28
tapparentPower: 31
powerFactor: 15.38
currentUnbalance: 0
lines: 

2025-04-21 11:21:48 [MQTT Call: JavaClientExample] WARN  com.example.mqtt.MessageData - No 'value' field found in message, skipping InfluxDB write.
2025-04-21 11:21:48 [MQTT Call: JavaClientExample] INFO  com.example.mqtt.MessageData - Topic: data/s/nhnacademy/b/gyeongnam_campus/p/campus/d/gem3500_1/n/서버실/e/power_meter
Message Data:
time: 1745202107955
type: 3
leakageCurrent: 0
current: 197
activePower: 391
reactivePower: -110
tapparentPower: 436
powerFactor: 89.56
currentUnbalance: 0
lines: 

2025-04-21 11:21:48 [MQTT Call: JavaClientExample] WARN  com.example.mqtt.MessageData - No 'value' field found in message, skipping InfluxDB write.
2025-04-21 11:21:48 [MQTT Call: JavaClientExample] INFO  com.example.mqtt.MessageData - Topic: data/s/nhnacademy/b/gyeongnam_campus/p/campus/d/gem3500_1/n/간판/e/power_meter
Message Data:
time: 1745202108055
type: 1
leakageCurrent: 0
current: 0
activePower: 0
reactivePower: 0
tapparentPower: 0
powerFactor: 0
currentUnbalance: 0
lines: 

2025-04-21 11:21:48 [MQTT Call: JavaClientExample] WARN  com.example.mqtt.MessageData - No 'value' field found in message, skipping InfluxDB write.
2025-04-21 11:21:48 [MQTT Call: JavaClientExample] INFO  com.example.mqtt.MessageData - Topic: data/s/nhnacademy/b/gyeongnam_campus/p/campus/d/gem3500_1/n/페어룸/e/power_meter
Message Data:
time: 1745202108155
type: 2
leakageCurrent: 0
current: 0
activePower: 0
reactivePower: 0
tapparentPower: 0
powerFactor: 0
currentUnbalance: 0
lines: 

2025-04-21 11:21:48 [MQTT Call: JavaClientExample] WARN  com.example.mqtt.MessageData - No 'value' field found in message, skipping InfluxDB write.
2025-04-21 11:21:48 [MQTT Call: JavaClientExample] INFO  com.example.mqtt.MessageData - Topic: data/s/nhnacademy/b/gyeongnam_campus/p/campus/d/gem3500_1/n/사무실_전열1/e/power_meter
Message Data:
time: 1745202108256
type: 3
leakageCurrent: 0
current: 83
activePower: 100
reactivePower: -55
tapparentPower: 180
powerFactor: 56
currentUnbalance: 0
lines: 

2025-04-21 11:21:48 [MQTT Call: JavaClientExample] WARN  com.example.mqtt.MessageData - No 'value' field found in message, skipping InfluxDB write.
2025-04-21 11:21:48 [MQTT Call: JavaClientExample] INFO  com.example.mqtt.MessageData - Topic: data/s/nhnacademy/b/gyeongnam_campus/p/campus/d/gem3500_1/n/사무실_전열2/e/power_meter
Message Data:
time: 1745202108359
type: 3
leakageCurrent: 0
current: 89
activePower: 91
reactivePower: -60
tapparentPower: 199
powerFactor: 45.78
currentUnbalance: 0
lines: 

2025-04-21 11:21:48 [MQTT Call: JavaClientExample] WARN  com.example.mqtt.MessageData - No 'value' field found in message, skipping InfluxDB write.
2025-04-21 11:21:48 [MQTT Call: JavaClientExample] INFO  com.example.mqtt.MessageData - Topic: data/s/nhnacademy/b/gyeongnam_campus/p/hive/d/24e124126d111937/sp/farm/n/스마트팜/e/illumination
Message Data:
time: 1745202108158
value: 320

2025-04-21 11:21:48 [MQTT Call: JavaClientExample] INFO  com.example.mqtt.InfluxDBService - Extracted tagkey -> location: hive, kind: 스마트팜, data: illumination
Value into InfluxDB: 320.0
2025-04-21 11:21:48 [MQTT Call: JavaClientExample] INFO  com.example.mqtt.MessageData - Data sent to InfluxDBService: data/s/nhnacademy/b/gyeongnam_campus/p/hive/d/24e124126d111937/sp/farm/n/스마트팜/e/illumination -> 320.0
2025-04-21 11:21:48 [MQTT Call: JavaClientExample] INFO  com.example.mqtt.MessageData - Topic: data/s/nhnacademy/b/gyeongnam_campus/p/hive/d/24e124126d111937/sp/farm/n/스마트팜/g/24e124fffef79304/e/lora
Message Data:
time: 1745202108158
value: 

2025-04-21 11:21:48 [MQTT Call: JavaClientExample] INFO  com.example.mqtt.InfluxDBService - Extracted tagkey -> location: hive, kind: 스마트팜, data: lora
Value into InfluxDB: 0.0
2025-04-21 11:21:48 [MQTT Call: JavaClientExample] INFO  com.example.mqtt.MessageData - Data sent to InfluxDBService: data/s/nhnacademy/b/gyeongnam_campus/p/hive/d/24e124126d111937/sp/farm/n/스마트팜/g/24e124fffef79304/e/lora -> 0.0
2025-04-21 11:21:48 [MQTT Call: JavaClientExample] INFO  com.example.mqtt.MessageData - Topic: data/s/nhnacademy/b/gyeongnam_campus/p/hive/d/24e124126d111937/sp/farm/n/스마트팜/g/24e124fffef5dccc/e/lora
Message Data:
time: 1745202108158
value: 

2025-04-21 11:21:48 [MQTT Call: JavaClientExample] INFO  com.example.mqtt.InfluxDBService - Extracted tagkey -> location: hive, kind: 스마트팜, data: lora
Value into InfluxDB: 0.0
2025-04-21 11:21:48 [MQTT Call: JavaClientExample] INFO  com.example.mqtt.MessageData - Data sent to InfluxDBService: data/s/nhnacademy/b/gyeongnam_campus/p/hive/d/24e124126d111937/sp/farm/n/스마트팜/g/24e124fffef5dccc/e/lora -> 0.0
2025-04-21 11:21:48 [MQTT Call: JavaClientExample] INFO  com.example.mqtt.MessageData - Topic: data/s/nhnacademy/b/gyeongnam_campus/p/campus/d/gem3500_1/n/사무실_복사기/e/power_meter
Message Data:
time: 1745202108462
type: 1
leakageCurrent: 0
current: 105
activePower: 163
reactivePower: 148
tapparentPower: 230
powerFactor: 70.83
currentUnbalance: 0
lines: 

2025-04-21 11:21:48 [MQTT Call: JavaClientExample] WARN  com.example.mqtt.MessageData - No 'value' field found in message, skipping InfluxDB write.
2025-04-21 11:21:48 [MQTT Call: JavaClientExample] INFO  com.example.mqtt.MessageData - Topic: data/s/nhnacademy/b/gyeongnam_campus/p/campus/d/gem3500_1/n/빌트인_전열/e/power_meter
Message Data:
time: 1745202108561
type: 2
leakageCurrent: 0
current: 5
activePower: 4
reactivePower: -7
tapparentPower: 12
powerFactor: 40
currentUnbalance: 0
lines: 

2025-04-21 11:21:48 [MQTT Call: JavaClientExample] WARN  com.example.mqtt.MessageData - No 'value' field found in message, skipping InfluxDB write.
2025-04-21 11:21:48 [MQTT Call: JavaClientExample] INFO  com.example.mqtt.MessageData - Topic: data/s/nhnacademy/b/gyeongnam_campus/p/campus/d/gem3500_1/n/사무실_전열3/e/power_meter
Message Data:
time: 1745202108662
type: 3
leakageCurrent: 0
current: 0
activePower: 0
reactivePower: 0
tapparentPower: 0
powerFactor: 0
currentUnbalance: 0
lines: 

2025-04-21 11:21:48 [MQTT Call: JavaClientExample] WARN  com.example.mqtt.MessageData - No 'value' field found in message, skipping InfluxDB write.
2025-04-21 11:21:49 [MQTT Call: JavaClientExample] INFO  com.example.mqtt.MessageData - Topic: data/s/nhnacademy/b/gyeongnam_campus/p/campus/d/gem3500_1/n/정수기/e/power_meter
Message Data:
time: 1745202108764
type: 1
leakageCurrent: 0
current: 221
activePower: 484
reactivePower: -16
tapparentPower: 484
powerFactor: 100
currentUnbalance: 0
lines: 

2025-04-21 11:21:49 [MQTT Call: JavaClientExample] WARN  com.example.mqtt.MessageData - No 'value' field found in message, skipping InfluxDB write.
2025-04-21 11:21:49 [MQTT Call: JavaClientExample] INFO  com.example.mqtt.MessageData - Topic: data/s/nhnacademy/b/gyeongnam_campus/p/campus/d/gem3500_1/n/하이브_전열/e/power_meter
Message Data:
time: 1745202108866
type: 2
leakageCurrent: 0
current: 64
activePower: 122
reactivePower: -45
tapparentPower: 139
powerFactor: 87.93
currentUnbalance: 0
lines: 

2025-04-21 11:21:49 [MQTT Call: JavaClientExample] WARN  com.example.mqtt.MessageData - No 'value' field found in message, skipping InfluxDB write.
2025-04-21 11:21:49 [MQTT Call: JavaClientExample] INFO  com.example.mqtt.MessageData - Topic: data/s/nhnacademy/b/gyeongnam_campus/p/campus/d/gem3500_1/n/바텐_전열/e/power_meter
Message Data:
time: 1745202108968
type: 3
leakageCurrent: 0
current: 0
activePower: 0
reactivePower: 0
tapparentPower: 0
powerFactor: 0
currentUnbalance: 0
lines: 

2025-04-21 11:21:49 [MQTT Call: JavaClientExample] WARN  com.example.mqtt.MessageData - No 'value' field found in message, skipping InfluxDB write.
2025-04-21 11:21:49 [MQTT Call: JavaClientExample] INFO  com.example.mqtt.MessageData - Topic: data/s/nhnacademy/b/gyeongnam_campus/p/campus/d/gem3500_1/n/S_P/e/power_meter
Message Data:
time: 1745202109067
type: 1
leakageCurrent: 0
current: 0
activePower: 0
reactivePower: 0
tapparentPower: 0
powerFactor: 0
currentUnbalance: 0
lines: 

2025-04-21 11:21:49 [MQTT Call: JavaClientExample] WARN  com.example.mqtt.MessageData - No 'value' field found in message, skipping InfluxDB write.
2025-04-21 11:21:49 [MQTT Call: JavaClientExample] INFO  com.example.mqtt.MessageData - Topic: data/s/nhnacademy/b/gyeongnam_campus/p/campus/d/gem3500_1/n/공조기/e/power_meter
Message Data:
time: 1745202109168
type: 2
leakageCurrent: 0
current: 197
activePower: 225
reactivePower: -26
tapparentPower: 432
powerFactor: 52.22
currentUnbalance: 0
lines: 

2025-04-21 11:21:49 [MQTT Call: JavaClientExample] WARN  com.example.mqtt.MessageData - No 'value' field found in message, skipping InfluxDB write.
2025-04-21 11:21:49 [MQTT Call: JavaClientExample] INFO  com.example.mqtt.MessageData - Topic: data/s/nhnacademy/b/gyeongnam_campus/p/campus/d/gem3500_1/n/AC/e/power_meter
Message Data:
time: 1745202109269
type: 3
leakageCurrent: 0
current: 17
activePower: 14
reactivePower: -24
tapparentPower: 38
powerFactor: 37.49
currentUnbalance: 0
lines: 

2025-04-21 11:21:49 [MQTT Call: JavaClientExample] WARN  com.example.mqtt.MessageData - No 'value' field found in message, skipping InfluxDB write.
2025-04-21 11:21:55 [MQTT Call: JavaClientExample] INFO  com.example.mqtt.MessageData - Topic: data/s/nhnacademy/b/gyeongnam_campus/p/class_a/d/24e124126d152969/n/왼쪽 뒤/e/humidity
Message Data:
time: 1745202115449
value: 51

2025-04-21 11:21:55 [MQTT Call: JavaClientExample] INFO  com.example.mqtt.InfluxDBService - Extracted tagkey -> location: class_a, kind: 왼쪽 뒤, data: humidity
Value into InfluxDB: 51.0
2025-04-21 11:21:55 [MQTT Call: JavaClientExample] INFO  com.example.mqtt.MessageData - Data sent to InfluxDBService: data/s/nhnacademy/b/gyeongnam_campus/p/class_a/d/24e124126d152969/n/왼쪽 뒤/e/humidity -> 51.0
2025-04-21 11:21:56 [MQTT Call: JavaClientExample] INFO  com.example.mqtt.MessageData - Topic: data/s/nhnacademy/b/gyeongnam_campus/p/class_a/d/24e124126d152969/n/왼쪽 뒤/e/temperature
Message Data:
time: 1745202115449
value: 23

2025-04-21 11:21:56 [MQTT Call: JavaClientExample] INFO  com.example.mqtt.InfluxDBService - Extracted tagkey -> location: class_a, kind: 왼쪽 뒤, data: temperature
Value into InfluxDB: 23.0
2025-04-21 11:21:56 [MQTT Call: JavaClientExample] INFO  com.example.mqtt.MessageData - Data sent to InfluxDBService: data/s/nhnacademy/b/gyeongnam_campus/p/class_a/d/24e124126d152969/n/왼쪽 뒤/e/temperature -> 23.0
2025-04-21 11:21:56 [MQTT Call: JavaClientExample] INFO  com.example.mqtt.MessageData - Topic: data/s/nhnacademy/b/gyeongnam_campus/p/class_a/d/24e124126d152969/n/왼쪽 뒤/e/co2
Message Data:
time: 1745202115449
value: 995

2025-04-21 11:21:56 [MQTT Call: JavaClientExample] INFO  com.example.mqtt.InfluxDBService - Extracted tagkey -> location: class_a, kind: 왼쪽 뒤, data: co2
Value into InfluxDB: 995.0
2025-04-21 11:21:56 [MQTT Call: JavaClientExample] INFO  com.example.mqtt.MessageData - Data sent to InfluxDBService: data/s/nhnacademy/b/gyeongnam_campus/p/class_a/d/24e124126d152969/n/왼쪽 뒤/e/co2 -> 995.0
2025-04-21 11:21:56 [MQTT Call: JavaClientExample] INFO  com.example.mqtt.MessageData - Topic: data/s/nhnacademy/b/gyeongnam_campus/p/class_a/d/24e124126d152969/n/왼쪽 뒤/e/pressure
Message Data:
time: 1745202115449
value: 1016.5

2025-04-21 11:21:56 [MQTT Call: JavaClientExample] INFO  com.example.mqtt.InfluxDBService - Extracted tagkey -> location: class_a, kind: 왼쪽 뒤, data: pressure
Value into InfluxDB: 1016.5
2025-04-21 11:21:56 [MQTT Call: JavaClientExample] INFO  com.example.mqtt.MessageData - Data sent to InfluxDBService: data/s/nhnacademy/b/gyeongnam_campus/p/class_a/d/24e124126d152969/n/왼쪽 뒤/e/pressure -> 1016.5
2025-04-21 11:21:56 [MQTT Call: JavaClientExample] INFO  com.example.mqtt.MessageData - Topic: data/s/nhnacademy/b/gyeongnam_campus/p/class_a/d/24e124126d152969/n/왼쪽 뒤/g/24e124fffef5dccc/e/lora
Message Data:
time: 1745202115449
value: 

2025-04-21 11:21:56 [MQTT Call: JavaClientExample] INFO  com.example.mqtt.InfluxDBService - Extracted tagkey -> location: class_a, kind: 왼쪽 뒤, data: lora
Value into InfluxDB: 0.0
2025-04-21 11:21:56 [MQTT Call: JavaClientExample] INFO  com.example.mqtt.MessageData - Data sent to InfluxDBService: data/s/nhnacademy/b/gyeongnam_campus/p/class_a/d/24e124126d152969/n/왼쪽 뒤/g/24e124fffef5dccc/e/lora -> 0.0
2025-04-21 11:21:56 [MQTT Call: JavaClientExample] INFO  com.example.mqtt.MessageData - Topic: data/s/nhnacademy/b/gyeongnam_campus/p/class_a/d/24e124126d152969/n/왼쪽 뒤/g/24e124fffef79304/e/lora
Message Data:
time: 1745202115449
value: 

2025-04-21 11:21:56 [MQTT Call: JavaClientExample] INFO  com.example.mqtt.InfluxDBService - Extracted tagkey -> location: class_a, kind: 왼쪽 뒤, data: lora
Value into InfluxDB: 0.0
2025-04-21 11:21:56 [MQTT Call: JavaClientExample] INFO  com.example.mqtt.MessageData - Data sent to InfluxDBService: data/s/nhnacademy/b/gyeongnam_campus/p/class_a/d/24e124126d152969/n/왼쪽 뒤/g/24e124fffef79304/e/lora -> 0.0
2025-04-21 11:22:06 [MQTT Call: JavaClientExample] INFO  com.example.mqtt.MessageData - Topic: data/s/nhnacademy/b/gyeongnam_campus/p/hive/d/24e124126c452091/sp/farm/n/스마트팜/e/temperature
Message Data:
time: 1745202126826
value: 24.5

2025-04-21 11:22:06 [MQTT Call: JavaClientExample] INFO  com.example.mqtt.InfluxDBService - Extracted tagkey -> location: hive, kind: 스마트팜, data: temperature
Value into InfluxDB: 24.5
2025-04-21 11:22:07 [MQTT Call: JavaClientExample] INFO  com.example.mqtt.MessageData - Data sent to InfluxDBService: data/s/nhnacademy/b/gyeongnam_campus/p/hive/d/24e124126c452091/sp/farm/n/스마트팜/e/temperature -> 24.5
2025-04-21 11:22:07 [MQTT Call: JavaClientExample] INFO  com.example.mqtt.MessageData - Topic: data/s/nhnacademy/b/gyeongnam_campus/p/hive/d/24e124126c452091/sp/farm/n/스마트팜/g/24e124fffef79304/e/lora
Message Data:
time: 1745202126826
value: 

2025-04-21 11:22:07 [MQTT Call: JavaClientExample] INFO  com.example.mqtt.InfluxDBService - Extracted tagkey -> location: hive, kind: 스마트팜, data: lora
Value into InfluxDB: 0.0
2025-04-21 11:22:07 [MQTT Call: JavaClientExample] INFO  com.example.mqtt.MessageData - Data sent to InfluxDBService: data/s/nhnacademy/b/gyeongnam_campus/p/hive/d/24e124126c452091/sp/farm/n/스마트팜/g/24e124fffef79304/e/lora -> 0.0
2025-04-21 11:22:07 [MQTT Call: JavaClientExample] INFO  com.example.mqtt.MessageData - Topic: data/s/nhnacademy/b/gyeongnam_campus/p/hive/d/24e124126c452091/sp/farm/n/스마트팜/g/24e124fffef5dccc/e/lora
Message Data:
time: 1745202126826
value: 

2025-04-21 11:22:07 [MQTT Call: JavaClientExample] INFO  com.example.mqtt.InfluxDBService - Extracted tagkey -> location: hive, kind: 스마트팜, data: lora
Value into InfluxDB: 0.0
2025-04-21 11:22:07 [MQTT Call: JavaClientExample] INFO  com.example.mqtt.MessageData - Data sent to InfluxDBService: data/s/nhnacademy/b/gyeongnam_campus/p/hive/d/24e124126c452091/sp/farm/n/스마트팜/g/24e124fffef5dccc/e/lora -> 0.0
2025-04-21 11:22:13 [MQTT Call: JavaClientExample] INFO  com.example.mqtt.MessageData - Topic: data/s/nhnacademy/b/gyeongnam_campus/p/hive/d/24e124725d081175/sp/8인 책상/n/8인 책상/e/battery
Message Data:
time: 1745202132848
value: 77

2025-04-21 11:22:13 [MQTT Call: JavaClientExample] INFO  com.example.mqtt.InfluxDBService - Extracted tagkey -> location: hive, kind: 8인 책상, data: battery
Value into InfluxDB: 77.0
2025-04-21 11:22:13 [MQTT Call: JavaClientExample] INFO  com.example.mqtt.MessageData - Data sent to InfluxDBService: data/s/nhnacademy/b/gyeongnam_campus/p/hive/d/24e124725d081175/sp/8인 책상/n/8인 책상/e/battery -> 77.0
2025-04-21 11:22:13 [MQTT Call: JavaClientExample] INFO  com.example.mqtt.MessageData - Topic: data/s/nhnacademy/b/gyeongnam_campus/p/hive/d/24e124725d081175/sp/8인 책상/n/8인 책상/e/humidity
Message Data:
time: 1745202132848
value: 42

2025-04-21 11:22:13 [MQTT Call: JavaClientExample] INFO  com.example.mqtt.InfluxDBService - Extracted tagkey -> location: hive, kind: 8인 책상, data: humidity
Value into InfluxDB: 42.0
2025-04-21 11:22:13 [MQTT Call: JavaClientExample] INFO  com.example.mqtt.MessageData - Data sent to InfluxDBService: data/s/nhnacademy/b/gyeongnam_campus/p/hive/d/24e124725d081175/sp/8인 책상/n/8인 책상/e/humidity -> 42.0
2025-04-21 11:22:13 [MQTT Call: JavaClientExample] INFO  com.example.mqtt.MessageData - Topic: data/s/nhnacademy/b/gyeongnam_campus/p/hive/d/24e124725d081175/sp/8인 책상/n/8인 책상/e/co2
Message Data:
time: 1745202132848
value: 631

2025-04-21 11:22:13 [MQTT Call: JavaClientExample] INFO  com.example.mqtt.InfluxDBService - Extracted tagkey -> location: hive, kind: 8인 책상, data: co2
Value into InfluxDB: 631.0
2025-04-21 11:22:13 [MQTT Call: JavaClientExample] INFO  com.example.mqtt.MessageData - Data sent to InfluxDBService: data/s/nhnacademy/b/gyeongnam_campus/p/hive/d/24e124725d081175/sp/8인 책상/n/8인 책상/e/co2 -> 631.0
2025-04-21 11:22:13 [MQTT Call: JavaClientExample] INFO  com.example.mqtt.MessageData - Topic: data/s/nhnacademy/b/gyeongnam_campus/p/hive/d/24e124725d081175/sp/8인 책상/n/8인 책상/e/temperature
Message Data:
time: 1745202132848
value: 25.5

2025-04-21 11:22:13 [MQTT Call: JavaClientExample] INFO  com.example.mqtt.InfluxDBService - Extracted tagkey -> location: hive, kind: 8인 책상, data: temperature
Value into InfluxDB: 25.5
2025-04-21 11:22:13 [MQTT Call: JavaClientExample] INFO  com.example.mqtt.MessageData - Data sent to InfluxDBService: data/s/nhnacademy/b/gyeongnam_campus/p/hive/d/24e124725d081175/sp/8인 책상/n/8인 책상/e/temperature -> 25.5
2025-04-21 11:22:13 [MQTT Call: JavaClientExample] INFO  com.example.mqtt.MessageData - Topic: data/s/nhnacademy/b/gyeongnam_campus/p/hive/d/24e124725d081175/sp/8인 책상/n/8인 책상/g/24e124fffef5dccc/e/lora
Message Data:
time: 1745202132848
value: 

2025-04-21 11:22:13 [MQTT Call: JavaClientExample] INFO  com.example.mqtt.InfluxDBService - Extracted tagkey -> location: hive, kind: 8인 책상, data: lora
Value into InfluxDB: 0.0
2025-04-21 11:22:13 [MQTT Call: JavaClientExample] INFO  com.example.mqtt.MessageData - Data sent to InfluxDBService: data/s/nhnacademy/b/gyeongnam_campus/p/hive/d/24e124725d081175/sp/8인 책상/n/8인 책상/g/24e124fffef5dccc/e/lora -> 0.0
2025-04-21 11:22:13 [MQTT Call: JavaClientExample] INFO  com.example.mqtt.MessageData - Topic: data/s/nhnacademy/b/gyeongnam_campus/p/hive/d/24e124725d081175/sp/8인 책상/n/8인 책상/g/24e124fffef79304/e/lora
Message Data:
time: 1745202132848
value: 

2025-04-21 11:22:13 [MQTT Call: JavaClientExample] INFO  com.example.mqtt.InfluxDBService - Extracted tagkey -> location: hive, kind: 8인 책상, data: lora
Value into InfluxDB: 0.0
2025-04-21 11:22:13 [MQTT Call: JavaClientExample] INFO  com.example.mqtt.MessageData - Data sent to InfluxDBService: data/s/nhnacademy/b/gyeongnam_campus/p/hive/d/24e124725d081175/sp/8인 책상/n/8인 책상/g/24e124fffef79304/e/lora -> 0.0
2025-04-21 11:22:14 [MQTT Call: JavaClientExample] INFO  com.example.mqtt.MessageData - Topic: data/s/nhnacademy/b/gyeongnam_campus/p/office/d/24e124126d152919/n/보드/e/co2
Message Data:
time: 1745202134769
value: 718

2025-04-21 11:22:14 [MQTT Call: JavaClientExample] INFO  com.example.mqtt.InfluxDBService - Extracted tagkey -> location: office, kind: 보드, data: co2
Value into InfluxDB: 718.0
2025-04-21 11:22:14 [MQTT Call: JavaClientExample] INFO  com.example.mqtt.MessageData - Data sent to InfluxDBService: data/s/nhnacademy/b/gyeongnam_campus/p/office/d/24e124126d152919/n/보드/e/co2 -> 718.0
2025-04-21 11:22:14 [MQTT Call: JavaClientExample] INFO  com.example.mqtt.MessageData - Topic: data/s/nhnacademy/b/gyeongnam_campus/p/office/d/24e124126d152919/n/보드/e/pressure
Message Data:
time: 1745202134769
value: 1016.5

2025-04-21 11:22:14 [MQTT Call: JavaClientExample] INFO  com.example.mqtt.InfluxDBService - Extracted tagkey -> location: office, kind: 보드, data: pressure
Value into InfluxDB: 1016.5
2025-04-21 11:22:14 [MQTT Call: JavaClientExample] INFO  com.example.mqtt.MessageData - Data sent to InfluxDBService: data/s/nhnacademy/b/gyeongnam_campus/p/office/d/24e124126d152919/n/보드/e/pressure -> 1016.5
2025-04-21 11:22:14 [MQTT Call: JavaClientExample] INFO  com.example.mqtt.MessageData - Topic: data/s/nhnacademy/b/gyeongnam_campus/p/office/d/24e124126d152919/n/보드/e/temperature
Message Data:
time: 1745202134769
value: 23.4

2025-04-21 11:22:14 [MQTT Call: JavaClientExample] INFO  com.example.mqtt.InfluxDBService - Extracted tagkey -> location: office, kind: 보드, data: temperature
Value into InfluxDB: 23.4
2025-04-21 11:22:14 [MQTT Call: JavaClientExample] INFO  com.example.mqtt.MessageData - Data sent to InfluxDBService: data/s/nhnacademy/b/gyeongnam_campus/p/office/d/24e124126d152919/n/보드/e/temperature -> 23.4
2025-04-21 11:22:14 [MQTT Call: JavaClientExample] INFO  com.example.mqtt.MessageData - Topic: data/s/nhnacademy/b/gyeongnam_campus/p/office/d/24e124126d152919/n/보드/e/humidity
Message Data:
time: 1745202134769
value: 47.5

2025-04-21 11:22:14 [MQTT Call: JavaClientExample] INFO  com.example.mqtt.InfluxDBService - Extracted tagkey -> location: office, kind: 보드, data: humidity
Value into InfluxDB: 47.5
2025-04-21 11:22:14 [MQTT Call: JavaClientExample] INFO  com.example.mqtt.MessageData - Data sent to InfluxDBService: data/s/nhnacademy/b/gyeongnam_campus/p/office/d/24e124126d152919/n/보드/e/humidity -> 47.5
2025-04-21 11:22:14 [MQTT Call: JavaClientExample] INFO  com.example.mqtt.MessageData - Topic: data/s/nhnacademy/b/gyeongnam_campus/p/office/d/24e124126d152919/n/보드/g/24e124fffef79304/e/lora
Message Data:
time: 1745202134769
value: 

2025-04-21 11:22:14 [MQTT Call: JavaClientExample] INFO  com.example.mqtt.InfluxDBService - Extracted tagkey -> location: office, kind: 보드, data: lora
Value into InfluxDB: 0.0
2025-04-21 11:22:14 [MQTT Call: JavaClientExample] INFO  com.example.mqtt.MessageData - Data sent to InfluxDBService: data/s/nhnacademy/b/gyeongnam_campus/p/office/d/24e124126d152919/n/보드/g/24e124fffef79304/e/lora -> 0.0
2025-04-21 11:22:15 [MQTT Call: JavaClientExample] INFO  com.example.mqtt.MessageData - Topic: data/s/nhnacademy/b/gyeongnam_campus/p/office/d/24e124126d152919/n/보드/e/co2
Message Data:
time: 1745202134769
value: 718

2025-04-21 11:22:15 [MQTT Call: JavaClientExample] INFO  com.example.mqtt.InfluxDBService - Extracted tagkey -> location: office, kind: 보드, data: co2
Value into InfluxDB: 718.0
2025-04-21 11:22:15 [MQTT Call: JavaClientExample] INFO  com.example.mqtt.MessageData - Data sent to InfluxDBService: data/s/nhnacademy/b/gyeongnam_campus/p/office/d/24e124126d152919/n/보드/e/co2 -> 718.0
2025-04-21 11:22:15 [MQTT Call: JavaClientExample] INFO  com.example.mqtt.MessageData - Topic: data/s/nhnacademy/b/gyeongnam_campus/p/office/d/24e124126d152919/n/보드/e/temperature
Message Data:
time: 1745202134769
value: 23.4

2025-04-21 11:22:15 [MQTT Call: JavaClientExample] INFO  com.example.mqtt.InfluxDBService - Extracted tagkey -> location: office, kind: 보드, data: temperature
Value into InfluxDB: 23.4
2025-04-21 11:22:15 [MQTT Call: JavaClientExample] INFO  com.example.mqtt.MessageData - Data sent to InfluxDBService: data/s/nhnacademy/b/gyeongnam_campus/p/office/d/24e124126d152919/n/보드/e/temperature -> 23.4
2025-04-21 11:22:15 [MQTT Call: JavaClientExample] INFO  com.example.mqtt.MessageData - Topic: data/s/nhnacademy/b/gyeongnam_campus/p/office/d/24e124126d152919/n/보드/e/pressure
Message Data:
time: 1745202134769
value: 1016.5

2025-04-21 11:22:15 [MQTT Call: JavaClientExample] INFO  com.example.mqtt.InfluxDBService - Extracted tagkey -> location: office, kind: 보드, data: pressure
Value into InfluxDB: 1016.5
2025-04-21 11:22:15 [MQTT Call: JavaClientExample] INFO  com.example.mqtt.MessageData - Data sent to InfluxDBService: data/s/nhnacademy/b/gyeongnam_campus/p/office/d/24e124126d152919/n/보드/e/pressure -> 1016.5
2025-04-21 11:22:15 [MQTT Call: JavaClientExample] INFO  com.example.mqtt.MessageData - Topic: data/s/nhnacademy/b/gyeongnam_campus/p/office/d/24e124126d152919/n/보드/e/humidity
Message Data:
time: 1745202134769
value: 47.5

2025-04-21 11:22:15 [MQTT Call: JavaClientExample] INFO  com.example.mqtt.InfluxDBService - Extracted tagkey -> location: office, kind: 보드, data: humidity
Value into InfluxDB: 47.5
2025-04-21 11:22:15 [MQTT Call: JavaClientExample] INFO  com.example.mqtt.MessageData - Data sent to InfluxDBService: data/s/nhnacademy/b/gyeongnam_campus/p/office/d/24e124126d152919/n/보드/e/humidity -> 47.5
2025-04-21 11:22:15 [MQTT Call: JavaClientExample] INFO  com.example.mqtt.MessageData - Topic: data/s/nhnacademy/b/gyeongnam_campus/p/office/d/24e124126d152919/n/보드/g/24e124fffef5dccc/e/lora
Message Data:
time: 1745202134769
value: 

2025-04-21 11:22:15 [MQTT Call: JavaClientExample] INFO  com.example.mqtt.InfluxDBService - Extracted tagkey -> location: office, kind: 보드, data: lora
Value into InfluxDB: 0.0
2025-04-21 11:22:15 [MQTT Call: JavaClientExample] INFO  com.example.mqtt.MessageData - Data sent to InfluxDBService: data/s/nhnacademy/b/gyeongnam_campus/p/office/d/24e124126d152919/n/보드/g/24e124fffef5dccc/e/lora -> 0.0
2025-04-21 11:22:15 [MQTT Call: JavaClientExample] INFO  com.example.mqtt.MessageData - Topic: data/s/nhnacademy/b/gyeongnam_campus/p/office/d/24e124126d152919/n/보드/g/24e124fffef79304/e/lora
Message Data:
time: 1745202134769
value: 

2025-04-21 11:22:15 [MQTT Call: JavaClientExample] INFO  com.example.mqtt.InfluxDBService - Extracted tagkey -> location: office, kind: 보드, data: lora
Value into InfluxDB: 0.0
2025-04-21 11:22:15 [MQTT Call: JavaClientExample] INFO  com.example.mqtt.MessageData - Data sent to InfluxDBService: data/s/nhnacademy/b/gyeongnam_campus/p/office/d/24e124126d152919/n/보드/g/24e124fffef79304/e/lora -> 0.0
2025-04-21 11:22:17 [MQTT Call: JavaClientExample] INFO  com.example.mqtt.MessageData - Topic: data/s/nhnacademy/b/gyeongnam_campus/p/class_a/d/24e124128c067999/sp/입구/n/입구/e/tvoc
Message Data:
time: 1745202137476
value: 299

2025-04-21 11:22:17 [MQTT Call: JavaClientExample] INFO  com.example.mqtt.InfluxDBService - Extracted tagkey -> location: class_a, kind: 입구, data: tvoc
Value into InfluxDB: 299.0
2025-04-21 11:22:17 [MQTT Call: JavaClientExample] INFO  com.example.mqtt.MessageData - Data sent to InfluxDBService: data/s/nhnacademy/b/gyeongnam_campus/p/class_a/d/24e124128c067999/sp/입구/n/입구/e/tvoc -> 299.0
2025-04-21 11:22:17 [MQTT Call: JavaClientExample] INFO  com.example.mqtt.MessageData - Topic: data/s/nhnacademy/b/gyeongnam_campus/p/class_a/d/24e124128c067999/sp/입구/n/입구/e/pressure
Message Data:
time: 1745202137476
value: 1008.9

2025-04-21 11:22:17 [MQTT Call: JavaClientExample] INFO  com.example.mqtt.InfluxDBService - Extracted tagkey -> location: class_a, kind: 입구, data: pressure
Value into InfluxDB: 1008.9
2025-04-21 11:22:17 [MQTT Call: JavaClientExample] INFO  com.example.mqtt.MessageData - Data sent to InfluxDBService: data/s/nhnacademy/b/gyeongnam_campus/p/class_a/d/24e124128c067999/sp/입구/n/입구/e/pressure -> 1008.9
2025-04-21 11:22:17 [MQTT Call: JavaClientExample] INFO  com.example.mqtt.MessageData - Topic: data/s/nhnacademy/b/gyeongnam_campus/p/class_a/d/24e124128c067999/sp/입구/n/입구/e/illumination
Message Data:
time: 1745202137476
value: 67

2025-04-21 11:22:17 [MQTT Call: JavaClientExample] INFO  com.example.mqtt.InfluxDBService - Extracted tagkey -> location: class_a, kind: 입구, data: illumination
Value into InfluxDB: 67.0
2025-04-21 11:22:17 [MQTT Call: JavaClientExample] INFO  com.example.mqtt.MessageData - Data sent to InfluxDBService: data/s/nhnacademy/b/gyeongnam_campus/p/class_a/d/24e124128c067999/sp/입구/n/입구/e/illumination -> 67.0
2025-04-21 11:22:17 [MQTT Call: JavaClientExample] INFO  com.example.mqtt.MessageData - Topic: data/s/nhnacademy/b/gyeongnam_campus/p/class_a/d/24e124128c067999/sp/입구/n/입구/e/activity
Message Data:
time: 1745202137476
value: 0

2025-04-21 11:22:17 [MQTT Call: JavaClientExample] INFO  com.example.mqtt.InfluxDBService - Extracted tagkey -> location: class_a, kind: 입구, data: activity
Value into InfluxDB: 0.0
2025-04-21 11:22:17 [MQTT Call: JavaClientExample] INFO  com.example.mqtt.MessageData - Data sent to InfluxDBService: data/s/nhnacademy/b/gyeongnam_campus/p/class_a/d/24e124128c067999/sp/입구/n/입구/e/activity -> 0.0
2025-04-21 11:22:17 [MQTT Call: JavaClientExample] INFO  com.example.mqtt.MessageData - Topic: data/s/nhnacademy/b/gyeongnam_campus/p/class_a/d/24e124128c067999/sp/입구/n/입구/e/temperature
Message Data:
time: 1745202137476
value: 23.9

2025-04-21 11:22:17 [MQTT Call: JavaClientExample] INFO  com.example.mqtt.InfluxDBService - Extracted tagkey -> location: class_a, kind: 입구, data: temperature
Value into InfluxDB: 23.9
2025-04-21 11:22:17 [MQTT Call: JavaClientExample] INFO  com.example.mqtt.MessageData - Data sent to InfluxDBService: data/s/nhnacademy/b/gyeongnam_campus/p/class_a/d/24e124128c067999/sp/입구/n/입구/e/temperature -> 23.9
2025-04-21 11:22:17 [MQTT Call: JavaClientExample] INFO  com.example.mqtt.MessageData - Topic: data/s/nhnacademy/b/gyeongnam_campus/p/class_a/d/24e124128c067999/sp/입구/n/입구/e/co2
Message Data:
time: 1745202137476
value: 906

2025-04-21 11:22:17 [MQTT Call: JavaClientExample] INFO  com.example.mqtt.InfluxDBService - Extracted tagkey -> location: class_a, kind: 입구, data: co2
Value into InfluxDB: 906.0
2025-04-21 11:22:17 [MQTT Call: JavaClientExample] INFO  com.example.mqtt.MessageData - Data sent to InfluxDBService: data/s/nhnacademy/b/gyeongnam_campus/p/class_a/d/24e124128c067999/sp/입구/n/입구/e/co2 -> 906.0
2025-04-21 11:22:17 [MQTT Call: JavaClientExample] INFO  com.example.mqtt.MessageData - Topic: data/s/nhnacademy/b/gyeongnam_campus/p/class_a/d/24e124128c067999/sp/입구/n/입구/e/infrared
Message Data:
time: 1745202137476
value: 7

2025-04-21 11:22:17 [MQTT Call: JavaClientExample] INFO  com.example.mqtt.InfluxDBService - Extracted tagkey -> location: class_a, kind: 입구, data: infrared
Value into InfluxDB: 7.0
2025-04-21 11:22:17 [MQTT Call: JavaClientExample] INFO  com.example.mqtt.MessageData - Data sent to InfluxDBService: data/s/nhnacademy/b/gyeongnam_campus/p/class_a/d/24e124128c067999/sp/입구/n/입구/e/infrared -> 7.0
2025-04-21 11:22:17 [MQTT Call: JavaClientExample] INFO  com.example.mqtt.MessageData - Topic: data/s/nhnacademy/b/gyeongnam_campus/p/class_a/d/24e124128c067999/sp/입구/n/입구/e/humidity
Message Data:
time: 1745202137476
value: 45.5

2025-04-21 11:22:17 [MQTT Call: JavaClientExample] INFO  com.example.mqtt.InfluxDBService - Extracted tagkey -> location: class_a, kind: 입구, data: humidity
Value into InfluxDB: 45.5
2025-04-21 11:22:17 [MQTT Call: JavaClientExample] INFO  com.example.mqtt.MessageData - Data sent to InfluxDBService: data/s/nhnacademy/b/gyeongnam_campus/p/class_a/d/24e124128c067999/sp/입구/n/입구/e/humidity -> 45.5
2025-04-21 11:22:17 [MQTT Call: JavaClientExample] INFO  com.example.mqtt.MessageData - Topic: data/s/nhnacademy/b/gyeongnam_campus/p/class_a/d/24e124128c067999/sp/입구/n/입구/e/infrared_and_visible
Message Data:
time: 1745202137476
value: 46

2025-04-21 11:22:17 [MQTT Call: JavaClientExample] INFO  com.example.mqtt.InfluxDBService - Extracted tagkey -> location: class_a, kind: 입구, data: infrared_and_visible
Value into InfluxDB: 46.0
2025-04-21 11:22:17 [MQTT Call: JavaClientExample] INFO  com.example.mqtt.MessageData - Data sent to InfluxDBService: data/s/nhnacademy/b/gyeongnam_campus/p/class_a/d/24e124128c067999/sp/입구/n/입구/e/infrared_and_visible -> 46.0
2025-04-21 11:22:17 [MQTT Call: JavaClientExample] INFO  com.example.mqtt.MessageData - Topic: data/s/nhnacademy/b/gyeongnam_campus/p/class_a/d/24e124128c067999/sp/입구/n/입구/g/24e124fffef5dccc/e/lora
Message Data:
time: 1745202137476
value: 

2025-04-21 11:22:17 [MQTT Call: JavaClientExample] INFO  com.example.mqtt.InfluxDBService - Extracted tagkey -> location: class_a, kind: 입구, data: lora
Value into InfluxDB: 0.0
2025-04-21 11:22:17 [MQTT Call: JavaClientExample] INFO  com.example.mqtt.MessageData - Data sent to InfluxDBService: data/s/nhnacademy/b/gyeongnam_campus/p/class_a/d/24e124128c067999/sp/입구/n/입구/g/24e124fffef5dccc/e/lora -> 0.0
2025-04-21 11:22:17 [MQTT Call: JavaClientExample] INFO  com.example.mqtt.MessageData - Topic: data/s/nhnacademy/b/gyeongnam_campus/p/class_a/d/24e124128c067999/sp/입구/n/입구/g/24e124fffef79304/e/lora
Message Data:
time: 1745202137476
value: 

2025-04-21 11:22:17 [MQTT Call: JavaClientExample] INFO  com.example.mqtt.InfluxDBService - Extracted tagkey -> location: class_a, kind: 입구, data: lora
Value into InfluxDB: 0.0
2025-04-21 11:22:17 [MQTT Call: JavaClientExample] INFO  com.example.mqtt.MessageData - Data sent to InfluxDBService: data/s/nhnacademy/b/gyeongnam_campus/p/class_a/d/24e124128c067999/sp/입구/n/입구/g/24e124fffef79304/e/lora -> 0.0
2025-04-21 11:22:19 [MQTT Call: JavaClientExample] INFO  com.example.mqtt.MessageData - Topic: data/s/nhnacademy/b/gyeongnam_campus/p/hive/d/24e124785c389010/n/정수기 위/e/humidity
Message Data:
time: 1745202138889
value: 41

2025-04-21 11:22:19 [MQTT Call: JavaClientExample] INFO  com.example.mqtt.InfluxDBService - Extracted tagkey -> location: hive, kind: 정수기 위, data: humidity
Value into InfluxDB: 41.0
2025-04-21 11:22:19 [MQTT Call: JavaClientExample] INFO  com.example.mqtt.MessageData - Data sent to InfluxDBService: data/s/nhnacademy/b/gyeongnam_campus/p/hive/d/24e124785c389010/n/정수기 위/e/humidity -> 41.0
2025-04-21 11:22:19 [MQTT Call: JavaClientExample] INFO  com.example.mqtt.MessageData - Topic: data/s/nhnacademy/b/gyeongnam_campus/p/hive/d/24e124785c389010/n/정수기 위/e/temperature
Message Data:
time: 1745202138889
value: 25.3

2025-04-21 11:22:19 [MQTT Call: JavaClientExample] INFO  com.example.mqtt.InfluxDBService - Extracted tagkey -> location: hive, kind: 정수기 위, data: temperature
Value into InfluxDB: 25.3
2025-04-21 11:22:19 [MQTT Call: JavaClientExample] INFO  com.example.mqtt.MessageData - Data sent to InfluxDBService: data/s/nhnacademy/b/gyeongnam_campus/p/hive/d/24e124785c389010/n/정수기 위/e/temperature -> 25.3
2025-04-21 11:22:19 [MQTT Call: JavaClientExample] INFO  com.example.mqtt.MessageData - Topic: data/s/nhnacademy/b/gyeongnam_campus/p/hive/d/24e124785c389010/n/정수기 위/e/battery
Message Data:
time: 1745202138889
value: 86

2025-04-21 11:22:19 [MQTT Call: JavaClientExample] INFO  com.example.mqtt.InfluxDBService - Extracted tagkey -> location: hive, kind: 정수기 위, data: battery
Value into InfluxDB: 86.0
2025-04-21 11:22:19 [MQTT Call: JavaClientExample] INFO  com.example.mqtt.MessageData - Data sent to InfluxDBService: data/s/nhnacademy/b/gyeongnam_campus/p/hive/d/24e124785c389010/n/정수기 위/e/battery -> 86.0
2025-04-21 11:22:19 [MQTT Call: JavaClientExample] INFO  com.example.mqtt.MessageData - Topic: data/s/nhnacademy/b/gyeongnam_campus/p/hive/d/24e124785c389010/n/정수기 위/g/24e124fffef79304/e/lora
Message Data:
time: 1745202138889
value: 

2025-04-21 11:22:19 [MQTT Call: JavaClientExample] INFO  com.example.mqtt.InfluxDBService - Extracted tagkey -> location: hive, kind: 정수기 위, data: lora
Value into InfluxDB: 0.0
2025-04-21 11:22:19 [MQTT Call: JavaClientExample] INFO  com.example.mqtt.MessageData - Data sent to InfluxDBService: data/s/nhnacademy/b/gyeongnam_campus/p/hive/d/24e124785c389010/n/정수기 위/g/24e124fffef79304/e/lora -> 0.0
2025-04-21 11:22:19 [MQTT Call: JavaClientExample] INFO  com.example.mqtt.MessageData - Topic: data/s/nhnacademy/b/gyeongnam_campus/p/hive/d/24e124785c389010/n/정수기 위/g/24e124fffef5dccc/e/lora
Message Data:
time: 1745202138889
value: 

2025-04-21 11:22:19 [MQTT Call: JavaClientExample] INFO  com.example.mqtt.InfluxDBService - Extracted tagkey -> location: hive, kind: 정수기 위, data: lora
Value into InfluxDB: 0.0
2025-04-21 11:22:19 [MQTT Call: JavaClientExample] INFO  com.example.mqtt.MessageData - Data sent to InfluxDBService: data/s/nhnacademy/b/gyeongnam_campus/p/hive/d/24e124785c389010/n/정수기 위/g/24e124fffef5dccc/e/lora -> 0.0
2025-04-21 11:22:26 [MQTT Call: JavaClientExample] INFO  com.example.mqtt.MessageData - Topic: data/s/nhnacademy/b/gyeongnam_campus/p/server_room/d/24e124136d151368/n/입구/e/temperature
Message Data:
time: 1745202146379
value: 23.8

2025-04-21 11:22:26 [MQTT Call: JavaClientExample] INFO  com.example.mqtt.InfluxDBService - Extracted tagkey -> location: server_room, kind: 입구, data: temperature
Value into InfluxDB: 23.8
2025-04-21 11:22:26 [MQTT Call: JavaClientExample] INFO  com.example.mqtt.MessageData - Data sent to InfluxDBService: data/s/nhnacademy/b/gyeongnam_campus/p/server_room/d/24e124136d151368/n/입구/e/temperature -> 23.8
2025-04-21 11:22:26 [MQTT Call: JavaClientExample] INFO  com.example.mqtt.MessageData - Topic: data/s/nhnacademy/b/gyeongnam_campus/p/server_room/d/24e124136d151368/n/입구/e/humidity
Message Data:
time: 1745202146379
value: 46.5

2025-04-21 11:22:26 [MQTT Call: JavaClientExample] INFO  com.example.mqtt.InfluxDBService - Extracted tagkey -> location: server_room, kind: 입구, data: humidity
Value into InfluxDB: 46.5
2025-04-21 11:22:26 [MQTT Call: JavaClientExample] INFO  com.example.mqtt.MessageData - Data sent to InfluxDBService: data/s/nhnacademy/b/gyeongnam_campus/p/server_room/d/24e124136d151368/n/입구/e/humidity -> 46.5
2025-04-21 11:22:26 [MQTT Call: JavaClientExample] INFO  com.example.mqtt.MessageData - Topic: data/s/nhnacademy/b/gyeongnam_campus/p/server_room/d/24e124136d151368/n/입구/g/24e124fffef79304/e/lora
Message Data:
time: 1745202146379
value: 

2025-04-21 11:22:26 [MQTT Call: JavaClientExample] INFO  com.example.mqtt.InfluxDBService - Extracted tagkey -> location: server_room, kind: 입구, data: lora
Value into InfluxDB: 0.0
2025-04-21 11:22:26 [MQTT Call: JavaClientExample] INFO  com.example.mqtt.MessageData - Data sent to InfluxDBService: data/s/nhnacademy/b/gyeongnam_campus/p/server_room/d/24e124136d151368/n/입구/g/24e124fffef79304/e/lora -> 0.0
2025-04-21 11:22:26 [MQTT Call: JavaClientExample] INFO  com.example.mqtt.MessageData - Topic: data/s/nhnacademy/b/gyeongnam_campus/p/server_room/d/24e124136d151368/n/입구/g/24e124fffef5dccc/e/lora
Message Data:
time: 1745202146379
value: 

2025-04-21 11:22:26 [MQTT Call: JavaClientExample] INFO  com.example.mqtt.InfluxDBService - Extracted tagkey -> location: server_room, kind: 입구, data: lora
Value into InfluxDB: 0.0
2025-04-21 11:22:26 [MQTT Call: JavaClientExample] INFO  com.example.mqtt.MessageData - Data sent to InfluxDBService: data/s/nhnacademy/b/gyeongnam_campus/p/server_room/d/24e124136d151368/n/입구/g/24e124fffef5dccc/e/lora -> 0.0
2025-04-21 11:22:34 [MQTT Call: JavaClientExample] INFO  com.example.mqtt.MessageData - Topic: data/s/nhnacademy/b/gyeongnam_campus/p/pair_room/d/24e124617d159573/n/2/e/battery
Message Data:
time: 1745202154570
value: 33

2025-04-21 11:22:34 [MQTT Call: JavaClientExample] INFO  com.example.mqtt.InfluxDBService - Extracted tagkey -> location: pair_room, kind: 2, data: battery
Value into InfluxDB: 33.0
2025-04-21 11:22:34 [MQTT Call: JavaClientExample] INFO  com.example.mqtt.MessageData - Data sent to InfluxDBService: data/s/nhnacademy/b/gyeongnam_campus/p/pair_room/d/24e124617d159573/n/2/e/battery -> 33.0
2025-04-21 11:22:34 [MQTT Call: JavaClientExample] INFO  com.example.mqtt.MessageData - Topic: data/s/nhnacademy/b/gyeongnam_campus/p/pair_room/d/24e124617d159573/n/2/e/distance
Message Data:
time: 1745202154570
value: 2235

2025-04-21 11:22:34 [MQTT Call: JavaClientExample] INFO  com.example.mqtt.InfluxDBService - Extracted tagkey -> location: pair_room, kind: 2, data: distance
Value into InfluxDB: 2235.0
2025-04-21 11:22:34 [MQTT Call: JavaClientExample] INFO  com.example.mqtt.MessageData - Data sent to InfluxDBService: data/s/nhnacademy/b/gyeongnam_campus/p/pair_room/d/24e124617d159573/n/2/e/distance -> 2235.0
2025-04-21 11:22:34 [MQTT Call: JavaClientExample] INFO  com.example.mqtt.MessageData - Topic: data/s/nhnacademy/b/gyeongnam_campus/p/pair_room/d/24e124617d159573/n/2/e/occupancy
Message Data:
time: 1745202154570
value: 0

2025-04-21 11:22:34 [MQTT Call: JavaClientExample] INFO  com.example.mqtt.InfluxDBService - Extracted tagkey -> location: pair_room, kind: 2, data: occupancy
Value into InfluxDB: 0.0
2025-04-21 11:22:34 [MQTT Call: JavaClientExample] INFO  com.example.mqtt.MessageData - Data sent to InfluxDBService: data/s/nhnacademy/b/gyeongnam_campus/p/pair_room/d/24e124617d159573/n/2/e/occupancy -> 0.0
2025-04-21 11:22:34 [MQTT Call: JavaClientExample] INFO  com.example.mqtt.MessageData - Topic: data/s/nhnacademy/b/gyeongnam_campus/p/pair_room/d/24e124617d159573/n/2/g/24e124fffef79304/e/lora
Message Data:
time: 1745202154570
value: 

2025-04-21 11:22:34 [MQTT Call: JavaClientExample] INFO  com.example.mqtt.InfluxDBService - Extracted tagkey -> location: pair_room, kind: 2, data: lora
Value into InfluxDB: 0.0
2025-04-21 11:22:34 [MQTT Call: JavaClientExample] INFO  com.example.mqtt.MessageData - Data sent to InfluxDBService: data/s/nhnacademy/b/gyeongnam_campus/p/pair_room/d/24e124617d159573/n/2/g/24e124fffef79304/e/lora -> 0.0
2025-04-21 11:22:34 [MQTT Call: JavaClientExample] INFO  com.example.mqtt.MessageData - Topic: data/s/nhnacademy/b/gyeongnam_campus/p/pair_room/d/24e124617d159573/n/2/g/24e124fffef5dccc/e/lora
Message Data:
time: 1745202154570
value: 

2025-04-21 11:22:34 [MQTT Call: JavaClientExample] INFO  com.example.mqtt.InfluxDBService - Extracted tagkey -> location: pair_room, kind: 2, data: lora
Value into InfluxDB: 0.0
2025-04-21 11:22:34 [MQTT Call: JavaClientExample] INFO  com.example.mqtt.MessageData - Data sent to InfluxDBService: data/s/nhnacademy/b/gyeongnam_campus/p/pair_room/d/24e124617d159573/n/2/g/24e124fffef5dccc/e/lora -> 0.0
2025-04-21 11:22:46 [MQTT Call: JavaClientExample] INFO  com.example.mqtt.MessageData - Topic: data/s/nhnacademy/b/gyeongnam_campus/p/storage/d/24e124136d151547/n/입구/e/temperature
Message Data:
time: 1745202166416
value: -0.1

2025-04-21 11:22:46 [MQTT Call: JavaClientExample] INFO  com.example.mqtt.InfluxDBService - Extracted tagkey -> location: storage, kind: 입구, data: temperature
Value into InfluxDB: -0.1
2025-04-21 11:22:46 [MQTT Call: JavaClientExample] INFO  com.example.mqtt.MessageData - Data sent to InfluxDBService: data/s/nhnacademy/b/gyeongnam_campus/p/storage/d/24e124136d151547/n/입구/e/temperature -> -0.1
2025-04-21 11:22:46 [MQTT Call: JavaClientExample] INFO  com.example.mqtt.MessageData - Topic: data/s/nhnacademy/b/gyeongnam_campus/p/storage/d/24e124136d151547/n/입구/e/humidity
Message Data:
time: 1745202166416
value: 127.5

2025-04-21 11:22:46 [MQTT Call: JavaClientExample] INFO  com.example.mqtt.InfluxDBService - Extracted tagkey -> location: storage, kind: 입구, data: humidity
Value into InfluxDB: 127.5
2025-04-21 11:22:46 [MQTT Call: JavaClientExample] INFO  com.example.mqtt.MessageData - Data sent to InfluxDBService: data/s/nhnacademy/b/gyeongnam_campus/p/storage/d/24e124136d151547/n/입구/e/humidity -> 127.5
2025-04-21 11:22:46 [MQTT Call: JavaClientExample] INFO  com.example.mqtt.MessageData - Topic: data/s/nhnacademy/b/gyeongnam_campus/p/storage/d/24e124136d151547/n/입구/e/battery
Message Data:
time: 1745202166416
value: 1

2025-04-21 11:22:46 [MQTT Call: JavaClientExample] INFO  com.example.mqtt.InfluxDBService - Extracted tagkey -> location: storage, kind: 입구, data: battery
Value into InfluxDB: 1.0
2025-04-21 11:22:46 [MQTT Call: JavaClientExample] INFO  com.example.mqtt.MessageData - Data sent to InfluxDBService: data/s/nhnacademy/b/gyeongnam_campus/p/storage/d/24e124136d151547/n/입구/e/battery -> 1.0
2025-04-21 11:22:46 [MQTT Call: JavaClientExample] INFO  com.example.mqtt.MessageData - Topic: data/s/nhnacademy/b/gyeongnam_campus/p/storage/d/24e124136d151547/n/입구/g/24e124fffef79304/e/lora
Message Data:
time: 1745202166416
value: 

2025-04-21 11:22:46 [MQTT Call: JavaClientExample] INFO  com.example.mqtt.InfluxDBService - Extracted tagkey -> location: storage, kind: 입구, data: lora
Value into InfluxDB: 0.0
2025-04-21 11:22:46 [MQTT Call: JavaClientExample] INFO  com.example.mqtt.MessageData - Data sent to InfluxDBService: data/s/nhnacademy/b/gyeongnam_campus/p/storage/d/24e124136d151547/n/입구/g/24e124fffef79304/e/lora -> 0.0
2025-04-21 11:22:46 [MQTT Call: JavaClientExample] INFO  com.example.mqtt.MessageData - Topic: data/s/nhnacademy/b/gyeongnam_campus/p/storage/d/24e124136d151547/n/입구/g/24e124fffef5dccc/e/lora
Message Data:
time: 1745202166416
value: 

2025-04-21 11:22:46 [MQTT Call: JavaClientExample] INFO  com.example.mqtt.InfluxDBService - Extracted tagkey -> location: storage, kind: 입구, data: lora
Value into InfluxDB: 0.0
2025-04-21 11:22:46 [MQTT Call: JavaClientExample] INFO  com.example.mqtt.MessageData - Data sent to InfluxDBService: data/s/nhnacademy/b/gyeongnam_campus/p/storage/d/24e124136d151547/n/입구/g/24e124fffef5dccc/e/lora -> 0.0
2025-04-21 11:22:46 [MQTT Call: JavaClientExample] INFO  com.example.mqtt.MessageData - Topic: data/s/nhnacademy/b/gyeongnam_campus/p/campus/d/gem3500_1/n/캠퍼스_LL/e/voltage
Message Data:
time: 1745202166839
value: 379.35

2025-04-21 11:22:46 [MQTT Call: JavaClientExample] INFO  com.example.mqtt.InfluxDBService - Extracted tagkey -> location: campus, kind: 캠퍼스_LL, data: voltage
Value into InfluxDB: 379.35
2025-04-21 11:22:46 [MQTT Call: JavaClientExample] INFO  com.example.mqtt.MessageData - Data sent to InfluxDBService: data/s/nhnacademy/b/gyeongnam_campus/p/campus/d/gem3500_1/n/캠퍼스_LL/e/voltage -> 379.35
2025-04-21 11:22:46 [MQTT Call: JavaClientExample] INFO  com.example.mqtt.MessageData - Topic: data/s/nhnacademy/b/gyeongnam_campus/p/campus/d/gem3500_1/n/캠퍼스_LN/e/voltage
Message Data:
time: 1745202166839
value: 219.02

2025-04-21 11:22:46 [MQTT Call: JavaClientExample] INFO  com.example.mqtt.InfluxDBService - Extracted tagkey -> location: campus, kind: 캠퍼스_LN, data: voltage
Value into InfluxDB: 219.02
2025-04-21 11:22:46 [MQTT Call: JavaClientExample] INFO  com.example.mqtt.MessageData - Data sent to InfluxDBService: data/s/nhnacademy/b/gyeongnam_campus/p/campus/d/gem3500_1/n/캠퍼스_LN/e/voltage -> 219.02
2025-04-21 11:22:46 [MQTT Call: JavaClientExample] INFO  com.example.mqtt.MessageData - Topic: data/s/nhnacademy/b/gyeongnam_campus/p/campus/d/gem3500_1/n/캠퍼스1/e/power_meter
Message Data:
time: 1745202166940
type: 5
leakageCurrent: 0
current: 2904
activePower: 5404
reactivePower: -1858
tapparentPower: 6319
powerFactor: 85.52
currentUnbalance: 57.69
lines: 

2025-04-21 11:22:46 [MQTT Call: JavaClientExample] WARN  com.example.mqtt.MessageData - No 'value' field found in message, skipping InfluxDB write.
2025-04-21 11:22:46 [MQTT Call: JavaClientExample] INFO  com.example.mqtt.MessageData - Topic: data/s/nhnacademy/b/gyeongnam_campus/p/campus/d/gem3500_1/n/전등1/e/power_meter
Message Data:
time: 1745202167040
type: 3
leakageCurrent: 0
current: 701
activePower: 1306
reactivePower: -331
tapparentPower: 1534
powerFactor: 85.13
currentUnbalance: 0
lines: 

2025-04-21 11:22:46 [MQTT Call: JavaClientExample] WARN  com.example.mqtt.MessageData - No 'value' field found in message, skipping InfluxDB write.
2025-04-21 11:22:47 [MQTT Call: JavaClientExample] INFO  com.example.mqtt.MessageData - Topic: data/s/nhnacademy/b/gyeongnam_campus/p/campus/d/gem3500_1/n/전등2/e/power_meter
Message Data:
time: 1745202167143
type: 1
leakageCurrent: 0
current: 570
activePower: 1138
reactivePower: -285
tapparentPower: 1253
powerFactor: 90.8
currentUnbalance: 0
lines: 

2025-04-21 11:22:47 [MQTT Call: JavaClientExample] WARN  com.example.mqtt.MessageData - No 'value' field found in message, skipping InfluxDB write.
2025-04-21 11:22:47 [MQTT Call: JavaClientExample] INFO  com.example.mqtt.MessageData - Topic: data/s/nhnacademy/b/gyeongnam_campus/p/campus/d/gem3500_1/n/전등3/e/power_meter
Message Data:
time: 1745202167243
type: 2
leakageCurrent: 0
current: 0
activePower: 0
reactivePower: 0
tapparentPower: 0
powerFactor: 0
currentUnbalance: 0
lines: 

2025-04-21 11:22:47 [MQTT Call: JavaClientExample] WARN  com.example.mqtt.MessageData - No 'value' field found in message, skipping InfluxDB write.
2025-04-21 11:22:47 [MQTT Call: JavaClientExample] INFO  com.example.mqtt.MessageData - Topic: data/s/nhnacademy/b/gyeongnam_campus/p/campus/d/gem3500_1/n/강의실b_바닥/e/power_meter
Message Data:
time: 1745202167343
type: 3
leakageCurrent: 0
current: 223
activePower: 376
reactivePower: -242
tapparentPower: 501
powerFactor: 75.11
currentUnbalance: 0
lines: 

2025-04-21 11:22:47 [MQTT Call: JavaClientExample] WARN  com.example.mqtt.MessageData - No 'value' field found in message, skipping InfluxDB write.
2025-04-21 11:22:47 [MQTT Call: JavaClientExample] INFO  com.example.mqtt.MessageData - Topic: data/s/nhnacademy/b/gyeongnam_campus/p/campus/d/gem3500_1/n/강의실a_바닥1/e/power_meter
Message Data:
time: 1745202167446
type: 1
leakageCurrent: 0
current: 328
activePower: 540
reactivePower: -369
tapparentPower: 708
powerFactor: 76.27
currentUnbalance: 0
lines: 

2025-04-21 11:22:47 [MQTT Call: JavaClientExample] WARN  com.example.mqtt.MessageData - No 'value' field found in message, skipping InfluxDB write.
2025-04-21 11:22:47 [MQTT Call: JavaClientExample] INFO  com.example.mqtt.MessageData - Topic: data/s/nhnacademy/b/gyeongnam_campus/p/campus/d/gem3500_1/n/강의실a_바닥2/e/power_meter
Message Data:
time: 1745202167546
type: 2
leakageCurrent: 0
current: 173
activePower: 302
reactivePower: -180
tapparentPower: 381
powerFactor: 79.24
currentUnbalance: 0
lines: 

2025-04-21 11:22:47 [MQTT Call: JavaClientExample] WARN  com.example.mqtt.MessageData - No 'value' field found in message, skipping InfluxDB write.
2025-04-21 11:22:47 [MQTT Call: JavaClientExample] INFO  com.example.mqtt.MessageData - Topic: data/s/nhnacademy/b/gyeongnam_campus/p/campus/d/gem3500_1/n/프로젝터1/e/power_meter
Message Data:
time: 1745202167648
type: 3
leakageCurrent: 0
current: 94
activePower: 122
reactivePower: -146
tapparentPower: 206
powerFactor: 59.3
currentUnbalance: 0
lines: 

2025-04-21 11:22:47 [MQTT Call: JavaClientExample] WARN  com.example.mqtt.MessageData - No 'value' field found in message, skipping InfluxDB write.
2025-04-21 11:22:47 [MQTT Call: JavaClientExample] INFO  com.example.mqtt.MessageData - Topic: data/s/nhnacademy/b/gyeongnam_campus/p/campus/d/gem3500_1/n/프로젝터2/e/power_meter
Message Data:
time: 1745202167748
type: 1
leakageCurrent: 0
current: 39
activePower: 45
reactivePower: -69
tapparentPower: 88
powerFactor: 51.35
currentUnbalance: 0
lines: 

2025-04-21 11:22:47 [MQTT Call: JavaClientExample] WARN  com.example.mqtt.MessageData - No 'value' field found in message, skipping InfluxDB write.
2025-04-21 11:22:47 [MQTT Call: JavaClientExample] INFO  com.example.mqtt.MessageData - Topic: data/s/nhnacademy/b/gyeongnam_campus/p/campus/d/gem3500_1/n/회의실/e/power_meter
Message Data:
time: 1745202167851
type: 2
leakageCurrent: 0
current: 14
activePower: 4
reactivePower: -28
tapparentPower: 31
powerFactor: 15.38
currentUnbalance: 0
lines: 

2025-04-21 11:22:47 [MQTT Call: JavaClientExample] WARN  com.example.mqtt.MessageData - No 'value' field found in message, skipping InfluxDB write.
2025-04-21 11:22:47 [MQTT Call: JavaClientExample] INFO  com.example.mqtt.MessageData - Topic: data/s/nhnacademy/b/gyeongnam_campus/p/campus/d/gem3500_1/n/서버실/e/power_meter
Message Data:
time: 1745202167952
type: 3
leakageCurrent: 0
current: 198
activePower: 391
reactivePower: -112
tapparentPower: 439
powerFactor: 89.07
currentUnbalance: 0
lines: 

2025-04-21 11:22:47 [MQTT Call: JavaClientExample] WARN  com.example.mqtt.MessageData - No 'value' field found in message, skipping InfluxDB write.
2025-04-21 11:22:47 [MQTT Call: JavaClientExample] INFO  com.example.mqtt.MessageData - Topic: data/s/nhnacademy/b/gyeongnam_campus/p/campus/d/gem3500_1/n/간판/e/power_meter
Message Data:
time: 1745202168052
type: 1
leakageCurrent: 0
current: 0
activePower: 0
reactivePower: 0
tapparentPower: 0
powerFactor: 0
currentUnbalance: 0
lines: 

2025-04-21 11:22:47 [MQTT Call: JavaClientExample] WARN  com.example.mqtt.MessageData - No 'value' field found in message, skipping InfluxDB write.
2025-04-21 11:22:48 [MQTT Call: JavaClientExample] INFO  com.example.mqtt.MessageData - Topic: data/s/nhnacademy/b/gyeongnam_campus/p/campus/d/gem3500_1/n/페어룸/e/power_meter
Message Data:
time: 1745202168154
type: 2
leakageCurrent: 0
current: 0
activePower: 0
reactivePower: 0
tapparentPower: 0
powerFactor: 0
currentUnbalance: 0
lines: 

2025-04-21 11:22:48 [MQTT Call: JavaClientExample] WARN  com.example.mqtt.MessageData - No 'value' field found in message, skipping InfluxDB write.
2025-04-21 11:22:48 [MQTT Call: JavaClientExample] INFO  com.example.mqtt.MessageData - Topic: data/s/nhnacademy/b/gyeongnam_campus/p/campus/d/gem3500_1/n/사무실_전열1/e/power_meter
Message Data:
time: 1745202168257
type: 3
leakageCurrent: 0
current: 83
activePower: 100
reactivePower: -57
tapparentPower: 180
powerFactor: 55.99
currentUnbalance: 0
lines: 

2025-04-21 11:22:48 [MQTT Call: JavaClientExample] WARN  com.example.mqtt.MessageData - No 'value' field found in message, skipping InfluxDB write.
2025-04-21 11:22:48 [MQTT Call: JavaClientExample] INFO  com.example.mqtt.MessageData - Topic: data/s/nhnacademy/b/gyeongnam_campus/p/campus/d/gem3500_1/n/사무실_전열2/e/power_meter
Message Data:
time: 1745202168358
type: 3
leakageCurrent: 0
current: 89
activePower: 91
reactivePower: -57
tapparentPower: 199
powerFactor: 45.78
currentUnbalance: 0
lines: 

2025-04-21 11:22:48 [MQTT Call: JavaClientExample] WARN  com.example.mqtt.MessageData - No 'value' field found in message, skipping InfluxDB write.
2025-04-21 11:22:48 [MQTT Call: JavaClientExample] INFO  com.example.mqtt.MessageData - Topic: data/s/nhnacademy/b/gyeongnam_campus/p/campus/d/gem3500_1/n/사무실_복사기/e/power_meter
Message Data:
time: 1745202168456
type: 1
leakageCurrent: 0
current: 91
activePower: 127
reactivePower: 151
tapparentPower: 199
powerFactor: 63.85
currentUnbalance: 0
lines: 

2025-04-21 11:22:48 [MQTT Call: JavaClientExample] WARN  com.example.mqtt.MessageData - No 'value' field found in message, skipping InfluxDB write.
2025-04-21 11:22:48 [MQTT Call: JavaClientExample] INFO  com.example.mqtt.MessageData - Topic: data/s/nhnacademy/b/gyeongnam_campus/p/campus/d/gem3500_1/n/빌트인_전열/e/power_meter
Message Data:
time: 1745202168560
type: 2
leakageCurrent: 0
current: 5
activePower: 4
reactivePower: -7
tapparentPower: 14
powerFactor: 33.33
currentUnbalance: 0
lines: 

2025-04-21 11:22:48 [MQTT Call: JavaClientExample] WARN  com.example.mqtt.MessageData - No 'value' field found in message, skipping InfluxDB write.
2025-04-21 11:22:48 [MQTT Call: JavaClientExample] INFO  com.example.mqtt.MessageData - Topic: data/s/nhnacademy/b/gyeongnam_campus/p/campus/d/gem3500_1/n/사무실_전열3/e/power_meter
Message Data:
time: 1745202168661
type: 3
leakageCurrent: 0
current: 0
activePower: 0
reactivePower: 0
tapparentPower: 0
powerFactor: 0
currentUnbalance: 0
lines: 

2025-04-21 11:22:48 [MQTT Call: JavaClientExample] WARN  com.example.mqtt.MessageData - No 'value' field found in message, skipping InfluxDB write.
2025-04-21 11:22:48 [MQTT Call: JavaClientExample] INFO  com.example.mqtt.MessageData - Topic: data/s/nhnacademy/b/gyeongnam_campus/p/campus/d/gem3500_1/n/정수기/e/power_meter
Message Data:
time: 1745202168759
type: 1
leakageCurrent: 0
current: 221
activePower: 485
reactivePower: -16
tapparentPower: 485
powerFactor: 100
currentUnbalance: 0
lines: 

2025-04-21 11:22:48 [MQTT Call: JavaClientExample] WARN  com.example.mqtt.MessageData - No 'value' field found in message, skipping InfluxDB write.
2025-04-21 11:22:49 [MQTT Call: JavaClientExample] INFO  com.example.mqtt.MessageData - Topic: data/s/nhnacademy/b/gyeongnam_campus/p/campus/d/gem3500_1/n/하이브_전열/e/power_meter
Message Data:
time: 1745202168860
type: 2
leakageCurrent: 0
current: 64
activePower: 122
reactivePower: -45
tapparentPower: 141
powerFactor: 86.44
currentUnbalance: 0
lines: 

2025-04-21 11:22:49 [MQTT Call: JavaClientExample] WARN  com.example.mqtt.MessageData - No 'value' field found in message, skipping InfluxDB write.
2025-04-21 11:22:49 [MQTT Call: JavaClientExample] INFO  com.example.mqtt.MessageData - Topic: data/s/nhnacademy/b/gyeongnam_campus/p/campus/d/gem3500_1/n/바텐_전열/e/power_meter
Message Data:
time: 1745202168962
type: 3
leakageCurrent: 0
current: 0
activePower: 0
reactivePower: 0
tapparentPower: 0
powerFactor: 0
currentUnbalance: 0
lines: 

2025-04-21 11:22:49 [MQTT Call: JavaClientExample] WARN  com.example.mqtt.MessageData - No 'value' field found in message, skipping InfluxDB write.
2025-04-21 11:22:49 [MQTT Call: JavaClientExample] INFO  com.example.mqtt.MessageData - Topic: data/s/nhnacademy/b/gyeongnam_campus/p/campus/d/gem3500_1/n/S_P/e/power_meter
Message Data:
time: 1745202169063
type: 1
leakageCurrent: 0
current: 0
activePower: 0
reactivePower: 0
tapparentPower: 0
powerFactor: 0
currentUnbalance: 0
lines: 

2025-04-21 11:22:49 [MQTT Call: JavaClientExample] WARN  com.example.mqtt.MessageData - No 'value' field found in message, skipping InfluxDB write.
2025-04-21 11:22:49 [MQTT Call: JavaClientExample] INFO  com.example.mqtt.MessageData - Topic: data/s/nhnacademy/b/gyeongnam_campus/p/campus/d/gem3500_1/n/공조기/e/power_meter
Message Data:
time: 1745202169164
type: 2
leakageCurrent: 0
current: 198
activePower: 225
reactivePower: -24
tapparentPower: 434
powerFactor: 51.93
currentUnbalance: 0
lines: 

2025-04-21 11:22:49 [MQTT Call: JavaClientExample] WARN  com.example.mqtt.MessageData - No 'value' field found in message, skipping InfluxDB write.
2025-04-21 11:22:49 [MQTT Call: JavaClientExample] INFO  com.example.mqtt.MessageData - Topic: data/s/nhnacademy/b/gyeongnam_campus/p/campus/d/gem3500_1/n/AC/e/power_meter
Message Data:
time: 1745202169266
type: 3
leakageCurrent: 0
current: 17
activePower: 14
reactivePower: -26
tapparentPower: 36
powerFactor: 39.99
currentUnbalance: 0
lines: 

2025-04-21 11:22:49 [MQTT Call: JavaClientExample] WARN  com.example.mqtt.MessageData - No 'value' field found in message, skipping InfluxDB write.
2025-04-21 11:22:49 [MQTT Call: JavaClientExample] INFO  com.example.mqtt.MessageData - Topic: data/s/nhnacademy/b/gyeongnam_campus/p/hive/d/24e124126d111937/sp/farm/n/스마트팜/e/illumination
Message Data:
time: 1745202169645
value: 320

2025-04-21 11:22:49 [MQTT Call: JavaClientExample] INFO  com.example.mqtt.InfluxDBService - Extracted tagkey -> location: hive, kind: 스마트팜, data: illumination
Value into InfluxDB: 320.0
2025-04-21 11:22:49 [MQTT Call: JavaClientExample] INFO  com.example.mqtt.MessageData - Data sent to InfluxDBService: data/s/nhnacademy/b/gyeongnam_campus/p/hive/d/24e124126d111937/sp/farm/n/스마트팜/e/illumination -> 320.0
2025-04-21 11:22:49 [MQTT Call: JavaClientExample] INFO  com.example.mqtt.MessageData - Topic: data/s/nhnacademy/b/gyeongnam_campus/p/hive/d/24e124126d111937/sp/farm/n/스마트팜/g/24e124fffef79304/e/lora
Message Data:
time: 1745202169645
value: 

2025-04-21 11:22:49 [MQTT Call: JavaClientExample] INFO  com.example.mqtt.InfluxDBService - Extracted tagkey -> location: hive, kind: 스마트팜, data: lora
Value into InfluxDB: 0.0
2025-04-21 11:22:49 [MQTT Call: JavaClientExample] INFO  com.example.mqtt.MessageData - Data sent to InfluxDBService: data/s/nhnacademy/b/gyeongnam_campus/p/hive/d/24e124126d111937/sp/farm/n/스마트팜/g/24e124fffef79304/e/lora -> 0.0
2025-04-21 11:22:49 [MQTT Call: JavaClientExample] INFO  com.example.mqtt.MessageData - Topic: data/s/nhnacademy/b/gyeongnam_campus/p/hive/d/24e124126d111937/sp/farm/n/스마트팜/g/24e124fffef5dccc/e/lora
Message Data:
time: 1745202169645
value: 

2025-04-21 11:22:49 [MQTT Call: JavaClientExample] INFO  com.example.mqtt.InfluxDBService - Extracted tagkey -> location: hive, kind: 스마트팜, data: lora
Value into InfluxDB: 0.0
2025-04-21 11:22:49 [MQTT Call: JavaClientExample] INFO  com.example.mqtt.MessageData - Data sent to InfluxDBService: data/s/nhnacademy/b/gyeongnam_campus/p/hive/d/24e124126d111937/sp/farm/n/스마트팜/g/24e124fffef5dccc/e/lora -> 0.0
2025-04-21 11:23:08 [MQTT Call: JavaClientExample] INFO  com.example.mqtt.MessageData - Topic: data/s/nhnacademy/b/gyeongnam_campus/p/hive/d/24e124126c452091/sp/farm/n/스마트팜/e/temperature
Message Data:
time: 1745202187485
value: 24.5

2025-04-21 11:23:08 [MQTT Call: JavaClientExample] INFO  com.example.mqtt.InfluxDBService - Extracted tagkey -> location: hive, kind: 스마트팜, data: temperature
Value into InfluxDB: 24.5
2025-04-21 11:23:08 [MQTT Call: JavaClientExample] INFO  com.example.mqtt.MessageData - Data sent to InfluxDBService: data/s/nhnacademy/b/gyeongnam_campus/p/hive/d/24e124126c452091/sp/farm/n/스마트팜/e/temperature -> 24.5
2025-04-21 11:23:08 [MQTT Call: JavaClientExample] INFO  com.example.mqtt.MessageData - Topic: data/s/nhnacademy/b/gyeongnam_campus/p/hive/d/24e124126c452091/sp/farm/n/스마트팜/g/24e124fffef79304/e/lora
Message Data:
time: 1745202187485
value: 

2025-04-21 11:23:08 [MQTT Call: JavaClientExample] INFO  com.example.mqtt.InfluxDBService - Extracted tagkey -> location: hive, kind: 스마트팜, data: lora
Value into InfluxDB: 0.0
2025-04-21 11:23:08 [MQTT Call: JavaClientExample] INFO  com.example.mqtt.MessageData - Data sent to InfluxDBService: data/s/nhnacademy/b/gyeongnam_campus/p/hive/d/24e124126c452091/sp/farm/n/스마트팜/g/24e124fffef79304/e/lora -> 0.0
2025-04-21 11:23:08 [MQTT Call: JavaClientExample] INFO  com.example.mqtt.MessageData - Topic: data/s/nhnacademy/b/gyeongnam_campus/p/hive/d/24e124126c452091/sp/farm/n/스마트팜/g/24e124fffef5dccc/e/lora
Message Data:
time: 1745202187485
value: 

2025-04-21 11:23:08 [MQTT Call: JavaClientExample] INFO  com.example.mqtt.InfluxDBService - Extracted tagkey -> location: hive, kind: 스마트팜, data: lora
Value into InfluxDB: 0.0
2025-04-21 11:23:08 [MQTT Call: JavaClientExample] INFO  com.example.mqtt.MessageData - Data sent to InfluxDBService: data/s/nhnacademy/b/gyeongnam_campus/p/hive/d/24e124126c452091/sp/farm/n/스마트팜/g/24e124fffef5dccc/e/lora -> 0.0
2025-04-21 11:23:17 [MQTT Call: JavaClientExample] INFO  com.example.mqtt.MessageData - Topic: data/s/nhnacademy/b/gyeongnam_campus/p/class_a/d/24e124128c067999/sp/입구/n/입구/e/infrared
Message Data:
time: 1745202197456
value: 7

2025-04-21 11:23:17 [MQTT Call: JavaClientExample] INFO  com.example.mqtt.InfluxDBService - Extracted tagkey -> location: class_a, kind: 입구, data: infrared
Value into InfluxDB: 7.0
2025-04-21 11:23:17 [MQTT Call: JavaClientExample] INFO  com.example.mqtt.MessageData - Data sent to InfluxDBService: data/s/nhnacademy/b/gyeongnam_campus/p/class_a/d/24e124128c067999/sp/입구/n/입구/e/infrared -> 7.0
2025-04-21 11:23:17 [MQTT Call: JavaClientExample] INFO  com.example.mqtt.MessageData - Topic: data/s/nhnacademy/b/gyeongnam_campus/p/class_a/d/24e124128c067999/sp/입구/n/입구/e/co2
Message Data:
time: 1745202197456
value: 906

2025-04-21 11:23:17 [MQTT Call: JavaClientExample] INFO  com.example.mqtt.InfluxDBService - Extracted tagkey -> location: class_a, kind: 입구, data: co2
Value into InfluxDB: 906.0
2025-04-21 11:23:17 [MQTT Call: JavaClientExample] INFO  com.example.mqtt.MessageData - Data sent to InfluxDBService: data/s/nhnacademy/b/gyeongnam_campus/p/class_a/d/24e124128c067999/sp/입구/n/입구/e/co2 -> 906.0
2025-04-21 11:23:17 [MQTT Call: JavaClientExample] INFO  com.example.mqtt.MessageData - Topic: data/s/nhnacademy/b/gyeongnam_campus/p/class_a/d/24e124128c067999/sp/입구/n/입구/e/tvoc
Message Data:
time: 1745202197456
value: 300

2025-04-21 11:23:17 [MQTT Call: JavaClientExample] INFO  com.example.mqtt.InfluxDBService - Extracted tagkey -> location: class_a, kind: 입구, data: tvoc
Value into InfluxDB: 300.0
2025-04-21 11:23:17 [MQTT Call: JavaClientExample] INFO  com.example.mqtt.MessageData - Data sent to InfluxDBService: data/s/nhnacademy/b/gyeongnam_campus/p/class_a/d/24e124128c067999/sp/입구/n/입구/e/tvoc -> 300.0
2025-04-21 11:23:17 [MQTT Call: JavaClientExample] INFO  com.example.mqtt.MessageData - Topic: data/s/nhnacademy/b/gyeongnam_campus/p/class_a/d/24e124128c067999/sp/입구/n/입구/e/temperature
Message Data:
time: 1745202197456
value: 24

2025-04-21 11:23:17 [MQTT Call: JavaClientExample] INFO  com.example.mqtt.InfluxDBService - Extracted tagkey -> location: class_a, kind: 입구, data: temperature
Value into InfluxDB: 24.0
2025-04-21 11:23:17 [MQTT Call: JavaClientExample] INFO  com.example.mqtt.MessageData - Data sent to InfluxDBService: data/s/nhnacademy/b/gyeongnam_campus/p/class_a/d/24e124128c067999/sp/입구/n/입구/e/temperature -> 24.0
2025-04-21 11:23:17 [MQTT Call: JavaClientExample] INFO  com.example.mqtt.MessageData - Topic: data/s/nhnacademy/b/gyeongnam_campus/p/class_a/d/24e124128c067999/sp/입구/n/입구/e/illumination
Message Data:
time: 1745202197456
value: 67

2025-04-21 11:23:17 [MQTT Call: JavaClientExample] INFO  com.example.mqtt.InfluxDBService - Extracted tagkey -> location: class_a, kind: 입구, data: illumination
Value into InfluxDB: 67.0
2025-04-21 11:23:17 [MQTT Call: JavaClientExample] INFO  com.example.mqtt.MessageData - Data sent to InfluxDBService: data/s/nhnacademy/b/gyeongnam_campus/p/class_a/d/24e124128c067999/sp/입구/n/입구/e/illumination -> 67.0
2025-04-21 11:23:17 [MQTT Call: JavaClientExample] INFO  com.example.mqtt.MessageData - Topic: data/s/nhnacademy/b/gyeongnam_campus/p/class_a/d/24e124128c067999/sp/입구/n/입구/e/humidity
Message Data:
time: 1745202197456
value: 45.5

2025-04-21 11:23:17 [MQTT Call: JavaClientExample] INFO  com.example.mqtt.InfluxDBService - Extracted tagkey -> location: class_a, kind: 입구, data: humidity
Value into InfluxDB: 45.5
2025-04-21 11:23:17 [MQTT Call: JavaClientExample] INFO  com.example.mqtt.MessageData - Data sent to InfluxDBService: data/s/nhnacademy/b/gyeongnam_campus/p/class_a/d/24e124128c067999/sp/입구/n/입구/e/humidity -> 45.5
2025-04-21 11:23:17 [MQTT Call: JavaClientExample] INFO  com.example.mqtt.MessageData - Topic: data/s/nhnacademy/b/gyeongnam_campus/p/class_a/d/24e124128c067999/sp/입구/n/입구/e/infrared_and_visible
Message Data:
time: 1745202197456
value: 46

2025-04-21 11:23:17 [MQTT Call: JavaClientExample] INFO  com.example.mqtt.InfluxDBService - Extracted tagkey -> location: class_a, kind: 입구, data: infrared_and_visible
Value into InfluxDB: 46.0
2025-04-21 11:23:17 [MQTT Call: JavaClientExample] INFO  com.example.mqtt.MessageData - Data sent to InfluxDBService: data/s/nhnacademy/b/gyeongnam_campus/p/class_a/d/24e124128c067999/sp/입구/n/입구/e/infrared_and_visible -> 46.0
2025-04-21 11:23:17 [MQTT Call: JavaClientExample] INFO  com.example.mqtt.MessageData - Topic: data/s/nhnacademy/b/gyeongnam_campus/p/class_a/d/24e124128c067999/sp/입구/n/입구/e/pressure
Message Data:
time: 1745202197456
value: 1008.9

2025-04-21 11:23:17 [MQTT Call: JavaClientExample] INFO  com.example.mqtt.InfluxDBService - Extracted tagkey -> location: class_a, kind: 입구, data: pressure
Value into InfluxDB: 1008.9
2025-04-21 11:23:17 [MQTT Call: JavaClientExample] INFO  com.example.mqtt.MessageData - Data sent to InfluxDBService: data/s/nhnacademy/b/gyeongnam_campus/p/class_a/d/24e124128c067999/sp/입구/n/입구/e/pressure -> 1008.9
2025-04-21 11:23:17 [MQTT Call: JavaClientExample] INFO  com.example.mqtt.MessageData - Topic: data/s/nhnacademy/b/gyeongnam_campus/p/class_a/d/24e124128c067999/sp/입구/n/입구/e/activity
Message Data:
time: 1745202197456
value: 1

2025-04-21 11:23:17 [MQTT Call: JavaClientExample] INFO  com.example.mqtt.InfluxDBService - Extracted tagkey -> location: class_a, kind: 입구, data: activity
Value into InfluxDB: 1.0
2025-04-21 11:23:17 [MQTT Call: JavaClientExample] INFO  com.example.mqtt.MessageData - Data sent to InfluxDBService: data/s/nhnacademy/b/gyeongnam_campus/p/class_a/d/24e124128c067999/sp/입구/n/입구/e/activity -> 1.0
2025-04-21 11:23:17 [MQTT Call: JavaClientExample] INFO  com.example.mqtt.MessageData - Topic: data/s/nhnacademy/b/gyeongnam_campus/p/class_a/d/24e124128c067999/sp/입구/n/입구/g/24e124fffef5dccc/e/lora
Message Data:
time: 1745202197456
value: 

2025-04-21 11:23:17 [MQTT Call: JavaClientExample] INFO  com.example.mqtt.InfluxDBService - Extracted tagkey -> location: class_a, kind: 입구, data: lora
Value into InfluxDB: 0.0
2025-04-21 11:23:17 [MQTT Call: JavaClientExample] INFO  com.example.mqtt.MessageData - Data sent to InfluxDBService: data/s/nhnacademy/b/gyeongnam_campus/p/class_a/d/24e124128c067999/sp/입구/n/입구/g/24e124fffef5dccc/e/lora -> 0.0
2025-04-21 11:23:17 [MQTT Call: JavaClientExample] INFO  com.example.mqtt.MessageData - Topic: data/s/nhnacademy/b/gyeongnam_campus/p/class_a/d/24e124128c067999/sp/입구/n/입구/g/24e124fffef79304/e/lora
Message Data:
time: 1745202197456
value: 

2025-04-21 11:23:17 [MQTT Call: JavaClientExample] INFO  com.example.mqtt.InfluxDBService - Extracted tagkey -> location: class_a, kind: 입구, data: lora
Value into InfluxDB: 0.0
2025-04-21 11:23:17 [MQTT Call: JavaClientExample] INFO  com.example.mqtt.MessageData - Data sent to InfluxDBService: data/s/nhnacademy/b/gyeongnam_campus/p/class_a/d/24e124128c067999/sp/입구/n/입구/g/24e124fffef79304/e/lora -> 0.0
2025-04-21 11:23:18 [MQTT Call: JavaClientExample] INFO  com.example.mqtt.MessageData - Topic: data/s/nhnacademy/b/gyeongnam_campus/p/hive/d/24e124725d081175/sp/8인 책상/n/8인 책상/e/co2
Message Data:
time: 1745202198053
value: 639

2025-04-21 11:23:18 [MQTT Call: JavaClientExample] INFO  com.example.mqtt.InfluxDBService - Extracted tagkey -> location: hive, kind: 8인 책상, data: co2
Value into InfluxDB: 639.0
2025-04-21 11:23:18 [MQTT Call: JavaClientExample] INFO  com.example.mqtt.MessageData - Data sent to InfluxDBService: data/s/nhnacademy/b/gyeongnam_campus/p/hive/d/24e124725d081175/sp/8인 책상/n/8인 책상/e/co2 -> 639.0
2025-04-21 11:23:19 [MQTT Call: JavaClientExample] INFO  com.example.mqtt.MessageData - Topic: data/s/nhnacademy/b/gyeongnam_campus/p/hive/d/24e124725d081175/sp/8인 책상/n/8인 책상/e/battery
Message Data:
time: 1745202198053
value: 77

2025-04-21 11:23:19 [MQTT Call: JavaClientExample] INFO  com.example.mqtt.InfluxDBService - Extracted tagkey -> location: hive, kind: 8인 책상, data: battery
Value into InfluxDB: 77.0
2025-04-21 11:23:19 [MQTT Call: JavaClientExample] INFO  com.example.mqtt.MessageData - Data sent to InfluxDBService: data/s/nhnacademy/b/gyeongnam_campus/p/hive/d/24e124725d081175/sp/8인 책상/n/8인 책상/e/battery -> 77.0
2025-04-21 11:23:19 [MQTT Call: JavaClientExample] INFO  com.example.mqtt.MessageData - Topic: data/s/nhnacademy/b/gyeongnam_campus/p/hive/d/24e124725d081175/sp/8인 책상/n/8인 책상/e/temperature
Message Data:
time: 1745202198053
value: 25.5

2025-04-21 11:23:19 [MQTT Call: JavaClientExample] INFO  com.example.mqtt.InfluxDBService - Extracted tagkey -> location: hive, kind: 8인 책상, data: temperature
Value into InfluxDB: 25.5
2025-04-21 11:23:19 [MQTT Call: JavaClientExample] INFO  com.example.mqtt.MessageData - Data sent to InfluxDBService: data/s/nhnacademy/b/gyeongnam_campus/p/hive/d/24e124725d081175/sp/8인 책상/n/8인 책상/e/temperature -> 25.5
2025-04-21 11:23:19 [MQTT Call: JavaClientExample] INFO  com.example.mqtt.MessageData - Topic: data/s/nhnacademy/b/gyeongnam_campus/p/hive/d/24e124725d081175/sp/8인 책상/n/8인 책상/e/humidity
Message Data:
time: 1745202198053
value: 42

2025-04-21 11:23:19 [MQTT Call: JavaClientExample] INFO  com.example.mqtt.InfluxDBService - Extracted tagkey -> location: hive, kind: 8인 책상, data: humidity
Value into InfluxDB: 42.0
2025-04-21 11:23:19 [MQTT Call: JavaClientExample] INFO  com.example.mqtt.MessageData - Data sent to InfluxDBService: data/s/nhnacademy/b/gyeongnam_campus/p/hive/d/24e124725d081175/sp/8인 책상/n/8인 책상/e/humidity -> 42.0
2025-04-21 11:23:19 [MQTT Call: JavaClientExample] INFO  com.example.mqtt.MessageData - Topic: data/s/nhnacademy/b/gyeongnam_campus/p/hive/d/24e124725d081175/sp/8인 책상/n/8인 책상/g/24e124fffef79304/e/lora
Message Data:
time: 1745202198053
value: 

2025-04-21 11:23:19 [MQTT Call: JavaClientExample] INFO  com.example.mqtt.InfluxDBService - Extracted tagkey -> location: hive, kind: 8인 책상, data: lora
Value into InfluxDB: 0.0
2025-04-21 11:23:19 [MQTT Call: JavaClientExample] INFO  com.example.mqtt.MessageData - Data sent to InfluxDBService: data/s/nhnacademy/b/gyeongnam_campus/p/hive/d/24e124725d081175/sp/8인 책상/n/8인 책상/g/24e124fffef79304/e/lora -> 0.0
2025-04-21 11:23:19 [MQTT Call: JavaClientExample] INFO  com.example.mqtt.MessageData - Topic: data/s/nhnacademy/b/gyeongnam_campus/p/hive/d/24e124785c389010/n/정수기 위/e/battery
Message Data:
time: 1745202198881
value: 86

2025-04-21 11:23:19 [MQTT Call: JavaClientExample] INFO  com.example.mqtt.InfluxDBService - Extracted tagkey -> location: hive, kind: 정수기 위, data: battery
Value into InfluxDB: 86.0
2025-04-21 11:23:19 [MQTT Call: JavaClientExample] INFO  com.example.mqtt.MessageData - Data sent to InfluxDBService: data/s/nhnacademy/b/gyeongnam_campus/p/hive/d/24e124785c389010/n/정수기 위/e/battery -> 86.0
2025-04-21 11:23:19 [MQTT Call: JavaClientExample] INFO  com.example.mqtt.MessageData - Topic: data/s/nhnacademy/b/gyeongnam_campus/p/hive/d/24e124785c389010/n/정수기 위/e/temperature
Message Data:
time: 1745202198881
value: 25.3

2025-04-21 11:23:19 [MQTT Call: JavaClientExample] INFO  com.example.mqtt.InfluxDBService - Extracted tagkey -> location: hive, kind: 정수기 위, data: temperature
Value into InfluxDB: 25.3
2025-04-21 11:23:19 [MQTT Call: JavaClientExample] INFO  com.example.mqtt.MessageData - Data sent to InfluxDBService: data/s/nhnacademy/b/gyeongnam_campus/p/hive/d/24e124785c389010/n/정수기 위/e/temperature -> 25.3
2025-04-21 11:23:19 [MQTT Call: JavaClientExample] INFO  com.example.mqtt.MessageData - Topic: data/s/nhnacademy/b/gyeongnam_campus/p/hive/d/24e124785c389010/n/정수기 위/e/humidity
Message Data:
time: 1745202198881
value: 41

2025-04-21 11:23:19 [MQTT Call: JavaClientExample] INFO  com.example.mqtt.InfluxDBService - Extracted tagkey -> location: hive, kind: 정수기 위, data: humidity
Value into InfluxDB: 41.0
2025-04-21 11:23:19 [MQTT Call: JavaClientExample] INFO  com.example.mqtt.MessageData - Data sent to InfluxDBService: data/s/nhnacademy/b/gyeongnam_campus/p/hive/d/24e124785c389010/n/정수기 위/e/humidity -> 41.0
2025-04-21 11:23:19 [MQTT Call: JavaClientExample] INFO  com.example.mqtt.MessageData - Topic: data/s/nhnacademy/b/gyeongnam_campus/p/hive/d/24e124785c389010/n/정수기 위/g/24e124fffef5dccc/e/lora
Message Data:
time: 1745202198881
value: 

2025-04-21 11:23:19 [MQTT Call: JavaClientExample] INFO  com.example.mqtt.InfluxDBService - Extracted tagkey -> location: hive, kind: 정수기 위, data: lora
Value into InfluxDB: 0.0
2025-04-21 11:23:19 [MQTT Call: JavaClientExample] INFO  com.example.mqtt.MessageData - Data sent to InfluxDBService: data/s/nhnacademy/b/gyeongnam_campus/p/hive/d/24e124785c389010/n/정수기 위/g/24e124fffef5dccc/e/lora -> 0.0
2025-04-21 11:23:19 [MQTT Call: JavaClientExample] INFO  com.example.mqtt.MessageData - Topic: data/s/nhnacademy/b/gyeongnam_campus/p/hive/d/24e124785c389010/n/정수기 위/g/24e124fffef79304/e/lora
Message Data:
time: 1745202198881
value: 

2025-04-21 11:23:19 [MQTT Call: JavaClientExample] INFO  com.example.mqtt.InfluxDBService - Extracted tagkey -> location: hive, kind: 정수기 위, data: lora
Value into InfluxDB: 0.0
2025-04-21 11:23:19 [MQTT Call: JavaClientExample] INFO  com.example.mqtt.MessageData - Data sent to InfluxDBService: data/s/nhnacademy/b/gyeongnam_campus/p/hive/d/24e124785c389010/n/정수기 위/g/24e124fffef79304/e/lora -> 0.0
2025-04-21 11:23:26 [MQTT Call: JavaClientExample] INFO  com.example.mqtt.MessageData - Topic: data/s/nhnacademy/b/gyeongnam_campus/p/server_room/d/24e124136d151368/n/입구/e/temperature
Message Data:
time: 1745202206377
value: 23.9

2025-04-21 11:23:26 [MQTT Call: JavaClientExample] INFO  com.example.mqtt.InfluxDBService - Extracted tagkey -> location: server_room, kind: 입구, data: temperature
Value into InfluxDB: 23.9
2025-04-21 11:23:26 [MQTT Call: JavaClientExample] INFO  com.example.mqtt.MessageData - Data sent to InfluxDBService: data/s/nhnacademy/b/gyeongnam_campus/p/server_room/d/24e124136d151368/n/입구/e/temperature -> 23.9
2025-04-21 11:23:27 [MQTT Call: JavaClientExample] INFO  com.example.mqtt.MessageData - Topic: data/s/nhnacademy/b/gyeongnam_campus/p/server_room/d/24e124136d151368/n/입구/e/humidity
Message Data:
time: 1745202206377
value: 46.5

2025-04-21 11:23:27 [MQTT Call: JavaClientExample] INFO  com.example.mqtt.InfluxDBService - Extracted tagkey -> location: server_room, kind: 입구, data: humidity
Value into InfluxDB: 46.5
2025-04-21 11:23:27 [MQTT Call: JavaClientExample] INFO  com.example.mqtt.MessageData - Data sent to InfluxDBService: data/s/nhnacademy/b/gyeongnam_campus/p/server_room/d/24e124136d151368/n/입구/e/humidity -> 46.5
2025-04-21 11:23:27 [MQTT Call: JavaClientExample] INFO  com.example.mqtt.MessageData - Topic: data/s/nhnacademy/b/gyeongnam_campus/p/server_room/d/24e124136d151368/n/입구/g/24e124fffef79304/e/lora
Message Data:
time: 1745202206377
value: 

2025-04-21 11:23:27 [MQTT Call: JavaClientExample] INFO  com.example.mqtt.InfluxDBService - Extracted tagkey -> location: server_room, kind: 입구, data: lora
Value into InfluxDB: 0.0
2025-04-21 11:23:27 [MQTT Call: JavaClientExample] INFO  com.example.mqtt.MessageData - Data sent to InfluxDBService: data/s/nhnacademy/b/gyeongnam_campus/p/server_room/d/24e124136d151368/n/입구/g/24e124fffef79304/e/lora -> 0.0
2025-04-21 11:23:27 [MQTT Call: JavaClientExample] INFO  com.example.mqtt.MessageData - Topic: data/s/nhnacademy/b/gyeongnam_campus/p/server_room/d/24e124136d151368/n/입구/g/24e124fffef5dccc/e/lora
Message Data:
time: 1745202206377
value: 

2025-04-21 11:23:27 [MQTT Call: JavaClientExample] INFO  com.example.mqtt.InfluxDBService - Extracted tagkey -> location: server_room, kind: 입구, data: lora
Value into InfluxDB: 0.0
2025-04-21 11:23:27 [MQTT Call: JavaClientExample] INFO  com.example.mqtt.MessageData - Data sent to InfluxDBService: data/s/nhnacademy/b/gyeongnam_campus/p/server_room/d/24e124136d151368/n/입구/g/24e124fffef5dccc/e/lora -> 0.0
2025-04-21 11:23:40 [MQTT Call: JavaClientExample] INFO  com.example.mqtt.MessageData - Topic: data/s/nhnacademy/b/gyeongnam_campus/p/pair_room/d/24e124617d159573/n/2/e/distance
Message Data:
time: 1745202219552
value: 2237

2025-04-21 11:23:40 [MQTT Call: JavaClientExample] INFO  com.example.mqtt.InfluxDBService - Extracted tagkey -> location: pair_room, kind: 2, data: distance
Value into InfluxDB: 2237.0
2025-04-21 11:23:40 [MQTT Call: JavaClientExample] INFO  com.example.mqtt.MessageData - Data sent to InfluxDBService: data/s/nhnacademy/b/gyeongnam_campus/p/pair_room/d/24e124617d159573/n/2/e/distance -> 2237.0
2025-04-21 11:23:41 [MQTT Call: JavaClientExample] INFO  com.example.mqtt.MessageData - Topic: data/s/nhnacademy/b/gyeongnam_campus/p/pair_room/d/24e124617d159573/n/2/e/battery
Message Data:
time: 1745202219552
value: 33

2025-04-21 11:23:41 [MQTT Call: JavaClientExample] INFO  com.example.mqtt.InfluxDBService - Extracted tagkey -> location: pair_room, kind: 2, data: battery
Value into InfluxDB: 33.0
2025-04-21 11:23:41 [MQTT Call: JavaClientExample] INFO  com.example.mqtt.MessageData - Data sent to InfluxDBService: data/s/nhnacademy/b/gyeongnam_campus/p/pair_room/d/24e124617d159573/n/2/e/battery -> 33.0
2025-04-21 11:23:41 [MQTT Call: JavaClientExample] INFO  com.example.mqtt.MessageData - Topic: data/s/nhnacademy/b/gyeongnam_campus/p/pair_room/d/24e124617d159573/n/2/e/occupancy
Message Data:
time: 1745202219552
value: 0

2025-04-21 11:23:41 [MQTT Call: JavaClientExample] INFO  com.example.mqtt.InfluxDBService - Extracted tagkey -> location: pair_room, kind: 2, data: occupancy
Value into InfluxDB: 0.0
2025-04-21 11:23:41 [MQTT Call: JavaClientExample] INFO  com.example.mqtt.MessageData - Data sent to InfluxDBService: data/s/nhnacademy/b/gyeongnam_campus/p/pair_room/d/24e124617d159573/n/2/e/occupancy -> 0.0
2025-04-21 11:23:41 [MQTT Call: JavaClientExample] INFO  com.example.mqtt.MessageData - Topic: data/s/nhnacademy/b/gyeongnam_campus/p/pair_room/d/24e124617d159573/n/2/g/24e124fffef5dccc/e/lora
Message Data:
time: 1745202219552
value: 

2025-04-21 11:23:41 [MQTT Call: JavaClientExample] INFO  com.example.mqtt.InfluxDBService - Extracted tagkey -> location: pair_room, kind: 2, data: lora
Value into InfluxDB: 0.0
2025-04-21 11:23:41 [MQTT Call: JavaClientExample] INFO  com.example.mqtt.MessageData - Data sent to InfluxDBService: data/s/nhnacademy/b/gyeongnam_campus/p/pair_room/d/24e124617d159573/n/2/g/24e124fffef5dccc/e/lora -> 0.0
2025-04-21 11:23:41 [MQTT Call: JavaClientExample] INFO  com.example.mqtt.MessageData - Topic: data/s/nhnacademy/b/gyeongnam_campus/p/pair_room/d/24e124617d159573/n/2/g/24e124fffef79304/e/lora
Message Data:
time: 1745202219552
value: 

2025-04-21 11:23:41 [MQTT Call: JavaClientExample] INFO  com.example.mqtt.InfluxDBService - Extracted tagkey -> location: pair_room, kind: 2, data: lora
Value into InfluxDB: 0.0
2025-04-21 11:23:41 [MQTT Call: JavaClientExample] INFO  com.example.mqtt.MessageData - Data sent to InfluxDBService: data/s/nhnacademy/b/gyeongnam_campus/p/pair_room/d/24e124617d159573/n/2/g/24e124fffef79304/e/lora -> 0.0
2025-04-21 11:23:47 [MQTT Call: JavaClientExample] INFO  com.example.mqtt.MessageData - Topic: data/s/nhnacademy/b/gyeongnam_campus/p/storage/d/24e124136d151547/n/입구/e/battery
Message Data:
time: 1745202226416
value: 1

2025-04-21 11:23:47 [MQTT Call: JavaClientExample] INFO  com.example.mqtt.InfluxDBService - Extracted tagkey -> location: storage, kind: 입구, data: battery
Value into InfluxDB: 1.0
2025-04-21 11:23:47 [MQTT Call: JavaClientExample] INFO  com.example.mqtt.MessageData - Data sent to InfluxDBService: data/s/nhnacademy/b/gyeongnam_campus/p/storage/d/24e124136d151547/n/입구/e/battery -> 1.0
2025-04-21 11:23:47 [MQTT Call: JavaClientExample] INFO  com.example.mqtt.MessageData - Topic: data/s/nhnacademy/b/gyeongnam_campus/p/storage/d/24e124136d151547/n/입구/e/temperature
Message Data:
time: 1745202226416
value: -0.1

2025-04-21 11:23:47 [MQTT Call: JavaClientExample] INFO  com.example.mqtt.InfluxDBService - Extracted tagkey -> location: storage, kind: 입구, data: temperature
Value into InfluxDB: -0.1
2025-04-21 11:23:47 [MQTT Call: JavaClientExample] INFO  com.example.mqtt.MessageData - Data sent to InfluxDBService: data/s/nhnacademy/b/gyeongnam_campus/p/storage/d/24e124136d151547/n/입구/e/temperature -> -0.1
2025-04-21 11:23:47 [MQTT Call: JavaClientExample] INFO  com.example.mqtt.MessageData - Topic: data/s/nhnacademy/b/gyeongnam_campus/p/storage/d/24e124136d151547/n/입구/e/humidity
Message Data:
time: 1745202226416
value: 127.5

2025-04-21 11:23:47 [MQTT Call: JavaClientExample] INFO  com.example.mqtt.InfluxDBService - Extracted tagkey -> location: storage, kind: 입구, data: humidity
Value into InfluxDB: 127.5
2025-04-21 11:23:47 [MQTT Call: JavaClientExample] INFO  com.example.mqtt.MessageData - Data sent to InfluxDBService: data/s/nhnacademy/b/gyeongnam_campus/p/storage/d/24e124136d151547/n/입구/e/humidity -> 127.5
2025-04-21 11:23:47 [MQTT Call: JavaClientExample] INFO  com.example.mqtt.MessageData - Topic: data/s/nhnacademy/b/gyeongnam_campus/p/storage/d/24e124136d151547/n/입구/g/24e124fffef5dccc/e/lora
Message Data:
time: 1745202226416
value: 

2025-04-21 11:23:47 [MQTT Call: JavaClientExample] INFO  com.example.mqtt.InfluxDBService - Extracted tagkey -> location: storage, kind: 입구, data: lora
Value into InfluxDB: 0.0
2025-04-21 11:23:47 [MQTT Call: JavaClientExample] INFO  com.example.mqtt.MessageData - Data sent to InfluxDBService: data/s/nhnacademy/b/gyeongnam_campus/p/storage/d/24e124136d151547/n/입구/g/24e124fffef5dccc/e/lora -> 0.0
2025-04-21 11:23:47 [MQTT Call: JavaClientExample] INFO  com.example.mqtt.MessageData - Topic: data/s/nhnacademy/b/gyeongnam_campus/p/storage/d/24e124136d151547/n/입구/g/24e124fffef79304/e/lora
Message Data:
time: 1745202226416
value: 

2025-04-21 11:23:47 [MQTT Call: JavaClientExample] INFO  com.example.mqtt.InfluxDBService - Extracted tagkey -> location: storage, kind: 입구, data: lora
Value into InfluxDB: 0.0
2025-04-21 11:23:47 [MQTT Call: JavaClientExample] INFO  com.example.mqtt.MessageData - Data sent to InfluxDBService: data/s/nhnacademy/b/gyeongnam_campus/p/storage/d/24e124136d151547/n/입구/g/24e124fffef79304/e/lora -> 0.0
2025-04-21 11:23:47 [MQTT Call: JavaClientExample] INFO  com.example.mqtt.MessageData - Topic: data/s/nhnacademy/b/gyeongnam_campus/p/campus/d/gem3500_1/n/캠퍼스_LL/e/voltage
Message Data:
time: 1745202226840
value: 378.72

2025-04-21 11:23:47 [MQTT Call: JavaClientExample] INFO  com.example.mqtt.InfluxDBService - Extracted tagkey -> location: campus, kind: 캠퍼스_LL, data: voltage
Value into InfluxDB: 378.72
2025-04-21 11:23:47 [MQTT Call: JavaClientExample] INFO  com.example.mqtt.MessageData - Data sent to InfluxDBService: data/s/nhnacademy/b/gyeongnam_campus/p/campus/d/gem3500_1/n/캠퍼스_LL/e/voltage -> 378.72
2025-04-21 11:23:47 [MQTT Call: JavaClientExample] INFO  com.example.mqtt.MessageData - Topic: data/s/nhnacademy/b/gyeongnam_campus/p/campus/d/gem3500_1/n/캠퍼스_LN/e/voltage
Message Data:
time: 1745202226840
value: 218.65

2025-04-21 11:23:47 [MQTT Call: JavaClientExample] INFO  com.example.mqtt.InfluxDBService - Extracted tagkey -> location: campus, kind: 캠퍼스_LN, data: voltage
Value into InfluxDB: 218.65
2025-04-21 11:23:47 [MQTT Call: JavaClientExample] INFO  com.example.mqtt.MessageData - Data sent to InfluxDBService: data/s/nhnacademy/b/gyeongnam_campus/p/campus/d/gem3500_1/n/캠퍼스_LN/e/voltage -> 218.65
2025-04-21 11:23:47 [MQTT Call: JavaClientExample] INFO  com.example.mqtt.MessageData - Topic: data/s/nhnacademy/b/gyeongnam_campus/p/campus/d/gem3500_1/n/캠퍼스1/e/power_meter
Message Data:
time: 1745202226939
type: 5
leakageCurrent: 0
current: 2895
activePower: 5411
reactivePower: -1855
tapparentPower: 6330
powerFactor: 85.47
currentUnbalance: 57.72
lines: 

2025-04-21 11:23:47 [MQTT Call: JavaClientExample] WARN  com.example.mqtt.MessageData - No 'value' field found in message, skipping InfluxDB write.
2025-04-21 11:23:47 [MQTT Call: JavaClientExample] INFO  com.example.mqtt.MessageData - Topic: data/s/nhnacademy/b/gyeongnam_campus/p/campus/d/gem3500_1/n/전등1/e/power_meter
Message Data:
time: 1745202227039
type: 3
leakageCurrent: 0
current: 703
activePower: 1306
reactivePower: -328
tapparentPower: 1536
powerFactor: 85
currentUnbalance: 0
lines: 

2025-04-21 11:23:47 [MQTT Call: JavaClientExample] WARN  com.example.mqtt.MessageData - No 'value' field found in message, skipping InfluxDB write.
2025-04-21 11:23:47 [MQTT Call: JavaClientExample] INFO  com.example.mqtt.MessageData - Topic: data/s/nhnacademy/b/gyeongnam_campus/p/campus/d/gem3500_1/n/전등2/e/power_meter
Message Data:
time: 1745202227142
type: 1
leakageCurrent: 0
current: 571
activePower: 1137
reactivePower: -285
tapparentPower: 1255
powerFactor: 90.63
currentUnbalance: 0
lines: 

2025-04-21 11:23:47 [MQTT Call: JavaClientExample] WARN  com.example.mqtt.MessageData - No 'value' field found in message, skipping InfluxDB write.
2025-04-21 11:23:47 [MQTT Call: JavaClientExample] INFO  com.example.mqtt.MessageData - Topic: data/s/nhnacademy/b/gyeongnam_campus/p/campus/d/gem3500_1/n/전등3/e/power_meter
Message Data:
time: 1745202227243
type: 2
leakageCurrent: 0
current: 0
activePower: 0
reactivePower: 0
tapparentPower: 0
powerFactor: 0
currentUnbalance: 0
lines: 

2025-04-21 11:23:47 [MQTT Call: JavaClientExample] WARN  com.example.mqtt.MessageData - No 'value' field found in message, skipping InfluxDB write.
2025-04-21 11:23:47 [MQTT Call: JavaClientExample] INFO  com.example.mqtt.MessageData - Topic: data/s/nhnacademy/b/gyeongnam_campus/p/campus/d/gem3500_1/n/강의실b_바닥/e/power_meter
Message Data:
time: 1745202227344
type: 3
leakageCurrent: 0
current: 221
activePower: 357
reactivePower: -235
tapparentPower: 480
powerFactor: 74.49
currentUnbalance: 0
lines: 

2025-04-21 11:23:47 [MQTT Call: JavaClientExample] WARN  com.example.mqtt.MessageData - No 'value' field found in message, skipping InfluxDB write.
2025-04-21 11:23:47 [MQTT Call: JavaClientExample] INFO  com.example.mqtt.MessageData - Topic: data/s/nhnacademy/b/gyeongnam_campus/p/campus/d/gem3500_1/n/강의실a_바닥1/e/power_meter
Message Data:
time: 1745202227444
type: 1
leakageCurrent: 0
current: 323
activePower: 547
reactivePower: -369
tapparentPower: 715
powerFactor: 76.51
currentUnbalance: 0
lines: 

2025-04-21 11:23:47 [MQTT Call: JavaClientExample] WARN  com.example.mqtt.MessageData - No 'value' field found in message, skipping InfluxDB write.
2025-04-21 11:23:48 [MQTT Call: JavaClientExample] INFO  com.example.mqtt.MessageData - Topic: data/s/nhnacademy/b/gyeongnam_campus/p/campus/d/gem3500_1/n/강의실a_바닥2/e/power_meter
Message Data:
time: 1745202227549
type: 2
leakageCurrent: 0
current: 170
activePower: 300
reactivePower: -180
tapparentPower: 376
powerFactor: 79.61
currentUnbalance: 0
lines: 

2025-04-21 11:23:48 [MQTT Call: JavaClientExample] WARN  com.example.mqtt.MessageData - No 'value' field found in message, skipping InfluxDB write.
2025-04-21 11:23:48 [MQTT Call: JavaClientExample] INFO  com.example.mqtt.MessageData - Topic: data/s/nhnacademy/b/gyeongnam_campus/p/campus/d/gem3500_1/n/프로젝터1/e/power_meter
Message Data:
time: 1745202227648
type: 3
leakageCurrent: 0
current: 101
activePower: 139
reactivePower: -146
tapparentPower: 218
powerFactor: 63.73
currentUnbalance: 0
lines: 

2025-04-21 11:23:48 [MQTT Call: JavaClientExample] WARN  com.example.mqtt.MessageData - No 'value' field found in message, skipping InfluxDB write.
2025-04-21 11:23:48 [MQTT Call: JavaClientExample] INFO  com.example.mqtt.MessageData - Topic: data/s/nhnacademy/b/gyeongnam_campus/p/campus/d/gem3500_1/n/프로젝터2/e/power_meter
Message Data:
time: 1745202227749
type: 1
leakageCurrent: 0
current: 39
activePower: 48
reactivePower: -69
tapparentPower: 88
powerFactor: 54.05
currentUnbalance: 0
lines: 

2025-04-21 11:23:48 [MQTT Call: JavaClientExample] WARN  com.example.mqtt.MessageData - No 'value' field found in message, skipping InfluxDB write.
2025-04-21 11:23:48 [MQTT Call: JavaClientExample] INFO  com.example.mqtt.MessageData - Topic: data/s/nhnacademy/b/gyeongnam_campus/p/campus/d/gem3500_1/n/회의실/e/power_meter
Message Data:
time: 1745202227849
type: 2
leakageCurrent: 0
current: 14
activePower: 7
reactivePower: -28
tapparentPower: 31
powerFactor: 23.07
currentUnbalance: 0
lines: 

2025-04-21 11:23:48 [MQTT Call: JavaClientExample] WARN  com.example.mqtt.MessageData - No 'value' field found in message, skipping InfluxDB write.
2025-04-21 11:23:48 [MQTT Call: JavaClientExample] INFO  com.example.mqtt.MessageData - Topic: data/s/nhnacademy/b/gyeongnam_campus/p/campus/d/gem3500_1/n/서버실/e/power_meter
Message Data:
time: 1745202227952
type: 3
leakageCurrent: 0
current: 199
activePower: 388
reactivePower: -112
tapparentPower: 439
powerFactor: 88.52
currentUnbalance: 0
lines: 

2025-04-21 11:23:48 [MQTT Call: JavaClientExample] WARN  com.example.mqtt.MessageData - No 'value' field found in message, skipping InfluxDB write.
2025-04-21 11:23:48 [MQTT Call: JavaClientExample] INFO  com.example.mqtt.MessageData - Topic: data/s/nhnacademy/b/gyeongnam_campus/p/campus/d/gem3500_1/n/간판/e/power_meter
Message Data:
time: 1745202228052
type: 1
leakageCurrent: 0
current: 0
activePower: 0
reactivePower: 0
tapparentPower: 0
powerFactor: 0
currentUnbalance: 0
lines: 

2025-04-21 11:23:48 [MQTT Call: JavaClientExample] WARN  com.example.mqtt.MessageData - No 'value' field found in message, skipping InfluxDB write.
2025-04-21 11:23:48 [MQTT Call: JavaClientExample] INFO  com.example.mqtt.MessageData - Topic: data/s/nhnacademy/b/gyeongnam_campus/p/campus/d/gem3500_1/n/페어룸/e/power_meter
Message Data:
time: 1745202228154
type: 2
leakageCurrent: 0
current: 0
activePower: 0
reactivePower: 0
tapparentPower: 0
powerFactor: 0
currentUnbalance: 0
lines: 

2025-04-21 11:23:48 [MQTT Call: JavaClientExample] WARN  com.example.mqtt.MessageData - No 'value' field found in message, skipping InfluxDB write.
2025-04-21 11:23:48 [MQTT Call: JavaClientExample] INFO  com.example.mqtt.MessageData - Topic: data/s/nhnacademy/b/gyeongnam_campus/p/campus/d/gem3500_1/n/사무실_전열1/e/power_meter
Message Data:
time: 1745202228256
type: 3
leakageCurrent: 0
current: 84
activePower: 98
reactivePower: -55
tapparentPower: 182
powerFactor: 53.94
currentUnbalance: 0
lines: 

2025-04-21 11:23:48 [MQTT Call: JavaClientExample] WARN  com.example.mqtt.MessageData - No 'value' field found in message, skipping InfluxDB write.
2025-04-21 11:23:48 [MQTT Call: JavaClientExample] INFO  com.example.mqtt.MessageData - Topic: data/s/nhnacademy/b/gyeongnam_campus/p/campus/d/gem3500_1/n/사무실_전열2/e/power_meter
Message Data:
time: 1745202228357
type: 3
leakageCurrent: 0
current: 90
activePower: 91
reactivePower: -57
tapparentPower: 196
powerFactor: 46.34
currentUnbalance: 0
lines: 

2025-04-21 11:23:48 [MQTT Call: JavaClientExample] WARN  com.example.mqtt.MessageData - No 'value' field found in message, skipping InfluxDB write.
2025-04-21 11:23:49 [MQTT Call: JavaClientExample] INFO  com.example.mqtt.MessageData - Topic: data/s/nhnacademy/b/gyeongnam_campus/p/campus/d/gem3500_1/n/사무실_복사기/e/power_meter
Message Data:
time: 1745202228459
type: 1
leakageCurrent: 0
current: 91
activePower: 127
reactivePower: 148
tapparentPower: 201
powerFactor: 63.09
currentUnbalance: 0
lines: 

2025-04-21 11:23:49 [MQTT Call: JavaClientExample] WARN  com.example.mqtt.MessageData - No 'value' field found in message, skipping InfluxDB write.
2025-04-21 11:23:49 [MQTT Call: JavaClientExample] INFO  com.example.mqtt.MessageData - Topic: data/s/nhnacademy/b/gyeongnam_campus/p/campus/d/gem3500_1/n/빌트인_전열/e/power_meter
Message Data:
time: 1745202228560
type: 2
leakageCurrent: 0
current: 5
activePower: 2
reactivePower: -7
tapparentPower: 12
powerFactor: 20
currentUnbalance: 0
lines: 

2025-04-21 11:23:49 [MQTT Call: JavaClientExample] WARN  com.example.mqtt.MessageData - No 'value' field found in message, skipping InfluxDB write.
2025-04-21 11:23:49 [MQTT Call: JavaClientExample] INFO  com.example.mqtt.MessageData - Topic: data/s/nhnacademy/b/gyeongnam_campus/p/campus/d/gem3500_1/n/사무실_전열3/e/power_meter
Message Data:
time: 1745202228660
type: 3
leakageCurrent: 0
current: 0
activePower: 0
reactivePower: 0
tapparentPower: 0
powerFactor: 0
currentUnbalance: 0
lines: 

2025-04-21 11:23:49 [MQTT Call: JavaClientExample] WARN  com.example.mqtt.MessageData - No 'value' field found in message, skipping InfluxDB write.
2025-04-21 11:23:49 [MQTT Call: JavaClientExample] INFO  com.example.mqtt.MessageData - Topic: data/s/nhnacademy/b/gyeongnam_campus/p/campus/d/gem3500_1/n/정수기/e/power_meter
Message Data:
time: 1745202228762
type: 1
leakageCurrent: 0
current: 221
activePower: 484
reactivePower: -16
tapparentPower: 484
powerFactor: 100
currentUnbalance: 0
lines: 

2025-04-21 11:23:49 [MQTT Call: JavaClientExample] WARN  com.example.mqtt.MessageData - No 'value' field found in message, skipping InfluxDB write.
2025-04-21 11:23:49 [MQTT Call: JavaClientExample] INFO  com.example.mqtt.MessageData - Topic: data/s/nhnacademy/b/gyeongnam_campus/p/campus/d/gem3500_1/n/하이브_전열/e/power_meter
Message Data:
time: 1745202228863
type: 2
leakageCurrent: 0
current: 64
activePower: 124
reactivePower: -48
tapparentPower: 141
powerFactor: 88.13
currentUnbalance: 0
lines: 

2025-04-21 11:23:49 [MQTT Call: JavaClientExample] WARN  com.example.mqtt.MessageData - No 'value' field found in message, skipping InfluxDB write.
2025-04-21 11:23:49 [MQTT Call: JavaClientExample] INFO  com.example.mqtt.MessageData - Topic: data/s/nhnacademy/b/gyeongnam_campus/p/campus/d/gem3500_1/n/바텐_전열/e/power_meter
Message Data:
time: 1745202228964
type: 3
leakageCurrent: 0
current: 0
activePower: 0
reactivePower: 0
tapparentPower: 0
powerFactor: 0
currentUnbalance: 0
lines: 

2025-04-21 11:23:49 [MQTT Call: JavaClientExample] WARN  com.example.mqtt.MessageData - No 'value' field found in message, skipping InfluxDB write.
2025-04-21 11:23:49 [MQTT Call: JavaClientExample] INFO  com.example.mqtt.MessageData - Topic: data/s/nhnacademy/b/gyeongnam_campus/p/campus/d/gem3500_1/n/S_P/e/power_meter
Message Data:
time: 1745202229064
type: 1
leakageCurrent: 0
current: 0
activePower: 0
reactivePower: 0
tapparentPower: 0
powerFactor: 0
currentUnbalance: 0
lines: 

2025-04-21 11:23:49 [MQTT Call: JavaClientExample] WARN  com.example.mqtt.MessageData - No 'value' field found in message, skipping InfluxDB write.
2025-04-21 11:23:49 [MQTT Call: JavaClientExample] INFO  com.example.mqtt.MessageData - Topic: data/s/nhnacademy/b/gyeongnam_campus/p/campus/d/gem3500_1/n/공조기/e/power_meter
Message Data:
time: 1745202229167
type: 2
leakageCurrent: 0
current: 200
activePower: 223
reactivePower: -24
tapparentPower: 436
powerFactor: 51.09
currentUnbalance: 0
lines: 

2025-04-21 11:23:49 [MQTT Call: JavaClientExample] WARN  com.example.mqtt.MessageData - No 'value' field found in message, skipping InfluxDB write.
2025-04-21 11:23:49 [MQTT Call: JavaClientExample] INFO  com.example.mqtt.MessageData - Topic: data/s/nhnacademy/b/gyeongnam_campus/p/campus/d/gem3500_1/n/AC/e/power_meter
Message Data:
time: 1745202229268
type: 3
leakageCurrent: 0
current: 16
activePower: 12
reactivePower: -24
tapparentPower: 36
powerFactor: 33.33
currentUnbalance: 0
lines: 

2025-04-21 11:23:49 [MQTT Call: JavaClientExample] WARN  com.example.mqtt.MessageData - No 'value' field found in message, skipping InfluxDB write.
2025-04-21 11:23:52 [MQTT Call: JavaClientExample] INFO  com.example.mqtt.MessageData - Topic: data/s/nhnacademy/b/gyeongnam_campus/p/hive/d/24e124126d111937/sp/farm/n/스마트팜/e/illumination
Message Data:
time: 1745202231178
value: 320

2025-04-21 11:23:52 [MQTT Call: JavaClientExample] INFO  com.example.mqtt.InfluxDBService - Extracted tagkey -> location: hive, kind: 스마트팜, data: illumination
Value into InfluxDB: 320.0
2025-04-21 11:23:52 [MQTT Call: JavaClientExample] INFO  com.example.mqtt.MessageData - Data sent to InfluxDBService: data/s/nhnacademy/b/gyeongnam_campus/p/hive/d/24e124126d111937/sp/farm/n/스마트팜/e/illumination -> 320.0
2025-04-21 11:23:52 [MQTT Call: JavaClientExample] INFO  com.example.mqtt.MessageData - Topic: data/s/nhnacademy/b/gyeongnam_campus/p/hive/d/24e124126d111937/sp/farm/n/스마트팜/g/24e124fffef5dccc/e/lora
Message Data:
time: 1745202231178
value: 

2025-04-21 11:23:52 [MQTT Call: JavaClientExample] INFO  com.example.mqtt.InfluxDBService - Extracted tagkey -> location: hive, kind: 스마트팜, data: lora
Value into InfluxDB: 0.0
2025-04-21 11:23:52 [MQTT Call: JavaClientExample] INFO  com.example.mqtt.MessageData - Data sent to InfluxDBService: data/s/nhnacademy/b/gyeongnam_campus/p/hive/d/24e124126d111937/sp/farm/n/스마트팜/g/24e124fffef5dccc/e/lora -> 0.0
2025-04-21 11:23:52 [MQTT Call: JavaClientExample] INFO  com.example.mqtt.MessageData - Topic: data/s/nhnacademy/b/gyeongnam_campus/p/hive/d/24e124126d111937/sp/farm/n/스마트팜/g/24e124fffef79304/e/lora
Message Data:
time: 1745202231178
value: 

2025-04-21 11:23:52 [MQTT Call: JavaClientExample] INFO  com.example.mqtt.InfluxDBService - Extracted tagkey -> location: hive, kind: 스마트팜, data: lora
Value into InfluxDB: 0.0
2025-04-21 11:23:52 [MQTT Call: JavaClientExample] INFO  com.example.mqtt.MessageData - Data sent to InfluxDBService: data/s/nhnacademy/b/gyeongnam_campus/p/hive/d/24e124126d111937/sp/farm/n/스마트팜/g/24e124fffef79304/e/lora -> 0.0
2025-04-21 11:23:57 [MQTT Call: JavaClientExample] INFO  com.example.mqtt.MessageData - Topic: data/s/nhnacademy/b/gyeongnam_campus/p/class_a/d/24e124126d152969/n/왼쪽 뒤/e/pressure
Message Data:
time: 1745202237403
value: 1016.5

2025-04-21 11:23:57 [MQTT Call: JavaClientExample] INFO  com.example.mqtt.InfluxDBService - Extracted tagkey -> location: class_a, kind: 왼쪽 뒤, data: pressure
Value into InfluxDB: 1016.5
2025-04-21 11:23:57 [MQTT Call: JavaClientExample] INFO  com.example.mqtt.MessageData - Data sent to InfluxDBService: data/s/nhnacademy/b/gyeongnam_campus/p/class_a/d/24e124126d152969/n/왼쪽 뒤/e/pressure -> 1016.5
2025-04-21 11:24:00 [MQTT Call: JavaClientExample] INFO  com.example.mqtt.MessageData - Topic: data/s/nhnacademy/b/gyeongnam_campus/p/class_a/d/24e124126d152969/n/왼쪽 뒤/e/humidity
Message Data:
time: 1745202237403
value: 51

2025-04-21 11:24:00 [MQTT Call: JavaClientExample] INFO  com.example.mqtt.InfluxDBService - Extracted tagkey -> location: class_a, kind: 왼쪽 뒤, data: humidity
Value into InfluxDB: 51.0
2025-04-21 11:24:00 [MQTT Call: JavaClientExample] INFO  com.example.mqtt.MessageData - Data sent to InfluxDBService: data/s/nhnacademy/b/gyeongnam_campus/p/class_a/d/24e124126d152969/n/왼쪽 뒤/e/humidity -> 51.0
2025-04-21 11:24:00 [MQTT Call: JavaClientExample] INFO  com.example.mqtt.MessageData - Topic: data/s/nhnacademy/b/gyeongnam_campus/p/class_a/d/24e124126d152969/n/왼쪽 뒤/e/battery
Message Data:
time: 1745202237403
value: 60

2025-04-21 11:24:00 [MQTT Call: JavaClientExample] INFO  com.example.mqtt.InfluxDBService - Extracted tagkey -> location: class_a, kind: 왼쪽 뒤, data: battery
Value into InfluxDB: 60.0
2025-04-21 11:24:00 [MQTT Call: JavaClientExample] INFO  com.example.mqtt.MessageData - Data sent to InfluxDBService: data/s/nhnacademy/b/gyeongnam_campus/p/class_a/d/24e124126d152969/n/왼쪽 뒤/e/battery -> 60.0
2025-04-21 11:24:00 [MQTT Call: JavaClientExample] INFO  com.example.mqtt.MessageData - Topic: data/s/nhnacademy/b/gyeongnam_campus/p/class_a/d/24e124126d152969/n/왼쪽 뒤/e/co2
Message Data:
time: 1745202237403
value: 962

2025-04-21 11:24:00 [MQTT Call: JavaClientExample] INFO  com.example.mqtt.InfluxDBService - Extracted tagkey -> location: class_a, kind: 왼쪽 뒤, data: co2
Value into InfluxDB: 962.0
2025-04-21 11:24:00 [MQTT Call: JavaClientExample] INFO  com.example.mqtt.MessageData - Data sent to InfluxDBService: data/s/nhnacademy/b/gyeongnam_campus/p/class_a/d/24e124126d152969/n/왼쪽 뒤/e/co2 -> 962.0
2025-04-21 11:24:00 [MQTT Call: JavaClientExample] INFO  com.example.mqtt.MessageData - Topic: data/s/nhnacademy/b/gyeongnam_campus/p/class_a/d/24e124126d152969/n/왼쪽 뒤/e/temperature
Message Data:
time: 1745202237403
value: 23

2025-04-21 11:24:00 [MQTT Call: JavaClientExample] INFO  com.example.mqtt.InfluxDBService - Extracted tagkey -> location: class_a, kind: 왼쪽 뒤, data: temperature
Value into InfluxDB: 23.0
2025-04-21 11:24:00 [MQTT Call: JavaClientExample] INFO  com.example.mqtt.MessageData - Data sent to InfluxDBService: data/s/nhnacademy/b/gyeongnam_campus/p/class_a/d/24e124126d152969/n/왼쪽 뒤/e/temperature -> 23.0
2025-04-21 11:24:00 [MQTT Call: JavaClientExample] INFO  com.example.mqtt.MessageData - Topic: data/s/nhnacademy/b/gyeongnam_campus/p/class_a/d/24e124126d152969/n/왼쪽 뒤/g/24e124fffef79304/e/lora
Message Data:
time: 1745202237403
value: 

2025-04-21 11:24:00 [MQTT Call: JavaClientExample] INFO  com.example.mqtt.InfluxDBService - Extracted tagkey -> location: class_a, kind: 왼쪽 뒤, data: lora
Value into InfluxDB: 0.0
2025-04-21 11:24:00 [MQTT Call: JavaClientExample] INFO  com.example.mqtt.MessageData - Data sent to InfluxDBService: data/s/nhnacademy/b/gyeongnam_campus/p/class_a/d/24e124126d152969/n/왼쪽 뒤/g/24e124fffef79304/e/lora -> 0.0
2025-04-21 11:24:00 [MQTT Call: JavaClientExample] INFO  com.example.mqtt.MessageData - Topic: data/s/nhnacademy/b/gyeongnam_campus/p/class_a/d/24e124126d152969/n/왼쪽 뒤/g/24e124fffef5dccc/e/lora
Message Data:
time: 1745202237403
value: 

2025-04-21 11:24:00 [MQTT Call: JavaClientExample] INFO  com.example.mqtt.InfluxDBService - Extracted tagkey -> location: class_a, kind: 왼쪽 뒤, data: lora
Value into InfluxDB: 0.0
2025-04-21 11:24:00 [MQTT Call: JavaClientExample] INFO  com.example.mqtt.MessageData - Data sent to InfluxDBService: data/s/nhnacademy/b/gyeongnam_campus/p/class_a/d/24e124126d152969/n/왼쪽 뒤/g/24e124fffef5dccc/e/lora -> 0.0
2025-04-21 11:24:10 [MQTT Call: JavaClientExample] INFO  com.example.mqtt.MessageData - Topic: data/s/nhnacademy/b/gyeongnam_campus/p/hive/d/24e124126c452091/sp/farm/n/스마트팜/e/temperature
Message Data:
time: 1745202248147
value: 24.5

2025-04-21 11:24:10 [MQTT Call: JavaClientExample] INFO  com.example.mqtt.InfluxDBService - Extracted tagkey -> location: hive, kind: 스마트팜, data: temperature
Value into InfluxDB: 24.5
2025-04-21 11:24:10 [MQTT Call: JavaClientExample] INFO  com.example.mqtt.MessageData - Data sent to InfluxDBService: data/s/nhnacademy/b/gyeongnam_campus/p/hive/d/24e124126c452091/sp/farm/n/스마트팜/e/temperature -> 24.5
2025-04-21 11:24:10 [MQTT Call: JavaClientExample] INFO  com.example.mqtt.MessageData - Topic: data/s/nhnacademy/b/gyeongnam_campus/p/hive/d/24e124126c452091/sp/farm/n/스마트팜/g/24e124fffef5dccc/e/lora
Message Data:
time: 1745202248147
value: 

2025-04-21 11:24:10 [MQTT Call: JavaClientExample] INFO  com.example.mqtt.InfluxDBService - Extracted tagkey -> location: hive, kind: 스마트팜, data: lora
Value into InfluxDB: 0.0
2025-04-21 11:24:10 [MQTT Call: JavaClientExample] INFO  com.example.mqtt.MessageData - Data sent to InfluxDBService: data/s/nhnacademy/b/gyeongnam_campus/p/hive/d/24e124126c452091/sp/farm/n/스마트팜/g/24e124fffef5dccc/e/lora -> 0.0
2025-04-21 11:24:10 [MQTT Call: JavaClientExample] INFO  com.example.mqtt.MessageData - Topic: data/s/nhnacademy/b/gyeongnam_campus/p/hive/d/24e124126c452091/sp/farm/n/스마트팜/g/24e124fffef79304/e/lora
Message Data:
time: 1745202248147
value: 

2025-04-21 11:24:10 [MQTT Call: JavaClientExample] INFO  com.example.mqtt.InfluxDBService - Extracted tagkey -> location: hive, kind: 스마트팜, data: lora
Value into InfluxDB: 0.0
2025-04-21 11:24:10 [MQTT Call: JavaClientExample] INFO  com.example.mqtt.MessageData - Data sent to InfluxDBService: data/s/nhnacademy/b/gyeongnam_campus/p/hive/d/24e124126c452091/sp/farm/n/스마트팜/g/24e124fffef79304/e/lora -> 0.0
2025-04-21 11:24:12 [MQTT Call: JavaClientExample] INFO  com.example.mqtt.MessageData - Topic: data/s/nhnacademy/b/gyeongnam_campus/p/meeting_room/d/24e124600d186154/n/TV 위/g/24e124fffef5dccc/e/lora
Message Data:
time: 1745202252301
value: 

2025-04-21 11:24:12 [MQTT Call: JavaClientExample] INFO  com.example.mqtt.InfluxDBService - Extracted tagkey -> location: meeting_room, kind: TV 위, data: lora
Value into InfluxDB: 0.0
2025-04-21 11:24:12 [MQTT Call: JavaClientExample] INFO  com.example.mqtt.MessageData - Data sent to InfluxDBService: data/s/nhnacademy/b/gyeongnam_campus/p/meeting_room/d/24e124600d186154/n/TV 위/g/24e124fffef5dccc/e/lora -> 0.0
2025-04-21 11:24:12 [MQTT Call: JavaClientExample] INFO  com.example.mqtt.MessageData - Topic: data/s/nhnacademy/b/gyeongnam_campus/p/meeting_room/d/24e124600d186154/n/TV 위/g/24e124fffef79304/e/lora
Message Data:
time: 1745202252301
value: 

2025-04-21 11:24:12 [MQTT Call: JavaClientExample] INFO  com.example.mqtt.InfluxDBService - Extracted tagkey -> location: meeting_room, kind: TV 위, data: lora
Value into InfluxDB: 0.0
2025-04-21 11:24:12 [MQTT Call: JavaClientExample] INFO  com.example.mqtt.MessageData - Data sent to InfluxDBService: data/s/nhnacademy/b/gyeongnam_campus/p/meeting_room/d/24e124600d186154/n/TV 위/g/24e124fffef79304/e/lora -> 0.0
2025-04-21 11:24:16 [MQTT Call: JavaClientExample] INFO  com.example.mqtt.MessageData - Topic: data/s/nhnacademy/b/gyeongnam_campus/p/hive/d/24e124725d081175/sp/8인 책상/n/8인 책상/e/temperature
Message Data:
time: 1745202255213
value: 25.5

2025-04-21 11:24:16 [MQTT Call: JavaClientExample] INFO  com.example.mqtt.InfluxDBService - Extracted tagkey -> location: hive, kind: 8인 책상, data: temperature
Value into InfluxDB: 25.5
2025-04-21 11:24:16 [MQTT Call: JavaClientExample] INFO  com.example.mqtt.MessageData - Data sent to InfluxDBService: data/s/nhnacademy/b/gyeongnam_campus/p/hive/d/24e124725d081175/sp/8인 책상/n/8인 책상/e/temperature -> 25.5
2025-04-21 11:24:16 [MQTT Call: JavaClientExample] INFO  com.example.mqtt.MessageData - Topic: data/s/nhnacademy/b/gyeongnam_campus/p/hive/d/24e124725d081175/sp/8인 책상/n/8인 책상/e/humidity
Message Data:
time: 1745202255213
value: 42

2025-04-21 11:24:16 [MQTT Call: JavaClientExample] INFO  com.example.mqtt.InfluxDBService - Extracted tagkey -> location: hive, kind: 8인 책상, data: humidity
Value into InfluxDB: 42.0
2025-04-21 11:24:16 [MQTT Call: JavaClientExample] INFO  com.example.mqtt.MessageData - Data sent to InfluxDBService: data/s/nhnacademy/b/gyeongnam_campus/p/hive/d/24e124725d081175/sp/8인 책상/n/8인 책상/e/humidity -> 42.0
2025-04-21 11:24:16 [MQTT Call: JavaClientExample] INFO  com.example.mqtt.MessageData - Topic: data/s/nhnacademy/b/gyeongnam_campus/p/hive/d/24e124725d081175/sp/8인 책상/n/8인 책상/e/co2
Message Data:
time: 1745202255213
value: 639

2025-04-21 11:24:16 [MQTT Call: JavaClientExample] INFO  com.example.mqtt.InfluxDBService - Extracted tagkey -> location: hive, kind: 8인 책상, data: co2
Value into InfluxDB: 639.0
2025-04-21 11:24:16 [MQTT Call: JavaClientExample] INFO  com.example.mqtt.MessageData - Data sent to InfluxDBService: data/s/nhnacademy/b/gyeongnam_campus/p/hive/d/24e124725d081175/sp/8인 책상/n/8인 책상/e/co2 -> 639.0
2025-04-21 11:24:16 [MQTT Call: JavaClientExample] INFO  com.example.mqtt.MessageData - Topic: data/s/nhnacademy/b/gyeongnam_campus/p/hive/d/24e124725d081175/sp/8인 책상/n/8인 책상/e/battery
Message Data:
time: 1745202255213
value: 77

2025-04-21 11:24:16 [MQTT Call: JavaClientExample] INFO  com.example.mqtt.InfluxDBService - Extracted tagkey -> location: hive, kind: 8인 책상, data: battery
Value into InfluxDB: 77.0
2025-04-21 11:24:16 [MQTT Call: JavaClientExample] INFO  com.example.mqtt.MessageData - Data sent to InfluxDBService: data/s/nhnacademy/b/gyeongnam_campus/p/hive/d/24e124725d081175/sp/8인 책상/n/8인 책상/e/battery -> 77.0
2025-04-21 11:24:16 [MQTT Call: JavaClientExample] INFO  com.example.mqtt.MessageData - Topic: data/s/nhnacademy/b/gyeongnam_campus/p/hive/d/24e124725d081175/sp/8인 책상/n/8인 책상/g/24e124fffef79304/e/lora
Message Data:
time: 1745202255213
value: 

2025-04-21 11:24:16 [MQTT Call: JavaClientExample] INFO  com.example.mqtt.InfluxDBService - Extracted tagkey -> location: hive, kind: 8인 책상, data: lora
Value into InfluxDB: 0.0
2025-04-21 11:24:16 [MQTT Call: JavaClientExample] INFO  com.example.mqtt.MessageData - Data sent to InfluxDBService: data/s/nhnacademy/b/gyeongnam_campus/p/hive/d/24e124725d081175/sp/8인 책상/n/8인 책상/g/24e124fffef79304/e/lora -> 0.0
2025-04-21 11:24:16 [MQTT Call: JavaClientExample] INFO  com.example.mqtt.MessageData - Topic: data/s/nhnacademy/b/gyeongnam_campus/p/hive/d/24e124725d081175/sp/8인 책상/n/8인 책상/g/24e124fffef5dccc/e/lora
Message Data:
time: 1745202255213
value: 

2025-04-21 11:24:16 [MQTT Call: JavaClientExample] INFO  com.example.mqtt.InfluxDBService - Extracted tagkey -> location: hive, kind: 8인 책상, data: lora
Value into InfluxDB: 0.0
2025-04-21 11:24:16 [MQTT Call: JavaClientExample] INFO  com.example.mqtt.MessageData - Data sent to InfluxDBService: data/s/nhnacademy/b/gyeongnam_campus/p/hive/d/24e124725d081175/sp/8인 책상/n/8인 책상/g/24e124fffef5dccc/e/lora -> 0.0
2025-04-21 11:24:17 [MQTT Call: JavaClientExample] INFO  com.example.mqtt.MessageData - Topic: data/s/nhnacademy/b/gyeongnam_campus/p/office/d/24e124126d152919/n/보드/e/pressure
Message Data:
time: 1745202256608
value: 1016.5

2025-04-21 11:24:17 [MQTT Call: JavaClientExample] INFO  com.example.mqtt.InfluxDBService - Extracted tagkey -> location: office, kind: 보드, data: pressure
Value into InfluxDB: 1016.5
2025-04-21 11:24:17 [MQTT Call: JavaClientExample] INFO  com.example.mqtt.MessageData - Data sent to InfluxDBService: data/s/nhnacademy/b/gyeongnam_campus/p/office/d/24e124126d152919/n/보드/e/pressure -> 1016.5
2025-04-21 11:24:17 [MQTT Call: JavaClientExample] INFO  com.example.mqtt.MessageData - Topic: data/s/nhnacademy/b/gyeongnam_campus/p/office/d/24e124126d152919/n/보드/e/co2
Message Data:
time: 1745202256608
value: 691

2025-04-21 11:24:17 [MQTT Call: JavaClientExample] INFO  com.example.mqtt.InfluxDBService - Extracted tagkey -> location: office, kind: 보드, data: co2
Value into InfluxDB: 691.0
2025-04-21 11:24:17 [MQTT Call: JavaClientExample] INFO  com.example.mqtt.MessageData - Data sent to InfluxDBService: data/s/nhnacademy/b/gyeongnam_campus/p/office/d/24e124126d152919/n/보드/e/co2 -> 691.0
2025-04-21 11:24:17 [MQTT Call: JavaClientExample] INFO  com.example.mqtt.MessageData - Topic: data/s/nhnacademy/b/gyeongnam_campus/p/office/d/24e124126d152919/n/보드/e/humidity
Message Data:
time: 1745202256608
value: 47.5

2025-04-21 11:24:17 [MQTT Call: JavaClientExample] INFO  com.example.mqtt.InfluxDBService - Extracted tagkey -> location: office, kind: 보드, data: humidity
Value into InfluxDB: 47.5
2025-04-21 11:24:17 [MQTT Call: JavaClientExample] INFO  com.example.mqtt.MessageData - Data sent to InfluxDBService: data/s/nhnacademy/b/gyeongnam_campus/p/office/d/24e124126d152919/n/보드/e/humidity -> 47.5
2025-04-21 11:24:17 [MQTT Call: JavaClientExample] INFO  com.example.mqtt.MessageData - Topic: data/s/nhnacademy/b/gyeongnam_campus/p/office/d/24e124126d152919/n/보드/e/temperature
Message Data:
time: 1745202256608
value: 23.4

2025-04-21 11:24:17 [MQTT Call: JavaClientExample] INFO  com.example.mqtt.InfluxDBService - Extracted tagkey -> location: office, kind: 보드, data: temperature
Value into InfluxDB: 23.4
2025-04-21 11:24:17 [MQTT Call: JavaClientExample] INFO  com.example.mqtt.MessageData - Data sent to InfluxDBService: data/s/nhnacademy/b/gyeongnam_campus/p/office/d/24e124126d152919/n/보드/e/temperature -> 23.4
2025-04-21 11:24:17 [MQTT Call: JavaClientExample] INFO  com.example.mqtt.MessageData - Topic: data/s/nhnacademy/b/gyeongnam_campus/p/office/d/24e124126d152919/n/보드/g/24e124fffef5dccc/e/lora
Message Data:
time: 1745202256608
value: 

2025-04-21 11:24:17 [MQTT Call: JavaClientExample] INFO  com.example.mqtt.InfluxDBService - Extracted tagkey -> location: office, kind: 보드, data: lora
Value into InfluxDB: 0.0
2025-04-21 11:24:17 [MQTT Call: JavaClientExample] INFO  com.example.mqtt.MessageData - Data sent to InfluxDBService: data/s/nhnacademy/b/gyeongnam_campus/p/office/d/24e124126d152919/n/보드/g/24e124fffef5dccc/e/lora -> 0.0
2025-04-21 11:24:17 [MQTT Call: JavaClientExample] INFO  com.example.mqtt.MessageData - Topic: data/s/nhnacademy/b/gyeongnam_campus/p/office/d/24e124126d152919/n/보드/g/24e124fffef79304/e/lora
Message Data:
time: 1745202256608
value: 

2025-04-21 11:24:17 [MQTT Call: JavaClientExample] INFO  com.example.mqtt.InfluxDBService - Extracted tagkey -> location: office, kind: 보드, data: lora
Value into InfluxDB: 0.0
2025-04-21 11:24:17 [MQTT Call: JavaClientExample] INFO  com.example.mqtt.MessageData - Data sent to InfluxDBService: data/s/nhnacademy/b/gyeongnam_campus/p/office/d/24e124126d152919/n/보드/g/24e124fffef79304/e/lora -> 0.0
2025-04-21 11:24:17 [MQTT Call: JavaClientExample] INFO  com.example.mqtt.MessageData - Topic: data/s/nhnacademy/b/gyeongnam_campus/p/class_a/d/24e124128c067999/sp/입구/n/입구/e/co2
Message Data:
time: 1745202257427
value: 883

2025-04-21 11:24:17 [MQTT Call: JavaClientExample] INFO  com.example.mqtt.InfluxDBService - Extracted tagkey -> location: class_a, kind: 입구, data: co2
Value into InfluxDB: 883.0
2025-04-21 11:24:17 [MQTT Call: JavaClientExample] INFO  com.example.mqtt.MessageData - Data sent to InfluxDBService: data/s/nhnacademy/b/gyeongnam_campus/p/class_a/d/24e124128c067999/sp/입구/n/입구/e/co2 -> 883.0
2025-04-21 11:24:17 [MQTT Call: JavaClientExample] INFO  com.example.mqtt.MessageData - Topic: data/s/nhnacademy/b/gyeongnam_campus/p/class_a/d/24e124128c067999/sp/입구/n/입구/e/pressure
Message Data:
time: 1745202257427
value: 1008.9

2025-04-21 11:24:17 [MQTT Call: JavaClientExample] INFO  com.example.mqtt.InfluxDBService - Extracted tagkey -> location: class_a, kind: 입구, data: pressure
Value into InfluxDB: 1008.9
2025-04-21 11:24:17 [MQTT Call: JavaClientExample] INFO  com.example.mqtt.MessageData - Data sent to InfluxDBService: data/s/nhnacademy/b/gyeongnam_campus/p/class_a/d/24e124128c067999/sp/입구/n/입구/e/pressure -> 1008.9
2025-04-21 11:24:17 [MQTT Call: JavaClientExample] INFO  com.example.mqtt.MessageData - Topic: data/s/nhnacademy/b/gyeongnam_campus/p/class_a/d/24e124128c067999/sp/입구/n/입구/e/infrared_and_visible
Message Data:
time: 1745202257427
value: 46

2025-04-21 11:24:17 [MQTT Call: JavaClientExample] INFO  com.example.mqtt.InfluxDBService - Extracted tagkey -> location: class_a, kind: 입구, data: infrared_and_visible
Value into InfluxDB: 46.0
2025-04-21 11:24:17 [MQTT Call: JavaClientExample] INFO  com.example.mqtt.MessageData - Data sent to InfluxDBService: data/s/nhnacademy/b/gyeongnam_campus/p/class_a/d/24e124128c067999/sp/입구/n/입구/e/infrared_and_visible -> 46.0
2025-04-21 11:24:17 [MQTT Call: JavaClientExample] INFO  com.example.mqtt.MessageData - Topic: data/s/nhnacademy/b/gyeongnam_campus/p/class_a/d/24e124128c067999/sp/입구/n/입구/e/activity
Message Data:
time: 1745202257427
value: 1

2025-04-21 11:24:17 [MQTT Call: JavaClientExample] INFO  com.example.mqtt.InfluxDBService - Extracted tagkey -> location: class_a, kind: 입구, data: activity
Value into InfluxDB: 1.0
2025-04-21 11:24:17 [MQTT Call: JavaClientExample] INFO  com.example.mqtt.MessageData - Data sent to InfluxDBService: data/s/nhnacademy/b/gyeongnam_campus/p/class_a/d/24e124128c067999/sp/입구/n/입구/e/activity -> 1.0
2025-04-21 11:24:17 [MQTT Call: JavaClientExample] INFO  com.example.mqtt.MessageData - Topic: data/s/nhnacademy/b/gyeongnam_campus/p/class_a/d/24e124128c067999/sp/입구/n/입구/e/temperature
Message Data:
time: 1745202257427
value: 24

2025-04-21 11:24:17 [MQTT Call: JavaClientExample] INFO  com.example.mqtt.InfluxDBService - Extracted tagkey -> location: class_a, kind: 입구, data: temperature
Value into InfluxDB: 24.0
2025-04-21 11:24:17 [MQTT Call: JavaClientExample] INFO  com.example.mqtt.MessageData - Data sent to InfluxDBService: data/s/nhnacademy/b/gyeongnam_campus/p/class_a/d/24e124128c067999/sp/입구/n/입구/e/temperature -> 24.0
2025-04-21 11:24:17 [MQTT Call: JavaClientExample] INFO  com.example.mqtt.MessageData - Topic: data/s/nhnacademy/b/gyeongnam_campus/p/class_a/d/24e124128c067999/sp/입구/n/입구/e/illumination
Message Data:
time: 1745202257427
value: 67

2025-04-21 11:24:17 [MQTT Call: JavaClientExample] INFO  com.example.mqtt.InfluxDBService - Extracted tagkey -> location: class_a, kind: 입구, data: illumination
Value into InfluxDB: 67.0
2025-04-21 11:24:17 [MQTT Call: JavaClientExample] INFO  com.example.mqtt.MessageData - Data sent to InfluxDBService: data/s/nhnacademy/b/gyeongnam_campus/p/class_a/d/24e124128c067999/sp/입구/n/입구/e/illumination -> 67.0
2025-04-21 11:24:17 [MQTT Call: JavaClientExample] INFO  com.example.mqtt.MessageData - Topic: data/s/nhnacademy/b/gyeongnam_campus/p/class_a/d/24e124128c067999/sp/입구/n/입구/e/infrared
Message Data:
time: 1745202257427
value: 7

2025-04-21 11:24:17 [MQTT Call: JavaClientExample] INFO  com.example.mqtt.InfluxDBService - Extracted tagkey -> location: class_a, kind: 입구, data: infrared
Value into InfluxDB: 7.0
2025-04-21 11:24:17 [MQTT Call: JavaClientExample] INFO  com.example.mqtt.MessageData - Data sent to InfluxDBService: data/s/nhnacademy/b/gyeongnam_campus/p/class_a/d/24e124128c067999/sp/입구/n/입구/e/infrared -> 7.0
2025-04-21 11:24:17 [MQTT Call: JavaClientExample] INFO  com.example.mqtt.MessageData - Topic: data/s/nhnacademy/b/gyeongnam_campus/p/class_a/d/24e124128c067999/sp/입구/n/입구/e/humidity
Message Data:
time: 1745202257427
value: 45.5

2025-04-21 11:24:17 [MQTT Call: JavaClientExample] INFO  com.example.mqtt.InfluxDBService - Extracted tagkey -> location: class_a, kind: 입구, data: humidity
Value into InfluxDB: 45.5
2025-04-21 11:24:17 [MQTT Call: JavaClientExample] INFO  com.example.mqtt.MessageData - Data sent to InfluxDBService: data/s/nhnacademy/b/gyeongnam_campus/p/class_a/d/24e124128c067999/sp/입구/n/입구/e/humidity -> 45.5
2025-04-21 11:24:17 [MQTT Call: JavaClientExample] INFO  com.example.mqtt.MessageData - Topic: data/s/nhnacademy/b/gyeongnam_campus/p/class_a/d/24e124128c067999/sp/입구/n/입구/e/tvoc
Message Data:
time: 1745202257427
value: 299

2025-04-21 11:24:17 [MQTT Call: JavaClientExample] INFO  com.example.mqtt.InfluxDBService - Extracted tagkey -> location: class_a, kind: 입구, data: tvoc
Value into InfluxDB: 299.0
2025-04-21 11:24:17 [MQTT Call: JavaClientExample] INFO  com.example.mqtt.MessageData - Data sent to InfluxDBService: data/s/nhnacademy/b/gyeongnam_campus/p/class_a/d/24e124128c067999/sp/입구/n/입구/e/tvoc -> 299.0
2025-04-21 11:24:18 [MQTT Call: JavaClientExample] INFO  com.example.mqtt.MessageData - Topic: data/s/nhnacademy/b/gyeongnam_campus/p/class_a/d/24e124128c067999/sp/입구/n/입구/g/24e124fffef79304/e/lora
Message Data:
time: 1745202257427
value: 

2025-04-21 11:24:18 [MQTT Call: JavaClientExample] INFO  com.example.mqtt.InfluxDBService - Extracted tagkey -> location: class_a, kind: 입구, data: lora
Value into InfluxDB: 0.0
2025-04-21 11:24:18 [MQTT Call: JavaClientExample] INFO  com.example.mqtt.MessageData - Data sent to InfluxDBService: data/s/nhnacademy/b/gyeongnam_campus/p/class_a/d/24e124128c067999/sp/입구/n/입구/g/24e124fffef79304/e/lora -> 0.0
2025-04-21 11:24:18 [MQTT Call: JavaClientExample] INFO  com.example.mqtt.MessageData - Topic: data/s/nhnacademy/b/gyeongnam_campus/p/class_a/d/24e124128c067999/sp/입구/n/입구/g/24e124fffef5dccc/e/lora
Message Data:
time: 1745202257427
value: 

2025-04-21 11:24:18 [MQTT Call: JavaClientExample] INFO  com.example.mqtt.InfluxDBService - Extracted tagkey -> location: class_a, kind: 입구, data: lora
Value into InfluxDB: 0.0
2025-04-21 11:24:18 [MQTT Call: JavaClientExample] INFO  com.example.mqtt.MessageData - Data sent to InfluxDBService: data/s/nhnacademy/b/gyeongnam_campus/p/class_a/d/24e124128c067999/sp/입구/n/입구/g/24e124fffef5dccc/e/lora -> 0.0
2025-04-21 11:24:19 [MQTT Call: JavaClientExample] INFO  com.example.mqtt.MessageData - Topic: data/s/nhnacademy/b/gyeongnam_campus/p/hive/d/24e124785c389010/n/정수기 위/e/temperature
Message Data:
time: 1745202258885
value: 25.3

2025-04-21 11:24:19 [MQTT Call: JavaClientExample] INFO  com.example.mqtt.InfluxDBService - Extracted tagkey -> location: hive, kind: 정수기 위, data: temperature
Value into InfluxDB: 25.3
2025-04-21 11:24:19 [MQTT Call: JavaClientExample] INFO  com.example.mqtt.MessageData - Data sent to InfluxDBService: data/s/nhnacademy/b/gyeongnam_campus/p/hive/d/24e124785c389010/n/정수기 위/e/temperature -> 25.3
2025-04-21 11:24:19 [MQTT Call: JavaClientExample] INFO  com.example.mqtt.MessageData - Topic: data/s/nhnacademy/b/gyeongnam_campus/p/hive/d/24e124785c389010/n/정수기 위/e/humidity
Message Data:
time: 1745202258885
value: 41

2025-04-21 11:24:19 [MQTT Call: JavaClientExample] INFO  com.example.mqtt.InfluxDBService - Extracted tagkey -> location: hive, kind: 정수기 위, data: humidity
Value into InfluxDB: 41.0
2025-04-21 11:24:19 [MQTT Call: JavaClientExample] INFO  com.example.mqtt.MessageData - Data sent to InfluxDBService: data/s/nhnacademy/b/gyeongnam_campus/p/hive/d/24e124785c389010/n/정수기 위/e/humidity -> 41.0
2025-04-21 11:24:19 [MQTT Call: JavaClientExample] INFO  com.example.mqtt.MessageData - Topic: data/s/nhnacademy/b/gyeongnam_campus/p/hive/d/24e124785c389010/n/정수기 위/e/battery
Message Data:
time: 1745202258885
value: 86

2025-04-21 11:24:19 [MQTT Call: JavaClientExample] INFO  com.example.mqtt.InfluxDBService - Extracted tagkey -> location: hive, kind: 정수기 위, data: battery
Value into InfluxDB: 86.0
2025-04-21 11:24:19 [MQTT Call: JavaClientExample] INFO  com.example.mqtt.MessageData - Data sent to InfluxDBService: data/s/nhnacademy/b/gyeongnam_campus/p/hive/d/24e124785c389010/n/정수기 위/e/battery -> 86.0
2025-04-21 11:24:19 [MQTT Call: JavaClientExample] INFO  com.example.mqtt.MessageData - Topic: data/s/nhnacademy/b/gyeongnam_campus/p/hive/d/24e124785c389010/n/정수기 위/g/24e124fffef5dccc/e/lora
Message Data:
time: 1745202258885
value: 

2025-04-21 11:24:19 [MQTT Call: JavaClientExample] INFO  com.example.mqtt.InfluxDBService - Extracted tagkey -> location: hive, kind: 정수기 위, data: lora
Value into InfluxDB: 0.0
2025-04-21 11:24:19 [MQTT Call: JavaClientExample] INFO  com.example.mqtt.MessageData - Data sent to InfluxDBService: data/s/nhnacademy/b/gyeongnam_campus/p/hive/d/24e124785c389010/n/정수기 위/g/24e124fffef5dccc/e/lora -> 0.0
2025-04-21 11:24:19 [MQTT Call: JavaClientExample] INFO  com.example.mqtt.MessageData - Topic: data/s/nhnacademy/b/gyeongnam_campus/p/hive/d/24e124785c389010/n/정수기 위/g/24e124fffef79304/e/lora
Message Data:
time: 1745202258885
value: 

2025-04-21 11:24:19 [MQTT Call: JavaClientExample] INFO  com.example.mqtt.InfluxDBService - Extracted tagkey -> location: hive, kind: 정수기 위, data: lora
Value into InfluxDB: 0.0
2025-04-21 11:24:19 [MQTT Call: JavaClientExample] INFO  com.example.mqtt.MessageData - Data sent to InfluxDBService: data/s/nhnacademy/b/gyeongnam_campus/p/hive/d/24e124785c389010/n/정수기 위/g/24e124fffef79304/e/lora -> 0.0
2025-04-21 11:24:26 [MQTT Call: JavaClientExample] INFO  com.example.mqtt.MessageData - Topic: data/s/nhnacademy/b/gyeongnam_campus/p/server_room/d/24e124136d151368/n/입구/e/temperature
Message Data:
time: 1745202266382
value: 23.9

2025-04-21 11:24:26 [MQTT Call: JavaClientExample] INFO  com.example.mqtt.InfluxDBService - Extracted tagkey -> location: server_room, kind: 입구, data: temperature
Value into InfluxDB: 23.9
2025-04-21 11:24:26 [MQTT Call: JavaClientExample] INFO  com.example.mqtt.MessageData - Data sent to InfluxDBService: data/s/nhnacademy/b/gyeongnam_campus/p/server_room/d/24e124136d151368/n/입구/e/temperature -> 23.9
2025-04-21 11:24:26 [MQTT Call: JavaClientExample] INFO  com.example.mqtt.MessageData - Topic: data/s/nhnacademy/b/gyeongnam_campus/p/server_room/d/24e124136d151368/n/입구/e/humidity
Message Data:
time: 1745202266382
value: 46.5

2025-04-21 11:24:26 [MQTT Call: JavaClientExample] INFO  com.example.mqtt.InfluxDBService - Extracted tagkey -> location: server_room, kind: 입구, data: humidity
Value into InfluxDB: 46.5
2025-04-21 11:24:26 [MQTT Call: JavaClientExample] INFO  com.example.mqtt.MessageData - Data sent to InfluxDBService: data/s/nhnacademy/b/gyeongnam_campus/p/server_room/d/24e124136d151368/n/입구/e/humidity -> 46.5
2025-04-21 11:24:26 [MQTT Call: JavaClientExample] INFO  com.example.mqtt.MessageData - Topic: data/s/nhnacademy/b/gyeongnam_campus/p/server_room/d/24e124136d151368/n/입구/g/24e124fffef79304/e/lora
Message Data:
time: 1745202266382
value: 

2025-04-21 11:24:26 [MQTT Call: JavaClientExample] INFO  com.example.mqtt.InfluxDBService - Extracted tagkey -> location: server_room, kind: 입구, data: lora
Value into InfluxDB: 0.0
2025-04-21 11:24:26 [MQTT Call: JavaClientExample] INFO  com.example.mqtt.MessageData - Data sent to InfluxDBService: data/s/nhnacademy/b/gyeongnam_campus/p/server_room/d/24e124136d151368/n/입구/g/24e124fffef79304/e/lora -> 0.0
2025-04-21 11:24:26 [MQTT Call: JavaClientExample] INFO  com.example.mqtt.MessageData - Topic: data/s/nhnacademy/b/gyeongnam_campus/p/server_room/d/24e124136d151368/n/입구/g/24e124fffef5dccc/e/lora
Message Data:
time: 1745202266382
value: 

2025-04-21 11:24:26 [MQTT Call: JavaClientExample] INFO  com.example.mqtt.InfluxDBService - Extracted tagkey -> location: server_room, kind: 입구, data: lora
Value into InfluxDB: 0.0
2025-04-21 11:24:26 [MQTT Call: JavaClientExample] INFO  com.example.mqtt.MessageData - Data sent to InfluxDBService: data/s/nhnacademy/b/gyeongnam_campus/p/server_room/d/24e124136d151368/n/입구/g/24e124fffef5dccc/e/lora -> 0.0
2025-04-21 11:24:44 [MQTT Call: JavaClientExample] INFO  com.example.mqtt.MessageData - Topic: data/s/nhnacademy/b/gyeongnam_campus/p/pair_room/d/24e124617d159573/n/2/e/distance
Message Data:
time: 1745202284549
value: 2238

2025-04-21 11:24:44 [MQTT Call: JavaClientExample] INFO  com.example.mqtt.InfluxDBService - Extracted tagkey -> location: pair_room, kind: 2, data: distance
Value into InfluxDB: 2238.0
2025-04-21 11:24:44 [MQTT Call: JavaClientExample] INFO  com.example.mqtt.MessageData - Data sent to InfluxDBService: data/s/nhnacademy/b/gyeongnam_campus/p/pair_room/d/24e124617d159573/n/2/e/distance -> 2238.0
2025-04-21 11:24:45 [MQTT Call: JavaClientExample] INFO  com.example.mqtt.MessageData - Topic: data/s/nhnacademy/b/gyeongnam_campus/p/pair_room/d/24e124617d159573/n/2/e/occupancy
Message Data:
time: 1745202284549
value: 0

2025-04-21 11:24:45 [MQTT Call: JavaClientExample] INFO  com.example.mqtt.InfluxDBService - Extracted tagkey -> location: pair_room, kind: 2, data: occupancy
Value into InfluxDB: 0.0
2025-04-21 11:24:45 [MQTT Call: JavaClientExample] INFO  com.example.mqtt.MessageData - Data sent to InfluxDBService: data/s/nhnacademy/b/gyeongnam_campus/p/pair_room/d/24e124617d159573/n/2/e/occupancy -> 0.0
2025-04-21 11:24:45 [MQTT Call: JavaClientExample] INFO  com.example.mqtt.MessageData - Topic: data/s/nhnacademy/b/gyeongnam_campus/p/pair_room/d/24e124617d159573/n/2/e/battery
Message Data:
time: 1745202284549
value: 33

2025-04-21 11:24:45 [MQTT Call: JavaClientExample] INFO  com.example.mqtt.InfluxDBService - Extracted tagkey -> location: pair_room, kind: 2, data: battery
Value into InfluxDB: 33.0
2025-04-21 11:24:45 [MQTT Call: JavaClientExample] INFO  com.example.mqtt.MessageData - Data sent to InfluxDBService: data/s/nhnacademy/b/gyeongnam_campus/p/pair_room/d/24e124617d159573/n/2/e/battery -> 33.0
2025-04-21 11:24:45 [MQTT Call: JavaClientExample] INFO  com.example.mqtt.MessageData - Topic: data/s/nhnacademy/b/gyeongnam_campus/p/pair_room/d/24e124617d159573/n/2/g/24e124fffef5dccc/e/lora
Message Data:
time: 1745202284549
value: 

2025-04-21 11:24:45 [MQTT Call: JavaClientExample] INFO  com.example.mqtt.InfluxDBService - Extracted tagkey -> location: pair_room, kind: 2, data: lora
Value into InfluxDB: 0.0
2025-04-21 11:24:45 [MQTT Call: JavaClientExample] INFO  com.example.mqtt.MessageData - Data sent to InfluxDBService: data/s/nhnacademy/b/gyeongnam_campus/p/pair_room/d/24e124617d159573/n/2/g/24e124fffef5dccc/e/lora -> 0.0
2025-04-21 11:24:45 [MQTT Call: JavaClientExample] INFO  com.example.mqtt.MessageData - Topic: data/s/nhnacademy/b/gyeongnam_campus/p/pair_room/d/24e124617d159573/n/2/g/24e124fffef79304/e/lora
Message Data:
time: 1745202284549
value: 

2025-04-21 11:24:45 [MQTT Call: JavaClientExample] INFO  com.example.mqtt.InfluxDBService - Extracted tagkey -> location: pair_room, kind: 2, data: lora
Value into InfluxDB: 0.0
2025-04-21 11:24:45 [MQTT Call: JavaClientExample] INFO  com.example.mqtt.MessageData - Data sent to InfluxDBService: data/s/nhnacademy/b/gyeongnam_campus/p/pair_room/d/24e124617d159573/n/2/g/24e124fffef79304/e/lora -> 0.0
2025-04-21 11:24:46 [MQTT Call: JavaClientExample] INFO  com.example.mqtt.MessageData - Topic: data/s/nhnacademy/b/gyeongnam_campus/p/campus/d/gem3500_1/n/캠퍼스_LL/e/voltage
Message Data:
time: 1745202286839
value: 378.33

2025-04-21 11:24:46 [MQTT Call: JavaClientExample] INFO  com.example.mqtt.InfluxDBService - Extracted tagkey -> location: campus, kind: 캠퍼스_LL, data: voltage
Value into InfluxDB: 378.33
2025-04-21 11:24:46 [MQTT Call: JavaClientExample] INFO  com.example.mqtt.MessageData - Data sent to InfluxDBService: data/s/nhnacademy/b/gyeongnam_campus/p/campus/d/gem3500_1/n/캠퍼스_LL/e/voltage -> 378.33
2025-04-21 11:24:46 [MQTT Call: JavaClientExample] INFO  com.example.mqtt.MessageData - Topic: data/s/nhnacademy/b/gyeongnam_campus/p/campus/d/gem3500_1/n/캠퍼스_LN/e/voltage
Message Data:
time: 1745202286839
value: 218.42

2025-04-21 11:24:46 [MQTT Call: JavaClientExample] INFO  com.example.mqtt.InfluxDBService - Extracted tagkey -> location: campus, kind: 캠퍼스_LN, data: voltage
Value into InfluxDB: 218.42
2025-04-21 11:24:46 [MQTT Call: JavaClientExample] INFO  com.example.mqtt.MessageData - Data sent to InfluxDBService: data/s/nhnacademy/b/gyeongnam_campus/p/campus/d/gem3500_1/n/캠퍼스_LN/e/voltage -> 218.42
2025-04-21 11:24:46 [MQTT Call: JavaClientExample] INFO  com.example.mqtt.MessageData - Topic: data/s/nhnacademy/b/gyeongnam_campus/p/storage/d/24e124136d151547/n/입구/e/temperature
Message Data:
time: 1745202286558
value: -0.1

2025-04-21 11:24:46 [MQTT Call: JavaClientExample] INFO  com.example.mqtt.InfluxDBService - Extracted tagkey -> location: storage, kind: 입구, data: temperature
Value into InfluxDB: -0.1
2025-04-21 11:24:46 [MQTT Call: JavaClientExample] INFO  com.example.mqtt.MessageData - Data sent to InfluxDBService: data/s/nhnacademy/b/gyeongnam_campus/p/storage/d/24e124136d151547/n/입구/e/temperature -> -0.1
2025-04-21 11:24:46 [MQTT Call: JavaClientExample] INFO  com.example.mqtt.MessageData - Topic: data/s/nhnacademy/b/gyeongnam_campus/p/storage/d/24e124136d151547/n/입구/e/humidity
Message Data:
time: 1745202286558
value: 127.5

2025-04-21 11:24:46 [MQTT Call: JavaClientExample] INFO  com.example.mqtt.InfluxDBService - Extracted tagkey -> location: storage, kind: 입구, data: humidity
Value into InfluxDB: 127.5
2025-04-21 11:24:46 [MQTT Call: JavaClientExample] INFO  com.example.mqtt.MessageData - Data sent to InfluxDBService: data/s/nhnacademy/b/gyeongnam_campus/p/storage/d/24e124136d151547/n/입구/e/humidity -> 127.5
2025-04-21 11:24:46 [MQTT Call: JavaClientExample] INFO  com.example.mqtt.MessageData - Topic: data/s/nhnacademy/b/gyeongnam_campus/p/storage/d/24e124136d151547/n/입구/e/battery
Message Data:
time: 1745202286558
value: 1

2025-04-21 11:24:46 [MQTT Call: JavaClientExample] INFO  com.example.mqtt.InfluxDBService - Extracted tagkey -> location: storage, kind: 입구, data: battery
Value into InfluxDB: 1.0
2025-04-21 11:24:46 [MQTT Call: JavaClientExample] INFO  com.example.mqtt.MessageData - Data sent to InfluxDBService: data/s/nhnacademy/b/gyeongnam_campus/p/storage/d/24e124136d151547/n/입구/e/battery -> 1.0
2025-04-21 11:24:46 [MQTT Call: JavaClientExample] INFO  com.example.mqtt.MessageData - Topic: data/s/nhnacademy/b/gyeongnam_campus/p/storage/d/24e124136d151547/n/입구/g/24e124fffef79304/e/lora
Message Data:
time: 1745202286558
value: 

2025-04-21 11:24:46 [MQTT Call: JavaClientExample] INFO  com.example.mqtt.InfluxDBService - Extracted tagkey -> location: storage, kind: 입구, data: lora
Value into InfluxDB: 0.0
2025-04-21 11:24:46 [MQTT Call: JavaClientExample] INFO  com.example.mqtt.MessageData - Data sent to InfluxDBService: data/s/nhnacademy/b/gyeongnam_campus/p/storage/d/24e124136d151547/n/입구/g/24e124fffef79304/e/lora -> 0.0
2025-04-21 11:24:46 [MQTT Call: JavaClientExample] INFO  com.example.mqtt.MessageData - Topic: data/s/nhnacademy/b/gyeongnam_campus/p/storage/d/24e124136d151547/n/입구/g/24e124fffef5dccc/e/lora
Message Data:
time: 1745202286558
value: 

2025-04-21 11:24:46 [MQTT Call: JavaClientExample] INFO  com.example.mqtt.InfluxDBService - Extracted tagkey -> location: storage, kind: 입구, data: lora
Value into InfluxDB: 0.0
2025-04-21 11:24:46 [MQTT Call: JavaClientExample] INFO  com.example.mqtt.MessageData - Data sent to InfluxDBService: data/s/nhnacademy/b/gyeongnam_campus/p/storage/d/24e124136d151547/n/입구/g/24e124fffef5dccc/e/lora -> 0.0
2025-04-21 11:24:47 [MQTT Call: JavaClientExample] INFO  com.example.mqtt.MessageData - Topic: data/s/nhnacademy/b/gyeongnam_campus/p/campus/d/gem3500_1/n/캠퍼스1/e/power_meter
Message Data:
time: 1745202286941
type: 5
leakageCurrent: 0
current: 2711
activePower: 4981
reactivePower: -1860
tapparentPower: 5937
powerFactor: 83.9
currentUnbalance: 54.15
lines: 

2025-04-21 11:24:47 [MQTT Call: JavaClientExample] WARN  com.example.mqtt.MessageData - No 'value' field found in message, skipping InfluxDB write.
2025-04-21 11:24:47 [MQTT Call: JavaClientExample] INFO  com.example.mqtt.MessageData - Topic: data/s/nhnacademy/b/gyeongnam_campus/p/campus/d/gem3500_1/n/전등1/e/power_meter
Message Data:
time: 1745202287042
type: 3
leakageCurrent: 0
current: 703
activePower: 1306
reactivePower: -326
tapparentPower: 1534
powerFactor: 85.13
currentUnbalance: 0
lines: 

2025-04-21 11:24:47 [MQTT Call: JavaClientExample] WARN  com.example.mqtt.MessageData - No 'value' field found in message, skipping InfluxDB write.
2025-04-21 11:24:47 [MQTT Call: JavaClientExample] INFO  com.example.mqtt.MessageData - Topic: data/s/nhnacademy/b/gyeongnam_campus/p/campus/d/gem3500_1/n/전등2/e/power_meter
Message Data:
time: 1745202287143
type: 1
leakageCurrent: 0
current: 571
activePower: 1137
reactivePower: -283
tapparentPower: 1253
powerFactor: 90.8
currentUnbalance: 0
lines: 

2025-04-21 11:24:47 [MQTT Call: JavaClientExample] WARN  com.example.mqtt.MessageData - No 'value' field found in message, skipping InfluxDB write.
2025-04-21 11:24:47 [MQTT Call: JavaClientExample] INFO  com.example.mqtt.MessageData - Topic: data/s/nhnacademy/b/gyeongnam_campus/p/campus/d/gem3500_1/n/전등3/e/power_meter
Message Data:
time: 1745202287244
type: 2
leakageCurrent: 0
current: 0
activePower: 0
reactivePower: 0
tapparentPower: 0
powerFactor: 0
currentUnbalance: 0
lines: 

2025-04-21 11:24:47 [MQTT Call: JavaClientExample] WARN  com.example.mqtt.MessageData - No 'value' field found in message, skipping InfluxDB write.
2025-04-21 11:24:47 [MQTT Call: JavaClientExample] INFO  com.example.mqtt.MessageData - Topic: data/s/nhnacademy/b/gyeongnam_campus/p/campus/d/gem3500_1/n/강의실b_바닥/e/power_meter
Message Data:
time: 1745202287346
type: 3
leakageCurrent: 0
current: 223
activePower: 364
reactivePower: -237
tapparentPower: 487
powerFactor: 74.87
currentUnbalance: 0
lines: 

2025-04-21 11:24:47 [MQTT Call: JavaClientExample] WARN  com.example.mqtt.MessageData - No 'value' field found in message, skipping InfluxDB write.
2025-04-21 11:24:47 [MQTT Call: JavaClientExample] INFO  com.example.mqtt.MessageData - Topic: data/s/nhnacademy/b/gyeongnam_campus/p/campus/d/gem3500_1/n/강의실a_바닥1/e/power_meter
Message Data:
time: 1745202287448
type: 1
leakageCurrent: 0
current: 327
activePower: 583
reactivePower: -374
tapparentPower: 744
powerFactor: 78.38
currentUnbalance: 0
lines: 

2025-04-21 11:24:47 [MQTT Call: JavaClientExample] WARN  com.example.mqtt.MessageData - No 'value' field found in message, skipping InfluxDB write.
2025-04-21 11:24:47 [MQTT Call: JavaClientExample] INFO  com.example.mqtt.MessageData - Topic: data/s/nhnacademy/b/gyeongnam_campus/p/campus/d/gem3500_1/n/강의실a_바닥2/e/power_meter
Message Data:
time: 1745202287550
type: 2
leakageCurrent: 0
current: 175
activePower: 319
reactivePower: -182
tapparentPower: 396
powerFactor: 80.6
currentUnbalance: 0
lines: 

2025-04-21 11:24:47 [MQTT Call: JavaClientExample] WARN  com.example.mqtt.MessageData - No 'value' field found in message, skipping InfluxDB write.
2025-04-21 11:24:47 [MQTT Call: JavaClientExample] INFO  com.example.mqtt.MessageData - Topic: data/s/nhnacademy/b/gyeongnam_campus/p/campus/d/gem3500_1/n/프로젝터1/e/power_meter
Message Data:
time: 1745202287649
type: 3
leakageCurrent: 0
current: 101
activePower: 132
reactivePower: -151
tapparentPower: 223
powerFactor: 59.13
currentUnbalance: 0
lines: 

2025-04-21 11:24:47 [MQTT Call: JavaClientExample] WARN  com.example.mqtt.MessageData - No 'value' field found in message, skipping InfluxDB write.
2025-04-21 11:24:47 [MQTT Call: JavaClientExample] INFO  com.example.mqtt.MessageData - Topic: data/s/nhnacademy/b/gyeongnam_campus/p/campus/d/gem3500_1/n/프로젝터2/e/power_meter
Message Data:
time: 1745202287750
type: 1
leakageCurrent: 0
current: 39
activePower: 45
reactivePower: -67
tapparentPower: 86
powerFactor: 52.77
currentUnbalance: 0
lines: 

2025-04-21 11:24:47 [MQTT Call: JavaClientExample] WARN  com.example.mqtt.MessageData - No 'value' field found in message, skipping InfluxDB write.
2025-04-21 11:24:47 [MQTT Call: JavaClientExample] INFO  com.example.mqtt.MessageData - Topic: data/s/nhnacademy/b/gyeongnam_campus/p/campus/d/gem3500_1/n/회의실/e/power_meter
Message Data:
time: 1745202287852
type: 2
leakageCurrent: 0
current: 14
activePower: 4
reactivePower: -28
tapparentPower: 31
powerFactor: 15.38
currentUnbalance: 0
lines: 

2025-04-21 11:24:47 [MQTT Call: JavaClientExample] WARN  com.example.mqtt.MessageData - No 'value' field found in message, skipping InfluxDB write.
2025-04-21 11:24:47 [MQTT Call: JavaClientExample] INFO  com.example.mqtt.MessageData - Topic: data/s/nhnacademy/b/gyeongnam_campus/p/campus/d/gem3500_1/n/서버실/e/power_meter
Message Data:
time: 1745202287954
type: 3
leakageCurrent: 0
current: 199
activePower: 388
reactivePower: -110
tapparentPower: 436
powerFactor: 89.01
currentUnbalance: 0
lines: 

2025-04-21 11:24:47 [MQTT Call: JavaClientExample] WARN  com.example.mqtt.MessageData - No 'value' field found in message, skipping InfluxDB write.
2025-04-21 11:24:47 [MQTT Call: JavaClientExample] INFO  com.example.mqtt.MessageData - Topic: data/s/nhnacademy/b/gyeongnam_campus/p/campus/d/gem3500_1/n/간판/e/power_meter
Message Data:
time: 1745202288056
type: 1
leakageCurrent: 0
current: 0
activePower: 0
reactivePower: 0
tapparentPower: 0
powerFactor: 0
currentUnbalance: 0
lines: 

2025-04-21 11:24:47 [MQTT Call: JavaClientExample] WARN  com.example.mqtt.MessageData - No 'value' field found in message, skipping InfluxDB write.
2025-04-21 11:24:48 [MQTT Call: JavaClientExample] INFO  com.example.mqtt.MessageData - Topic: data/s/nhnacademy/b/gyeongnam_campus/p/campus/d/gem3500_1/n/페어룸/e/power_meter
Message Data:
time: 1745202288157
type: 2
leakageCurrent: 0
current: 0
activePower: 0
reactivePower: 0
tapparentPower: 0
powerFactor: 0
currentUnbalance: 0
lines: 

2025-04-21 11:24:48 [MQTT Call: JavaClientExample] WARN  com.example.mqtt.MessageData - No 'value' field found in message, skipping InfluxDB write.
2025-04-21 11:24:48 [MQTT Call: JavaClientExample] INFO  com.example.mqtt.MessageData - Topic: data/s/nhnacademy/b/gyeongnam_campus/p/campus/d/gem3500_1/n/사무실_전열1/e/power_meter
Message Data:
time: 1745202288258
type: 3
leakageCurrent: 0
current: 85
activePower: 100
reactivePower: -55
tapparentPower: 180
powerFactor: 56
currentUnbalance: 0
lines: 

2025-04-21 11:24:48 [MQTT Call: JavaClientExample] WARN  com.example.mqtt.MessageData - No 'value' field found in message, skipping InfluxDB write.
2025-04-21 11:24:48 [MQTT Call: JavaClientExample] INFO  com.example.mqtt.MessageData - Topic: data/s/nhnacademy/b/gyeongnam_campus/p/campus/d/gem3500_1/n/사무실_전열2/e/power_meter
Message Data:
time: 1745202288360
type: 3
leakageCurrent: 0
current: 92
activePower: 96
reactivePower: -57
tapparentPower: 204
powerFactor: 47.05
currentUnbalance: 0
lines: 

2025-04-21 11:24:48 [MQTT Call: JavaClientExample] WARN  com.example.mqtt.MessageData - No 'value' field found in message, skipping InfluxDB write.
2025-04-21 11:24:48 [MQTT Call: JavaClientExample] INFO  com.example.mqtt.MessageData - Topic: data/s/nhnacademy/b/gyeongnam_campus/p/campus/d/gem3500_1/n/사무실_복사기/e/power_meter
Message Data:
time: 1745202288461
type: 1
leakageCurrent: 0
current: 90
activePower: 127
reactivePower: 148
tapparentPower: 199
powerFactor: 63.85
currentUnbalance: 0
lines: 

2025-04-21 11:24:48 [MQTT Call: JavaClientExample] WARN  com.example.mqtt.MessageData - No 'value' field found in message, skipping InfluxDB write.
2025-04-21 11:24:48 [MQTT Call: JavaClientExample] INFO  com.example.mqtt.MessageData - Topic: data/s/nhnacademy/b/gyeongnam_campus/p/campus/d/gem3500_1/n/빌트인_전열/e/power_meter
Message Data:
time: 1745202288562
type: 2
leakageCurrent: 0
current: 5
activePower: 2
reactivePower: -7
tapparentPower: 12
powerFactor: 20
currentUnbalance: 0
lines: 

2025-04-21 11:24:48 [MQTT Call: JavaClientExample] WARN  com.example.mqtt.MessageData - No 'value' field found in message, skipping InfluxDB write.
2025-04-21 11:24:48 [MQTT Call: JavaClientExample] INFO  com.example.mqtt.MessageData - Topic: data/s/nhnacademy/b/gyeongnam_campus/p/campus/d/gem3500_1/n/사무실_전열3/e/power_meter
Message Data:
time: 1745202288663
type: 3
leakageCurrent: 0
current: 0
activePower: 0
reactivePower: 0
tapparentPower: 0
powerFactor: 0
currentUnbalance: 0
lines: 

2025-04-21 11:24:48 [MQTT Call: JavaClientExample] WARN  com.example.mqtt.MessageData - No 'value' field found in message, skipping InfluxDB write.
2025-04-21 11:24:48 [MQTT Call: JavaClientExample] INFO  com.example.mqtt.MessageData - Topic: data/s/nhnacademy/b/gyeongnam_campus/p/campus/d/gem3500_1/n/정수기/e/power_meter
Message Data:
time: 1745202288765
type: 1
leakageCurrent: 0
current: 7
activePower: 2
reactivePower: -14
tapparentPower: 16
powerFactor: 14.28
currentUnbalance: 0
lines: 

2025-04-21 11:24:48 [MQTT Call: JavaClientExample] WARN  com.example.mqtt.MessageData - No 'value' field found in message, skipping InfluxDB write.
2025-04-21 11:24:48 [MQTT Call: JavaClientExample] INFO  com.example.mqtt.MessageData - Topic: data/s/nhnacademy/b/gyeongnam_campus/p/campus/d/gem3500_1/n/하이브_전열/e/power_meter
Message Data:
time: 1745202288866
type: 2
leakageCurrent: 0
current: 64
activePower: 122
reactivePower: -45
tapparentPower: 141
powerFactor: 86.44
currentUnbalance: 0
lines: 

2025-04-21 11:24:48 [MQTT Call: JavaClientExample] WARN  com.example.mqtt.MessageData - No 'value' field found in message, skipping InfluxDB write.
2025-04-21 11:24:48 [MQTT Call: JavaClientExample] INFO  com.example.mqtt.MessageData - Topic: data/s/nhnacademy/b/gyeongnam_campus/p/campus/d/gem3500_1/n/바텐_전열/e/power_meter
Message Data:
time: 1745202288966
type: 3
leakageCurrent: 0
current: 0
activePower: 0
reactivePower: 0
tapparentPower: 0
powerFactor: 0
currentUnbalance: 0
lines: 

2025-04-21 11:24:48 [MQTT Call: JavaClientExample] WARN  com.example.mqtt.MessageData - No 'value' field found in message, skipping InfluxDB write.
2025-04-21 11:24:48 [MQTT Call: JavaClientExample] INFO  com.example.mqtt.MessageData - Topic: data/s/nhnacademy/b/gyeongnam_campus/p/campus/d/gem3500_1/n/S_P/e/power_meter
Message Data:
time: 1745202289066
type: 1
leakageCurrent: 0
current: 0
activePower: 0
reactivePower: 0
tapparentPower: 0
powerFactor: 0
currentUnbalance: 0
lines: 

2025-04-21 11:24:48 [MQTT Call: JavaClientExample] WARN  com.example.mqtt.MessageData - No 'value' field found in message, skipping InfluxDB write.
2025-04-21 11:24:48 [MQTT Call: JavaClientExample] INFO  com.example.mqtt.MessageData - Topic: data/s/nhnacademy/b/gyeongnam_campus/p/campus/d/gem3500_1/n/공조기/e/power_meter
Message Data:
time: 1745202289169
type: 2
leakageCurrent: 0
current: 200
activePower: 223
reactivePower: -24
tapparentPower: 439
powerFactor: 50.81
currentUnbalance: 0
lines: 

2025-04-21 11:24:48 [MQTT Call: JavaClientExample] WARN  com.example.mqtt.MessageData - No 'value' field found in message, skipping InfluxDB write.
2025-04-21 11:24:49 [MQTT Call: JavaClientExample] INFO  com.example.mqtt.MessageData - Topic: data/s/nhnacademy/b/gyeongnam_campus/p/campus/d/gem3500_1/n/AC/e/power_meter
Message Data:
time: 1745202289269
type: 3
leakageCurrent: 0
current: 16
activePower: 14
reactivePower: -24
tapparentPower: 36
powerFactor: 39.99
currentUnbalance: 0
lines: 

2025-04-21 11:24:49 [MQTT Call: JavaClientExample] WARN  com.example.mqtt.MessageData - No 'value' field found in message, skipping InfluxDB write.
2025-04-21 11:24:52 [MQTT Call: JavaClientExample] INFO  com.example.mqtt.MessageData - Topic: data/s/nhnacademy/b/gyeongnam_campus/p/undefined/d/24e124141d223697/n/출입문/e/battery_level
Message Data:
time: 1745202290971
value: 37

2025-04-21 11:24:52 [MQTT Call: JavaClientExample] INFO  com.example.mqtt.InfluxDBService - Extracted tagkey -> location: undefined, kind: 출입문, data: battery_level
Value into InfluxDB: 37.0
2025-04-21 11:24:52 [MQTT Call: JavaClientExample] INFO  com.example.mqtt.MessageData - Data sent to InfluxDBService: data/s/nhnacademy/b/gyeongnam_campus/p/undefined/d/24e124141d223697/n/출입문/e/battery_level -> 37.0
2025-04-21 11:24:52 [MQTT Call: JavaClientExample] INFO  com.example.mqtt.MessageData - Topic: data/s/nhnacademy/b/gyeongnam_campus/p/undefined/d/24e124141d223697/n/출입문/e/di
Message Data:
time: 1745202290971
value: 

2025-04-21 11:24:52 [MQTT Call: JavaClientExample] INFO  com.example.mqtt.InfluxDBService - Extracted tagkey -> location: undefined, kind: 출입문, data: di
Value into InfluxDB: 0.0
2025-04-21 11:24:52 [MQTT Call: JavaClientExample] INFO  com.example.mqtt.MessageData - Data sent to InfluxDBService: data/s/nhnacademy/b/gyeongnam_campus/p/undefined/d/24e124141d223697/n/출입문/e/di -> 0.0
2025-04-21 11:24:52 [MQTT Call: JavaClientExample] INFO  com.example.mqtt.MessageData - Topic: data/s/nhnacademy/b/gyeongnam_campus/p/undefined/d/24e124141d223697/n/출입문/g/24e124fffef79304/e/lora
Message Data:
time: 1745202290971
value: 

2025-04-21 11:24:52 [MQTT Call: JavaClientExample] INFO  com.example.mqtt.InfluxDBService - Extracted tagkey -> location: undefined, kind: 출입문, data: lora
Value into InfluxDB: 0.0
2025-04-21 11:24:52 [MQTT Call: JavaClientExample] INFO  com.example.mqtt.MessageData - Data sent to InfluxDBService: data/s/nhnacademy/b/gyeongnam_campus/p/undefined/d/24e124141d223697/n/출입문/g/24e124fffef79304/e/lora -> 0.0
2025-04-21 11:24:52 [MQTT Call: JavaClientExample] INFO  com.example.mqtt.MessageData - Topic: data/s/nhnacademy/b/gyeongnam_campus/p/undefined/d/24e124141d223697/n/출입문/g/24e124fffef5dccc/e/lora
Message Data:
time: 1745202290971
value: 

2025-04-21 11:24:52 [MQTT Call: JavaClientExample] INFO  com.example.mqtt.InfluxDBService - Extracted tagkey -> location: undefined, kind: 출입문, data: lora
Value into InfluxDB: 0.0
2025-04-21 11:24:52 [MQTT Call: JavaClientExample] INFO  com.example.mqtt.MessageData - Data sent to InfluxDBService: data/s/nhnacademy/b/gyeongnam_campus/p/undefined/d/24e124141d223697/n/출입문/g/24e124fffef5dccc/e/lora -> 0.0
2025-04-21 11:24:56 [MQTT Call: JavaClientExample] INFO  com.example.mqtt.MessageData - Topic: data/s/nhnacademy/b/gyeongnam_campus/p/hive/d/24e124126d111937/sp/farm/n/스마트팜/e/illumination
Message Data:
time: 1745202292705
value: 320

2025-04-21 11:24:56 [MQTT Call: JavaClientExample] INFO  com.example.mqtt.InfluxDBService - Extracted tagkey -> location: hive, kind: 스마트팜, data: illumination
Value into InfluxDB: 320.0
2025-04-21 11:24:56 [MQTT Call: JavaClientExample] INFO  com.example.mqtt.MessageData - Data sent to InfluxDBService: data/s/nhnacademy/b/gyeongnam_campus/p/hive/d/24e124126d111937/sp/farm/n/스마트팜/e/illumination -> 320.0
2025-04-21 11:24:56 [MQTT Call: JavaClientExample] INFO  com.example.mqtt.MessageData - Topic: data/s/nhnacademy/b/gyeongnam_campus/p/hive/d/24e124126d111937/sp/farm/n/스마트팜/g/24e124fffef79304/e/lora
Message Data:
time: 1745202292705
value: 

2025-04-21 11:24:56 [MQTT Call: JavaClientExample] INFO  com.example.mqtt.InfluxDBService - Extracted tagkey -> location: hive, kind: 스마트팜, data: lora
Value into InfluxDB: 0.0
2025-04-21 11:24:56 [MQTT Call: JavaClientExample] INFO  com.example.mqtt.MessageData - Data sent to InfluxDBService: data/s/nhnacademy/b/gyeongnam_campus/p/hive/d/24e124126d111937/sp/farm/n/스마트팜/g/24e124fffef79304/e/lora -> 0.0
2025-04-21 11:24:56 [MQTT Call: JavaClientExample] INFO  com.example.mqtt.MessageData - Topic: data/s/nhnacademy/b/gyeongnam_campus/p/hive/d/24e124126d111937/sp/farm/n/스마트팜/g/24e124fffef5dccc/e/lora
Message Data:
time: 1745202292705
value: 

2025-04-21 11:24:56 [MQTT Call: JavaClientExample] INFO  com.example.mqtt.InfluxDBService - Extracted tagkey -> location: hive, kind: 스마트팜, data: lora
Value into InfluxDB: 0.0
2025-04-21 11:24:56 [MQTT Call: JavaClientExample] INFO  com.example.mqtt.MessageData - Data sent to InfluxDBService: data/s/nhnacademy/b/gyeongnam_campus/p/hive/d/24e124126d111937/sp/farm/n/스마트팜/g/24e124fffef5dccc/e/lora -> 0.0
2025-04-21 11:25:11 [MQTT Call: JavaClientExample] INFO  com.example.mqtt.MessageData - Topic: data/s/nhnacademy/b/gyeongnam_campus/p/hive/d/24e124126c452091/sp/farm/n/스마트팜/e/temperature
Message Data:
time: 1745202308784
value: 24.5

2025-04-21 11:25:11 [MQTT Call: JavaClientExample] INFO  com.example.mqtt.InfluxDBService - Extracted tagkey -> location: hive, kind: 스마트팜, data: temperature
Value into InfluxDB: 24.5
2025-04-21 11:25:11 [MQTT Call: JavaClientExample] INFO  com.example.mqtt.MessageData - Data sent to InfluxDBService: data/s/nhnacademy/b/gyeongnam_campus/p/hive/d/24e124126c452091/sp/farm/n/스마트팜/e/temperature -> 24.5
2025-04-21 11:25:11 [MQTT Call: JavaClientExample] INFO  com.example.mqtt.MessageData - Topic: data/s/nhnacademy/b/gyeongnam_campus/p/hive/d/24e124126c452091/sp/farm/n/스마트팜/g/24e124fffef79304/e/lora
Message Data:
time: 1745202308784
value: 

2025-04-21 11:25:11 [MQTT Call: JavaClientExample] INFO  com.example.mqtt.InfluxDBService - Extracted tagkey -> location: hive, kind: 스마트팜, data: lora
Value into InfluxDB: 0.0
2025-04-21 11:25:11 [MQTT Call: JavaClientExample] INFO  com.example.mqtt.MessageData - Data sent to InfluxDBService: data/s/nhnacademy/b/gyeongnam_campus/p/hive/d/24e124126c452091/sp/farm/n/스마트팜/g/24e124fffef79304/e/lora -> 0.0
2025-04-21 11:25:11 [MQTT Call: JavaClientExample] INFO  com.example.mqtt.MessageData - Topic: data/s/nhnacademy/b/gyeongnam_campus/p/hive/d/24e124126c452091/sp/farm/n/스마트팜/g/24e124fffef5dccc/e/lora
Message Data:
time: 1745202308784
value: 

2025-04-21 11:25:11 [MQTT Call: JavaClientExample] INFO  com.example.mqtt.InfluxDBService - Extracted tagkey -> location: hive, kind: 스마트팜, data: lora
Value into InfluxDB: 0.0
2025-04-21 11:25:11 [MQTT Call: JavaClientExample] INFO  com.example.mqtt.MessageData - Data sent to InfluxDBService: data/s/nhnacademy/b/gyeongnam_campus/p/hive/d/24e124126c452091/sp/farm/n/스마트팜/g/24e124fffef5dccc/e/lora -> 0.0
2025-04-21 11:25:16 [MQTT Call: JavaClientExample] INFO  com.example.mqtt.MessageData - Topic: data/s/nhnacademy/b/gyeongnam_campus/p/hive/d/24e124725d081175/sp/8인 책상/n/8인 책상/e/humidity
Message Data:
time: 1745202316001
value: 42

2025-04-21 11:25:16 [MQTT Call: JavaClientExample] INFO  com.example.mqtt.InfluxDBService - Extracted tagkey -> location: hive, kind: 8인 책상, data: humidity
Value into InfluxDB: 42.0
2025-04-21 11:25:16 [MQTT Call: JavaClientExample] INFO  com.example.mqtt.MessageData - Data sent to InfluxDBService: data/s/nhnacademy/b/gyeongnam_campus/p/hive/d/24e124725d081175/sp/8인 책상/n/8인 책상/e/humidity -> 42.0
2025-04-21 11:25:17 [MQTT Call: JavaClientExample] INFO  com.example.mqtt.MessageData - Topic: data/s/nhnacademy/b/gyeongnam_campus/p/hive/d/24e124725d081175/sp/8인 책상/n/8인 책상/e/battery
Message Data:
time: 1745202316001
value: 77

2025-04-21 11:25:17 [MQTT Call: JavaClientExample] INFO  com.example.mqtt.InfluxDBService - Extracted tagkey -> location: hive, kind: 8인 책상, data: battery
Value into InfluxDB: 77.0
2025-04-21 11:25:17 [MQTT Call: JavaClientExample] INFO  com.example.mqtt.MessageData - Data sent to InfluxDBService: data/s/nhnacademy/b/gyeongnam_campus/p/hive/d/24e124725d081175/sp/8인 책상/n/8인 책상/e/battery -> 77.0
2025-04-21 11:25:17 [MQTT Call: JavaClientExample] INFO  com.example.mqtt.MessageData - Topic: data/s/nhnacademy/b/gyeongnam_campus/p/hive/d/24e124725d081175/sp/8인 책상/n/8인 책상/e/co2
Message Data:
time: 1745202316001
value: 637

2025-04-21 11:25:17 [MQTT Call: JavaClientExample] INFO  com.example.mqtt.InfluxDBService - Extracted tagkey -> location: hive, kind: 8인 책상, data: co2
Value into InfluxDB: 637.0
2025-04-21 11:25:17 [MQTT Call: JavaClientExample] INFO  com.example.mqtt.MessageData - Data sent to InfluxDBService: data/s/nhnacademy/b/gyeongnam_campus/p/hive/d/24e124725d081175/sp/8인 책상/n/8인 책상/e/co2 -> 637.0
2025-04-21 11:25:17 [MQTT Call: JavaClientExample] INFO  com.example.mqtt.MessageData - Topic: data/s/nhnacademy/b/gyeongnam_campus/p/hive/d/24e124725d081175/sp/8인 책상/n/8인 책상/e/temperature
Message Data:
time: 1745202316001
value: 25.5

2025-04-21 11:25:17 [MQTT Call: JavaClientExample] INFO  com.example.mqtt.InfluxDBService - Extracted tagkey -> location: hive, kind: 8인 책상, data: temperature
Value into InfluxDB: 25.5
2025-04-21 11:25:17 [MQTT Call: JavaClientExample] INFO  com.example.mqtt.MessageData - Data sent to InfluxDBService: data/s/nhnacademy/b/gyeongnam_campus/p/hive/d/24e124725d081175/sp/8인 책상/n/8인 책상/e/temperature -> 25.5
2025-04-21 11:25:17 [MQTT Call: JavaClientExample] INFO  com.example.mqtt.MessageData - Topic: data/s/nhnacademy/b/gyeongnam_campus/p/hive/d/24e124725d081175/sp/8인 책상/n/8인 책상/g/24e124fffef5dccc/e/lora
Message Data:
time: 1745202316001
value: 

2025-04-21 11:25:17 [MQTT Call: JavaClientExample] INFO  com.example.mqtt.InfluxDBService - Extracted tagkey -> location: hive, kind: 8인 책상, data: lora
Value into InfluxDB: 0.0
2025-04-21 11:25:17 [MQTT Call: JavaClientExample] INFO  com.example.mqtt.MessageData - Data sent to InfluxDBService: data/s/nhnacademy/b/gyeongnam_campus/p/hive/d/24e124725d081175/sp/8인 책상/n/8인 책상/g/24e124fffef5dccc/e/lora -> 0.0
2025-04-21 11:25:17 [MQTT Call: JavaClientExample] INFO  com.example.mqtt.MessageData - Topic: data/s/nhnacademy/b/gyeongnam_campus/p/hive/d/24e124725d081175/sp/8인 책상/n/8인 책상/g/24e124fffef79304/e/lora
Message Data:
time: 1745202316001
value: 

2025-04-21 11:25:17 [MQTT Call: JavaClientExample] INFO  com.example.mqtt.InfluxDBService - Extracted tagkey -> location: hive, kind: 8인 책상, data: lora
Value into InfluxDB: 0.0
2025-04-21 11:25:17 [MQTT Call: JavaClientExample] INFO  com.example.mqtt.MessageData - Data sent to InfluxDBService: data/s/nhnacademy/b/gyeongnam_campus/p/hive/d/24e124725d081175/sp/8인 책상/n/8인 책상/g/24e124fffef79304/e/lora -> 0.0
2025-04-21 11:25:17 [MQTT Call: JavaClientExample] INFO  com.example.mqtt.MessageData - Topic: data/s/nhnacademy/b/gyeongnam_campus/p/class_a/d/24e124128c067999/sp/입구/n/입구/e/temperature
Message Data:
time: 1745202317408
value: 23.9

2025-04-21 11:25:17 [MQTT Call: JavaClientExample] INFO  com.example.mqtt.InfluxDBService - Extracted tagkey -> location: class_a, kind: 입구, data: temperature
Value into InfluxDB: 23.9
2025-04-21 11:25:17 [MQTT Call: JavaClientExample] INFO  com.example.mqtt.MessageData - Data sent to InfluxDBService: data/s/nhnacademy/b/gyeongnam_campus/p/class_a/d/24e124128c067999/sp/입구/n/입구/e/temperature -> 23.9
2025-04-21 11:25:18 [MQTT Call: JavaClientExample] INFO  com.example.mqtt.MessageData - Topic: data/s/nhnacademy/b/gyeongnam_campus/p/class_a/d/24e124128c067999/sp/입구/n/입구/e/humidity
Message Data:
time: 1745202317408
value: 45.5

2025-04-21 11:25:18 [MQTT Call: JavaClientExample] INFO  com.example.mqtt.InfluxDBService - Extracted tagkey -> location: class_a, kind: 입구, data: humidity
Value into InfluxDB: 45.5
2025-04-21 11:25:18 [MQTT Call: JavaClientExample] INFO  com.example.mqtt.MessageData - Data sent to InfluxDBService: data/s/nhnacademy/b/gyeongnam_campus/p/class_a/d/24e124128c067999/sp/입구/n/입구/e/humidity -> 45.5
2025-04-21 11:25:18 [MQTT Call: JavaClientExample] INFO  com.example.mqtt.MessageData - Topic: data/s/nhnacademy/b/gyeongnam_campus/p/class_a/d/24e124128c067999/sp/입구/n/입구/e/infrared_and_visible
Message Data:
time: 1745202317408
value: 46

2025-04-21 11:25:18 [MQTT Call: JavaClientExample] INFO  com.example.mqtt.InfluxDBService - Extracted tagkey -> location: class_a, kind: 입구, data: infrared_and_visible
Value into InfluxDB: 46.0
2025-04-21 11:25:18 [MQTT Call: JavaClientExample] INFO  com.example.mqtt.MessageData - Data sent to InfluxDBService: data/s/nhnacademy/b/gyeongnam_campus/p/class_a/d/24e124128c067999/sp/입구/n/입구/e/infrared_and_visible -> 46.0
2025-04-21 11:25:18 [MQTT Call: JavaClientExample] INFO  com.example.mqtt.MessageData - Topic: data/s/nhnacademy/b/gyeongnam_campus/p/class_a/d/24e124128c067999/sp/입구/n/입구/e/activity
Message Data:
time: 1745202317408
value: 0

2025-04-21 11:25:18 [MQTT Call: JavaClientExample] INFO  com.example.mqtt.InfluxDBService - Extracted tagkey -> location: class_a, kind: 입구, data: activity
Value into InfluxDB: 0.0
2025-04-21 11:25:18 [MQTT Call: JavaClientExample] INFO  com.example.mqtt.MessageData - Data sent to InfluxDBService: data/s/nhnacademy/b/gyeongnam_campus/p/class_a/d/24e124128c067999/sp/입구/n/입구/e/activity -> 0.0
2025-04-21 11:25:18 [MQTT Call: JavaClientExample] INFO  com.example.mqtt.MessageData - Topic: data/s/nhnacademy/b/gyeongnam_campus/p/class_a/d/24e124128c067999/sp/입구/n/입구/e/infrared
Message Data:
time: 1745202317408
value: 7

2025-04-21 11:25:18 [MQTT Call: JavaClientExample] INFO  com.example.mqtt.InfluxDBService - Extracted tagkey -> location: class_a, kind: 입구, data: infrared
Value into InfluxDB: 7.0
2025-04-21 11:25:18 [MQTT Call: JavaClientExample] INFO  com.example.mqtt.MessageData - Data sent to InfluxDBService: data/s/nhnacademy/b/gyeongnam_campus/p/class_a/d/24e124128c067999/sp/입구/n/입구/e/infrared -> 7.0
2025-04-21 11:25:18 [MQTT Call: JavaClientExample] INFO  com.example.mqtt.MessageData - Topic: data/s/nhnacademy/b/gyeongnam_campus/p/class_a/d/24e124128c067999/sp/입구/n/입구/e/co2
Message Data:
time: 1745202317408
value: 883

2025-04-21 11:25:18 [MQTT Call: JavaClientExample] INFO  com.example.mqtt.InfluxDBService - Extracted tagkey -> location: class_a, kind: 입구, data: co2
Value into InfluxDB: 883.0
2025-04-21 11:25:18 [MQTT Call: JavaClientExample] INFO  com.example.mqtt.MessageData - Data sent to InfluxDBService: data/s/nhnacademy/b/gyeongnam_campus/p/class_a/d/24e124128c067999/sp/입구/n/입구/e/co2 -> 883.0
2025-04-21 11:25:18 [MQTT Call: JavaClientExample] INFO  com.example.mqtt.MessageData - Topic: data/s/nhnacademy/b/gyeongnam_campus/p/class_a/d/24e124128c067999/sp/입구/n/입구/e/tvoc
Message Data:
time: 1745202317408
value: 297

2025-04-21 11:25:18 [MQTT Call: JavaClientExample] INFO  com.example.mqtt.InfluxDBService - Extracted tagkey -> location: class_a, kind: 입구, data: tvoc
Value into InfluxDB: 297.0
2025-04-21 11:25:18 [MQTT Call: JavaClientExample] INFO  com.example.mqtt.MessageData - Data sent to InfluxDBService: data/s/nhnacademy/b/gyeongnam_campus/p/class_a/d/24e124128c067999/sp/입구/n/입구/e/tvoc -> 297.0
2025-04-21 11:25:18 [MQTT Call: JavaClientExample] INFO  com.example.mqtt.MessageData - Topic: data/s/nhnacademy/b/gyeongnam_campus/p/class_a/d/24e124128c067999/sp/입구/n/입구/e/illumination
Message Data:
time: 1745202317408
value: 67

2025-04-21 11:25:18 [MQTT Call: JavaClientExample] INFO  com.example.mqtt.InfluxDBService - Extracted tagkey -> location: class_a, kind: 입구, data: illumination
Value into InfluxDB: 67.0
2025-04-21 11:25:18 [MQTT Call: JavaClientExample] INFO  com.example.mqtt.MessageData - Data sent to InfluxDBService: data/s/nhnacademy/b/gyeongnam_campus/p/class_a/d/24e124128c067999/sp/입구/n/입구/e/illumination -> 67.0
2025-04-21 11:25:18 [MQTT Call: JavaClientExample] INFO  com.example.mqtt.MessageData - Topic: data/s/nhnacademy/b/gyeongnam_campus/p/class_a/d/24e124128c067999/sp/입구/n/입구/e/pressure
Message Data:
time: 1745202317408
value: 1008.9

2025-04-21 11:25:18 [MQTT Call: JavaClientExample] INFO  com.example.mqtt.InfluxDBService - Extracted tagkey -> location: class_a, kind: 입구, data: pressure
Value into InfluxDB: 1008.9
2025-04-21 11:25:18 [MQTT Call: JavaClientExample] INFO  com.example.mqtt.MessageData - Data sent to InfluxDBService: data/s/nhnacademy/b/gyeongnam_campus/p/class_a/d/24e124128c067999/sp/입구/n/입구/e/pressure -> 1008.9
2025-04-21 11:25:18 [MQTT Call: JavaClientExample] INFO  com.example.mqtt.MessageData - Topic: data/s/nhnacademy/b/gyeongnam_campus/p/class_a/d/24e124128c067999/sp/입구/n/입구/g/24e124fffef79304/e/lora
Message Data:
time: 1745202317408
value: 

2025-04-21 11:25:18 [MQTT Call: JavaClientExample] INFO  com.example.mqtt.InfluxDBService - Extracted tagkey -> location: class_a, kind: 입구, data: lora
Value into InfluxDB: 0.0
2025-04-21 11:25:18 [MQTT Call: JavaClientExample] INFO  com.example.mqtt.MessageData - Data sent to InfluxDBService: data/s/nhnacademy/b/gyeongnam_campus/p/class_a/d/24e124128c067999/sp/입구/n/입구/g/24e124fffef79304/e/lora -> 0.0
2025-04-21 11:25:18 [MQTT Call: JavaClientExample] INFO  com.example.mqtt.MessageData - Topic: data/s/nhnacademy/b/gyeongnam_campus/p/class_a/d/24e124128c067999/sp/입구/n/입구/g/24e124fffef5dccc/e/lora
Message Data:
time: 1745202317408
value: 

2025-04-21 11:25:18 [MQTT Call: JavaClientExample] INFO  com.example.mqtt.InfluxDBService - Extracted tagkey -> location: class_a, kind: 입구, data: lora
Value into InfluxDB: 0.0
2025-04-21 11:25:18 [MQTT Call: JavaClientExample] INFO  com.example.mqtt.MessageData - Data sent to InfluxDBService: data/s/nhnacademy/b/gyeongnam_campus/p/class_a/d/24e124128c067999/sp/입구/n/입구/g/24e124fffef5dccc/e/lora -> 0.0
2025-04-21 11:25:21 [MQTT Call: JavaClientExample] INFO  com.example.mqtt.MessageData - Topic: data/s/nhnacademy/b/gyeongnam_campus/p/hive/d/24e124785c389010/n/정수기 위/e/humidity
Message Data:
time: 1745202318880
value: 41

2025-04-21 11:25:21 [MQTT Call: JavaClientExample] INFO  com.example.mqtt.InfluxDBService - Extracted tagkey -> location: hive, kind: 정수기 위, data: humidity
Value into InfluxDB: 41.0
2025-04-21 11:25:21 [MQTT Call: JavaClientExample] INFO  com.example.mqtt.MessageData - Data sent to InfluxDBService: data/s/nhnacademy/b/gyeongnam_campus/p/hive/d/24e124785c389010/n/정수기 위/e/humidity -> 41.0
2025-04-21 11:25:21 [MQTT Call: JavaClientExample] INFO  com.example.mqtt.MessageData - Topic: data/s/nhnacademy/b/gyeongnam_campus/p/hive/d/24e124785c389010/n/정수기 위/e/battery
Message Data:
time: 1745202318880
value: 86

2025-04-21 11:25:21 [MQTT Call: JavaClientExample] INFO  com.example.mqtt.InfluxDBService - Extracted tagkey -> location: hive, kind: 정수기 위, data: battery
Value into InfluxDB: 86.0
2025-04-21 11:25:21 [MQTT Call: JavaClientExample] INFO  com.example.mqtt.MessageData - Data sent to InfluxDBService: data/s/nhnacademy/b/gyeongnam_campus/p/hive/d/24e124785c389010/n/정수기 위/e/battery -> 86.0
2025-04-21 11:25:21 [MQTT Call: JavaClientExample] INFO  com.example.mqtt.MessageData - Topic: data/s/nhnacademy/b/gyeongnam_campus/p/hive/d/24e124785c389010/n/정수기 위/e/temperature
Message Data:
time: 1745202318880
value: 25.3

2025-04-21 11:25:21 [MQTT Call: JavaClientExample] INFO  com.example.mqtt.InfluxDBService - Extracted tagkey -> location: hive, kind: 정수기 위, data: temperature
Value into InfluxDB: 25.3
2025-04-21 11:25:21 [MQTT Call: JavaClientExample] INFO  com.example.mqtt.MessageData - Data sent to InfluxDBService: data/s/nhnacademy/b/gyeongnam_campus/p/hive/d/24e124785c389010/n/정수기 위/e/temperature -> 25.3
2025-04-21 11:25:21 [MQTT Call: JavaClientExample] INFO  com.example.mqtt.MessageData - Topic: data/s/nhnacademy/b/gyeongnam_campus/p/hive/d/24e124785c389010/n/정수기 위/g/24e124fffef79304/e/lora
Message Data:
time: 1745202318880
value: 

2025-04-21 11:25:21 [MQTT Call: JavaClientExample] INFO  com.example.mqtt.InfluxDBService - Extracted tagkey -> location: hive, kind: 정수기 위, data: lora
Value into InfluxDB: 0.0
2025-04-21 11:25:21 [MQTT Call: JavaClientExample] INFO  com.example.mqtt.MessageData - Data sent to InfluxDBService: data/s/nhnacademy/b/gyeongnam_campus/p/hive/d/24e124785c389010/n/정수기 위/g/24e124fffef79304/e/lora -> 0.0
2025-04-21 11:25:21 [MQTT Call: JavaClientExample] INFO  com.example.mqtt.MessageData - Topic: data/s/nhnacademy/b/gyeongnam_campus/p/hive/d/24e124785c389010/n/정수기 위/g/24e124fffef5dccc/e/lora
Message Data:
time: 1745202318880
value: 

2025-04-21 11:25:21 [MQTT Call: JavaClientExample] INFO  com.example.mqtt.InfluxDBService - Extracted tagkey -> location: hive, kind: 정수기 위, data: lora
Value into InfluxDB: 0.0
2025-04-21 11:25:21 [MQTT Call: JavaClientExample] INFO  com.example.mqtt.MessageData - Data sent to InfluxDBService: data/s/nhnacademy/b/gyeongnam_campus/p/hive/d/24e124785c389010/n/정수기 위/g/24e124fffef5dccc/e/lora -> 0.0
2025-04-21 11:25:26 [MQTT Call: JavaClientExample] INFO  com.example.mqtt.MessageData - Topic: data/s/nhnacademy/b/gyeongnam_campus/p/server_room/d/24e124136d151368/n/입구/e/humidity
Message Data:
time: 1745202326381
value: 46.5

2025-04-21 11:25:26 [MQTT Call: JavaClientExample] INFO  com.example.mqtt.InfluxDBService - Extracted tagkey -> location: server_room, kind: 입구, data: humidity
Value into InfluxDB: 46.5
2025-04-21 11:25:26 [MQTT Call: JavaClientExample] INFO  com.example.mqtt.MessageData - Data sent to InfluxDBService: data/s/nhnacademy/b/gyeongnam_campus/p/server_room/d/24e124136d151368/n/입구/e/humidity -> 46.5
2025-04-21 11:25:34 [MQTT Call: JavaClientExample] INFO  com.example.mqtt.MessageData - Topic: data/s/nhnacademy/b/gyeongnam_campus/p/server_room/d/24e124136d151368/n/입구/e/temperature
Message Data:
time: 1745202326381
value: 24

2025-04-21 11:25:34 [MQTT Call: JavaClientExample] INFO  com.example.mqtt.InfluxDBService - Extracted tagkey -> location: server_room, kind: 입구, data: temperature
Value into InfluxDB: 24.0
2025-04-21 11:25:34 [MQTT Call: JavaClientExample] INFO  com.example.mqtt.MessageData - Data sent to InfluxDBService: data/s/nhnacademy/b/gyeongnam_campus/p/server_room/d/24e124136d151368/n/입구/e/temperature -> 24.0
2025-04-21 11:25:34 [MQTT Call: JavaClientExample] INFO  com.example.mqtt.MessageData - Topic: data/s/nhnacademy/b/gyeongnam_campus/p/server_room/d/24e124136d151368/n/입구/g/24e124fffef5dccc/e/lora
Message Data:
time: 1745202326381
value: 

2025-04-21 11:25:34 [MQTT Call: JavaClientExample] INFO  com.example.mqtt.InfluxDBService - Extracted tagkey -> location: server_room, kind: 입구, data: lora
Value into InfluxDB: 0.0
2025-04-21 11:25:34 [MQTT Call: JavaClientExample] INFO  com.example.mqtt.MessageData - Data sent to InfluxDBService: data/s/nhnacademy/b/gyeongnam_campus/p/server_room/d/24e124136d151368/n/입구/g/24e124fffef5dccc/e/lora -> 0.0
2025-04-21 11:25:34 [MQTT Call: JavaClientExample] INFO  com.example.mqtt.MessageData - Topic: data/s/nhnacademy/b/gyeongnam_campus/p/server_room/d/24e124136d151368/n/입구/g/24e124fffef79304/e/lora
Message Data:
time: 1745202326381
value: 

2025-04-21 11:25:34 [MQTT Call: JavaClientExample] INFO  com.example.mqtt.InfluxDBService - Extracted tagkey -> location: server_room, kind: 입구, data: lora
Value into InfluxDB: 0.0
2025-04-21 11:25:34 [MQTT Call: JavaClientExample] INFO  com.example.mqtt.MessageData - Data sent to InfluxDBService: data/s/nhnacademy/b/gyeongnam_campus/p/server_room/d/24e124136d151368/n/입구/g/24e124fffef79304/e/lora -> 0.0
2025-04-21 11:25:46 [MQTT Call: JavaClientExample] INFO  com.example.mqtt.MessageData - Topic: data/s/nhnacademy/b/gyeongnam_campus/p/storage/d/24e124136d151547/n/입구/e/battery
Message Data:
time: 1745202346408
value: 1

2025-04-21 11:25:46 [MQTT Call: JavaClientExample] INFO  com.example.mqtt.InfluxDBService - Extracted tagkey -> location: storage, kind: 입구, data: battery
Value into InfluxDB: 1.0
2025-04-21 11:25:46 [MQTT Call: JavaClientExample] INFO  com.example.mqtt.MessageData - Data sent to InfluxDBService: data/s/nhnacademy/b/gyeongnam_campus/p/storage/d/24e124136d151547/n/입구/e/battery -> 1.0
2025-04-21 11:25:46 [MQTT Call: JavaClientExample] INFO  com.example.mqtt.MessageData - Topic: data/s/nhnacademy/b/gyeongnam_campus/p/storage/d/24e124136d151547/n/입구/e/temperature
Message Data:
time: 1745202346408
value: -0.1

2025-04-21 11:25:46 [MQTT Call: JavaClientExample] INFO  com.example.mqtt.InfluxDBService - Extracted tagkey -> location: storage, kind: 입구, data: temperature
Value into InfluxDB: -0.1
2025-04-21 11:25:46 [MQTT Call: JavaClientExample] INFO  com.example.mqtt.MessageData - Data sent to InfluxDBService: data/s/nhnacademy/b/gyeongnam_campus/p/storage/d/24e124136d151547/n/입구/e/temperature -> -0.1
2025-04-21 11:25:46 [MQTT Call: JavaClientExample] INFO  com.example.mqtt.MessageData - Topic: data/s/nhnacademy/b/gyeongnam_campus/p/storage/d/24e124136d151547/n/입구/e/humidity
Message Data:
time: 1745202346408
value: 127.5

2025-04-21 11:25:46 [MQTT Call: JavaClientExample] INFO  com.example.mqtt.InfluxDBService - Extracted tagkey -> location: storage, kind: 입구, data: humidity
Value into InfluxDB: 127.5
2025-04-21 11:25:46 [MQTT Call: JavaClientExample] INFO  com.example.mqtt.MessageData - Data sent to InfluxDBService: data/s/nhnacademy/b/gyeongnam_campus/p/storage/d/24e124136d151547/n/입구/e/humidity -> 127.5
2025-04-21 11:25:46 [MQTT Call: JavaClientExample] INFO  com.example.mqtt.MessageData - Topic: data/s/nhnacademy/b/gyeongnam_campus/p/storage/d/24e124136d151547/n/입구/g/24e124fffef79304/e/lora
Message Data:
time: 1745202346408
value: 

2025-04-21 11:25:46 [MQTT Call: JavaClientExample] INFO  com.example.mqtt.InfluxDBService - Extracted tagkey -> location: storage, kind: 입구, data: lora
Value into InfluxDB: 0.0
2025-04-21 11:25:46 [MQTT Call: JavaClientExample] INFO  com.example.mqtt.MessageData - Data sent to InfluxDBService: data/s/nhnacademy/b/gyeongnam_campus/p/storage/d/24e124136d151547/n/입구/g/24e124fffef79304/e/lora -> 0.0
2025-04-21 11:25:46 [MQTT Call: JavaClientExample] INFO  com.example.mqtt.MessageData - Topic: data/s/nhnacademy/b/gyeongnam_campus/p/storage/d/24e124136d151547/n/입구/g/24e124fffef5dccc/e/lora
Message Data:
time: 1745202346408
value: 

2025-04-21 11:25:46 [MQTT Call: JavaClientExample] INFO  com.example.mqtt.InfluxDBService - Extracted tagkey -> location: storage, kind: 입구, data: lora
Value into InfluxDB: 0.0
2025-04-21 11:25:46 [MQTT Call: JavaClientExample] INFO  com.example.mqtt.MessageData - Data sent to InfluxDBService: data/s/nhnacademy/b/gyeongnam_campus/p/storage/d/24e124136d151547/n/입구/g/24e124fffef5dccc/e/lora -> 0.0
2025-04-21 11:25:46 [MQTT Call: JavaClientExample] INFO  com.example.mqtt.MessageData - Topic: data/s/nhnacademy/b/gyeongnam_campus/p/campus/d/gem3500_1/n/캠퍼스_LL/e/voltage
Message Data:
time: 1745202346839
value: 378.89

2025-04-21 11:25:46 [MQTT Call: JavaClientExample] INFO  com.example.mqtt.InfluxDBService - Extracted tagkey -> location: campus, kind: 캠퍼스_LL, data: voltage
Value into InfluxDB: 378.89
2025-04-21 11:25:46 [MQTT Call: JavaClientExample] INFO  com.example.mqtt.MessageData - Data sent to InfluxDBService: data/s/nhnacademy/b/gyeongnam_campus/p/campus/d/gem3500_1/n/캠퍼스_LL/e/voltage -> 378.89
2025-04-21 11:25:46 [MQTT Call: JavaClientExample] INFO  com.example.mqtt.MessageData - Topic: data/s/nhnacademy/b/gyeongnam_campus/p/campus/d/gem3500_1/n/캠퍼스_LN/e/voltage
Message Data:
time: 1745202346839
value: 218.75

2025-04-21 11:25:46 [MQTT Call: JavaClientExample] INFO  com.example.mqtt.InfluxDBService - Extracted tagkey -> location: campus, kind: 캠퍼스_LN, data: voltage
Value into InfluxDB: 218.75
2025-04-21 11:25:46 [MQTT Call: JavaClientExample] INFO  com.example.mqtt.MessageData - Data sent to InfluxDBService: data/s/nhnacademy/b/gyeongnam_campus/p/campus/d/gem3500_1/n/캠퍼스_LN/e/voltage -> 218.75
2025-04-21 11:25:46 [MQTT Call: JavaClientExample] INFO  com.example.mqtt.MessageData - Topic: data/s/nhnacademy/b/gyeongnam_campus/p/campus/d/gem3500_1/n/캠퍼스1/e/power_meter
Message Data:
time: 1745202346939
type: 5
leakageCurrent: 0
current: 2703
activePower: 4958
reactivePower: -1859
tapparentPower: 5910
powerFactor: 83.88
currentUnbalance: 54.36
lines: 

2025-04-21 11:25:46 [MQTT Call: JavaClientExample] WARN  com.example.mqtt.MessageData - No 'value' field found in message, skipping InfluxDB write.
2025-04-21 11:25:46 [MQTT Call: JavaClientExample] INFO  com.example.mqtt.MessageData - Topic: data/s/nhnacademy/b/gyeongnam_campus/p/campus/d/gem3500_1/n/전등1/e/power_meter
Message Data:
time: 1745202347041
type: 3
leakageCurrent: 0
current: 703
activePower: 1307
reactivePower: -328
tapparentPower: 1535
powerFactor: 85.15
currentUnbalance: 0
lines: 

2025-04-21 11:25:46 [MQTT Call: JavaClientExample] WARN  com.example.mqtt.MessageData - No 'value' field found in message, skipping InfluxDB write.
2025-04-21 11:25:46 [MQTT Call: JavaClientExample] INFO  com.example.mqtt.MessageData - Topic: data/s/nhnacademy/b/gyeongnam_campus/p/campus/d/gem3500_1/n/전등2/e/power_meter
Message Data:
time: 1745202347143
type: 1
leakageCurrent: 0
current: 570
activePower: 1137
reactivePower: -285
tapparentPower: 1252
powerFactor: 90.8
currentUnbalance: 0
lines: 

2025-04-21 11:25:46 [MQTT Call: JavaClientExample] WARN  com.example.mqtt.MessageData - No 'value' field found in message, skipping InfluxDB write.
2025-04-21 11:25:47 [MQTT Call: JavaClientExample] INFO  com.example.mqtt.MessageData - Topic: data/s/nhnacademy/b/gyeongnam_campus/p/campus/d/gem3500_1/n/전등3/e/power_meter
Message Data:
time: 1745202347245
type: 2
leakageCurrent: 0
current: 0
activePower: 0
reactivePower: 0
tapparentPower: 0
powerFactor: 0
currentUnbalance: 0
lines: 

2025-04-21 11:25:47 [MQTT Call: JavaClientExample] WARN  com.example.mqtt.MessageData - No 'value' field found in message, skipping InfluxDB write.
2025-04-21 11:25:47 [MQTT Call: JavaClientExample] INFO  com.example.mqtt.MessageData - Topic: data/s/nhnacademy/b/gyeongnam_campus/p/campus/d/gem3500_1/n/강의실b_바닥/e/power_meter
Message Data:
time: 1745202347347
type: 3
leakageCurrent: 0
current: 226
activePower: 374
reactivePower: -242
tapparentPower: 494
powerFactor: 75.72
currentUnbalance: 0
lines: 

2025-04-21 11:25:47 [MQTT Call: JavaClientExample] WARN  com.example.mqtt.MessageData - No 'value' field found in message, skipping InfluxDB write.
2025-04-21 11:25:47 [MQTT Call: JavaClientExample] INFO  com.example.mqtt.MessageData - Topic: data/s/nhnacademy/b/gyeongnam_campus/p/campus/d/gem3500_1/n/강의실a_바닥1/e/power_meter
Message Data:
time: 1745202347449
type: 1
leakageCurrent: 0
current: 323
activePower: 556
reactivePower: -371
tapparentPower: 722
powerFactor: 77.07
currentUnbalance: 0
lines: 

2025-04-21 11:25:47 [MQTT Call: JavaClientExample] WARN  com.example.mqtt.MessageData - No 'value' field found in message, skipping InfluxDB write.
2025-04-21 11:25:47 [MQTT Call: JavaClientExample] INFO  com.example.mqtt.MessageData - Topic: data/s/nhnacademy/b/gyeongnam_campus/p/campus/d/gem3500_1/n/강의실a_바닥2/e/power_meter
Message Data:
time: 1745202347550
type: 2
leakageCurrent: 0
current: 174
activePower: 304
reactivePower: -182
tapparentPower: 381
powerFactor: 79.87
currentUnbalance: 0
lines: 

2025-04-21 11:25:47 [MQTT Call: JavaClientExample] WARN  com.example.mqtt.MessageData - No 'value' field found in message, skipping InfluxDB write.
2025-04-21 11:25:47 [MQTT Call: JavaClientExample] INFO  com.example.mqtt.MessageData - Topic: data/s/nhnacademy/b/gyeongnam_campus/p/campus/d/gem3500_1/n/프로젝터1/e/power_meter
Message Data:
time: 1745202347650
type: 3
leakageCurrent: 0
current: 102
activePower: 134
reactivePower: -151
tapparentPower: 223
powerFactor: 60.21
currentUnbalance: 0
lines: 

2025-04-21 11:25:47 [MQTT Call: JavaClientExample] WARN  com.example.mqtt.MessageData - No 'value' field found in message, skipping InfluxDB write.
2025-04-21 11:25:47 [MQTT Call: JavaClientExample] INFO  com.example.mqtt.MessageData - Topic: data/s/nhnacademy/b/gyeongnam_campus/p/campus/d/gem3500_1/n/프로젝터2/e/power_meter
Message Data:
time: 1745202347751
type: 1
leakageCurrent: 0
current: 39
activePower: 43
reactivePower: -69
tapparentPower: 86
powerFactor: 50
currentUnbalance: 0
lines: 

2025-04-21 11:25:47 [MQTT Call: JavaClientExample] WARN  com.example.mqtt.MessageData - No 'value' field found in message, skipping InfluxDB write.
2025-04-21 11:25:47 [MQTT Call: JavaClientExample] INFO  com.example.mqtt.MessageData - Topic: data/s/nhnacademy/b/gyeongnam_campus/p/campus/d/gem3500_1/n/회의실/e/power_meter
Message Data:
time: 1745202347854
type: 2
leakageCurrent: 0
current: 14
activePower: 4
reactivePower: -28
tapparentPower: 31
powerFactor: 15.38
currentUnbalance: 0
lines: 

2025-04-21 11:25:47 [MQTT Call: JavaClientExample] WARN  com.example.mqtt.MessageData - No 'value' field found in message, skipping InfluxDB write.
2025-04-21 11:25:47 [MQTT Call: JavaClientExample] INFO  com.example.mqtt.MessageData - Topic: data/s/nhnacademy/b/gyeongnam_campus/p/campus/d/gem3500_1/n/서버실/e/power_meter
Message Data:
time: 1745202347953
type: 3
leakageCurrent: 0
current: 198
activePower: 391
reactivePower: -112
tapparentPower: 439
powerFactor: 89.07
currentUnbalance: 0
lines: 

2025-04-21 11:25:47 [MQTT Call: JavaClientExample] WARN  com.example.mqtt.MessageData - No 'value' field found in message, skipping InfluxDB write.
2025-04-21 11:25:47 [MQTT Call: JavaClientExample] INFO  com.example.mqtt.MessageData - Topic: data/s/nhnacademy/b/gyeongnam_campus/p/campus/d/gem3500_1/n/간판/e/power_meter
Message Data:
time: 1745202348054
type: 1
leakageCurrent: 0
current: 0
activePower: 0
reactivePower: 0
tapparentPower: 0
powerFactor: 0
currentUnbalance: 0
lines: 

2025-04-21 11:25:47 [MQTT Call: JavaClientExample] WARN  com.example.mqtt.MessageData - No 'value' field found in message, skipping InfluxDB write.
2025-04-21 11:25:47 [MQTT Call: JavaClientExample] INFO  com.example.mqtt.MessageData - Topic: data/s/nhnacademy/b/gyeongnam_campus/p/campus/d/gem3500_1/n/페어룸/e/power_meter
Message Data:
time: 1745202348155
type: 2
leakageCurrent: 0
current: 0
activePower: 0
reactivePower: 0
tapparentPower: 0
powerFactor: 0
currentUnbalance: 0
lines: 

2025-04-21 11:25:47 [MQTT Call: JavaClientExample] WARN  com.example.mqtt.MessageData - No 'value' field found in message, skipping InfluxDB write.
2025-04-21 11:25:49 [MQTT Call: JavaClientExample] INFO  com.example.mqtt.MessageData - Topic: data/s/nhnacademy/b/gyeongnam_campus/p/campus/d/gem3500_1/n/사무실_전열1/e/power_meter
Message Data:
time: 1745202348257
type: 3
leakageCurrent: 0
current: 83
activePower: 98
reactivePower: -57
tapparentPower: 179
powerFactor: 54.66
currentUnbalance: 0
lines: 

2025-04-21 11:25:49 [MQTT Call: JavaClientExample] WARN  com.example.mqtt.MessageData - No 'value' field found in message, skipping InfluxDB write.
2025-04-21 11:25:49 [MQTT Call: JavaClientExample] INFO  com.example.mqtt.MessageData - Topic: data/s/nhnacademy/b/gyeongnam_campus/p/campus/d/gem3500_1/n/사무실_전열2/e/power_meter
Message Data:
time: 1745202348358
type: 3
leakageCurrent: 0
current: 90
activePower: 93
reactivePower: -59
tapparentPower: 199
powerFactor: 46.98
currentUnbalance: 0
lines: 

2025-04-21 11:25:49 [MQTT Call: JavaClientExample] WARN  com.example.mqtt.MessageData - No 'value' field found in message, skipping InfluxDB write.
2025-04-21 11:25:49 [MQTT Call: JavaClientExample] INFO  com.example.mqtt.MessageData - Topic: data/s/nhnacademy/b/gyeongnam_campus/p/campus/d/gem3500_1/n/사무실_복사기/e/power_meter
Message Data:
time: 1745202348458
type: 1
leakageCurrent: 0
current: 90
activePower: 124
reactivePower: 148
tapparentPower: 196
powerFactor: 63.41
currentUnbalance: 0
lines: 

2025-04-21 11:25:49 [MQTT Call: JavaClientExample] WARN  com.example.mqtt.MessageData - No 'value' field found in message, skipping InfluxDB write.
2025-04-21 11:25:49 [MQTT Call: JavaClientExample] INFO  com.example.mqtt.MessageData - Topic: data/s/nhnacademy/b/gyeongnam_campus/p/campus/d/gem3500_1/n/빌트인_전열/e/power_meter
Message Data:
time: 1745202348561
type: 2
leakageCurrent: 0
current: 5
activePower: 4
reactivePower: -7
tapparentPower: 11
powerFactor: 40
currentUnbalance: 0
lines: 

2025-04-21 11:25:49 [MQTT Call: JavaClientExample] WARN  com.example.mqtt.MessageData - No 'value' field found in message, skipping InfluxDB write.
2025-04-21 11:25:49 [MQTT Call: JavaClientExample] INFO  com.example.mqtt.MessageData - Topic: data/s/nhnacademy/b/gyeongnam_campus/p/campus/d/gem3500_1/n/사무실_전열3/e/power_meter
Message Data:
time: 1745202348664
type: 3
leakageCurrent: 0
current: 0
activePower: 0
reactivePower: 0
tapparentPower: 0
powerFactor: 0
currentUnbalance: 0
lines: 

2025-04-21 11:25:49 [MQTT Call: JavaClientExample] WARN  com.example.mqtt.MessageData - No 'value' field found in message, skipping InfluxDB write.
2025-04-21 11:25:49 [MQTT Call: JavaClientExample] INFO  com.example.mqtt.MessageData - Topic: data/s/nhnacademy/b/gyeongnam_campus/p/campus/d/gem3500_1/n/정수기/e/power_meter
Message Data:
time: 1745202348764
type: 1
leakageCurrent: 0
current: 7
activePower: 2
reactivePower: -14
tapparentPower: 16
powerFactor: 14.28
currentUnbalance: 0
lines: 

2025-04-21 11:25:49 [MQTT Call: JavaClientExample] WARN  com.example.mqtt.MessageData - No 'value' field found in message, skipping InfluxDB write.
2025-04-21 11:25:49 [MQTT Call: JavaClientExample] INFO  com.example.mqtt.MessageData - Topic: data/s/nhnacademy/b/gyeongnam_campus/p/campus/d/gem3500_1/n/하이브_전열/e/power_meter
Message Data:
time: 1745202348866
type: 2
leakageCurrent: 0
current: 64
activePower: 122
reactivePower: -47
tapparentPower: 139
powerFactor: 87.93
currentUnbalance: 0
lines: 

2025-04-21 11:25:49 [MQTT Call: JavaClientExample] WARN  com.example.mqtt.MessageData - No 'value' field found in message, skipping InfluxDB write.
2025-04-21 11:25:49 [MQTT Call: JavaClientExample] INFO  com.example.mqtt.MessageData - Topic: data/s/nhnacademy/b/gyeongnam_campus/p/campus/d/gem3500_1/n/바텐_전열/e/power_meter
Message Data:
time: 1745202348965
type: 3
leakageCurrent: 0
current: 0
activePower: 0
reactivePower: 0
tapparentPower: 0
powerFactor: 0
currentUnbalance: 0
lines: 

2025-04-21 11:25:49 [MQTT Call: JavaClientExample] WARN  com.example.mqtt.MessageData - No 'value' field found in message, skipping InfluxDB write.
2025-04-21 11:25:49 [MQTT Call: JavaClientExample] INFO  com.example.mqtt.MessageData - Topic: data/s/nhnacademy/b/gyeongnam_campus/p/campus/d/gem3500_1/n/S_P/e/power_meter
Message Data:
time: 1745202349068
type: 1
leakageCurrent: 0
current: 0
activePower: 0
reactivePower: 0
tapparentPower: 0
powerFactor: 0
currentUnbalance: 0
lines: 

2025-04-21 11:25:49 [MQTT Call: JavaClientExample] WARN  com.example.mqtt.MessageData - No 'value' field found in message, skipping InfluxDB write.
2025-04-21 11:25:49 [MQTT Call: JavaClientExample] INFO  com.example.mqtt.MessageData - Topic: data/s/nhnacademy/b/gyeongnam_campus/p/campus/d/gem3500_1/n/공조기/e/power_meter
Message Data:
time: 1745202349167
type: 2
leakageCurrent: 0
current: 198
activePower: 223
reactivePower: -23
tapparentPower: 436
powerFactor: 51.09
currentUnbalance: 0
lines: 

2025-04-21 11:25:49 [MQTT Call: JavaClientExample] WARN  com.example.mqtt.MessageData - No 'value' field found in message, skipping InfluxDB write.
2025-04-21 11:25:49 [MQTT Call: JavaClientExample] INFO  com.example.mqtt.MessageData - Topic: data/s/nhnacademy/b/gyeongnam_campus/p/campus/d/gem3500_1/n/AC/e/power_meter
Message Data:
time: 1745202349269
type: 3
leakageCurrent: 0
current: 16
activePower: 11
reactivePower: -23
tapparentPower: 38
powerFactor: 31.24
currentUnbalance: 0
lines: 

2025-04-21 11:25:49 [MQTT Call: JavaClientExample] WARN  com.example.mqtt.MessageData - No 'value' field found in message, skipping InfluxDB write.
2025-04-21 11:25:50 [MQTT Call: JavaClientExample] INFO  com.example.mqtt.MessageData - Topic: data/s/nhnacademy/b/gyeongnam_campus/p/pair_room/d/24e124617d159573/n/2/e/battery
Message Data:
time: 1745202349579
value: 33

2025-04-21 11:25:50 [MQTT Call: JavaClientExample] INFO  com.example.mqtt.InfluxDBService - Extracted tagkey -> location: pair_room, kind: 2, data: battery
Value into InfluxDB: 33.0
2025-04-21 11:25:51 [MQTT Call: JavaClientExample] INFO  com.example.mqtt.MessageData - Data sent to InfluxDBService: data/s/nhnacademy/b/gyeongnam_campus/p/pair_room/d/24e124617d159573/n/2/e/battery -> 33.0
2025-04-21 11:25:51 [MQTT Call: JavaClientExample] INFO  com.example.mqtt.MessageData - Topic: data/s/nhnacademy/b/gyeongnam_campus/p/pair_room/d/24e124617d159573/n/2/e/distance
Message Data:
time: 1745202349579
value: 2235

2025-04-21 11:25:51 [MQTT Call: JavaClientExample] INFO  com.example.mqtt.InfluxDBService - Extracted tagkey -> location: pair_room, kind: 2, data: distance
Value into InfluxDB: 2235.0
2025-04-21 11:25:51 [MQTT Call: JavaClientExample] INFO  com.example.mqtt.MessageData - Data sent to InfluxDBService: data/s/nhnacademy/b/gyeongnam_campus/p/pair_room/d/24e124617d159573/n/2/e/distance -> 2235.0
2025-04-21 11:25:51 [MQTT Call: JavaClientExample] INFO  com.example.mqtt.MessageData - Topic: data/s/nhnacademy/b/gyeongnam_campus/p/pair_room/d/24e124617d159573/n/2/e/occupancy
Message Data:
time: 1745202349579
value: 0

2025-04-21 11:25:51 [MQTT Call: JavaClientExample] INFO  com.example.mqtt.InfluxDBService - Extracted tagkey -> location: pair_room, kind: 2, data: occupancy
Value into InfluxDB: 0.0
2025-04-21 11:25:51 [MQTT Call: JavaClientExample] INFO  com.example.mqtt.MessageData - Data sent to InfluxDBService: data/s/nhnacademy/b/gyeongnam_campus/p/pair_room/d/24e124617d159573/n/2/e/occupancy -> 0.0
2025-04-21 11:25:51 [MQTT Call: JavaClientExample] INFO  com.example.mqtt.MessageData - Topic: data/s/nhnacademy/b/gyeongnam_campus/p/pair_room/d/24e124617d159573/n/2/g/24e124fffef79304/e/lora
Message Data:
time: 1745202349579
value: 

2025-04-21 11:25:51 [MQTT Call: JavaClientExample] INFO  com.example.mqtt.InfluxDBService - Extracted tagkey -> location: pair_room, kind: 2, data: lora
Value into InfluxDB: 0.0
2025-04-21 11:25:51 [MQTT Call: JavaClientExample] INFO  com.example.mqtt.MessageData - Data sent to InfluxDBService: data/s/nhnacademy/b/gyeongnam_campus/p/pair_room/d/24e124617d159573/n/2/g/24e124fffef79304/e/lora -> 0.0
2025-04-21 11:25:51 [MQTT Call: JavaClientExample] INFO  com.example.mqtt.MessageData - Topic: data/s/nhnacademy/b/gyeongnam_campus/p/pair_room/d/24e124617d159573/n/2/g/24e124fffef5dccc/e/lora
Message Data:
time: 1745202349579
value: 

2025-04-21 11:25:51 [MQTT Call: JavaClientExample] INFO  com.example.mqtt.InfluxDBService - Extracted tagkey -> location: pair_room, kind: 2, data: lora
Value into InfluxDB: 0.0
2025-04-21 11:25:51 [MQTT Call: JavaClientExample] INFO  com.example.mqtt.MessageData - Data sent to InfluxDBService: data/s/nhnacademy/b/gyeongnam_campus/p/pair_room/d/24e124617d159573/n/2/g/24e124fffef5dccc/e/lora -> 0.0
2025-04-21 11:25:54 [MQTT Call: JavaClientExample] INFO  com.example.mqtt.MessageData - Topic: data/s/nhnacademy/b/gyeongnam_campus/p/hive/d/24e124126d111937/sp/farm/n/스마트팜/e/illumination
Message Data:
time: 1745202354241
value: 320

2025-04-21 11:25:54 [MQTT Call: JavaClientExample] INFO  com.example.mqtt.InfluxDBService - Extracted tagkey -> location: hive, kind: 스마트팜, data: illumination
Value into InfluxDB: 320.0
2025-04-21 11:25:54 [MQTT Call: JavaClientExample] INFO  com.example.mqtt.MessageData - Data sent to InfluxDBService: data/s/nhnacademy/b/gyeongnam_campus/p/hive/d/24e124126d111937/sp/farm/n/스마트팜/e/illumination -> 320.0
2025-04-21 11:25:55 [MQTT Call: JavaClientExample] INFO  com.example.mqtt.MessageData - Topic: data/s/nhnacademy/b/gyeongnam_campus/p/hive/d/24e124126d111937/sp/farm/n/스마트팜/g/24e124fffef79304/e/lora
Message Data:
time: 1745202354241
value: 

2025-04-21 11:25:55 [MQTT Call: JavaClientExample] INFO  com.example.mqtt.InfluxDBService - Extracted tagkey -> location: hive, kind: 스마트팜, data: lora
Value into InfluxDB: 0.0
2025-04-21 11:25:55 [MQTT Call: JavaClientExample] INFO  com.example.mqtt.MessageData - Data sent to InfluxDBService: data/s/nhnacademy/b/gyeongnam_campus/p/hive/d/24e124126d111937/sp/farm/n/스마트팜/g/24e124fffef79304/e/lora -> 0.0
2025-04-21 11:25:55 [MQTT Call: JavaClientExample] INFO  com.example.mqtt.MessageData - Topic: data/s/nhnacademy/b/gyeongnam_campus/p/hive/d/24e124126d111937/sp/farm/n/스마트팜/g/24e124fffef5dccc/e/lora
Message Data:
time: 1745202354241
value: 

2025-04-21 11:25:55 [MQTT Call: JavaClientExample] INFO  com.example.mqtt.InfluxDBService - Extracted tagkey -> location: hive, kind: 스마트팜, data: lora
Value into InfluxDB: 0.0
2025-04-21 11:25:55 [MQTT Call: JavaClientExample] INFO  com.example.mqtt.MessageData - Data sent to InfluxDBService: data/s/nhnacademy/b/gyeongnam_campus/p/hive/d/24e124126d111937/sp/farm/n/스마트팜/g/24e124fffef5dccc/e/lora -> 0.0
2025-04-21 11:26:01 [MQTT Call: JavaClientExample] INFO  com.example.mqtt.MessageData - Topic: data/s/nhnacademy/b/gyeongnam_campus/p/class_a/d/24e124126d152969/n/왼쪽 뒤/e/co2
Message Data:
time: 1745202359021
value: 994

2025-04-21 11:26:01 [MQTT Call: JavaClientExample] INFO  com.example.mqtt.InfluxDBService - Extracted tagkey -> location: class_a, kind: 왼쪽 뒤, data: co2
Value into InfluxDB: 994.0
2025-04-21 11:26:01 [MQTT Call: JavaClientExample] INFO  com.example.mqtt.MessageData - Data sent to InfluxDBService: data/s/nhnacademy/b/gyeongnam_campus/p/class_a/d/24e124126d152969/n/왼쪽 뒤/e/co2 -> 994.0
2025-04-21 11:26:01 [MQTT Call: JavaClientExample] INFO  com.example.mqtt.MessageData - Topic: data/s/nhnacademy/b/gyeongnam_campus/p/class_a/d/24e124126d152969/n/왼쪽 뒤/e/pressure
Message Data:
time: 1745202359021
value: 1016.5

2025-04-21 11:26:01 [MQTT Call: JavaClientExample] INFO  com.example.mqtt.InfluxDBService - Extracted tagkey -> location: class_a, kind: 왼쪽 뒤, data: pressure
Value into InfluxDB: 1016.5
2025-04-21 11:26:01 [MQTT Call: JavaClientExample] INFO  com.example.mqtt.MessageData - Data sent to InfluxDBService: data/s/nhnacademy/b/gyeongnam_campus/p/class_a/d/24e124126d152969/n/왼쪽 뒤/e/pressure -> 1016.5
2025-04-21 11:26:01 [MQTT Call: JavaClientExample] INFO  com.example.mqtt.MessageData - Topic: data/s/nhnacademy/b/gyeongnam_campus/p/class_a/d/24e124126d152969/n/왼쪽 뒤/e/humidity
Message Data:
time: 1745202359021
value: 51

2025-04-21 11:26:01 [MQTT Call: JavaClientExample] INFO  com.example.mqtt.InfluxDBService - Extracted tagkey -> location: class_a, kind: 왼쪽 뒤, data: humidity
Value into InfluxDB: 51.0
2025-04-21 11:26:01 [MQTT Call: JavaClientExample] INFO  com.example.mqtt.MessageData - Data sent to InfluxDBService: data/s/nhnacademy/b/gyeongnam_campus/p/class_a/d/24e124126d152969/n/왼쪽 뒤/e/humidity -> 51.0
2025-04-21 11:26:01 [MQTT Call: JavaClientExample] INFO  com.example.mqtt.MessageData - Topic: data/s/nhnacademy/b/gyeongnam_campus/p/class_a/d/24e124126d152969/n/왼쪽 뒤/e/temperature
Message Data:
time: 1745202359021
value: 23

2025-04-21 11:26:01 [MQTT Call: JavaClientExample] INFO  com.example.mqtt.InfluxDBService - Extracted tagkey -> location: class_a, kind: 왼쪽 뒤, data: temperature
Value into InfluxDB: 23.0
2025-04-21 11:26:01 [MQTT Call: JavaClientExample] INFO  com.example.mqtt.MessageData - Data sent to InfluxDBService: data/s/nhnacademy/b/gyeongnam_campus/p/class_a/d/24e124126d152969/n/왼쪽 뒤/e/temperature -> 23.0
2025-04-21 11:26:01 [MQTT Call: JavaClientExample] INFO  com.example.mqtt.MessageData - Topic: data/s/nhnacademy/b/gyeongnam_campus/p/class_a/d/24e124126d152969/n/왼쪽 뒤/g/24e124fffef79304/e/lora
Message Data:
time: 1745202359021
value: 

2025-04-21 11:26:01 [MQTT Call: JavaClientExample] INFO  com.example.mqtt.InfluxDBService - Extracted tagkey -> location: class_a, kind: 왼쪽 뒤, data: lora
Value into InfluxDB: 0.0
2025-04-21 11:26:01 [MQTT Call: JavaClientExample] INFO  com.example.mqtt.MessageData - Data sent to InfluxDBService: data/s/nhnacademy/b/gyeongnam_campus/p/class_a/d/24e124126d152969/n/왼쪽 뒤/g/24e124fffef79304/e/lora -> 0.0
2025-04-21 11:26:01 [MQTT Call: JavaClientExample] INFO  com.example.mqtt.MessageData - Topic: data/s/nhnacademy/b/gyeongnam_campus/p/class_a/d/24e124126d152969/n/왼쪽 뒤/g/24e124fffef5dccc/e/lora
Message Data:
time: 1745202359021
value: 

2025-04-21 11:26:01 [MQTT Call: JavaClientExample] INFO  com.example.mqtt.InfluxDBService - Extracted tagkey -> location: class_a, kind: 왼쪽 뒤, data: lora
Value into InfluxDB: 0.0
2025-04-21 11:26:01 [MQTT Call: JavaClientExample] INFO  com.example.mqtt.MessageData - Data sent to InfluxDBService: data/s/nhnacademy/b/gyeongnam_campus/p/class_a/d/24e124126d152969/n/왼쪽 뒤/g/24e124fffef5dccc/e/lora -> 0.0
2025-04-21 11:26:12 [MQTT Call: JavaClientExample] INFO  com.example.mqtt.MessageData - Topic: data/s/nhnacademy/b/gyeongnam_campus/p/hive/d/24e124126c452091/sp/farm/n/스마트팜/e/temperature
Message Data:
time: 1745202369439
value: 24.5

2025-04-21 11:26:12 [MQTT Call: JavaClientExample] INFO  com.example.mqtt.InfluxDBService - Extracted tagkey -> location: hive, kind: 스마트팜, data: temperature
Value into InfluxDB: 24.5
2025-04-21 11:26:12 [MQTT Call: JavaClientExample] INFO  com.example.mqtt.MessageData - Data sent to InfluxDBService: data/s/nhnacademy/b/gyeongnam_campus/p/hive/d/24e124126c452091/sp/farm/n/스마트팜/e/temperature -> 24.5
2025-04-21 11:26:12 [MQTT Call: JavaClientExample] INFO  com.example.mqtt.MessageData - Topic: data/s/nhnacademy/b/gyeongnam_campus/p/hive/d/24e124126c452091/sp/farm/n/스마트팜/g/24e124fffef5dccc/e/lora
Message Data:
time: 1745202369439
value: 

2025-04-21 11:26:12 [MQTT Call: JavaClientExample] INFO  com.example.mqtt.InfluxDBService - Extracted tagkey -> location: hive, kind: 스마트팜, data: lora
Value into InfluxDB: 0.0
2025-04-21 11:26:12 [MQTT Call: JavaClientExample] INFO  com.example.mqtt.MessageData - Data sent to InfluxDBService: data/s/nhnacademy/b/gyeongnam_campus/p/hive/d/24e124126c452091/sp/farm/n/스마트팜/g/24e124fffef5dccc/e/lora -> 0.0
2025-04-21 11:26:12 [MQTT Call: JavaClientExample] INFO  com.example.mqtt.MessageData - Topic: data/s/nhnacademy/b/gyeongnam_campus/p/hive/d/24e124126c452091/sp/farm/n/스마트팜/g/24e124fffef79304/e/lora
Message Data:
time: 1745202369439
value: 

2025-04-21 11:26:12 [MQTT Call: JavaClientExample] INFO  com.example.mqtt.InfluxDBService - Extracted tagkey -> location: hive, kind: 스마트팜, data: lora
Value into InfluxDB: 0.0
2025-04-21 11:26:12 [MQTT Call: JavaClientExample] INFO  com.example.mqtt.MessageData - Data sent to InfluxDBService: data/s/nhnacademy/b/gyeongnam_campus/p/hive/d/24e124126c452091/sp/farm/n/스마트팜/g/24e124fffef79304/e/lora -> 0.0
2025-04-21 11:26:12 [MQTT Call: JavaClientExample] INFO  com.example.mqtt.MessageData - Topic: data/s/nhnacademy/b/gyeongnam_campus/p/hive/d/24e124725d081175/sp/8인 책상/n/8인 책상/e/battery
Message Data:
time: 1745202371803
value: 77

2025-04-21 11:26:12 [MQTT Call: JavaClientExample] INFO  com.example.mqtt.InfluxDBService - Extracted tagkey -> location: hive, kind: 8인 책상, data: battery
Value into InfluxDB: 77.0
2025-04-21 11:26:12 [MQTT Call: JavaClientExample] INFO  com.example.mqtt.MessageData - Data sent to InfluxDBService: data/s/nhnacademy/b/gyeongnam_campus/p/hive/d/24e124725d081175/sp/8인 책상/n/8인 책상/e/battery -> 77.0
2025-04-21 11:26:13 [MQTT Call: JavaClientExample] INFO  com.example.mqtt.MessageData - Topic: data/s/nhnacademy/b/gyeongnam_campus/p/hive/d/24e124725d081175/sp/8인 책상/n/8인 책상/e/humidity
Message Data:
time: 1745202371803
value: 42.5

2025-04-21 11:26:13 [MQTT Call: JavaClientExample] INFO  com.example.mqtt.InfluxDBService - Extracted tagkey -> location: hive, kind: 8인 책상, data: humidity
Value into InfluxDB: 42.5
2025-04-21 11:26:13 [MQTT Call: JavaClientExample] INFO  com.example.mqtt.MessageData - Data sent to InfluxDBService: data/s/nhnacademy/b/gyeongnam_campus/p/hive/d/24e124725d081175/sp/8인 책상/n/8인 책상/e/humidity -> 42.5
2025-04-21 11:26:13 [MQTT Call: JavaClientExample] INFO  com.example.mqtt.MessageData - Topic: data/s/nhnacademy/b/gyeongnam_campus/p/hive/d/24e124725d081175/sp/8인 책상/n/8인 책상/e/temperature
Message Data:
time: 1745202371803
value: 25.5

2025-04-21 11:26:13 [MQTT Call: JavaClientExample] INFO  com.example.mqtt.InfluxDBService - Extracted tagkey -> location: hive, kind: 8인 책상, data: temperature
Value into InfluxDB: 25.5
2025-04-21 11:26:13 [MQTT Call: JavaClientExample] INFO  com.example.mqtt.MessageData - Data sent to InfluxDBService: data/s/nhnacademy/b/gyeongnam_campus/p/hive/d/24e124725d081175/sp/8인 책상/n/8인 책상/e/temperature -> 25.5
2025-04-21 11:26:13 [MQTT Call: JavaClientExample] INFO  com.example.mqtt.MessageData - Topic: data/s/nhnacademy/b/gyeongnam_campus/p/hive/d/24e124725d081175/sp/8인 책상/n/8인 책상/e/co2
Message Data:
time: 1745202371803
value: 637

2025-04-21 11:26:13 [MQTT Call: JavaClientExample] INFO  com.example.mqtt.InfluxDBService - Extracted tagkey -> location: hive, kind: 8인 책상, data: co2
Value into InfluxDB: 637.0
2025-04-21 11:26:13 [MQTT Call: JavaClientExample] INFO  com.example.mqtt.MessageData - Data sent to InfluxDBService: data/s/nhnacademy/b/gyeongnam_campus/p/hive/d/24e124725d081175/sp/8인 책상/n/8인 책상/e/co2 -> 637.0
2025-04-21 11:26:13 [MQTT Call: JavaClientExample] INFO  com.example.mqtt.MessageData - Topic: data/s/nhnacademy/b/gyeongnam_campus/p/hive/d/24e124725d081175/sp/8인 책상/n/8인 책상/g/24e124fffef5dccc/e/lora
Message Data:
time: 1745202371803
value: 

2025-04-21 11:26:13 [MQTT Call: JavaClientExample] INFO  com.example.mqtt.InfluxDBService - Extracted tagkey -> location: hive, kind: 8인 책상, data: lora
Value into InfluxDB: 0.0
2025-04-21 11:26:13 [MQTT Call: JavaClientExample] INFO  com.example.mqtt.MessageData - Data sent to InfluxDBService: data/s/nhnacademy/b/gyeongnam_campus/p/hive/d/24e124725d081175/sp/8인 책상/n/8인 책상/g/24e124fffef5dccc/e/lora -> 0.0
2025-04-21 11:26:13 [MQTT Call: JavaClientExample] INFO  com.example.mqtt.MessageData - Topic: data/s/nhnacademy/b/gyeongnam_campus/p/hive/d/24e124725d081175/sp/8인 책상/n/8인 책상/g/24e124fffef79304/e/lora
Message Data:
time: 1745202371803
value: 

2025-04-21 11:26:13 [MQTT Call: JavaClientExample] INFO  com.example.mqtt.InfluxDBService - Extracted tagkey -> location: hive, kind: 8인 책상, data: lora
Value into InfluxDB: 0.0
2025-04-21 11:26:13 [MQTT Call: JavaClientExample] INFO  com.example.mqtt.MessageData - Data sent to InfluxDBService: data/s/nhnacademy/b/gyeongnam_campus/p/hive/d/24e124725d081175/sp/8인 책상/n/8인 책상/g/24e124fffef79304/e/lora -> 0.0
2025-04-21 11:26:17 [MQTT Call: JavaClientExample] INFO  com.example.mqtt.MessageData - Topic: data/s/nhnacademy/b/gyeongnam_campus/p/class_a/d/24e124128c067999/sp/입구/n/입구/e/co2
Message Data:
time: 1745202377377
value: 924

2025-04-21 11:26:17 [MQTT Call: JavaClientExample] INFO  com.example.mqtt.InfluxDBService - Extracted tagkey -> location: class_a, kind: 입구, data: co2
Value into InfluxDB: 924.0
2025-04-21 11:26:17 [MQTT Call: JavaClientExample] INFO  com.example.mqtt.MessageData - Data sent to InfluxDBService: data/s/nhnacademy/b/gyeongnam_campus/p/class_a/d/24e124128c067999/sp/입구/n/입구/e/co2 -> 924.0
2025-04-21 11:26:17 [MQTT Call: JavaClientExample] INFO  com.example.mqtt.MessageData - Topic: data/s/nhnacademy/b/gyeongnam_campus/p/class_a/d/24e124128c067999/sp/입구/n/입구/e/activity
Message Data:
time: 1745202377377
value: 5

2025-04-21 11:26:17 [MQTT Call: JavaClientExample] INFO  com.example.mqtt.InfluxDBService - Extracted tagkey -> location: class_a, kind: 입구, data: activity
Value into InfluxDB: 5.0
2025-04-21 11:26:17 [MQTT Call: JavaClientExample] INFO  com.example.mqtt.MessageData - Data sent to InfluxDBService: data/s/nhnacademy/b/gyeongnam_campus/p/class_a/d/24e124128c067999/sp/입구/n/입구/e/activity -> 5.0
2025-04-21 11:26:17 [MQTT Call: JavaClientExample] INFO  com.example.mqtt.MessageData - Topic: data/s/nhnacademy/b/gyeongnam_campus/p/class_a/d/24e124128c067999/sp/입구/n/입구/e/temperature
Message Data:
time: 1745202377377
value: 24

2025-04-21 11:26:17 [MQTT Call: JavaClientExample] INFO  com.example.mqtt.InfluxDBService - Extracted tagkey -> location: class_a, kind: 입구, data: temperature
Value into InfluxDB: 24.0
2025-04-21 11:26:17 [MQTT Call: JavaClientExample] INFO  com.example.mqtt.MessageData - Data sent to InfluxDBService: data/s/nhnacademy/b/gyeongnam_campus/p/class_a/d/24e124128c067999/sp/입구/n/입구/e/temperature -> 24.0
2025-04-21 11:26:17 [MQTT Call: JavaClientExample] INFO  com.example.mqtt.MessageData - Topic: data/s/nhnacademy/b/gyeongnam_campus/p/class_a/d/24e124128c067999/sp/입구/n/입구/e/illumination
Message Data:
time: 1745202377377
value: 67

2025-04-21 11:26:17 [MQTT Call: JavaClientExample] INFO  com.example.mqtt.InfluxDBService - Extracted tagkey -> location: class_a, kind: 입구, data: illumination
Value into InfluxDB: 67.0
2025-04-21 11:26:17 [MQTT Call: JavaClientExample] INFO  com.example.mqtt.MessageData - Data sent to InfluxDBService: data/s/nhnacademy/b/gyeongnam_campus/p/class_a/d/24e124128c067999/sp/입구/n/입구/e/illumination -> 67.0
2025-04-21 11:26:17 [MQTT Call: JavaClientExample] INFO  com.example.mqtt.MessageData - Topic: data/s/nhnacademy/b/gyeongnam_campus/p/class_a/d/24e124128c067999/sp/입구/n/입구/e/infrared_and_visible
Message Data:
time: 1745202377377
value: 46

2025-04-21 11:26:17 [MQTT Call: JavaClientExample] INFO  com.example.mqtt.InfluxDBService - Extracted tagkey -> location: class_a, kind: 입구, data: infrared_and_visible
Value into InfluxDB: 46.0
2025-04-21 11:26:17 [MQTT Call: JavaClientExample] INFO  com.example.mqtt.MessageData - Data sent to InfluxDBService: data/s/nhnacademy/b/gyeongnam_campus/p/class_a/d/24e124128c067999/sp/입구/n/입구/e/infrared_and_visible -> 46.0
2025-04-21 11:26:17 [MQTT Call: JavaClientExample] INFO  com.example.mqtt.MessageData - Topic: data/s/nhnacademy/b/gyeongnam_campus/p/class_a/d/24e124128c067999/sp/입구/n/입구/e/pressure
Message Data:
time: 1745202377377
value: 1008.8

2025-04-21 11:26:17 [MQTT Call: JavaClientExample] INFO  com.example.mqtt.InfluxDBService - Extracted tagkey -> location: class_a, kind: 입구, data: pressure
Value into InfluxDB: 1008.8
2025-04-21 11:26:17 [MQTT Call: JavaClientExample] INFO  com.example.mqtt.MessageData - Data sent to InfluxDBService: data/s/nhnacademy/b/gyeongnam_campus/p/class_a/d/24e124128c067999/sp/입구/n/입구/e/pressure -> 1008.8
2025-04-21 11:26:17 [MQTT Call: JavaClientExample] INFO  com.example.mqtt.MessageData - Topic: data/s/nhnacademy/b/gyeongnam_campus/p/class_a/d/24e124128c067999/sp/입구/n/입구/e/tvoc
Message Data:
time: 1745202377377
value: 300

2025-04-21 11:26:17 [MQTT Call: JavaClientExample] INFO  com.example.mqtt.InfluxDBService - Extracted tagkey -> location: class_a, kind: 입구, data: tvoc
Value into InfluxDB: 300.0
2025-04-21 11:26:17 [MQTT Call: JavaClientExample] INFO  com.example.mqtt.MessageData - Data sent to InfluxDBService: data/s/nhnacademy/b/gyeongnam_campus/p/class_a/d/24e124128c067999/sp/입구/n/입구/e/tvoc -> 300.0
2025-04-21 11:26:17 [MQTT Call: JavaClientExample] INFO  com.example.mqtt.MessageData - Topic: data/s/nhnacademy/b/gyeongnam_campus/p/class_a/d/24e124128c067999/sp/입구/n/입구/e/humidity
Message Data:
time: 1745202377377
value: 45.5

2025-04-21 11:26:17 [MQTT Call: JavaClientExample] INFO  com.example.mqtt.InfluxDBService - Extracted tagkey -> location: class_a, kind: 입구, data: humidity
Value into InfluxDB: 45.5
2025-04-21 11:26:17 [MQTT Call: JavaClientExample] INFO  com.example.mqtt.MessageData - Data sent to InfluxDBService: data/s/nhnacademy/b/gyeongnam_campus/p/class_a/d/24e124128c067999/sp/입구/n/입구/e/humidity -> 45.5
2025-04-21 11:26:17 [MQTT Call: JavaClientExample] INFO  com.example.mqtt.MessageData - Topic: data/s/nhnacademy/b/gyeongnam_campus/p/class_a/d/24e124128c067999/sp/입구/n/입구/e/infrared
Message Data:
time: 1745202377377
value: 7

2025-04-21 11:26:17 [MQTT Call: JavaClientExample] INFO  com.example.mqtt.InfluxDBService - Extracted tagkey -> location: class_a, kind: 입구, data: infrared
Value into InfluxDB: 7.0
2025-04-21 11:26:17 [MQTT Call: JavaClientExample] INFO  com.example.mqtt.MessageData - Data sent to InfluxDBService: data/s/nhnacademy/b/gyeongnam_campus/p/class_a/d/24e124128c067999/sp/입구/n/입구/e/infrared -> 7.0
2025-04-21 11:26:17 [MQTT Call: JavaClientExample] INFO  com.example.mqtt.MessageData - Topic: data/s/nhnacademy/b/gyeongnam_campus/p/class_a/d/24e124128c067999/sp/입구/n/입구/g/24e124fffef5dccc/e/lora
Message Data:
time: 1745202377377
value: 

2025-04-21 11:26:17 [MQTT Call: JavaClientExample] INFO  com.example.mqtt.InfluxDBService - Extracted tagkey -> location: class_a, kind: 입구, data: lora
Value into InfluxDB: 0.0
2025-04-21 11:26:17 [MQTT Call: JavaClientExample] INFO  com.example.mqtt.MessageData - Data sent to InfluxDBService: data/s/nhnacademy/b/gyeongnam_campus/p/class_a/d/24e124128c067999/sp/입구/n/입구/g/24e124fffef5dccc/e/lora -> 0.0
2025-04-21 11:26:17 [MQTT Call: JavaClientExample] INFO  com.example.mqtt.MessageData - Topic: data/s/nhnacademy/b/gyeongnam_campus/p/class_a/d/24e124128c067999/sp/입구/n/입구/g/24e124fffef79304/e/lora
Message Data:
time: 1745202377377
value: 

2025-04-21 11:26:17 [MQTT Call: JavaClientExample] INFO  com.example.mqtt.InfluxDBService - Extracted tagkey -> location: class_a, kind: 입구, data: lora
Value into InfluxDB: 0.0
2025-04-21 11:26:17 [MQTT Call: JavaClientExample] INFO  com.example.mqtt.MessageData - Data sent to InfluxDBService: data/s/nhnacademy/b/gyeongnam_campus/p/class_a/d/24e124128c067999/sp/입구/n/입구/g/24e124fffef79304/e/lora -> 0.0
2025-04-21 11:26:18 [MQTT Call: JavaClientExample] INFO  com.example.mqtt.MessageData - Topic: data/s/nhnacademy/b/gyeongnam_campus/p/office/d/24e124126d152919/n/보드/e/pressure
Message Data:
time: 1745202378386
value: 1016.4

2025-04-21 11:26:18 [MQTT Call: JavaClientExample] INFO  com.example.mqtt.InfluxDBService - Extracted tagkey -> location: office, kind: 보드, data: pressure
Value into InfluxDB: 1016.4
2025-04-21 11:26:18 [MQTT Call: JavaClientExample] INFO  com.example.mqtt.MessageData - Data sent to InfluxDBService: data/s/nhnacademy/b/gyeongnam_campus/p/office/d/24e124126d152919/n/보드/e/pressure -> 1016.4
2025-04-21 11:26:19 [MQTT Call: JavaClientExample] INFO  com.example.mqtt.MessageData - Topic: data/s/nhnacademy/b/gyeongnam_campus/p/office/d/24e124126d152919/n/보드/e/temperature
Message Data:
time: 1745202378386
value: 23.5

2025-04-21 11:26:19 [MQTT Call: JavaClientExample] INFO  com.example.mqtt.InfluxDBService - Extracted tagkey -> location: office, kind: 보드, data: temperature
Value into InfluxDB: 23.5
2025-04-21 11:26:19 [MQTT Call: JavaClientExample] INFO  com.example.mqtt.MessageData - Data sent to InfluxDBService: data/s/nhnacademy/b/gyeongnam_campus/p/office/d/24e124126d152919/n/보드/e/temperature -> 23.5
2025-04-21 11:26:19 [MQTT Call: JavaClientExample] INFO  com.example.mqtt.MessageData - Topic: data/s/nhnacademy/b/gyeongnam_campus/p/office/d/24e124126d152919/n/보드/e/humidity
Message Data:
time: 1745202378386
value: 47.5

2025-04-21 11:26:19 [MQTT Call: JavaClientExample] INFO  com.example.mqtt.InfluxDBService - Extracted tagkey -> location: office, kind: 보드, data: humidity
Value into InfluxDB: 47.5
2025-04-21 11:26:19 [MQTT Call: JavaClientExample] INFO  com.example.mqtt.MessageData - Data sent to InfluxDBService: data/s/nhnacademy/b/gyeongnam_campus/p/office/d/24e124126d152919/n/보드/e/humidity -> 47.5
2025-04-21 11:26:19 [MQTT Call: JavaClientExample] INFO  com.example.mqtt.MessageData - Topic: data/s/nhnacademy/b/gyeongnam_campus/p/office/d/24e124126d152919/n/보드/e/co2
Message Data:
time: 1745202378386
value: 710

2025-04-21 11:26:19 [MQTT Call: JavaClientExample] INFO  com.example.mqtt.InfluxDBService - Extracted tagkey -> location: office, kind: 보드, data: co2
Value into InfluxDB: 710.0
2025-04-21 11:26:19 [MQTT Call: JavaClientExample] INFO  com.example.mqtt.MessageData - Data sent to InfluxDBService: data/s/nhnacademy/b/gyeongnam_campus/p/office/d/24e124126d152919/n/보드/e/co2 -> 710.0
2025-04-21 11:26:19 [MQTT Call: JavaClientExample] INFO  com.example.mqtt.MessageData - Topic: data/s/nhnacademy/b/gyeongnam_campus/p/office/d/24e124126d152919/n/보드/g/24e124fffef5dccc/e/lora
Message Data:
time: 1745202378386
value: 

2025-04-21 11:26:19 [MQTT Call: JavaClientExample] INFO  com.example.mqtt.InfluxDBService - Extracted tagkey -> location: office, kind: 보드, data: lora
Value into InfluxDB: 0.0
2025-04-21 11:26:19 [MQTT Call: JavaClientExample] INFO  com.example.mqtt.MessageData - Data sent to InfluxDBService: data/s/nhnacademy/b/gyeongnam_campus/p/office/d/24e124126d152919/n/보드/g/24e124fffef5dccc/e/lora -> 0.0
2025-04-21 11:26:19 [MQTT Call: JavaClientExample] INFO  com.example.mqtt.MessageData - Topic: data/s/nhnacademy/b/gyeongnam_campus/p/office/d/24e124126d152919/n/보드/g/24e124fffef79304/e/lora
Message Data:
time: 1745202378386
value: 

2025-04-21 11:26:19 [MQTT Call: JavaClientExample] INFO  com.example.mqtt.InfluxDBService - Extracted tagkey -> location: office, kind: 보드, data: lora
Value into InfluxDB: 0.0
2025-04-21 11:26:19 [MQTT Call: JavaClientExample] INFO  com.example.mqtt.MessageData - Data sent to InfluxDBService: data/s/nhnacademy/b/gyeongnam_campus/p/office/d/24e124126d152919/n/보드/g/24e124fffef79304/e/lora -> 0.0
2025-04-21 11:26:19 [MQTT Call: JavaClientExample] INFO  com.example.mqtt.MessageData - Topic: data/s/nhnacademy/b/gyeongnam_campus/p/hive/d/24e124785c389010/n/정수기 위/e/humidity
Message Data:
time: 1745202378883
value: 41

2025-04-21 11:26:19 [MQTT Call: JavaClientExample] INFO  com.example.mqtt.InfluxDBService - Extracted tagkey -> location: hive, kind: 정수기 위, data: humidity
Value into InfluxDB: 41.0
2025-04-21 11:26:19 [MQTT Call: JavaClientExample] INFO  com.example.mqtt.MessageData - Data sent to InfluxDBService: data/s/nhnacademy/b/gyeongnam_campus/p/hive/d/24e124785c389010/n/정수기 위/e/humidity -> 41.0
2025-04-21 11:26:19 [MQTT Call: JavaClientExample] INFO  com.example.mqtt.MessageData - Topic: data/s/nhnacademy/b/gyeongnam_campus/p/hive/d/24e124785c389010/n/정수기 위/e/battery
Message Data:
time: 1745202378883
value: 86

2025-04-21 11:26:19 [MQTT Call: JavaClientExample] INFO  com.example.mqtt.InfluxDBService - Extracted tagkey -> location: hive, kind: 정수기 위, data: battery
Value into InfluxDB: 86.0
2025-04-21 11:26:19 [MQTT Call: JavaClientExample] INFO  com.example.mqtt.MessageData - Data sent to InfluxDBService: data/s/nhnacademy/b/gyeongnam_campus/p/hive/d/24e124785c389010/n/정수기 위/e/battery -> 86.0
2025-04-21 11:26:19 [MQTT Call: JavaClientExample] INFO  com.example.mqtt.MessageData - Topic: data/s/nhnacademy/b/gyeongnam_campus/p/hive/d/24e124785c389010/n/정수기 위/e/temperature
Message Data:
time: 1745202378883
value: 25.3

2025-04-21 11:26:19 [MQTT Call: JavaClientExample] INFO  com.example.mqtt.InfluxDBService - Extracted tagkey -> location: hive, kind: 정수기 위, data: temperature
Value into InfluxDB: 25.3
2025-04-21 11:26:19 [MQTT Call: JavaClientExample] INFO  com.example.mqtt.MessageData - Data sent to InfluxDBService: data/s/nhnacademy/b/gyeongnam_campus/p/hive/d/24e124785c389010/n/정수기 위/e/temperature -> 25.3
2025-04-21 11:26:19 [MQTT Call: JavaClientExample] INFO  com.example.mqtt.MessageData - Topic: data/s/nhnacademy/b/gyeongnam_campus/p/hive/d/24e124785c389010/n/정수기 위/g/24e124fffef79304/e/lora
Message Data:
time: 1745202378883
value: 

2025-04-21 11:26:19 [MQTT Call: JavaClientExample] INFO  com.example.mqtt.InfluxDBService - Extracted tagkey -> location: hive, kind: 정수기 위, data: lora
Value into InfluxDB: 0.0
2025-04-21 11:26:19 [MQTT Call: JavaClientExample] INFO  com.example.mqtt.MessageData - Data sent to InfluxDBService: data/s/nhnacademy/b/gyeongnam_campus/p/hive/d/24e124785c389010/n/정수기 위/g/24e124fffef79304/e/lora -> 0.0
2025-04-21 11:26:19 [MQTT Call: JavaClientExample] INFO  com.example.mqtt.MessageData - Topic: data/s/nhnacademy/b/gyeongnam_campus/p/hive/d/24e124785c389010/n/정수기 위/g/24e124fffef5dccc/e/lora
Message Data:
time: 1745202378883
value: 

2025-04-21 11:26:19 [MQTT Call: JavaClientExample] INFO  com.example.mqtt.InfluxDBService - Extracted tagkey -> location: hive, kind: 정수기 위, data: lora
Value into InfluxDB: 0.0
2025-04-21 11:26:19 [MQTT Call: JavaClientExample] INFO  com.example.mqtt.MessageData - Data sent to InfluxDBService: data/s/nhnacademy/b/gyeongnam_campus/p/hive/d/24e124785c389010/n/정수기 위/g/24e124fffef5dccc/e/lora -> 0.0
2025-04-21 11:26:26 [MQTT Call: JavaClientExample] INFO  com.example.mqtt.MessageData - Topic: data/s/nhnacademy/b/gyeongnam_campus/p/server_room/d/24e124136d151368/n/입구/e/humidity
Message Data:
time: 1745202386378
value: 46

2025-04-21 11:26:26 [MQTT Call: JavaClientExample] INFO  com.example.mqtt.InfluxDBService - Extracted tagkey -> location: server_room, kind: 입구, data: humidity
Value into InfluxDB: 46.0
2025-04-21 11:26:26 [MQTT Call: JavaClientExample] INFO  com.example.mqtt.MessageData - Data sent to InfluxDBService: data/s/nhnacademy/b/gyeongnam_campus/p/server_room/d/24e124136d151368/n/입구/e/humidity -> 46.0
2025-04-21 11:26:26 [MQTT Call: JavaClientExample] INFO  com.example.mqtt.MessageData - Topic: data/s/nhnacademy/b/gyeongnam_campus/p/server_room/d/24e124136d151368/n/입구/e/temperature
Message Data:
time: 1745202386378
value: 24.1

2025-04-21 11:26:26 [MQTT Call: JavaClientExample] INFO  com.example.mqtt.InfluxDBService - Extracted tagkey -> location: server_room, kind: 입구, data: temperature
Value into InfluxDB: 24.1
2025-04-21 11:26:26 [MQTT Call: JavaClientExample] INFO  com.example.mqtt.MessageData - Data sent to InfluxDBService: data/s/nhnacademy/b/gyeongnam_campus/p/server_room/d/24e124136d151368/n/입구/e/temperature -> 24.1
2025-04-21 11:26:26 [MQTT Call: JavaClientExample] INFO  com.example.mqtt.MessageData - Topic: data/s/nhnacademy/b/gyeongnam_campus/p/server_room/d/24e124136d151368/n/입구/g/24e124fffef5dccc/e/lora
Message Data:
time: 1745202386378
value: 

2025-04-21 11:26:26 [MQTT Call: JavaClientExample] INFO  com.example.mqtt.InfluxDBService - Extracted tagkey -> location: server_room, kind: 입구, data: lora
Value into InfluxDB: 0.0
2025-04-21 11:26:26 [MQTT Call: JavaClientExample] INFO  com.example.mqtt.MessageData - Data sent to InfluxDBService: data/s/nhnacademy/b/gyeongnam_campus/p/server_room/d/24e124136d151368/n/입구/g/24e124fffef5dccc/e/lora -> 0.0
2025-04-21 11:26:26 [MQTT Call: JavaClientExample] INFO  com.example.mqtt.MessageData - Topic: data/s/nhnacademy/b/gyeongnam_campus/p/server_room/d/24e124136d151368/n/입구/g/24e124fffef79304/e/lora
Message Data:
time: 1745202386378
value: 

2025-04-21 11:26:26 [MQTT Call: JavaClientExample] INFO  com.example.mqtt.InfluxDBService - Extracted tagkey -> location: server_room, kind: 입구, data: lora
Value into InfluxDB: 0.0
2025-04-21 11:26:26 [MQTT Call: JavaClientExample] INFO  com.example.mqtt.MessageData - Data sent to InfluxDBService: data/s/nhnacademy/b/gyeongnam_campus/p/server_room/d/24e124136d151368/n/입구/g/24e124fffef79304/e/lora -> 0.0
2025-04-21 11:26:47 [MQTT Call: JavaClientExample] INFO  com.example.mqtt.MessageData - Topic: data/s/nhnacademy/b/gyeongnam_campus/p/storage/d/24e124136d151547/n/입구/e/battery
Message Data:
time: 1745202406413
value: 1

2025-04-21 11:26:47 [MQTT Call: JavaClientExample] INFO  com.example.mqtt.InfluxDBService - Extracted tagkey -> location: storage, kind: 입구, data: battery
Value into InfluxDB: 1.0
2025-04-21 11:26:47 [MQTT Call: JavaClientExample] INFO  com.example.mqtt.MessageData - Data sent to InfluxDBService: data/s/nhnacademy/b/gyeongnam_campus/p/storage/d/24e124136d151547/n/입구/e/battery -> 1.0
2025-04-21 11:26:47 [MQTT Call: JavaClientExample] INFO  com.example.mqtt.MessageData - Topic: data/s/nhnacademy/b/gyeongnam_campus/p/storage/d/24e124136d151547/n/입구/e/temperature
Message Data:
time: 1745202406413
value: -0.1

2025-04-21 11:26:47 [MQTT Call: JavaClientExample] INFO  com.example.mqtt.InfluxDBService - Extracted tagkey -> location: storage, kind: 입구, data: temperature
Value into InfluxDB: -0.1
2025-04-21 11:26:47 [MQTT Call: JavaClientExample] INFO  com.example.mqtt.MessageData - Data sent to InfluxDBService: data/s/nhnacademy/b/gyeongnam_campus/p/storage/d/24e124136d151547/n/입구/e/temperature -> -0.1
2025-04-21 11:26:47 [MQTT Call: JavaClientExample] INFO  com.example.mqtt.MessageData - Topic: data/s/nhnacademy/b/gyeongnam_campus/p/storage/d/24e124136d151547/n/입구/e/humidity
Message Data:
time: 1745202406413
value: 127.5

2025-04-21 11:26:47 [MQTT Call: JavaClientExample] INFO  com.example.mqtt.InfluxDBService - Extracted tagkey -> location: storage, kind: 입구, data: humidity
Value into InfluxDB: 127.5
2025-04-21 11:26:47 [MQTT Call: JavaClientExample] INFO  com.example.mqtt.MessageData - Data sent to InfluxDBService: data/s/nhnacademy/b/gyeongnam_campus/p/storage/d/24e124136d151547/n/입구/e/humidity -> 127.5
2025-04-21 11:26:47 [MQTT Call: JavaClientExample] INFO  com.example.mqtt.MessageData - Topic: data/s/nhnacademy/b/gyeongnam_campus/p/storage/d/24e124136d151547/n/입구/g/24e124fffef5dccc/e/lora
Message Data:
time: 1745202406413
value: 

2025-04-21 11:26:47 [MQTT Call: JavaClientExample] INFO  com.example.mqtt.InfluxDBService - Extracted tagkey -> location: storage, kind: 입구, data: lora
Value into InfluxDB: 0.0
2025-04-21 11:26:47 [MQTT Call: JavaClientExample] INFO  com.example.mqtt.MessageData - Data sent to InfluxDBService: data/s/nhnacademy/b/gyeongnam_campus/p/storage/d/24e124136d151547/n/입구/g/24e124fffef5dccc/e/lora -> 0.0
2025-04-21 11:26:47 [MQTT Call: JavaClientExample] INFO  com.example.mqtt.MessageData - Topic: data/s/nhnacademy/b/gyeongnam_campus/p/storage/d/24e124136d151547/n/입구/g/24e124fffef79304/e/lora
Message Data:
time: 1745202406413
value: 

2025-04-21 11:26:47 [MQTT Call: JavaClientExample] INFO  com.example.mqtt.InfluxDBService - Extracted tagkey -> location: storage, kind: 입구, data: lora
Value into InfluxDB: 0.0
2025-04-21 11:26:47 [MQTT Call: JavaClientExample] INFO  com.example.mqtt.MessageData - Data sent to InfluxDBService: data/s/nhnacademy/b/gyeongnam_campus/p/storage/d/24e124136d151547/n/입구/g/24e124fffef79304/e/lora -> 0.0
2025-04-21 11:26:47 [MQTT Call: JavaClientExample] INFO  com.example.mqtt.MessageData - Topic: data/s/nhnacademy/b/gyeongnam_campus/p/campus/d/gem3500_1/n/캠퍼스_LL/e/voltage
Message Data:
time: 1745202406839
value: 378.37

2025-04-21 11:26:47 [MQTT Call: JavaClientExample] INFO  com.example.mqtt.InfluxDBService - Extracted tagkey -> location: campus, kind: 캠퍼스_LL, data: voltage
Value into InfluxDB: 378.37
2025-04-21 11:26:47 [MQTT Call: JavaClientExample] INFO  com.example.mqtt.MessageData - Data sent to InfluxDBService: data/s/nhnacademy/b/gyeongnam_campus/p/campus/d/gem3500_1/n/캠퍼스_LL/e/voltage -> 378.37
2025-04-21 11:26:47 [MQTT Call: JavaClientExample] INFO  com.example.mqtt.MessageData - Topic: data/s/nhnacademy/b/gyeongnam_campus/p/campus/d/gem3500_1/n/캠퍼스_LN/e/voltage
Message Data:
time: 1745202406839
value: 218.45

2025-04-21 11:26:47 [MQTT Call: JavaClientExample] INFO  com.example.mqtt.InfluxDBService - Extracted tagkey -> location: campus, kind: 캠퍼스_LN, data: voltage
Value into InfluxDB: 218.45
2025-04-21 11:26:47 [MQTT Call: JavaClientExample] INFO  com.example.mqtt.MessageData - Data sent to InfluxDBService: data/s/nhnacademy/b/gyeongnam_campus/p/campus/d/gem3500_1/n/캠퍼스_LN/e/voltage -> 218.45
2025-04-21 11:26:47 [MQTT Call: JavaClientExample] INFO  com.example.mqtt.MessageData - Topic: data/s/nhnacademy/b/gyeongnam_campus/p/campus/d/gem3500_1/n/캠퍼스1/e/power_meter
Message Data:
time: 1745202406939
type: 5
leakageCurrent: 0
current: 2715
activePower: 4930
reactivePower: -1855
tapparentPower: 5885
powerFactor: 83.76
currentUnbalance: 55.1
lines: 

2025-04-21 11:26:47 [MQTT Call: JavaClientExample] WARN  com.example.mqtt.MessageData - No 'value' field found in message, skipping InfluxDB write.
2025-04-21 11:26:47 [MQTT Call: JavaClientExample] INFO  com.example.mqtt.MessageData - Topic: data/s/nhnacademy/b/gyeongnam_campus/p/campus/d/gem3500_1/n/전등1/e/power_meter
Message Data:
time: 1745202407042
type: 3
leakageCurrent: 0
current: 704
activePower: 1305
reactivePower: -328
tapparentPower: 1536
powerFactor: 84.99
currentUnbalance: 0
lines: 

2025-04-21 11:26:47 [MQTT Call: JavaClientExample] WARN  com.example.mqtt.MessageData - No 'value' field found in message, skipping InfluxDB write.
2025-04-21 11:26:47 [MQTT Call: JavaClientExample] INFO  com.example.mqtt.MessageData - Topic: data/s/nhnacademy/b/gyeongnam_campus/p/campus/d/gem3500_1/n/전등2/e/power_meter
Message Data:
time: 1745202407142
type: 1
leakageCurrent: 0
current: 571
activePower: 1137
reactivePower: -285
tapparentPower: 1252
powerFactor: 90.8
currentUnbalance: 0
lines: 

2025-04-21 11:26:47 [MQTT Call: JavaClientExample] WARN  com.example.mqtt.MessageData - No 'value' field found in message, skipping InfluxDB write.
2025-04-21 11:26:47 [MQTT Call: JavaClientExample] INFO  com.example.mqtt.MessageData - Topic: data/s/nhnacademy/b/gyeongnam_campus/p/campus/d/gem3500_1/n/전등3/e/power_meter
Message Data:
time: 1745202407244
type: 2
leakageCurrent: 0
current: 0
activePower: 0
reactivePower: 0
tapparentPower: 0
powerFactor: 0
currentUnbalance: 0
lines: 

2025-04-21 11:26:47 [MQTT Call: JavaClientExample] WARN  com.example.mqtt.MessageData - No 'value' field found in message, skipping InfluxDB write.
2025-04-21 11:26:47 [MQTT Call: JavaClientExample] INFO  com.example.mqtt.MessageData - Topic: data/s/nhnacademy/b/gyeongnam_campus/p/campus/d/gem3500_1/n/강의실b_바닥/e/power_meter
Message Data:
time: 1745202407346
type: 3
leakageCurrent: 0
current: 222
activePower: 357
reactivePower: -239
tapparentPower: 477
powerFactor: 74.87
currentUnbalance: 0
lines: 

2025-04-21 11:26:47 [MQTT Call: JavaClientExample] WARN  com.example.mqtt.MessageData - No 'value' field found in message, skipping InfluxDB write.
2025-04-21 11:26:47 [MQTT Call: JavaClientExample] INFO  com.example.mqtt.MessageData - Topic: data/s/nhnacademy/b/gyeongnam_campus/p/campus/d/gem3500_1/n/강의실a_바닥1/e/power_meter
Message Data:
time: 1745202407447
type: 1
leakageCurrent: 0
current: 332
activePower: 554
reactivePower: -369
tapparentPower: 719
powerFactor: 76.99
currentUnbalance: 0
lines: 

2025-04-21 11:26:47 [MQTT Call: JavaClientExample] WARN  com.example.mqtt.MessageData - No 'value' field found in message, skipping InfluxDB write.
2025-04-21 11:26:47 [MQTT Call: JavaClientExample] INFO  com.example.mqtt.MessageData - Topic: data/s/nhnacademy/b/gyeongnam_campus/p/campus/d/gem3500_1/n/강의실a_바닥2/e/power_meter
Message Data:
time: 1745202407552
type: 2
leakageCurrent: 0
current: 176
activePower: 307
reactivePower: -180
tapparentPower: 381
powerFactor: 80.5
currentUnbalance: 0
lines: 

2025-04-21 11:26:47 [MQTT Call: JavaClientExample] WARN  com.example.mqtt.MessageData - No 'value' field found in message, skipping InfluxDB write.
2025-04-21 11:26:47 [MQTT Call: JavaClientExample] INFO  com.example.mqtt.MessageData - Topic: data/s/nhnacademy/b/gyeongnam_campus/p/campus/d/gem3500_1/n/프로젝터1/e/power_meter
Message Data:
time: 1745202407649
type: 3
leakageCurrent: 0
current: 102
activePower: 132
reactivePower: -151
tapparentPower: 220
powerFactor: 59.78
currentUnbalance: 0
lines: 

2025-04-21 11:26:47 [MQTT Call: JavaClientExample] WARN  com.example.mqtt.MessageData - No 'value' field found in message, skipping InfluxDB write.
2025-04-21 11:26:47 [MQTT Call: JavaClientExample] INFO  com.example.mqtt.MessageData - Topic: data/s/nhnacademy/b/gyeongnam_campus/p/campus/d/gem3500_1/n/프로젝터2/e/power_meter
Message Data:
time: 1745202407752
type: 1
leakageCurrent: 0
current: 39
activePower: 43
reactivePower: -69
tapparentPower: 86
powerFactor: 50
currentUnbalance: 0
lines: 

2025-04-21 11:26:47 [MQTT Call: JavaClientExample] WARN  com.example.mqtt.MessageData - No 'value' field found in message, skipping InfluxDB write.
2025-04-21 11:26:48 [MQTT Call: JavaClientExample] INFO  com.example.mqtt.MessageData - Topic: data/s/nhnacademy/b/gyeongnam_campus/p/campus/d/gem3500_1/n/회의실/e/power_meter
Message Data:
time: 1745202407851
type: 2
leakageCurrent: 0
current: 14
activePower: 4
reactivePower: -28
tapparentPower: 31
powerFactor: 15.38
currentUnbalance: 0
lines: 

2025-04-21 11:26:48 [MQTT Call: JavaClientExample] WARN  com.example.mqtt.MessageData - No 'value' field found in message, skipping InfluxDB write.
2025-04-21 11:26:48 [MQTT Call: JavaClientExample] INFO  com.example.mqtt.MessageData - Topic: data/s/nhnacademy/b/gyeongnam_campus/p/campus/d/gem3500_1/n/서버실/e/power_meter
Message Data:
time: 1745202407953
type: 3
leakageCurrent: 0
current: 200
activePower: 400
reactivePower: -112
tapparentPower: 451
powerFactor: 88.82
currentUnbalance: 0
lines: 

2025-04-21 11:26:48 [MQTT Call: JavaClientExample] WARN  com.example.mqtt.MessageData - No 'value' field found in message, skipping InfluxDB write.
2025-04-21 11:26:48 [MQTT Call: JavaClientExample] INFO  com.example.mqtt.MessageData - Topic: data/s/nhnacademy/b/gyeongnam_campus/p/campus/d/gem3500_1/n/간판/e/power_meter
Message Data:
time: 1745202408054
type: 1
leakageCurrent: 0
current: 0
activePower: 0
reactivePower: 0
tapparentPower: 0
powerFactor: 0
currentUnbalance: 0
lines: 

2025-04-21 11:26:48 [MQTT Call: JavaClientExample] WARN  com.example.mqtt.MessageData - No 'value' field found in message, skipping InfluxDB write.
2025-04-21 11:26:48 [MQTT Call: JavaClientExample] INFO  com.example.mqtt.MessageData - Topic: data/s/nhnacademy/b/gyeongnam_campus/p/campus/d/gem3500_1/n/페어룸/e/power_meter
Message Data:
time: 1745202408156
type: 2
leakageCurrent: 0
current: 0
activePower: 0
reactivePower: 0
tapparentPower: 0
powerFactor: 0
currentUnbalance: 0
lines: 

2025-04-21 11:26:48 [MQTT Call: JavaClientExample] WARN  com.example.mqtt.MessageData - No 'value' field found in message, skipping InfluxDB write.
2025-04-21 11:26:48 [MQTT Call: JavaClientExample] INFO  com.example.mqtt.MessageData - Topic: data/s/nhnacademy/b/gyeongnam_campus/p/campus/d/gem3500_1/n/사무실_전열1/e/power_meter
Message Data:
time: 1745202408260
type: 3
leakageCurrent: 0
current: 82
activePower: 100
reactivePower: -55
tapparentPower: 180
powerFactor: 56
currentUnbalance: 0
lines: 

2025-04-21 11:26:48 [MQTT Call: JavaClientExample] WARN  com.example.mqtt.MessageData - No 'value' field found in message, skipping InfluxDB write.
2025-04-21 11:26:48 [MQTT Call: JavaClientExample] INFO  com.example.mqtt.MessageData - Topic: data/s/nhnacademy/b/gyeongnam_campus/p/campus/d/gem3500_1/n/사무실_전열2/e/power_meter
Message Data:
time: 1745202408357
type: 3
leakageCurrent: 0
current: 90
activePower: 93
reactivePower: -60
tapparentPower: 201
powerFactor: 46.42
currentUnbalance: 0
lines: 

2025-04-21 11:26:48 [MQTT Call: JavaClientExample] WARN  com.example.mqtt.MessageData - No 'value' field found in message, skipping InfluxDB write.
2025-04-21 11:26:48 [MQTT Call: JavaClientExample] INFO  com.example.mqtt.MessageData - Topic: data/s/nhnacademy/b/gyeongnam_campus/p/campus/d/gem3500_1/n/사무실_복사기/e/power_meter
Message Data:
time: 1745202408459
type: 1
leakageCurrent: 0
current: 89
activePower: 124
reactivePower: 148
tapparentPower: 196
powerFactor: 63.41
currentUnbalance: 0
lines: 

2025-04-21 11:26:48 [MQTT Call: JavaClientExample] WARN  com.example.mqtt.MessageData - No 'value' field found in message, skipping InfluxDB write.
2025-04-21 11:26:48 [MQTT Call: JavaClientExample] INFO  com.example.mqtt.MessageData - Topic: data/s/nhnacademy/b/gyeongnam_campus/p/campus/d/gem3500_1/n/빌트인_전열/e/power_meter
Message Data:
time: 1745202408560
type: 2
leakageCurrent: 0
current: 5
activePower: 4
reactivePower: -4
tapparentPower: 12
powerFactor: 39.99
currentUnbalance: 0
lines: 

2025-04-21 11:26:48 [MQTT Call: JavaClientExample] WARN  com.example.mqtt.MessageData - No 'value' field found in message, skipping InfluxDB write.
2025-04-21 11:26:48 [MQTT Call: JavaClientExample] INFO  com.example.mqtt.MessageData - Topic: data/s/nhnacademy/b/gyeongnam_campus/p/campus/d/gem3500_1/n/사무실_전열3/e/power_meter
Message Data:
time: 1745202408660
type: 3
leakageCurrent: 0
current: 0
activePower: 0
reactivePower: 0
tapparentPower: 0
powerFactor: 0
currentUnbalance: 0
lines: 

2025-04-21 11:26:48 [MQTT Call: JavaClientExample] WARN  com.example.mqtt.MessageData - No 'value' field found in message, skipping InfluxDB write.
2025-04-21 11:26:48 [MQTT Call: JavaClientExample] INFO  com.example.mqtt.MessageData - Topic: data/s/nhnacademy/b/gyeongnam_campus/p/campus/d/gem3500_1/n/정수기/e/power_meter
Message Data:
time: 1745202408761
type: 1
leakageCurrent: 0
current: 7
activePower: 2
reactivePower: -16
tapparentPower: 16
powerFactor: 14.28
currentUnbalance: 0
lines: 

2025-04-21 11:26:48 [MQTT Call: JavaClientExample] WARN  com.example.mqtt.MessageData - No 'value' field found in message, skipping InfluxDB write.
2025-04-21 11:26:49 [MQTT Call: JavaClientExample] INFO  com.example.mqtt.MessageData - Topic: data/s/nhnacademy/b/gyeongnam_campus/p/campus/d/gem3500_1/n/하이브_전열/e/power_meter
Message Data:
time: 1745202408863
type: 2
leakageCurrent: 0
current: 64
activePower: 122
reactivePower: -45
tapparentPower: 141
powerFactor: 86.44
currentUnbalance: 0
lines: 

2025-04-21 11:26:49 [MQTT Call: JavaClientExample] WARN  com.example.mqtt.MessageData - No 'value' field found in message, skipping InfluxDB write.
2025-04-21 11:26:49 [MQTT Call: JavaClientExample] INFO  com.example.mqtt.MessageData - Topic: data/s/nhnacademy/b/gyeongnam_campus/p/campus/d/gem3500_1/n/바텐_전열/e/power_meter
Message Data:
time: 1745202408962
type: 3
leakageCurrent: 0
current: 0
activePower: 0
reactivePower: 0
tapparentPower: 0
powerFactor: 0
currentUnbalance: 0
lines: 

2025-04-21 11:26:49 [MQTT Call: JavaClientExample] WARN  com.example.mqtt.MessageData - No 'value' field found in message, skipping InfluxDB write.
2025-04-21 11:26:49 [MQTT Call: JavaClientExample] INFO  com.example.mqtt.MessageData - Topic: data/s/nhnacademy/b/gyeongnam_campus/p/campus/d/gem3500_1/n/S_P/e/power_meter
Message Data:
time: 1745202409064
type: 1
leakageCurrent: 0
current: 0
activePower: 0
reactivePower: 0
tapparentPower: 0
powerFactor: 0
currentUnbalance: 0
lines: 

2025-04-21 11:26:49 [MQTT Call: JavaClientExample] WARN  com.example.mqtt.MessageData - No 'value' field found in message, skipping InfluxDB write.
2025-04-21 11:26:49 [MQTT Call: JavaClientExample] INFO  com.example.mqtt.MessageData - Topic: data/s/nhnacademy/b/gyeongnam_campus/p/campus/d/gem3500_1/n/공조기/e/power_meter
Message Data:
time: 1745202409165
type: 2
leakageCurrent: 0
current: 198
activePower: 223
reactivePower: -24
tapparentPower: 432
powerFactor: 51.66
currentUnbalance: 0
lines: 

2025-04-21 11:26:49 [MQTT Call: JavaClientExample] WARN  com.example.mqtt.MessageData - No 'value' field found in message, skipping InfluxDB write.
2025-04-21 11:26:49 [MQTT Call: JavaClientExample] INFO  com.example.mqtt.MessageData - Topic: data/s/nhnacademy/b/gyeongnam_campus/p/campus/d/gem3500_1/n/AC/e/power_meter
Message Data:
time: 1745202409270
type: 3
leakageCurrent: 0
current: 16
activePower: 12
reactivePower: -24
tapparentPower: 36
powerFactor: 33.33
currentUnbalance: 0
lines: 

2025-04-21 11:26:49 [MQTT Call: JavaClientExample] WARN  com.example.mqtt.MessageData - No 'value' field found in message, skipping InfluxDB write.
2025-04-21 11:26:51 [MQTT Call: JavaClientExample] INFO  com.example.mqtt.MessageData - Topic: data/s/nhnacademy/b/gyeongnam_campus/p/pair_room/d/24e124136d151485/n/안쪽 분리벽/e/temperature
Message Data:
time: 1745202410619
value: 23.4

2025-04-21 11:26:51 [MQTT Call: JavaClientExample] INFO  com.example.mqtt.InfluxDBService - Extracted tagkey -> location: pair_room, kind: 안쪽 분리벽, data: temperature
Value into InfluxDB: 23.4
2025-04-21 11:26:51 [MQTT Call: JavaClientExample] INFO  com.example.mqtt.MessageData - Data sent to InfluxDBService: data/s/nhnacademy/b/gyeongnam_campus/p/pair_room/d/24e124136d151485/n/안쪽 분리벽/e/temperature -> 23.4
2025-04-21 11:26:51 [MQTT Call: JavaClientExample] INFO  com.example.mqtt.MessageData - Topic: data/s/nhnacademy/b/gyeongnam_campus/p/pair_room/d/24e124136d151485/n/안쪽 분리벽/e/humidity
Message Data:
time: 1745202410619
value: 43.5

2025-04-21 11:26:51 [MQTT Call: JavaClientExample] INFO  com.example.mqtt.InfluxDBService - Extracted tagkey -> location: pair_room, kind: 안쪽 분리벽, data: humidity
Value into InfluxDB: 43.5
2025-04-21 11:26:51 [MQTT Call: JavaClientExample] INFO  com.example.mqtt.MessageData - Data sent to InfluxDBService: data/s/nhnacademy/b/gyeongnam_campus/p/pair_room/d/24e124136d151485/n/안쪽 분리벽/e/humidity -> 43.5
2025-04-21 11:26:51 [MQTT Call: JavaClientExample] INFO  com.example.mqtt.MessageData - Topic: data/s/nhnacademy/b/gyeongnam_campus/p/pair_room/d/24e124136d151485/n/안쪽 분리벽/g/24e124fffef79304/e/lora
Message Data:
time: 1745202410619
value: 

2025-04-21 11:26:51 [MQTT Call: JavaClientExample] INFO  com.example.mqtt.InfluxDBService - Extracted tagkey -> location: pair_room, kind: 안쪽 분리벽, data: lora
Value into InfluxDB: 0.0
2025-04-21 11:26:51 [MQTT Call: JavaClientExample] INFO  com.example.mqtt.MessageData - Data sent to InfluxDBService: data/s/nhnacademy/b/gyeongnam_campus/p/pair_room/d/24e124136d151485/n/안쪽 분리벽/g/24e124fffef79304/e/lora -> 0.0
2025-04-21 11:26:51 [MQTT Call: JavaClientExample] INFO  com.example.mqtt.MessageData - Topic: data/s/nhnacademy/b/gyeongnam_campus/p/pair_room/d/24e124136d151485/n/안쪽 분리벽/g/24e124fffef5dccc/e/lora
Message Data:
time: 1745202410619
value: 

2025-04-21 11:26:51 [MQTT Call: JavaClientExample] INFO  com.example.mqtt.InfluxDBService - Extracted tagkey -> location: pair_room, kind: 안쪽 분리벽, data: lora
Value into InfluxDB: 0.0
2025-04-21 11:26:51 [MQTT Call: JavaClientExample] INFO  com.example.mqtt.MessageData - Data sent to InfluxDBService: data/s/nhnacademy/b/gyeongnam_campus/p/pair_room/d/24e124136d151485/n/안쪽 분리벽/g/24e124fffef5dccc/e/lora -> 0.0
2025-04-21 11:26:54 [MQTT Call: JavaClientExample] INFO  com.example.mqtt.MessageData - Topic: data/s/nhnacademy/b/gyeongnam_campus/p/pair_room/d/24e124617d159573/n/2/e/distance
Message Data:
time: 1745202414560
value: 2237

2025-04-21 11:26:54 [MQTT Call: JavaClientExample] INFO  com.example.mqtt.InfluxDBService - Extracted tagkey -> location: pair_room, kind: 2, data: distance
Value into InfluxDB: 2237.0
2025-04-21 11:26:54 [MQTT Call: JavaClientExample] INFO  com.example.mqtt.MessageData - Data sent to InfluxDBService: data/s/nhnacademy/b/gyeongnam_campus/p/pair_room/d/24e124617d159573/n/2/e/distance -> 2237.0
2025-04-21 11:26:54 [MQTT Call: JavaClientExample] INFO  com.example.mqtt.MessageData - Topic: data/s/nhnacademy/b/gyeongnam_campus/p/pair_room/d/24e124617d159573/n/2/e/occupancy
Message Data:
time: 1745202414560
value: 0

2025-04-21 11:26:54 [MQTT Call: JavaClientExample] INFO  com.example.mqtt.InfluxDBService - Extracted tagkey -> location: pair_room, kind: 2, data: occupancy
Value into InfluxDB: 0.0
2025-04-21 11:26:54 [MQTT Call: JavaClientExample] INFO  com.example.mqtt.MessageData - Data sent to InfluxDBService: data/s/nhnacademy/b/gyeongnam_campus/p/pair_room/d/24e124617d159573/n/2/e/occupancy -> 0.0
2025-04-21 11:26:54 [MQTT Call: JavaClientExample] INFO  com.example.mqtt.MessageData - Topic: data/s/nhnacademy/b/gyeongnam_campus/p/pair_room/d/24e124617d159573/n/2/e/battery
Message Data:
time: 1745202414560
value: 33

2025-04-21 11:26:54 [MQTT Call: JavaClientExample] INFO  com.example.mqtt.InfluxDBService - Extracted tagkey -> location: pair_room, kind: 2, data: battery
Value into InfluxDB: 33.0
2025-04-21 11:26:54 [MQTT Call: JavaClientExample] INFO  com.example.mqtt.MessageData - Data sent to InfluxDBService: data/s/nhnacademy/b/gyeongnam_campus/p/pair_room/d/24e124617d159573/n/2/e/battery -> 33.0
2025-04-21 11:26:54 [MQTT Call: JavaClientExample] INFO  com.example.mqtt.MessageData - Topic: data/s/nhnacademy/b/gyeongnam_campus/p/pair_room/d/24e124617d159573/n/2/g/24e124fffef79304/e/lora
Message Data:
time: 1745202414560
value: 

2025-04-21 11:26:54 [MQTT Call: JavaClientExample] INFO  com.example.mqtt.InfluxDBService - Extracted tagkey -> location: pair_room, kind: 2, data: lora
Value into InfluxDB: 0.0
2025-04-21 11:26:54 [MQTT Call: JavaClientExample] INFO  com.example.mqtt.MessageData - Data sent to InfluxDBService: data/s/nhnacademy/b/gyeongnam_campus/p/pair_room/d/24e124617d159573/n/2/g/24e124fffef79304/e/lora -> 0.0
2025-04-21 11:26:56 [MQTT Call: JavaClientExample] INFO  com.example.mqtt.MessageData - Topic: data/s/nhnacademy/b/gyeongnam_campus/p/hive/d/24e124126d111937/sp/farm/n/스마트팜/e/illumination
Message Data:
time: 1745202415776
value: 320

2025-04-21 11:26:56 [MQTT Call: JavaClientExample] INFO  com.example.mqtt.InfluxDBService - Extracted tagkey -> location: hive, kind: 스마트팜, data: illumination
Value into InfluxDB: 320.0
2025-04-21 11:26:56 [MQTT Call: JavaClientExample] INFO  com.example.mqtt.MessageData - Data sent to InfluxDBService: data/s/nhnacademy/b/gyeongnam_campus/p/hive/d/24e124126d111937/sp/farm/n/스마트팜/e/illumination -> 320.0
2025-04-21 11:26:56 [MQTT Call: JavaClientExample] INFO  com.example.mqtt.MessageData - Topic: data/s/nhnacademy/b/gyeongnam_campus/p/hive/d/24e124126d111937/sp/farm/n/스마트팜/g/24e124fffef79304/e/lora
Message Data:
time: 1745202415776
value: 

2025-04-21 11:26:56 [MQTT Call: JavaClientExample] INFO  com.example.mqtt.InfluxDBService - Extracted tagkey -> location: hive, kind: 스마트팜, data: lora
Value into InfluxDB: 0.0
2025-04-21 11:26:56 [MQTT Call: JavaClientExample] INFO  com.example.mqtt.MessageData - Data sent to InfluxDBService: data/s/nhnacademy/b/gyeongnam_campus/p/hive/d/24e124126d111937/sp/farm/n/스마트팜/g/24e124fffef79304/e/lora -> 0.0
2025-04-21 11:26:56 [MQTT Call: JavaClientExample] INFO  com.example.mqtt.MessageData - Topic: data/s/nhnacademy/b/gyeongnam_campus/p/hive/d/24e124126d111937/sp/farm/n/스마트팜/g/24e124fffef5dccc/e/lora
Message Data:
time: 1745202415776
value: 

2025-04-21 11:26:56 [MQTT Call: JavaClientExample] INFO  com.example.mqtt.InfluxDBService - Extracted tagkey -> location: hive, kind: 스마트팜, data: lora
Value into InfluxDB: 0.0
2025-04-21 11:26:56 [MQTT Call: JavaClientExample] INFO  com.example.mqtt.MessageData - Data sent to InfluxDBService: data/s/nhnacademy/b/gyeongnam_campus/p/hive/d/24e124126d111937/sp/farm/n/스마트팜/g/24e124fffef5dccc/e/lora -> 0.0
2025-04-21 11:27:10 [MQTT Call: JavaClientExample] INFO  com.example.mqtt.MessageData - Topic: data/s/nhnacademy/b/gyeongnam_campus/p/hive/d/24e124126c452091/sp/farm/n/스마트팜/e/temperature
Message Data:
time: 1745202430082
value: 24.5

2025-04-21 11:27:10 [MQTT Call: JavaClientExample] INFO  com.example.mqtt.InfluxDBService - Extracted tagkey -> location: hive, kind: 스마트팜, data: temperature
Value into InfluxDB: 24.5
2025-04-21 11:27:10 [MQTT Call: JavaClientExample] INFO  com.example.mqtt.MessageData - Data sent to InfluxDBService: data/s/nhnacademy/b/gyeongnam_campus/p/hive/d/24e124126c452091/sp/farm/n/스마트팜/e/temperature -> 24.5
2025-04-21 11:27:10 [MQTT Call: JavaClientExample] INFO  com.example.mqtt.MessageData - Topic: data/s/nhnacademy/b/gyeongnam_campus/p/hive/d/24e124126c452091/sp/farm/n/스마트팜/g/24e124fffef79304/e/lora
Message Data:
time: 1745202430082
value: 

2025-04-21 11:27:10 [MQTT Call: JavaClientExample] INFO  com.example.mqtt.InfluxDBService - Extracted tagkey -> location: hive, kind: 스마트팜, data: lora
Value into InfluxDB: 0.0
2025-04-21 11:27:10 [MQTT Call: JavaClientExample] INFO  com.example.mqtt.MessageData - Data sent to InfluxDBService: data/s/nhnacademy/b/gyeongnam_campus/p/hive/d/24e124126c452091/sp/farm/n/스마트팜/g/24e124fffef79304/e/lora -> 0.0
2025-04-21 11:27:10 [MQTT Call: JavaClientExample] INFO  com.example.mqtt.MessageData - Topic: data/s/nhnacademy/b/gyeongnam_campus/p/hive/d/24e124126c452091/sp/farm/n/스마트팜/g/24e124fffef5dccc/e/lora
Message Data:
time: 1745202430082
value: 

2025-04-21 11:27:10 [MQTT Call: JavaClientExample] INFO  com.example.mqtt.InfluxDBService - Extracted tagkey -> location: hive, kind: 스마트팜, data: lora
Value into InfluxDB: 0.0
2025-04-21 11:27:10 [MQTT Call: JavaClientExample] INFO  com.example.mqtt.MessageData - Data sent to InfluxDBService: data/s/nhnacademy/b/gyeongnam_campus/p/hive/d/24e124126c452091/sp/farm/n/스마트팜/g/24e124fffef5dccc/e/lora -> 0.0
2025-04-21 11:27:17 [MQTT Call: JavaClientExample] INFO  com.example.mqtt.MessageData - Topic: data/s/nhnacademy/b/gyeongnam_campus/p/hive/d/24e124725d081175/sp/8인 책상/n/8인 책상/e/temperature
Message Data:
time: 1745202436766
value: 25.5

2025-04-21 11:27:17 [MQTT Call: JavaClientExample] INFO  com.example.mqtt.InfluxDBService - Extracted tagkey -> location: hive, kind: 8인 책상, data: temperature
Value into InfluxDB: 25.5
2025-04-21 11:27:17 [MQTT Call: JavaClientExample] INFO  com.example.mqtt.MessageData - Data sent to InfluxDBService: data/s/nhnacademy/b/gyeongnam_campus/p/hive/d/24e124725d081175/sp/8인 책상/n/8인 책상/e/temperature -> 25.5
2025-04-21 11:27:17 [MQTT Call: JavaClientExample] INFO  com.example.mqtt.MessageData - Topic: data/s/nhnacademy/b/gyeongnam_campus/p/hive/d/24e124725d081175/sp/8인 책상/n/8인 책상/e/battery
Message Data:
time: 1745202436766
value: 77

2025-04-21 11:27:17 [MQTT Call: JavaClientExample] INFO  com.example.mqtt.InfluxDBService - Extracted tagkey -> location: hive, kind: 8인 책상, data: battery
Value into InfluxDB: 77.0
2025-04-21 11:27:17 [MQTT Call: JavaClientExample] INFO  com.example.mqtt.MessageData - Data sent to InfluxDBService: data/s/nhnacademy/b/gyeongnam_campus/p/hive/d/24e124725d081175/sp/8인 책상/n/8인 책상/e/battery -> 77.0
2025-04-21 11:27:17 [MQTT Call: JavaClientExample] INFO  com.example.mqtt.MessageData - Topic: data/s/nhnacademy/b/gyeongnam_campus/p/hive/d/24e124725d081175/sp/8인 책상/n/8인 책상/e/humidity
Message Data:
time: 1745202436766
value: 42

2025-04-21 11:27:17 [MQTT Call: JavaClientExample] INFO  com.example.mqtt.InfluxDBService - Extracted tagkey -> location: hive, kind: 8인 책상, data: humidity
Value into InfluxDB: 42.0
2025-04-21 11:27:17 [MQTT Call: JavaClientExample] INFO  com.example.mqtt.MessageData - Data sent to InfluxDBService: data/s/nhnacademy/b/gyeongnam_campus/p/hive/d/24e124725d081175/sp/8인 책상/n/8인 책상/e/humidity -> 42.0
2025-04-21 11:27:17 [MQTT Call: JavaClientExample] INFO  com.example.mqtt.MessageData - Topic: data/s/nhnacademy/b/gyeongnam_campus/p/hive/d/24e124725d081175/sp/8인 책상/n/8인 책상/e/co2
Message Data:
time: 1745202436766
value: 654

2025-04-21 11:27:17 [MQTT Call: JavaClientExample] INFO  com.example.mqtt.InfluxDBService - Extracted tagkey -> location: hive, kind: 8인 책상, data: co2
Value into InfluxDB: 654.0
2025-04-21 11:27:17 [MQTT Call: JavaClientExample] INFO  com.example.mqtt.MessageData - Data sent to InfluxDBService: data/s/nhnacademy/b/gyeongnam_campus/p/hive/d/24e124725d081175/sp/8인 책상/n/8인 책상/e/co2 -> 654.0
2025-04-21 11:27:17 [MQTT Call: JavaClientExample] INFO  com.example.mqtt.MessageData - Topic: data/s/nhnacademy/b/gyeongnam_campus/p/hive/d/24e124725d081175/sp/8인 책상/n/8인 책상/g/24e124fffef5dccc/e/lora
Message Data:
time: 1745202436766
value: 

2025-04-21 11:27:17 [MQTT Call: JavaClientExample] INFO  com.example.mqtt.InfluxDBService - Extracted tagkey -> location: hive, kind: 8인 책상, data: lora
Value into InfluxDB: 0.0
2025-04-21 11:27:17 [MQTT Call: JavaClientExample] INFO  com.example.mqtt.MessageData - Data sent to InfluxDBService: data/s/nhnacademy/b/gyeongnam_campus/p/hive/d/24e124725d081175/sp/8인 책상/n/8인 책상/g/24e124fffef5dccc/e/lora -> 0.0
2025-04-21 11:27:17 [MQTT Call: JavaClientExample] INFO  com.example.mqtt.MessageData - Topic: data/s/nhnacademy/b/gyeongnam_campus/p/hive/d/24e124725d081175/sp/8인 책상/n/8인 책상/g/24e124fffef79304/e/lora
Message Data:
time: 1745202436766
value: 

2025-04-21 11:27:17 [MQTT Call: JavaClientExample] INFO  com.example.mqtt.InfluxDBService - Extracted tagkey -> location: hive, kind: 8인 책상, data: lora
Value into InfluxDB: 0.0
2025-04-21 11:27:17 [MQTT Call: JavaClientExample] INFO  com.example.mqtt.MessageData - Data sent to InfluxDBService: data/s/nhnacademy/b/gyeongnam_campus/p/hive/d/24e124725d081175/sp/8인 책상/n/8인 책상/g/24e124fffef79304/e/lora -> 0.0
2025-04-21 11:27:17 [MQTT Call: JavaClientExample] INFO  com.example.mqtt.MessageData - Topic: data/s/nhnacademy/b/gyeongnam_campus/p/class_a/d/24e124128c067999/sp/입구/n/입구/e/humidity
Message Data:
time: 1745202437357
value: 45.5

2025-04-21 11:27:17 [MQTT Call: JavaClientExample] INFO  com.example.mqtt.InfluxDBService - Extracted tagkey -> location: class_a, kind: 입구, data: humidity
Value into InfluxDB: 45.5
2025-04-21 11:27:17 [MQTT Call: JavaClientExample] INFO  com.example.mqtt.MessageData - Data sent to InfluxDBService: data/s/nhnacademy/b/gyeongnam_campus/p/class_a/d/24e124128c067999/sp/입구/n/입구/e/humidity -> 45.5
2025-04-21 11:27:17 [MQTT Call: JavaClientExample] INFO  com.example.mqtt.MessageData - Topic: data/s/nhnacademy/b/gyeongnam_campus/p/class_a/d/24e124128c067999/sp/입구/n/입구/e/activity
Message Data:
time: 1745202437357
value: 0

2025-04-21 11:27:17 [MQTT Call: JavaClientExample] INFO  com.example.mqtt.InfluxDBService - Extracted tagkey -> location: class_a, kind: 입구, data: activity
Value into InfluxDB: 0.0
2025-04-21 11:27:17 [MQTT Call: JavaClientExample] INFO  com.example.mqtt.MessageData - Data sent to InfluxDBService: data/s/nhnacademy/b/gyeongnam_campus/p/class_a/d/24e124128c067999/sp/입구/n/입구/e/activity -> 0.0
2025-04-21 11:27:17 [MQTT Call: JavaClientExample] INFO  com.example.mqtt.MessageData - Topic: data/s/nhnacademy/b/gyeongnam_campus/p/class_a/d/24e124128c067999/sp/입구/n/입구/e/pressure
Message Data:
time: 1745202437357
value: 1008.8

2025-04-21 11:27:17 [MQTT Call: JavaClientExample] INFO  com.example.mqtt.InfluxDBService - Extracted tagkey -> location: class_a, kind: 입구, data: pressure
Value into InfluxDB: 1008.8
2025-04-21 11:27:17 [MQTT Call: JavaClientExample] INFO  com.example.mqtt.MessageData - Data sent to InfluxDBService: data/s/nhnacademy/b/gyeongnam_campus/p/class_a/d/24e124128c067999/sp/입구/n/입구/e/pressure -> 1008.8
2025-04-21 11:27:17 [MQTT Call: JavaClientExample] INFO  com.example.mqtt.MessageData - Topic: data/s/nhnacademy/b/gyeongnam_campus/p/class_a/d/24e124128c067999/sp/입구/n/입구/e/temperature
Message Data:
time: 1745202437357
value: 24

2025-04-21 11:27:17 [MQTT Call: JavaClientExample] INFO  com.example.mqtt.InfluxDBService - Extracted tagkey -> location: class_a, kind: 입구, data: temperature
Value into InfluxDB: 24.0
2025-04-21 11:27:17 [MQTT Call: JavaClientExample] INFO  com.example.mqtt.MessageData - Data sent to InfluxDBService: data/s/nhnacademy/b/gyeongnam_campus/p/class_a/d/24e124128c067999/sp/입구/n/입구/e/temperature -> 24.0
2025-04-21 11:27:17 [MQTT Call: JavaClientExample] INFO  com.example.mqtt.MessageData - Topic: data/s/nhnacademy/b/gyeongnam_campus/p/class_a/d/24e124128c067999/sp/입구/n/입구/e/infrared
Message Data:
time: 1745202437357
value: 7

2025-04-21 11:27:17 [MQTT Call: JavaClientExample] INFO  com.example.mqtt.InfluxDBService - Extracted tagkey -> location: class_a, kind: 입구, data: infrared
Value into InfluxDB: 7.0
2025-04-21 11:27:17 [MQTT Call: JavaClientExample] INFO  com.example.mqtt.MessageData - Data sent to InfluxDBService: data/s/nhnacademy/b/gyeongnam_campus/p/class_a/d/24e124128c067999/sp/입구/n/입구/e/infrared -> 7.0
2025-04-21 11:27:17 [MQTT Call: JavaClientExample] INFO  com.example.mqtt.MessageData - Topic: data/s/nhnacademy/b/gyeongnam_campus/p/class_a/d/24e124128c067999/sp/입구/n/입구/e/infrared_and_visible
Message Data:
time: 1745202437357
value: 46

2025-04-21 11:27:17 [MQTT Call: JavaClientExample] INFO  com.example.mqtt.InfluxDBService - Extracted tagkey -> location: class_a, kind: 입구, data: infrared_and_visible
Value into InfluxDB: 46.0
2025-04-21 11:27:17 [MQTT Call: JavaClientExample] INFO  com.example.mqtt.MessageData - Data sent to InfluxDBService: data/s/nhnacademy/b/gyeongnam_campus/p/class_a/d/24e124128c067999/sp/입구/n/입구/e/infrared_and_visible -> 46.0
2025-04-21 11:27:17 [MQTT Call: JavaClientExample] INFO  com.example.mqtt.MessageData - Topic: data/s/nhnacademy/b/gyeongnam_campus/p/class_a/d/24e124128c067999/sp/입구/n/입구/e/tvoc
Message Data:
time: 1745202437357
value: 303

2025-04-21 11:27:17 [MQTT Call: JavaClientExample] INFO  com.example.mqtt.InfluxDBService - Extracted tagkey -> location: class_a, kind: 입구, data: tvoc
Value into InfluxDB: 303.0
2025-04-21 11:27:17 [MQTT Call: JavaClientExample] INFO  com.example.mqtt.MessageData - Data sent to InfluxDBService: data/s/nhnacademy/b/gyeongnam_campus/p/class_a/d/24e124128c067999/sp/입구/n/입구/e/tvoc -> 303.0
2025-04-21 11:27:17 [MQTT Call: JavaClientExample] INFO  com.example.mqtt.MessageData - Topic: data/s/nhnacademy/b/gyeongnam_campus/p/class_a/d/24e124128c067999/sp/입구/n/입구/e/illumination
Message Data:
time: 1745202437357
value: 67

2025-04-21 11:27:17 [MQTT Call: JavaClientExample] INFO  com.example.mqtt.InfluxDBService - Extracted tagkey -> location: class_a, kind: 입구, data: illumination
Value into InfluxDB: 67.0
2025-04-21 11:27:17 [MQTT Call: JavaClientExample] INFO  com.example.mqtt.MessageData - Data sent to InfluxDBService: data/s/nhnacademy/b/gyeongnam_campus/p/class_a/d/24e124128c067999/sp/입구/n/입구/e/illumination -> 67.0
2025-04-21 11:27:17 [MQTT Call: JavaClientExample] INFO  com.example.mqtt.MessageData - Topic: data/s/nhnacademy/b/gyeongnam_campus/p/class_a/d/24e124128c067999/sp/입구/n/입구/e/co2
Message Data:
time: 1745202437357
value: 924

2025-04-21 11:27:17 [MQTT Call: JavaClientExample] INFO  com.example.mqtt.InfluxDBService - Extracted tagkey -> location: class_a, kind: 입구, data: co2
Value into InfluxDB: 924.0
2025-04-21 11:27:17 [MQTT Call: JavaClientExample] INFO  com.example.mqtt.MessageData - Data sent to InfluxDBService: data/s/nhnacademy/b/gyeongnam_campus/p/class_a/d/24e124128c067999/sp/입구/n/입구/e/co2 -> 924.0
2025-04-21 11:27:19 [MQTT Call: JavaClientExample] INFO  com.example.mqtt.MessageData - Topic: data/s/nhnacademy/b/gyeongnam_campus/p/class_a/d/24e124128c067999/sp/입구/n/입구/g/24e124fffef5dccc/e/lora
Message Data:
time: 1745202437357
value: 

2025-04-21 11:27:19 [MQTT Call: JavaClientExample] INFO  com.example.mqtt.InfluxDBService - Extracted tagkey -> location: class_a, kind: 입구, data: lora
Value into InfluxDB: 0.0
2025-04-21 11:27:19 [MQTT Call: JavaClientExample] INFO  com.example.mqtt.MessageData - Data sent to InfluxDBService: data/s/nhnacademy/b/gyeongnam_campus/p/class_a/d/24e124128c067999/sp/입구/n/입구/g/24e124fffef5dccc/e/lora -> 0.0
2025-04-21 11:27:19 [MQTT Call: JavaClientExample] INFO  com.example.mqtt.MessageData - Topic: data/s/nhnacademy/b/gyeongnam_campus/p/class_a/d/24e124128c067999/sp/입구/n/입구/g/24e124fffef79304/e/lora
Message Data:
time: 1745202437357
value: 

2025-04-21 11:27:19 [MQTT Call: JavaClientExample] INFO  com.example.mqtt.InfluxDBService - Extracted tagkey -> location: class_a, kind: 입구, data: lora
Value into InfluxDB: 0.0
2025-04-21 11:27:19 [MQTT Call: JavaClientExample] INFO  com.example.mqtt.MessageData - Data sent to InfluxDBService: data/s/nhnacademy/b/gyeongnam_campus/p/class_a/d/24e124128c067999/sp/입구/n/입구/g/24e124fffef79304/e/lora -> 0.0
2025-04-21 11:27:19 [MQTT Call: JavaClientExample] INFO  com.example.mqtt.MessageData - Topic: data/s/nhnacademy/b/gyeongnam_campus/p/hive/d/24e124785c389010/n/정수기 위/e/battery
Message Data:
time: 1745202438887
value: 86

2025-04-21 11:27:19 [MQTT Call: JavaClientExample] INFO  com.example.mqtt.InfluxDBService - Extracted tagkey -> location: hive, kind: 정수기 위, data: battery
Value into InfluxDB: 86.0
2025-04-21 11:27:19 [MQTT Call: JavaClientExample] INFO  com.example.mqtt.MessageData - Data sent to InfluxDBService: data/s/nhnacademy/b/gyeongnam_campus/p/hive/d/24e124785c389010/n/정수기 위/e/battery -> 86.0
2025-04-21 11:27:19 [MQTT Call: JavaClientExample] INFO  com.example.mqtt.MessageData - Topic: data/s/nhnacademy/b/gyeongnam_campus/p/hive/d/24e124785c389010/n/정수기 위/e/temperature
Message Data:
time: 1745202438887
value: 25.3

2025-04-21 11:27:19 [MQTT Call: JavaClientExample] INFO  com.example.mqtt.InfluxDBService - Extracted tagkey -> location: hive, kind: 정수기 위, data: temperature
Value into InfluxDB: 25.3
2025-04-21 11:27:19 [MQTT Call: JavaClientExample] INFO  com.example.mqtt.MessageData - Data sent to InfluxDBService: data/s/nhnacademy/b/gyeongnam_campus/p/hive/d/24e124785c389010/n/정수기 위/e/temperature -> 25.3
2025-04-21 11:27:19 [MQTT Call: JavaClientExample] INFO  com.example.mqtt.MessageData - Topic: data/s/nhnacademy/b/gyeongnam_campus/p/hive/d/24e124785c389010/n/정수기 위/e/humidity
Message Data:
time: 1745202438887
value: 41

2025-04-21 11:27:19 [MQTT Call: JavaClientExample] INFO  com.example.mqtt.InfluxDBService - Extracted tagkey -> location: hive, kind: 정수기 위, data: humidity
Value into InfluxDB: 41.0
2025-04-21 11:27:19 [MQTT Call: JavaClientExample] INFO  com.example.mqtt.MessageData - Data sent to InfluxDBService: data/s/nhnacademy/b/gyeongnam_campus/p/hive/d/24e124785c389010/n/정수기 위/e/humidity -> 41.0
2025-04-21 11:27:19 [MQTT Call: JavaClientExample] INFO  com.example.mqtt.MessageData - Topic: data/s/nhnacademy/b/gyeongnam_campus/p/hive/d/24e124785c389010/n/정수기 위/g/24e124fffef79304/e/lora
Message Data:
time: 1745202438887
value: 

2025-04-21 11:27:19 [MQTT Call: JavaClientExample] INFO  com.example.mqtt.InfluxDBService - Extracted tagkey -> location: hive, kind: 정수기 위, data: lora
Value into InfluxDB: 0.0
2025-04-21 11:27:19 [MQTT Call: JavaClientExample] INFO  com.example.mqtt.MessageData - Data sent to InfluxDBService: data/s/nhnacademy/b/gyeongnam_campus/p/hive/d/24e124785c389010/n/정수기 위/g/24e124fffef79304/e/lora -> 0.0
2025-04-21 11:27:19 [MQTT Call: JavaClientExample] INFO  com.example.mqtt.MessageData - Topic: data/s/nhnacademy/b/gyeongnam_campus/p/hive/d/24e124785c389010/n/정수기 위/g/24e124fffef5dccc/e/lora
Message Data:
time: 1745202438887
value: 

2025-04-21 11:27:19 [MQTT Call: JavaClientExample] INFO  com.example.mqtt.InfluxDBService - Extracted tagkey -> location: hive, kind: 정수기 위, data: lora
Value into InfluxDB: 0.0
2025-04-21 11:27:19 [MQTT Call: JavaClientExample] INFO  com.example.mqtt.MessageData - Data sent to InfluxDBService: data/s/nhnacademy/b/gyeongnam_campus/p/hive/d/24e124785c389010/n/정수기 위/g/24e124fffef5dccc/e/lora -> 0.0
2025-04-21 11:27:26 [MQTT Call: JavaClientExample] INFO  com.example.mqtt.MessageData - Topic: data/s/nhnacademy/b/gyeongnam_campus/p/server_room/d/24e124136d151368/n/입구/e/temperature
Message Data:
time: 1745202446373
value: 24.2

2025-04-21 11:27:26 [MQTT Call: JavaClientExample] INFO  com.example.mqtt.InfluxDBService - Extracted tagkey -> location: server_room, kind: 입구, data: temperature
Value into InfluxDB: 24.2
2025-04-21 11:27:26 [MQTT Call: JavaClientExample] INFO  com.example.mqtt.MessageData - Data sent to InfluxDBService: data/s/nhnacademy/b/gyeongnam_campus/p/server_room/d/24e124136d151368/n/입구/e/temperature -> 24.2
2025-04-21 11:27:26 [MQTT Call: JavaClientExample] INFO  com.example.mqtt.MessageData - Topic: data/s/nhnacademy/b/gyeongnam_campus/p/server_room/d/24e124136d151368/n/입구/e/humidity
Message Data:
time: 1745202446373
value: 46

2025-04-21 11:27:26 [MQTT Call: JavaClientExample] INFO  com.example.mqtt.InfluxDBService - Extracted tagkey -> location: server_room, kind: 입구, data: humidity
Value into InfluxDB: 46.0
2025-04-21 11:27:26 [MQTT Call: JavaClientExample] INFO  com.example.mqtt.MessageData - Data sent to InfluxDBService: data/s/nhnacademy/b/gyeongnam_campus/p/server_room/d/24e124136d151368/n/입구/e/humidity -> 46.0
2025-04-21 11:27:26 [MQTT Call: JavaClientExample] INFO  com.example.mqtt.MessageData - Topic: data/s/nhnacademy/b/gyeongnam_campus/p/server_room/d/24e124136d151368/n/입구/g/24e124fffef79304/e/lora
Message Data:
time: 1745202446373
value: 

2025-04-21 11:27:26 [MQTT Call: JavaClientExample] INFO  com.example.mqtt.InfluxDBService - Extracted tagkey -> location: server_room, kind: 입구, data: lora
Value into InfluxDB: 0.0
2025-04-21 11:27:26 [MQTT Call: JavaClientExample] INFO  com.example.mqtt.MessageData - Data sent to InfluxDBService: data/s/nhnacademy/b/gyeongnam_campus/p/server_room/d/24e124136d151368/n/입구/g/24e124fffef79304/e/lora -> 0.0
2025-04-21 11:27:26 [MQTT Call: JavaClientExample] INFO  com.example.mqtt.MessageData - Topic: data/s/nhnacademy/b/gyeongnam_campus/p/server_room/d/24e124136d151368/n/입구/g/24e124fffef5dccc/e/lora
Message Data:
time: 1745202446373
value: 

2025-04-21 11:27:26 [MQTT Call: JavaClientExample] INFO  com.example.mqtt.InfluxDBService - Extracted tagkey -> location: server_room, kind: 입구, data: lora
Value into InfluxDB: 0.0
2025-04-21 11:27:26 [MQTT Call: JavaClientExample] INFO  com.example.mqtt.MessageData - Data sent to InfluxDBService: data/s/nhnacademy/b/gyeongnam_campus/p/server_room/d/24e124136d151368/n/입구/g/24e124fffef5dccc/e/lora -> 0.0
2025-04-21 11:27:27 [MQTT Call: JavaClientExample] INFO  com.example.mqtt.MessageData - Topic: data/s/nhnacademy/b/gyeongnam_campus/p/office/d/24e124126c457594/n/냉장고 내부/e/temperature
Message Data:
time: 1745202446829
value: 3.3

2025-04-21 11:27:27 [MQTT Call: JavaClientExample] INFO  com.example.mqtt.InfluxDBService - Extracted tagkey -> location: office, kind: 냉장고 내부, data: temperature
Value into InfluxDB: 3.3
2025-04-21 11:27:27 [MQTT Call: JavaClientExample] INFO  com.example.mqtt.MessageData - Data sent to InfluxDBService: data/s/nhnacademy/b/gyeongnam_campus/p/office/d/24e124126c457594/n/냉장고 내부/e/temperature -> 3.3
2025-04-21 11:27:27 [MQTT Call: JavaClientExample] INFO  com.example.mqtt.MessageData - Topic: data/s/nhnacademy/b/gyeongnam_campus/p/office/d/24e124126c457594/n/냉장고 내부/g/24e124fffef79304/e/lora
Message Data:
time: 1745202446829
value: 

2025-04-21 11:27:27 [MQTT Call: JavaClientExample] INFO  com.example.mqtt.InfluxDBService - Extracted tagkey -> location: office, kind: 냉장고 내부, data: lora
Value into InfluxDB: 0.0
2025-04-21 11:27:27 [MQTT Call: JavaClientExample] INFO  com.example.mqtt.MessageData - Data sent to InfluxDBService: data/s/nhnacademy/b/gyeongnam_campus/p/office/d/24e124126c457594/n/냉장고 내부/g/24e124fffef79304/e/lora -> 0.0
2025-04-21 11:27:27 [MQTT Call: JavaClientExample] INFO  com.example.mqtt.MessageData - Topic: data/s/nhnacademy/b/gyeongnam_campus/p/office/d/24e124126c457594/n/냉장고 내부/g/24e124fffef5dccc/e/lora
Message Data:
time: 1745202446829
value: 

2025-04-21 11:27:27 [MQTT Call: JavaClientExample] INFO  com.example.mqtt.InfluxDBService - Extracted tagkey -> location: office, kind: 냉장고 내부, data: lora
Value into InfluxDB: 0.0
2025-04-21 11:27:27 [MQTT Call: JavaClientExample] INFO  com.example.mqtt.MessageData - Data sent to InfluxDBService: data/s/nhnacademy/b/gyeongnam_campus/p/office/d/24e124126c457594/n/냉장고 내부/g/24e124fffef5dccc/e/lora -> 0.0
2025-04-21 11:27:46 [MQTT Call: JavaClientExample] INFO  com.example.mqtt.MessageData - Topic: data/s/nhnacademy/b/gyeongnam_campus/p/storage/d/24e124136d151547/n/입구/e/temperature
Message Data:
time: 1745202466410
value: -0.1

2025-04-21 11:27:46 [MQTT Call: JavaClientExample] INFO  com.example.mqtt.InfluxDBService - Extracted tagkey -> location: storage, kind: 입구, data: temperature
Value into InfluxDB: -0.1
2025-04-21 11:27:46 [MQTT Call: JavaClientExample] INFO  com.example.mqtt.MessageData - Data sent to InfluxDBService: data/s/nhnacademy/b/gyeongnam_campus/p/storage/d/24e124136d151547/n/입구/e/temperature -> -0.1
2025-04-21 11:27:46 [MQTT Call: JavaClientExample] INFO  com.example.mqtt.MessageData - Topic: data/s/nhnacademy/b/gyeongnam_campus/p/storage/d/24e124136d151547/n/입구/e/battery
Message Data:
time: 1745202466410
value: 1

2025-04-21 11:27:46 [MQTT Call: JavaClientExample] INFO  com.example.mqtt.InfluxDBService - Extracted tagkey -> location: storage, kind: 입구, data: battery
Value into InfluxDB: 1.0
2025-04-21 11:27:46 [MQTT Call: JavaClientExample] INFO  com.example.mqtt.MessageData - Data sent to InfluxDBService: data/s/nhnacademy/b/gyeongnam_campus/p/storage/d/24e124136d151547/n/입구/e/battery -> 1.0
2025-04-21 11:27:46 [MQTT Call: JavaClientExample] INFO  com.example.mqtt.MessageData - Topic: data/s/nhnacademy/b/gyeongnam_campus/p/storage/d/24e124136d151547/n/입구/e/humidity
Message Data:
time: 1745202466410
value: 127.5

2025-04-21 11:27:46 [MQTT Call: JavaClientExample] INFO  com.example.mqtt.InfluxDBService - Extracted tagkey -> location: storage, kind: 입구, data: humidity
Value into InfluxDB: 127.5
2025-04-21 11:27:46 [MQTT Call: JavaClientExample] INFO  com.example.mqtt.MessageData - Data sent to InfluxDBService: data/s/nhnacademy/b/gyeongnam_campus/p/storage/d/24e124136d151547/n/입구/e/humidity -> 127.5
2025-04-21 11:27:47 [MQTT Call: JavaClientExample] INFO  com.example.mqtt.MessageData - Topic: data/s/nhnacademy/b/gyeongnam_campus/p/storage/d/24e124136d151547/n/입구/g/24e124fffef79304/e/lora
Message Data:
time: 1745202466410
value: 

2025-04-21 11:27:47 [MQTT Call: JavaClientExample] INFO  com.example.mqtt.InfluxDBService - Extracted tagkey -> location: storage, kind: 입구, data: lora
Value into InfluxDB: 0.0
2025-04-21 11:27:47 [MQTT Call: JavaClientExample] INFO  com.example.mqtt.MessageData - Data sent to InfluxDBService: data/s/nhnacademy/b/gyeongnam_campus/p/storage/d/24e124136d151547/n/입구/g/24e124fffef79304/e/lora -> 0.0
2025-04-21 11:27:47 [MQTT Call: JavaClientExample] INFO  com.example.mqtt.MessageData - Topic: data/s/nhnacademy/b/gyeongnam_campus/p/storage/d/24e124136d151547/n/입구/g/24e124fffef5dccc/e/lora
Message Data:
time: 1745202466410
value: 

2025-04-21 11:27:47 [MQTT Call: JavaClientExample] INFO  com.example.mqtt.InfluxDBService - Extracted tagkey -> location: storage, kind: 입구, data: lora
Value into InfluxDB: 0.0
2025-04-21 11:27:47 [MQTT Call: JavaClientExample] INFO  com.example.mqtt.MessageData - Data sent to InfluxDBService: data/s/nhnacademy/b/gyeongnam_campus/p/storage/d/24e124136d151547/n/입구/g/24e124fffef5dccc/e/lora -> 0.0
2025-04-21 11:27:47 [MQTT Call: JavaClientExample] INFO  com.example.mqtt.MessageData - Topic: data/s/nhnacademy/b/gyeongnam_campus/p/campus/d/gem3500_1/n/캠퍼스_LL/e/voltage
Message Data:
time: 1745202466838
value: 379.38

2025-04-21 11:27:47 [MQTT Call: JavaClientExample] INFO  com.example.mqtt.InfluxDBService - Extracted tagkey -> location: campus, kind: 캠퍼스_LL, data: voltage
Value into InfluxDB: 379.38
2025-04-21 11:27:47 [MQTT Call: JavaClientExample] INFO  com.example.mqtt.MessageData - Data sent to InfluxDBService: data/s/nhnacademy/b/gyeongnam_campus/p/campus/d/gem3500_1/n/캠퍼스_LL/e/voltage -> 379.38
2025-04-21 11:27:47 [MQTT Call: JavaClientExample] INFO  com.example.mqtt.MessageData - Topic: data/s/nhnacademy/b/gyeongnam_campus/p/campus/d/gem3500_1/n/캠퍼스_LN/e/voltage
Message Data:
time: 1745202466838
value: 219.04

2025-04-21 11:27:47 [MQTT Call: JavaClientExample] INFO  com.example.mqtt.InfluxDBService - Extracted tagkey -> location: campus, kind: 캠퍼스_LN, data: voltage
Value into InfluxDB: 219.04
2025-04-21 11:27:47 [MQTT Call: JavaClientExample] INFO  com.example.mqtt.MessageData - Data sent to InfluxDBService: data/s/nhnacademy/b/gyeongnam_campus/p/campus/d/gem3500_1/n/캠퍼스_LN/e/voltage -> 219.04
2025-04-21 11:27:47 [MQTT Call: JavaClientExample] INFO  com.example.mqtt.MessageData - Topic: data/s/nhnacademy/b/gyeongnam_campus/p/campus/d/gem3500_1/n/캠퍼스1/e/power_meter
Message Data:
time: 1745202466941
type: 5
leakageCurrent: 0
current: 2708
activePower: 4951
reactivePower: -1857
tapparentPower: 5909
powerFactor: 83.79
currentUnbalance: 53.49
lines: 

2025-04-21 11:27:47 [MQTT Call: JavaClientExample] WARN  com.example.mqtt.MessageData - No 'value' field found in message, skipping InfluxDB write.
2025-04-21 11:27:47 [MQTT Call: JavaClientExample] INFO  com.example.mqtt.MessageData - Topic: data/s/nhnacademy/b/gyeongnam_campus/p/campus/d/gem3500_1/n/전등1/e/power_meter
Message Data:
time: 1745202467041
type: 3
leakageCurrent: 0
current: 702
activePower: 1310
reactivePower: -328
tapparentPower: 1538
powerFactor: 85.17
currentUnbalance: 0
lines: 

2025-04-21 11:27:47 [MQTT Call: JavaClientExample] WARN  com.example.mqtt.MessageData - No 'value' field found in message, skipping InfluxDB write.
2025-04-21 11:27:47 [MQTT Call: JavaClientExample] INFO  com.example.mqtt.MessageData - Topic: data/s/nhnacademy/b/gyeongnam_campus/p/campus/d/gem3500_1/n/전등2/e/power_meter
Message Data:
time: 1745202467140
type: 1
leakageCurrent: 0
current: 570
activePower: 1137
reactivePower: -285
tapparentPower: 1252
powerFactor: 90.8
currentUnbalance: 0
lines: 

2025-04-21 11:27:47 [MQTT Call: JavaClientExample] WARN  com.example.mqtt.MessageData - No 'value' field found in message, skipping InfluxDB write.
2025-04-21 11:27:47 [MQTT Call: JavaClientExample] INFO  com.example.mqtt.MessageData - Topic: data/s/nhnacademy/b/gyeongnam_campus/p/campus/d/gem3500_1/n/전등3/e/power_meter
Message Data:
time: 1745202467242
type: 2
leakageCurrent: 0
current: 0
activePower: 0
reactivePower: 0
tapparentPower: 0
powerFactor: 0
currentUnbalance: 0
lines: 

2025-04-21 11:27:47 [MQTT Call: JavaClientExample] WARN  com.example.mqtt.MessageData - No 'value' field found in message, skipping InfluxDB write.
2025-04-21 11:27:47 [MQTT Call: JavaClientExample] INFO  com.example.mqtt.MessageData - Topic: data/s/nhnacademy/b/gyeongnam_campus/p/campus/d/gem3500_1/n/강의실b_바닥/e/power_meter
Message Data:
time: 1745202467345
type: 3
leakageCurrent: 0
current: 217
activePower: 352
reactivePower: -237
tapparentPower: 477
powerFactor: 73.86
currentUnbalance: 0
lines: 

2025-04-21 11:27:47 [MQTT Call: JavaClientExample] WARN  com.example.mqtt.MessageData - No 'value' field found in message, skipping InfluxDB write.
2025-04-21 11:27:47 [MQTT Call: JavaClientExample] INFO  com.example.mqtt.MessageData - Topic: data/s/nhnacademy/b/gyeongnam_campus/p/campus/d/gem3500_1/n/강의실a_바닥1/e/power_meter
Message Data:
time: 1745202467445
type: 1
leakageCurrent: 0
current: 322
activePower: 552
reactivePower: -372
tapparentPower: 720
powerFactor: 76.66
currentUnbalance: 0
lines: 

2025-04-21 11:27:47 [MQTT Call: JavaClientExample] WARN  com.example.mqtt.MessageData - No 'value' field found in message, skipping InfluxDB write.
2025-04-21 11:27:47 [MQTT Call: JavaClientExample] INFO  com.example.mqtt.MessageData - Topic: data/s/nhnacademy/b/gyeongnam_campus/p/campus/d/gem3500_1/n/강의실a_바닥2/e/power_meter
Message Data:
time: 1745202467545
type: 2
leakageCurrent: 0
current: 178
activePower: 316
reactivePower: -182
tapparentPower: 396
powerFactor: 80
currentUnbalance: 0
lines: 

2025-04-21 11:27:47 [MQTT Call: JavaClientExample] WARN  com.example.mqtt.MessageData - No 'value' field found in message, skipping InfluxDB write.
2025-04-21 11:27:47 [MQTT Call: JavaClientExample] INFO  com.example.mqtt.MessageData - Topic: data/s/nhnacademy/b/gyeongnam_campus/p/campus/d/gem3500_1/n/프로젝터1/e/power_meter
Message Data:
time: 1745202467651
type: 3
leakageCurrent: 0
current: 107
activePower: 146
reactivePower: -153
tapparentPower: 232
powerFactor: 62.88
currentUnbalance: 0
lines: 

2025-04-21 11:27:47 [MQTT Call: JavaClientExample] WARN  com.example.mqtt.MessageData - No 'value' field found in message, skipping InfluxDB write.
2025-04-21 11:27:47 [MQTT Call: JavaClientExample] INFO  com.example.mqtt.MessageData - Topic: data/s/nhnacademy/b/gyeongnam_campus/p/campus/d/gem3500_1/n/프로젝터2/e/power_meter
Message Data:
time: 1745202467750
type: 1
leakageCurrent: 0
current: 39
activePower: 45
reactivePower: -69
tapparentPower: 86
powerFactor: 52.77
currentUnbalance: 0
lines: 

2025-04-21 11:27:47 [MQTT Call: JavaClientExample] WARN  com.example.mqtt.MessageData - No 'value' field found in message, skipping InfluxDB write.
2025-04-21 11:27:47 [MQTT Call: JavaClientExample] INFO  com.example.mqtt.MessageData - Topic: data/s/nhnacademy/b/gyeongnam_campus/p/campus/d/gem3500_1/n/회의실/e/power_meter
Message Data:
time: 1745202467851
type: 2
leakageCurrent: 0
current: 13
activePower: 4
reactivePower: -28
tapparentPower: 31
powerFactor: 15.38
currentUnbalance: 0
lines: 

2025-04-21 11:27:47 [MQTT Call: JavaClientExample] WARN  com.example.mqtt.MessageData - No 'value' field found in message, skipping InfluxDB write.
2025-04-21 11:27:48 [MQTT Call: JavaClientExample] INFO  com.example.mqtt.MessageData - Topic: data/s/nhnacademy/b/gyeongnam_campus/p/campus/d/gem3500_1/n/서버실/e/power_meter
Message Data:
time: 1745202467952
type: 3
leakageCurrent: 0
current: 197
activePower: 388
reactivePower: -112
tapparentPower: 439
powerFactor: 88.52
currentUnbalance: 0
lines: 

2025-04-21 11:27:48 [MQTT Call: JavaClientExample] WARN  com.example.mqtt.MessageData - No 'value' field found in message, skipping InfluxDB write.
2025-04-21 11:27:48 [MQTT Call: JavaClientExample] INFO  com.example.mqtt.MessageData - Topic: data/s/nhnacademy/b/gyeongnam_campus/p/campus/d/gem3500_1/n/간판/e/power_meter
Message Data:
time: 1745202468053
type: 1
leakageCurrent: 0
current: 0
activePower: 0
reactivePower: 0
tapparentPower: 0
powerFactor: 0
currentUnbalance: 0
lines: 

2025-04-21 11:27:48 [MQTT Call: JavaClientExample] WARN  com.example.mqtt.MessageData - No 'value' field found in message, skipping InfluxDB write.
2025-04-21 11:27:48 [MQTT Call: JavaClientExample] INFO  com.example.mqtt.MessageData - Topic: data/s/nhnacademy/b/gyeongnam_campus/p/campus/d/gem3500_1/n/페어룸/e/power_meter
Message Data:
time: 1745202468155
type: 2
leakageCurrent: 0
current: 0
activePower: 0
reactivePower: 0
tapparentPower: 0
powerFactor: 0
currentUnbalance: 0
lines: 

2025-04-21 11:27:48 [MQTT Call: JavaClientExample] WARN  com.example.mqtt.MessageData - No 'value' field found in message, skipping InfluxDB write.
2025-04-21 11:27:48 [MQTT Call: JavaClientExample] INFO  com.example.mqtt.MessageData - Topic: data/s/nhnacademy/b/gyeongnam_campus/p/campus/d/gem3500_1/n/사무실_전열1/e/power_meter
Message Data:
time: 1745202468256
type: 3
leakageCurrent: 0
current: 83
activePower: 103
reactivePower: -55
tapparentPower: 182
powerFactor: 56.57
currentUnbalance: 0
lines: 

2025-04-21 11:27:48 [MQTT Call: JavaClientExample] WARN  com.example.mqtt.MessageData - No 'value' field found in message, skipping InfluxDB write.
2025-04-21 11:27:48 [MQTT Call: JavaClientExample] INFO  com.example.mqtt.MessageData - Topic: data/s/nhnacademy/b/gyeongnam_campus/p/campus/d/gem3500_1/n/사무실_전열2/e/power_meter
Message Data:
time: 1745202468359
type: 3
leakageCurrent: 0
current: 90
activePower: 93
reactivePower: -60
tapparentPower: 196
powerFactor: 47.56
currentUnbalance: 0
lines: 

2025-04-21 11:27:48 [MQTT Call: JavaClientExample] WARN  com.example.mqtt.MessageData - No 'value' field found in message, skipping InfluxDB write.
2025-04-21 11:27:48 [MQTT Call: JavaClientExample] INFO  com.example.mqtt.MessageData - Topic: data/s/nhnacademy/b/gyeongnam_campus/p/campus/d/gem3500_1/n/사무실_복사기/e/power_meter
Message Data:
time: 1745202468458
type: 1
leakageCurrent: 0
current: 90
activePower: 124
reactivePower: 151
tapparentPower: 196
powerFactor: 63.41
currentUnbalance: 0
lines: 

2025-04-21 11:27:48 [MQTT Call: JavaClientExample] WARN  com.example.mqtt.MessageData - No 'value' field found in message, skipping InfluxDB write.
2025-04-21 11:27:48 [MQTT Call: JavaClientExample] INFO  com.example.mqtt.MessageData - Topic: data/s/nhnacademy/b/gyeongnam_campus/p/campus/d/gem3500_1/n/빌트인_전열/e/power_meter
Message Data:
time: 1745202468560
type: 2
leakageCurrent: 0
current: 5
activePower: 4
reactivePower: -4
tapparentPower: 12
powerFactor: 40
currentUnbalance: 0
lines: 

2025-04-21 11:27:48 [MQTT Call: JavaClientExample] WARN  com.example.mqtt.MessageData - No 'value' field found in message, skipping InfluxDB write.
2025-04-21 11:27:48 [MQTT Call: JavaClientExample] INFO  com.example.mqtt.MessageData - Topic: data/s/nhnacademy/b/gyeongnam_campus/p/campus/d/gem3500_1/n/사무실_전열3/e/power_meter
Message Data:
time: 1745202468663
type: 3
leakageCurrent: 0
current: 0
activePower: 0
reactivePower: 0
tapparentPower: 0
powerFactor: 0
currentUnbalance: 0
lines: 

2025-04-21 11:27:48 [MQTT Call: JavaClientExample] WARN  com.example.mqtt.MessageData - No 'value' field found in message, skipping InfluxDB write.
2025-04-21 11:27:48 [MQTT Call: JavaClientExample] INFO  com.example.mqtt.MessageData - Topic: data/s/nhnacademy/b/gyeongnam_campus/p/campus/d/gem3500_1/n/정수기/e/power_meter
Message Data:
time: 1745202468760
type: 1
leakageCurrent: 0
current: 7
activePower: 2
reactivePower: -16
tapparentPower: 16
powerFactor: 14.28
currentUnbalance: 0
lines: 

2025-04-21 11:27:48 [MQTT Call: JavaClientExample] WARN  com.example.mqtt.MessageData - No 'value' field found in message, skipping InfluxDB write.
2025-04-21 11:27:48 [MQTT Call: JavaClientExample] INFO  com.example.mqtt.MessageData - Topic: data/s/nhnacademy/b/gyeongnam_campus/p/campus/d/gem3500_1/n/하이브_전열/e/power_meter
Message Data:
time: 1745202468863
type: 2
leakageCurrent: 0
current: 64
activePower: 122
reactivePower: -48
tapparentPower: 139
powerFactor: 87.93
currentUnbalance: 0
lines: 

2025-04-21 11:27:48 [MQTT Call: JavaClientExample] WARN  com.example.mqtt.MessageData - No 'value' field found in message, skipping InfluxDB write.
2025-04-21 11:27:48 [MQTT Call: JavaClientExample] INFO  com.example.mqtt.MessageData - Topic: data/s/nhnacademy/b/gyeongnam_campus/p/campus/d/gem3500_1/n/바텐_전열/e/power_meter
Message Data:
time: 1745202468965
type: 3
leakageCurrent: 0
current: 0
activePower: 0
reactivePower: 0
tapparentPower: 0
powerFactor: 0
currentUnbalance: 0
lines: 

2025-04-21 11:27:48 [MQTT Call: JavaClientExample] WARN  com.example.mqtt.MessageData - No 'value' field found in message, skipping InfluxDB write.
2025-04-21 11:27:49 [MQTT Call: JavaClientExample] INFO  com.example.mqtt.MessageData - Topic: data/s/nhnacademy/b/gyeongnam_campus/p/campus/d/gem3500_1/n/S_P/e/power_meter
Message Data:
time: 1745202469064
type: 1
leakageCurrent: 0
current: 0
activePower: 0
reactivePower: 0
tapparentPower: 0
powerFactor: 0
currentUnbalance: 0
lines: 

2025-04-21 11:27:49 [MQTT Call: JavaClientExample] WARN  com.example.mqtt.MessageData - No 'value' field found in message, skipping InfluxDB write.
2025-04-21 11:27:49 [MQTT Call: JavaClientExample] INFO  com.example.mqtt.MessageData - Topic: data/s/nhnacademy/b/gyeongnam_campus/p/campus/d/gem3500_1/n/공조기/e/power_meter
Message Data:
time: 1745202469166
type: 2
leakageCurrent: 0
current: 198
activePower: 223
reactivePower: -21
tapparentPower: 434
powerFactor: 51.38
currentUnbalance: 0
lines: 

2025-04-21 11:27:49 [MQTT Call: JavaClientExample] WARN  com.example.mqtt.MessageData - No 'value' field found in message, skipping InfluxDB write.
2025-04-21 11:27:49 [MQTT Call: JavaClientExample] INFO  com.example.mqtt.MessageData - Topic: data/s/nhnacademy/b/gyeongnam_campus/p/campus/d/gem3500_1/n/AC/e/power_meter
Message Data:
time: 1745202469266
type: 3
leakageCurrent: 0
current: 16
activePower: 14
reactivePower: -26
tapparentPower: 36
powerFactor: 39.99
currentUnbalance: 0
lines: 

2025-04-21 11:27:49 [MQTT Call: JavaClientExample] WARN  com.example.mqtt.MessageData - No 'value' field found in message, skipping InfluxDB write.
2025-04-21 11:27:57 [MQTT Call: JavaClientExample] INFO  com.example.mqtt.MessageData - Topic: data/s/nhnacademy/b/gyeongnam_campus/p/hive/d/24e124126d111937/sp/farm/n/스마트팜/e/illumination
Message Data:
time: 1745202477320
value: 320

2025-04-21 11:27:57 [MQTT Call: JavaClientExample] INFO  com.example.mqtt.InfluxDBService - Extracted tagkey -> location: hive, kind: 스마트팜, data: illumination
Value into InfluxDB: 320.0
2025-04-21 11:27:57 [MQTT Call: JavaClientExample] INFO  com.example.mqtt.MessageData - Data sent to InfluxDBService: data/s/nhnacademy/b/gyeongnam_campus/p/hive/d/24e124126d111937/sp/farm/n/스마트팜/e/illumination -> 320.0
2025-04-21 11:27:58 [MQTT Call: JavaClientExample] INFO  com.example.mqtt.MessageData - Topic: data/s/nhnacademy/b/gyeongnam_campus/p/hive/d/24e124126d111937/sp/farm/n/스마트팜/g/24e124fffef79304/e/lora
Message Data:
time: 1745202477320
value: 

2025-04-21 11:27:58 [MQTT Call: JavaClientExample] INFO  com.example.mqtt.InfluxDBService - Extracted tagkey -> location: hive, kind: 스마트팜, data: lora
Value into InfluxDB: 0.0
2025-04-21 11:27:58 [MQTT Call: JavaClientExample] INFO  com.example.mqtt.MessageData - Data sent to InfluxDBService: data/s/nhnacademy/b/gyeongnam_campus/p/hive/d/24e124126d111937/sp/farm/n/스마트팜/g/24e124fffef79304/e/lora -> 0.0
2025-04-21 11:27:58 [MQTT Call: JavaClientExample] INFO  com.example.mqtt.MessageData - Topic: data/s/nhnacademy/b/gyeongnam_campus/p/hive/d/24e124126d111937/sp/farm/n/스마트팜/g/24e124fffef5dccc/e/lora
Message Data:
time: 1745202477320
value: 

2025-04-21 11:27:58 [MQTT Call: JavaClientExample] INFO  com.example.mqtt.InfluxDBService - Extracted tagkey -> location: hive, kind: 스마트팜, data: lora
Value into InfluxDB: 0.0
2025-04-21 11:27:58 [MQTT Call: JavaClientExample] INFO  com.example.mqtt.MessageData - Data sent to InfluxDBService: data/s/nhnacademy/b/gyeongnam_campus/p/hive/d/24e124126d111937/sp/farm/n/스마트팜/g/24e124fffef5dccc/e/lora -> 0.0
2025-04-21 11:28:00 [MQTT Call: JavaClientExample] INFO  com.example.mqtt.MessageData - Topic: data/s/nhnacademy/b/gyeongnam_campus/p/pair_room/d/24e124617d159573/n/2/e/distance
Message Data:
time: 1745202479553
value: 2237

2025-04-21 11:28:00 [MQTT Call: JavaClientExample] INFO  com.example.mqtt.InfluxDBService - Extracted tagkey -> location: pair_room, kind: 2, data: distance
Value into InfluxDB: 2237.0
2025-04-21 11:28:00 [MQTT Call: JavaClientExample] INFO  com.example.mqtt.MessageData - Data sent to InfluxDBService: data/s/nhnacademy/b/gyeongnam_campus/p/pair_room/d/24e124617d159573/n/2/e/distance -> 2237.0
2025-04-21 11:28:00 [MQTT Call: JavaClientExample] INFO  com.example.mqtt.MessageData - Topic: data/s/nhnacademy/b/gyeongnam_campus/p/pair_room/d/24e124617d159573/n/2/e/battery
Message Data:
time: 1745202479553
value: 33

2025-04-21 11:28:00 [MQTT Call: JavaClientExample] INFO  com.example.mqtt.InfluxDBService - Extracted tagkey -> location: pair_room, kind: 2, data: battery
Value into InfluxDB: 33.0
2025-04-21 11:28:00 [MQTT Call: JavaClientExample] INFO  com.example.mqtt.MessageData - Data sent to InfluxDBService: data/s/nhnacademy/b/gyeongnam_campus/p/pair_room/d/24e124617d159573/n/2/e/battery -> 33.0
2025-04-21 11:28:00 [MQTT Call: JavaClientExample] INFO  com.example.mqtt.MessageData - Topic: data/s/nhnacademy/b/gyeongnam_campus/p/pair_room/d/24e124617d159573/n/2/e/occupancy
Message Data:
time: 1745202479553
value: 0

2025-04-21 11:28:00 [MQTT Call: JavaClientExample] INFO  com.example.mqtt.InfluxDBService - Extracted tagkey -> location: pair_room, kind: 2, data: occupancy
Value into InfluxDB: 0.0
2025-04-21 11:28:00 [MQTT Call: JavaClientExample] INFO  com.example.mqtt.MessageData - Data sent to InfluxDBService: data/s/nhnacademy/b/gyeongnam_campus/p/pair_room/d/24e124617d159573/n/2/e/occupancy -> 0.0
2025-04-21 11:28:00 [MQTT Call: JavaClientExample] INFO  com.example.mqtt.MessageData - Topic: data/s/nhnacademy/b/gyeongnam_campus/p/pair_room/d/24e124617d159573/n/2/g/24e124fffef5dccc/e/lora
Message Data:
time: 1745202479553
value: 

2025-04-21 11:28:00 [MQTT Call: JavaClientExample] INFO  com.example.mqtt.InfluxDBService - Extracted tagkey -> location: pair_room, kind: 2, data: lora
Value into InfluxDB: 0.0
2025-04-21 11:28:00 [MQTT Call: JavaClientExample] INFO  com.example.mqtt.MessageData - Data sent to InfluxDBService: data/s/nhnacademy/b/gyeongnam_campus/p/pair_room/d/24e124617d159573/n/2/g/24e124fffef5dccc/e/lora -> 0.0
2025-04-21 11:28:00 [MQTT Call: JavaClientExample] INFO  com.example.mqtt.MessageData - Topic: data/s/nhnacademy/b/gyeongnam_campus/p/pair_room/d/24e124617d159573/n/2/g/24e124fffef79304/e/lora
Message Data:
time: 1745202479553
value: 

2025-04-21 11:28:00 [MQTT Call: JavaClientExample] INFO  com.example.mqtt.InfluxDBService - Extracted tagkey -> location: pair_room, kind: 2, data: lora
Value into InfluxDB: 0.0
2025-04-21 11:28:00 [MQTT Call: JavaClientExample] INFO  com.example.mqtt.MessageData - Data sent to InfluxDBService: data/s/nhnacademy/b/gyeongnam_campus/p/pair_room/d/24e124617d159573/n/2/g/24e124fffef79304/e/lora -> 0.0
2025-04-21 11:28:01 [MQTT Call: JavaClientExample] INFO  com.example.mqtt.MessageData - Topic: data/s/nhnacademy/b/gyeongnam_campus/p/class_a/d/24e124126d152969/n/왼쪽 뒤/e/co2
Message Data:
time: 1745202480782
value: 1019

2025-04-21 11:28:01 [MQTT Call: JavaClientExample] INFO  com.example.mqtt.InfluxDBService - Extracted tagkey -> location: class_a, kind: 왼쪽 뒤, data: co2
Value into InfluxDB: 1019.0
2025-04-21 11:28:01 [MQTT Call: JavaClientExample] INFO  com.example.mqtt.MessageData - Data sent to InfluxDBService: data/s/nhnacademy/b/gyeongnam_campus/p/class_a/d/24e124126d152969/n/왼쪽 뒤/e/co2 -> 1019.0
2025-04-21 11:28:02 [MQTT Call: JavaClientExample] INFO  com.example.mqtt.MessageData - Topic: data/s/nhnacademy/b/gyeongnam_campus/p/class_a/d/24e124126d152969/n/왼쪽 뒤/e/pressure
Message Data:
time: 1745202480782
value: 1016.5

2025-04-21 11:28:02 [MQTT Call: JavaClientExample] INFO  com.example.mqtt.InfluxDBService - Extracted tagkey -> location: class_a, kind: 왼쪽 뒤, data: pressure
Value into InfluxDB: 1016.5
2025-04-21 11:28:02 [MQTT Call: JavaClientExample] INFO  com.example.mqtt.MessageData - Data sent to InfluxDBService: data/s/nhnacademy/b/gyeongnam_campus/p/class_a/d/24e124126d152969/n/왼쪽 뒤/e/pressure -> 1016.5
2025-04-21 11:28:02 [MQTT Call: JavaClientExample] INFO  com.example.mqtt.MessageData - Topic: data/s/nhnacademy/b/gyeongnam_campus/p/class_a/d/24e124126d152969/n/왼쪽 뒤/e/temperature
Message Data:
time: 1745202480782
value: 23

2025-04-21 11:28:02 [MQTT Call: JavaClientExample] INFO  com.example.mqtt.InfluxDBService - Extracted tagkey -> location: class_a, kind: 왼쪽 뒤, data: temperature
Value into InfluxDB: 23.0
2025-04-21 11:28:02 [MQTT Call: JavaClientExample] INFO  com.example.mqtt.MessageData - Data sent to InfluxDBService: data/s/nhnacademy/b/gyeongnam_campus/p/class_a/d/24e124126d152969/n/왼쪽 뒤/e/temperature -> 23.0
2025-04-21 11:28:02 [MQTT Call: JavaClientExample] INFO  com.example.mqtt.MessageData - Topic: data/s/nhnacademy/b/gyeongnam_campus/p/class_a/d/24e124126d152969/n/왼쪽 뒤/e/humidity
Message Data:
time: 1745202480782
value: 51

2025-04-21 11:28:02 [MQTT Call: JavaClientExample] INFO  com.example.mqtt.InfluxDBService - Extracted tagkey -> location: class_a, kind: 왼쪽 뒤, data: humidity
Value into InfluxDB: 51.0
2025-04-21 11:28:02 [MQTT Call: JavaClientExample] INFO  com.example.mqtt.MessageData - Data sent to InfluxDBService: data/s/nhnacademy/b/gyeongnam_campus/p/class_a/d/24e124126d152969/n/왼쪽 뒤/e/humidity -> 51.0
2025-04-21 11:28:02 [MQTT Call: JavaClientExample] INFO  com.example.mqtt.MessageData - Topic: data/s/nhnacademy/b/gyeongnam_campus/p/class_a/d/24e124126d152969/n/왼쪽 뒤/g/24e124fffef5dccc/e/lora
Message Data:
time: 1745202480782
value: 

2025-04-21 11:28:02 [MQTT Call: JavaClientExample] INFO  com.example.mqtt.InfluxDBService - Extracted tagkey -> location: class_a, kind: 왼쪽 뒤, data: lora
Value into InfluxDB: 0.0
2025-04-21 11:28:02 [MQTT Call: JavaClientExample] INFO  com.example.mqtt.MessageData - Data sent to InfluxDBService: data/s/nhnacademy/b/gyeongnam_campus/p/class_a/d/24e124126d152969/n/왼쪽 뒤/g/24e124fffef5dccc/e/lora -> 0.0
2025-04-21 11:28:11 [MQTT Call: JavaClientExample] INFO  com.example.mqtt.MessageData - Topic: data/s/nhnacademy/b/gyeongnam_campus/p/hive/d/24e124126c452091/sp/farm/n/스마트팜/e/temperature
Message Data:
time: 1745202490735
value: 24.5

2025-04-21 11:28:11 [MQTT Call: JavaClientExample] INFO  com.example.mqtt.InfluxDBService - Extracted tagkey -> location: hive, kind: 스마트팜, data: temperature
Value into InfluxDB: 24.5
2025-04-21 11:28:11 [MQTT Call: JavaClientExample] INFO  com.example.mqtt.MessageData - Data sent to InfluxDBService: data/s/nhnacademy/b/gyeongnam_campus/p/hive/d/24e124126c452091/sp/farm/n/스마트팜/e/temperature -> 24.5
2025-04-21 11:28:11 [MQTT Call: JavaClientExample] INFO  com.example.mqtt.MessageData - Topic: data/s/nhnacademy/b/gyeongnam_campus/p/hive/d/24e124126c452091/sp/farm/n/스마트팜/g/24e124fffef79304/e/lora
Message Data:
time: 1745202490735
value: 

2025-04-21 11:28:11 [MQTT Call: JavaClientExample] INFO  com.example.mqtt.InfluxDBService - Extracted tagkey -> location: hive, kind: 스마트팜, data: lora
Value into InfluxDB: 0.0
2025-04-21 11:28:11 [MQTT Call: JavaClientExample] INFO  com.example.mqtt.MessageData - Data sent to InfluxDBService: data/s/nhnacademy/b/gyeongnam_campus/p/hive/d/24e124126c452091/sp/farm/n/스마트팜/g/24e124fffef79304/e/lora -> 0.0
2025-04-21 11:28:11 [MQTT Call: JavaClientExample] INFO  com.example.mqtt.MessageData - Topic: data/s/nhnacademy/b/gyeongnam_campus/p/hive/d/24e124126c452091/sp/farm/n/스마트팜/g/24e124fffef5dccc/e/lora
Message Data:
time: 1745202490735
value: 

2025-04-21 11:28:11 [MQTT Call: JavaClientExample] INFO  com.example.mqtt.InfluxDBService - Extracted tagkey -> location: hive, kind: 스마트팜, data: lora
Value into InfluxDB: 0.0
2025-04-21 11:28:11 [MQTT Call: JavaClientExample] INFO  com.example.mqtt.MessageData - Data sent to InfluxDBService: data/s/nhnacademy/b/gyeongnam_campus/p/hive/d/24e124126c452091/sp/farm/n/스마트팜/g/24e124fffef5dccc/e/lora -> 0.0
2025-04-21 11:28:15 [MQTT Call: JavaClientExample] INFO  com.example.mqtt.MessageData - Topic: data/s/nhnacademy/b/gyeongnam_campus/p/hive/d/24e124725d081175/sp/8인 책상/n/8인 책상/e/battery
Message Data:
time: 1745202494748
value: 77

2025-04-21 11:28:15 [MQTT Call: JavaClientExample] INFO  com.example.mqtt.InfluxDBService - Extracted tagkey -> location: hive, kind: 8인 책상, data: battery
Value into InfluxDB: 77.0
2025-04-21 11:28:15 [MQTT Call: JavaClientExample] INFO  com.example.mqtt.MessageData - Data sent to InfluxDBService: data/s/nhnacademy/b/gyeongnam_campus/p/hive/d/24e124725d081175/sp/8인 책상/n/8인 책상/e/battery -> 77.0
2025-04-21 11:28:15 [MQTT Call: JavaClientExample] INFO  com.example.mqtt.MessageData - Topic: data/s/nhnacademy/b/gyeongnam_campus/p/hive/d/24e124725d081175/sp/8인 책상/n/8인 책상/e/co2
Message Data:
time: 1745202494748
value: 654

2025-04-21 11:28:15 [MQTT Call: JavaClientExample] INFO  com.example.mqtt.InfluxDBService - Extracted tagkey -> location: hive, kind: 8인 책상, data: co2
Value into InfluxDB: 654.0
2025-04-21 11:28:15 [MQTT Call: JavaClientExample] INFO  com.example.mqtt.MessageData - Data sent to InfluxDBService: data/s/nhnacademy/b/gyeongnam_campus/p/hive/d/24e124725d081175/sp/8인 책상/n/8인 책상/e/co2 -> 654.0
2025-04-21 11:28:15 [MQTT Call: JavaClientExample] INFO  com.example.mqtt.MessageData - Topic: data/s/nhnacademy/b/gyeongnam_campus/p/hive/d/24e124725d081175/sp/8인 책상/n/8인 책상/e/temperature
Message Data:
time: 1745202494748
value: 25.5

2025-04-21 11:28:15 [MQTT Call: JavaClientExample] INFO  com.example.mqtt.InfluxDBService - Extracted tagkey -> location: hive, kind: 8인 책상, data: temperature
Value into InfluxDB: 25.5
2025-04-21 11:28:15 [MQTT Call: JavaClientExample] INFO  com.example.mqtt.MessageData - Data sent to InfluxDBService: data/s/nhnacademy/b/gyeongnam_campus/p/hive/d/24e124725d081175/sp/8인 책상/n/8인 책상/e/temperature -> 25.5
2025-04-21 11:28:15 [MQTT Call: JavaClientExample] INFO  com.example.mqtt.MessageData - Topic: data/s/nhnacademy/b/gyeongnam_campus/p/hive/d/24e124725d081175/sp/8인 책상/n/8인 책상/e/humidity
Message Data:
time: 1745202494748
value: 42

2025-04-21 11:28:15 [MQTT Call: JavaClientExample] INFO  com.example.mqtt.InfluxDBService - Extracted tagkey -> location: hive, kind: 8인 책상, data: humidity
Value into InfluxDB: 42.0
2025-04-21 11:28:15 [MQTT Call: JavaClientExample] INFO  com.example.mqtt.MessageData - Data sent to InfluxDBService: data/s/nhnacademy/b/gyeongnam_campus/p/hive/d/24e124725d081175/sp/8인 책상/n/8인 책상/e/humidity -> 42.0
2025-04-21 11:28:15 [MQTT Call: JavaClientExample] INFO  com.example.mqtt.MessageData - Topic: data/s/nhnacademy/b/gyeongnam_campus/p/hive/d/24e124725d081175/sp/8인 책상/n/8인 책상/g/24e124fffef5dccc/e/lora
Message Data:
time: 1745202494748
value: 

2025-04-21 11:28:15 [MQTT Call: JavaClientExample] INFO  com.example.mqtt.InfluxDBService - Extracted tagkey -> location: hive, kind: 8인 책상, data: lora
Value into InfluxDB: 0.0
2025-04-21 11:28:15 [MQTT Call: JavaClientExample] INFO  com.example.mqtt.MessageData - Data sent to InfluxDBService: data/s/nhnacademy/b/gyeongnam_campus/p/hive/d/24e124725d081175/sp/8인 책상/n/8인 책상/g/24e124fffef5dccc/e/lora -> 0.0
2025-04-21 11:28:15 [MQTT Call: JavaClientExample] INFO  com.example.mqtt.MessageData - Topic: data/s/nhnacademy/b/gyeongnam_campus/p/hive/d/24e124725d081175/sp/8인 책상/n/8인 책상/g/24e124fffef79304/e/lora
Message Data:
time: 1745202494748
value: 

2025-04-21 11:28:15 [MQTT Call: JavaClientExample] INFO  com.example.mqtt.InfluxDBService - Extracted tagkey -> location: hive, kind: 8인 책상, data: lora
Value into InfluxDB: 0.0
2025-04-21 11:28:15 [MQTT Call: JavaClientExample] INFO  com.example.mqtt.MessageData - Data sent to InfluxDBService: data/s/nhnacademy/b/gyeongnam_campus/p/hive/d/24e124725d081175/sp/8인 책상/n/8인 책상/g/24e124fffef79304/e/lora -> 0.0
2025-04-21 11:28:17 [MQTT Call: JavaClientExample] INFO  com.example.mqtt.MessageData - Topic: data/s/nhnacademy/b/gyeongnam_campus/p/class_a/d/24e124128c067999/sp/입구/n/입구/e/temperature
Message Data:
time: 1745202497327
value: 23.9

2025-04-21 11:28:17 [MQTT Call: JavaClientExample] INFO  com.example.mqtt.InfluxDBService - Extracted tagkey -> location: class_a, kind: 입구, data: temperature
Value into InfluxDB: 23.9
2025-04-21 11:28:17 [MQTT Call: JavaClientExample] INFO  com.example.mqtt.MessageData - Data sent to InfluxDBService: data/s/nhnacademy/b/gyeongnam_campus/p/class_a/d/24e124128c067999/sp/입구/n/입구/e/temperature -> 23.9
2025-04-21 11:28:18 [MQTT Call: JavaClientExample] INFO  com.example.mqtt.MessageData - Topic: data/s/nhnacademy/b/gyeongnam_campus/p/class_a/d/24e124128c067999/sp/입구/n/입구/e/illumination
Message Data:
time: 1745202497327
value: 61

2025-04-21 11:28:18 [MQTT Call: JavaClientExample] INFO  com.example.mqtt.InfluxDBService - Extracted tagkey -> location: class_a, kind: 입구, data: illumination
Value into InfluxDB: 61.0
2025-04-21 11:28:18 [MQTT Call: JavaClientExample] INFO  com.example.mqtt.MessageData - Data sent to InfluxDBService: data/s/nhnacademy/b/gyeongnam_campus/p/class_a/d/24e124128c067999/sp/입구/n/입구/e/illumination -> 61.0
2025-04-21 11:28:18 [MQTT Call: JavaClientExample] INFO  com.example.mqtt.MessageData - Topic: data/s/nhnacademy/b/gyeongnam_campus/p/class_a/d/24e124128c067999/sp/입구/n/입구/e/infrared
Message Data:
time: 1745202497327
value: 7

2025-04-21 11:28:18 [MQTT Call: JavaClientExample] INFO  com.example.mqtt.InfluxDBService - Extracted tagkey -> location: class_a, kind: 입구, data: infrared
Value into InfluxDB: 7.0
2025-04-21 11:28:18 [MQTT Call: JavaClientExample] INFO  com.example.mqtt.MessageData - Data sent to InfluxDBService: data/s/nhnacademy/b/gyeongnam_campus/p/class_a/d/24e124128c067999/sp/입구/n/입구/e/infrared -> 7.0
2025-04-21 11:28:18 [MQTT Call: JavaClientExample] INFO  com.example.mqtt.MessageData - Topic: data/s/nhnacademy/b/gyeongnam_campus/p/class_a/d/24e124128c067999/sp/입구/n/입구/e/tvoc
Message Data:
time: 1745202497327
value: 299

2025-04-21 11:28:18 [MQTT Call: JavaClientExample] INFO  com.example.mqtt.InfluxDBService - Extracted tagkey -> location: class_a, kind: 입구, data: tvoc
Value into InfluxDB: 299.0
2025-04-21 11:28:18 [MQTT Call: JavaClientExample] INFO  com.example.mqtt.MessageData - Data sent to InfluxDBService: data/s/nhnacademy/b/gyeongnam_campus/p/class_a/d/24e124128c067999/sp/입구/n/입구/e/tvoc -> 299.0
2025-04-21 11:28:18 [MQTT Call: JavaClientExample] INFO  com.example.mqtt.MessageData - Topic: data/s/nhnacademy/b/gyeongnam_campus/p/class_a/d/24e124128c067999/sp/입구/n/입구/e/humidity
Message Data:
time: 1745202497327
value: 45.5

2025-04-21 11:28:18 [MQTT Call: JavaClientExample] INFO  com.example.mqtt.InfluxDBService - Extracted tagkey -> location: class_a, kind: 입구, data: humidity
Value into InfluxDB: 45.5
2025-04-21 11:28:18 [MQTT Call: JavaClientExample] INFO  com.example.mqtt.MessageData - Data sent to InfluxDBService: data/s/nhnacademy/b/gyeongnam_campus/p/class_a/d/24e124128c067999/sp/입구/n/입구/e/humidity -> 45.5
2025-04-21 11:28:18 [MQTT Call: JavaClientExample] INFO  com.example.mqtt.MessageData - Topic: data/s/nhnacademy/b/gyeongnam_campus/p/class_a/d/24e124128c067999/sp/입구/n/입구/e/infrared_and_visible
Message Data:
time: 1745202497327
value: 43

2025-04-21 11:28:18 [MQTT Call: JavaClientExample] INFO  com.example.mqtt.InfluxDBService - Extracted tagkey -> location: class_a, kind: 입구, data: infrared_and_visible
Value into InfluxDB: 43.0
2025-04-21 11:28:18 [MQTT Call: JavaClientExample] INFO  com.example.mqtt.MessageData - Data sent to InfluxDBService: data/s/nhnacademy/b/gyeongnam_campus/p/class_a/d/24e124128c067999/sp/입구/n/입구/e/infrared_and_visible -> 43.0
2025-04-21 11:28:18 [MQTT Call: JavaClientExample] INFO  com.example.mqtt.MessageData - Topic: data/s/nhnacademy/b/gyeongnam_campus/p/class_a/d/24e124128c067999/sp/입구/n/입구/e/activity
Message Data:
time: 1745202497327
value: 7

2025-04-21 11:28:18 [MQTT Call: JavaClientExample] INFO  com.example.mqtt.InfluxDBService - Extracted tagkey -> location: class_a, kind: 입구, data: activity
Value into InfluxDB: 7.0
2025-04-21 11:28:18 [MQTT Call: JavaClientExample] INFO  com.example.mqtt.MessageData - Data sent to InfluxDBService: data/s/nhnacademy/b/gyeongnam_campus/p/class_a/d/24e124128c067999/sp/입구/n/입구/e/activity -> 7.0
2025-04-21 11:28:18 [MQTT Call: JavaClientExample] INFO  com.example.mqtt.MessageData - Topic: data/s/nhnacademy/b/gyeongnam_campus/p/class_a/d/24e124128c067999/sp/입구/n/입구/e/co2
Message Data:
time: 1745202497327
value: 926

2025-04-21 11:28:18 [MQTT Call: JavaClientExample] INFO  com.example.mqtt.InfluxDBService - Extracted tagkey -> location: class_a, kind: 입구, data: co2
Value into InfluxDB: 926.0
2025-04-21 11:28:18 [MQTT Call: JavaClientExample] INFO  com.example.mqtt.MessageData - Data sent to InfluxDBService: data/s/nhnacademy/b/gyeongnam_campus/p/class_a/d/24e124128c067999/sp/입구/n/입구/e/co2 -> 926.0
2025-04-21 11:28:18 [MQTT Call: JavaClientExample] INFO  com.example.mqtt.MessageData - Topic: data/s/nhnacademy/b/gyeongnam_campus/p/class_a/d/24e124128c067999/sp/입구/n/입구/e/pressure
Message Data:
time: 1745202497327
value: 1008.8

2025-04-21 11:28:18 [MQTT Call: JavaClientExample] INFO  com.example.mqtt.InfluxDBService - Extracted tagkey -> location: class_a, kind: 입구, data: pressure
Value into InfluxDB: 1008.8
2025-04-21 11:28:18 [MQTT Call: JavaClientExample] INFO  com.example.mqtt.MessageData - Data sent to InfluxDBService: data/s/nhnacademy/b/gyeongnam_campus/p/class_a/d/24e124128c067999/sp/입구/n/입구/e/pressure -> 1008.8
2025-04-21 11:28:18 [MQTT Call: JavaClientExample] INFO  com.example.mqtt.MessageData - Topic: data/s/nhnacademy/b/gyeongnam_campus/p/class_a/d/24e124128c067999/sp/입구/n/입구/g/24e124fffef79304/e/lora
Message Data:
time: 1745202497327
value: 

2025-04-21 11:28:18 [MQTT Call: JavaClientExample] INFO  com.example.mqtt.InfluxDBService - Extracted tagkey -> location: class_a, kind: 입구, data: lora
Value into InfluxDB: 0.0
2025-04-21 11:28:18 [MQTT Call: JavaClientExample] INFO  com.example.mqtt.MessageData - Data sent to InfluxDBService: data/s/nhnacademy/b/gyeongnam_campus/p/class_a/d/24e124128c067999/sp/입구/n/입구/g/24e124fffef79304/e/lora -> 0.0
2025-04-21 11:28:18 [MQTT Call: JavaClientExample] INFO  com.example.mqtt.MessageData - Topic: data/s/nhnacademy/b/gyeongnam_campus/p/class_a/d/24e124128c067999/sp/입구/n/입구/g/24e124fffef5dccc/e/lora
Message Data:
time: 1745202497327
value: 

2025-04-21 11:28:18 [MQTT Call: JavaClientExample] INFO  com.example.mqtt.InfluxDBService - Extracted tagkey -> location: class_a, kind: 입구, data: lora
Value into InfluxDB: 0.0
2025-04-21 11:28:18 [MQTT Call: JavaClientExample] INFO  com.example.mqtt.MessageData - Data sent to InfluxDBService: data/s/nhnacademy/b/gyeongnam_campus/p/class_a/d/24e124128c067999/sp/입구/n/입구/g/24e124fffef5dccc/e/lora -> 0.0
2025-04-21 11:28:19 [MQTT Call: JavaClientExample] INFO  com.example.mqtt.MessageData - Topic: data/s/nhnacademy/b/gyeongnam_campus/p/hive/d/24e124785c389010/n/정수기 위/e/temperature
Message Data:
time: 1745202498879
value: 25.3

2025-04-21 11:28:19 [MQTT Call: JavaClientExample] INFO  com.example.mqtt.InfluxDBService - Extracted tagkey -> location: hive, kind: 정수기 위, data: temperature
Value into InfluxDB: 25.3
2025-04-21 11:28:19 [MQTT Call: JavaClientExample] INFO  com.example.mqtt.MessageData - Data sent to InfluxDBService: data/s/nhnacademy/b/gyeongnam_campus/p/hive/d/24e124785c389010/n/정수기 위/e/temperature -> 25.3
2025-04-21 11:28:19 [MQTT Call: JavaClientExample] INFO  com.example.mqtt.MessageData - Topic: data/s/nhnacademy/b/gyeongnam_campus/p/hive/d/24e124785c389010/n/정수기 위/e/humidity
Message Data:
time: 1745202498879
value: 41

2025-04-21 11:28:19 [MQTT Call: JavaClientExample] INFO  com.example.mqtt.InfluxDBService - Extracted tagkey -> location: hive, kind: 정수기 위, data: humidity
Value into InfluxDB: 41.0
2025-04-21 11:28:19 [MQTT Call: JavaClientExample] INFO  com.example.mqtt.MessageData - Data sent to InfluxDBService: data/s/nhnacademy/b/gyeongnam_campus/p/hive/d/24e124785c389010/n/정수기 위/e/humidity -> 41.0
2025-04-21 11:28:19 [MQTT Call: JavaClientExample] INFO  com.example.mqtt.MessageData - Topic: data/s/nhnacademy/b/gyeongnam_campus/p/hive/d/24e124785c389010/n/정수기 위/e/battery
Message Data:
time: 1745202498879
value: 86

2025-04-21 11:28:19 [MQTT Call: JavaClientExample] INFO  com.example.mqtt.InfluxDBService - Extracted tagkey -> location: hive, kind: 정수기 위, data: battery
Value into InfluxDB: 86.0
2025-04-21 11:28:19 [MQTT Call: JavaClientExample] INFO  com.example.mqtt.MessageData - Data sent to InfluxDBService: data/s/nhnacademy/b/gyeongnam_campus/p/hive/d/24e124785c389010/n/정수기 위/e/battery -> 86.0
2025-04-21 11:28:19 [MQTT Call: JavaClientExample] INFO  com.example.mqtt.MessageData - Topic: data/s/nhnacademy/b/gyeongnam_campus/p/hive/d/24e124785c389010/n/정수기 위/g/24e124fffef79304/e/lora
Message Data:
time: 1745202498879
value: 

2025-04-21 11:28:19 [MQTT Call: JavaClientExample] INFO  com.example.mqtt.InfluxDBService - Extracted tagkey -> location: hive, kind: 정수기 위, data: lora
Value into InfluxDB: 0.0
2025-04-21 11:28:19 [MQTT Call: JavaClientExample] INFO  com.example.mqtt.MessageData - Data sent to InfluxDBService: data/s/nhnacademy/b/gyeongnam_campus/p/hive/d/24e124785c389010/n/정수기 위/g/24e124fffef79304/e/lora -> 0.0
2025-04-21 11:28:19 [MQTT Call: JavaClientExample] INFO  com.example.mqtt.MessageData - Topic: data/s/nhnacademy/b/gyeongnam_campus/p/hive/d/24e124785c389010/n/정수기 위/g/24e124fffef5dccc/e/lora
Message Data:
time: 1745202498879
value: 

2025-04-21 11:28:19 [MQTT Call: JavaClientExample] INFO  com.example.mqtt.InfluxDBService - Extracted tagkey -> location: hive, kind: 정수기 위, data: lora
Value into InfluxDB: 0.0
2025-04-21 11:28:19 [MQTT Call: JavaClientExample] INFO  com.example.mqtt.MessageData - Data sent to InfluxDBService: data/s/nhnacademy/b/gyeongnam_campus/p/hive/d/24e124785c389010/n/정수기 위/g/24e124fffef5dccc/e/lora -> 0.0
2025-04-21 11:28:20 [MQTT Call: JavaClientExample] INFO  com.example.mqtt.MessageData - Topic: data/s/nhnacademy/b/gyeongnam_campus/p/office/d/24e124126d152919/n/보드/e/co2
Message Data:
time: 1745202500217
value: 722

2025-04-21 11:28:20 [MQTT Call: JavaClientExample] INFO  com.example.mqtt.InfluxDBService - Extracted tagkey -> location: office, kind: 보드, data: co2
Value into InfluxDB: 722.0
2025-04-21 11:28:20 [MQTT Call: JavaClientExample] INFO  com.example.mqtt.MessageData - Data sent to InfluxDBService: data/s/nhnacademy/b/gyeongnam_campus/p/office/d/24e124126d152919/n/보드/e/co2 -> 722.0
2025-04-21 11:28:21 [MQTT Call: JavaClientExample] INFO  com.example.mqtt.MessageData - Topic: data/s/nhnacademy/b/gyeongnam_campus/p/office/d/24e124126d152919/n/보드/e/pressure
Message Data:
time: 1745202500217
value: 1016.4

2025-04-21 11:28:21 [MQTT Call: JavaClientExample] INFO  com.example.mqtt.InfluxDBService - Extracted tagkey -> location: office, kind: 보드, data: pressure
Value into InfluxDB: 1016.4
2025-04-21 11:28:21 [MQTT Call: JavaClientExample] INFO  com.example.mqtt.MessageData - Data sent to InfluxDBService: data/s/nhnacademy/b/gyeongnam_campus/p/office/d/24e124126d152919/n/보드/e/pressure -> 1016.4
2025-04-21 11:28:21 [MQTT Call: JavaClientExample] INFO  com.example.mqtt.MessageData - Topic: data/s/nhnacademy/b/gyeongnam_campus/p/office/d/24e124126d152919/n/보드/e/humidity
Message Data:
time: 1745202500217
value: 47.5

2025-04-21 11:28:21 [MQTT Call: JavaClientExample] INFO  com.example.mqtt.InfluxDBService - Extracted tagkey -> location: office, kind: 보드, data: humidity
Value into InfluxDB: 47.5
2025-04-21 11:28:21 [MQTT Call: JavaClientExample] INFO  com.example.mqtt.MessageData - Data sent to InfluxDBService: data/s/nhnacademy/b/gyeongnam_campus/p/office/d/24e124126d152919/n/보드/e/humidity -> 47.5
2025-04-21 11:28:21 [MQTT Call: JavaClientExample] INFO  com.example.mqtt.MessageData - Topic: data/s/nhnacademy/b/gyeongnam_campus/p/office/d/24e124126d152919/n/보드/e/temperature
Message Data:
time: 1745202500217
value: 23.3

2025-04-21 11:28:21 [MQTT Call: JavaClientExample] INFO  com.example.mqtt.InfluxDBService - Extracted tagkey -> location: office, kind: 보드, data: temperature
Value into InfluxDB: 23.3
2025-04-21 11:28:21 [MQTT Call: JavaClientExample] INFO  com.example.mqtt.MessageData - Data sent to InfluxDBService: data/s/nhnacademy/b/gyeongnam_campus/p/office/d/24e124126d152919/n/보드/e/temperature -> 23.3
2025-04-21 11:28:21 [MQTT Call: JavaClientExample] INFO  com.example.mqtt.MessageData - Topic: data/s/nhnacademy/b/gyeongnam_campus/p/office/d/24e124126d152919/n/보드/g/24e124fffef5dccc/e/lora
Message Data:
time: 1745202500217
value: 

2025-04-21 11:28:21 [MQTT Call: JavaClientExample] INFO  com.example.mqtt.InfluxDBService - Extracted tagkey -> location: office, kind: 보드, data: lora
Value into InfluxDB: 0.0
2025-04-21 11:28:21 [MQTT Call: JavaClientExample] INFO  com.example.mqtt.MessageData - Data sent to InfluxDBService: data/s/nhnacademy/b/gyeongnam_campus/p/office/d/24e124126d152919/n/보드/g/24e124fffef5dccc/e/lora -> 0.0
2025-04-21 11:28:21 [MQTT Call: JavaClientExample] INFO  com.example.mqtt.MessageData - Topic: data/s/nhnacademy/b/gyeongnam_campus/p/office/d/24e124126d152919/n/보드/e/pressure
Message Data:
time: 1745202500215
value: 1016.4

2025-04-21 11:28:21 [MQTT Call: JavaClientExample] INFO  com.example.mqtt.InfluxDBService - Extracted tagkey -> location: office, kind: 보드, data: pressure
Value into InfluxDB: 1016.4
2025-04-21 11:28:21 [MQTT Call: JavaClientExample] INFO  com.example.mqtt.MessageData - Data sent to InfluxDBService: data/s/nhnacademy/b/gyeongnam_campus/p/office/d/24e124126d152919/n/보드/e/pressure -> 1016.4
2025-04-21 11:28:21 [MQTT Call: JavaClientExample] INFO  com.example.mqtt.MessageData - Topic: data/s/nhnacademy/b/gyeongnam_campus/p/office/d/24e124126d152919/n/보드/e/humidity
Message Data:
time: 1745202500215
value: 47.5

2025-04-21 11:28:21 [MQTT Call: JavaClientExample] INFO  com.example.mqtt.InfluxDBService - Extracted tagkey -> location: office, kind: 보드, data: humidity
Value into InfluxDB: 47.5
2025-04-21 11:28:21 [MQTT Call: JavaClientExample] INFO  com.example.mqtt.MessageData - Data sent to InfluxDBService: data/s/nhnacademy/b/gyeongnam_campus/p/office/d/24e124126d152919/n/보드/e/humidity -> 47.5
2025-04-21 11:28:21 [MQTT Call: JavaClientExample] INFO  com.example.mqtt.MessageData - Topic: data/s/nhnacademy/b/gyeongnam_campus/p/office/d/24e124126d152919/n/보드/e/co2
Message Data:
time: 1745202500215
value: 722

2025-04-21 11:28:21 [MQTT Call: JavaClientExample] INFO  com.example.mqtt.InfluxDBService - Extracted tagkey -> location: office, kind: 보드, data: co2
Value into InfluxDB: 722.0
2025-04-21 11:28:21 [MQTT Call: JavaClientExample] INFO  com.example.mqtt.MessageData - Data sent to InfluxDBService: data/s/nhnacademy/b/gyeongnam_campus/p/office/d/24e124126d152919/n/보드/e/co2 -> 722.0
2025-04-21 11:28:21 [MQTT Call: JavaClientExample] INFO  com.example.mqtt.MessageData - Topic: data/s/nhnacademy/b/gyeongnam_campus/p/office/d/24e124126d152919/n/보드/e/temperature
Message Data:
time: 1745202500215
value: 23.3

2025-04-21 11:28:21 [MQTT Call: JavaClientExample] INFO  com.example.mqtt.InfluxDBService - Extracted tagkey -> location: office, kind: 보드, data: temperature
Value into InfluxDB: 23.3
2025-04-21 11:28:21 [MQTT Call: JavaClientExample] INFO  com.example.mqtt.MessageData - Data sent to InfluxDBService: data/s/nhnacademy/b/gyeongnam_campus/p/office/d/24e124126d152919/n/보드/e/temperature -> 23.3
2025-04-21 11:28:21 [MQTT Call: JavaClientExample] INFO  com.example.mqtt.MessageData - Topic: data/s/nhnacademy/b/gyeongnam_campus/p/office/d/24e124126d152919/n/보드/g/24e124fffef79304/e/lora
Message Data:
time: 1745202500215
value: 

2025-04-21 11:28:21 [MQTT Call: JavaClientExample] INFO  com.example.mqtt.InfluxDBService - Extracted tagkey -> location: office, kind: 보드, data: lora
Value into InfluxDB: 0.0
2025-04-21 11:28:21 [MQTT Call: JavaClientExample] INFO  com.example.mqtt.MessageData - Data sent to InfluxDBService: data/s/nhnacademy/b/gyeongnam_campus/p/office/d/24e124126d152919/n/보드/g/24e124fffef79304/e/lora -> 0.0
2025-04-21 11:28:21 [MQTT Call: JavaClientExample] INFO  com.example.mqtt.MessageData - Topic: data/s/nhnacademy/b/gyeongnam_campus/p/office/d/24e124126d152919/n/보드/g/24e124fffef5dccc/e/lora
Message Data:
time: 1745202500215
value: 

2025-04-21 11:28:21 [MQTT Call: JavaClientExample] INFO  com.example.mqtt.InfluxDBService - Extracted tagkey -> location: office, kind: 보드, data: lora
Value into InfluxDB: 0.0
2025-04-21 11:28:21 [MQTT Call: JavaClientExample] INFO  com.example.mqtt.MessageData - Data sent to InfluxDBService: data/s/nhnacademy/b/gyeongnam_campus/p/office/d/24e124126d152919/n/보드/g/24e124fffef5dccc/e/lora -> 0.0
2025-04-21 11:28:29 [MQTT Call: JavaClientExample] INFO  com.example.mqtt.MessageData - Topic: data/s/nhnacademy/b/gyeongnam_campus/p/server_room/d/24e124136d151368/n/입구/e/humidity
Message Data:
time: 1745202506372
value: 46

2025-04-21 11:28:29 [MQTT Call: JavaClientExample] INFO  com.example.mqtt.InfluxDBService - Extracted tagkey -> location: server_room, kind: 입구, data: humidity
Value into InfluxDB: 46.0
2025-04-21 11:28:29 [MQTT Call: JavaClientExample] INFO  com.example.mqtt.MessageData - Data sent to InfluxDBService: data/s/nhnacademy/b/gyeongnam_campus/p/server_room/d/24e124136d151368/n/입구/e/humidity -> 46.0
2025-04-21 11:28:29 [MQTT Call: JavaClientExample] INFO  com.example.mqtt.MessageData - Topic: data/s/nhnacademy/b/gyeongnam_campus/p/server_room/d/24e124136d151368/n/입구/e/temperature
Message Data:
time: 1745202506372
value: 24.2

2025-04-21 11:28:29 [MQTT Call: JavaClientExample] INFO  com.example.mqtt.InfluxDBService - Extracted tagkey -> location: server_room, kind: 입구, data: temperature
Value into InfluxDB: 24.2
2025-04-21 11:28:29 [MQTT Call: JavaClientExample] INFO  com.example.mqtt.MessageData - Data sent to InfluxDBService: data/s/nhnacademy/b/gyeongnam_campus/p/server_room/d/24e124136d151368/n/입구/e/temperature -> 24.2
2025-04-21 11:28:29 [MQTT Call: JavaClientExample] INFO  com.example.mqtt.MessageData - Topic: data/s/nhnacademy/b/gyeongnam_campus/p/server_room/d/24e124136d151368/n/입구/g/24e124fffef79304/e/lora
Message Data:
time: 1745202506372
value: 

2025-04-21 11:28:29 [MQTT Call: JavaClientExample] INFO  com.example.mqtt.InfluxDBService - Extracted tagkey -> location: server_room, kind: 입구, data: lora
Value into InfluxDB: 0.0
2025-04-21 11:28:29 [MQTT Call: JavaClientExample] INFO  com.example.mqtt.MessageData - Data sent to InfluxDBService: data/s/nhnacademy/b/gyeongnam_campus/p/server_room/d/24e124136d151368/n/입구/g/24e124fffef79304/e/lora -> 0.0
2025-04-21 11:28:29 [MQTT Call: JavaClientExample] INFO  com.example.mqtt.MessageData - Topic: data/s/nhnacademy/b/gyeongnam_campus/p/server_room/d/24e124136d151368/n/입구/g/24e124fffef5dccc/e/lora
Message Data:
time: 1745202506372
value: 

2025-04-21 11:28:29 [MQTT Call: JavaClientExample] INFO  com.example.mqtt.InfluxDBService - Extracted tagkey -> location: server_room, kind: 입구, data: lora
Value into InfluxDB: 0.0
2025-04-21 11:28:29 [MQTT Call: JavaClientExample] INFO  com.example.mqtt.MessageData - Data sent to InfluxDBService: data/s/nhnacademy/b/gyeongnam_campus/p/server_room/d/24e124136d151368/n/입구/g/24e124fffef5dccc/e/lora -> 0.0
2025-04-21 11:28:33 [main] INFO  com.example.mqtt.ConnectService - Connecting to broker...
2025-04-21 11:28:33 [main] ERROR com.example.mqtt.ConnectService - Error connecting to broker: MqttException
2025-04-21 11:28:33 [MQTT Rec: JavaClientExample] ERROR com.example.mqtt.MqttClientService - Connection lost: 연결 유실
org.eclipse.paho.client.mqttv3.MqttException: 연결 유실
	at org.eclipse.paho.client.mqttv3.internal.CommsReceiver.run(CommsReceiver.java:197) ~[org.eclipse.paho.client.mqttv3-1.2.5.jar:?]
	at java.lang.Thread.run(Thread.java:1583) [?:?]
Caused by: java.io.EOFException
	at java.io.DataInputStream.readUnsignedByte(DataInputStream.java:297) ~[?:?]
	at java.io.DataInputStream.readByte(DataInputStream.java:275) ~[?:?]
	at org.eclipse.paho.client.mqttv3.internal.wire.MqttInputStream.readMqttWireMessage(MqttInputStream.java:92) ~[org.eclipse.paho.client.mqttv3-1.2.5.jar:?]
	at org.eclipse.paho.client.mqttv3.internal.CommsReceiver.run(CommsReceiver.java:137) ~[org.eclipse.paho.client.mqttv3-1.2.5.jar:?]
	... 1 more
2025-04-21 11:28:33 [Thread-5] INFO  com.example.Main - Exiting and disconnecting...
2025-04-21 11:28:38 [main] INFO  com.example.mqtt.ConnectService - Connecting to broker...
2025-04-21 11:28:38 [main] ERROR com.example.mqtt.ConnectService - Error connecting to broker: MqttException
2025-04-21 11:28:43 [main] INFO  com.example.mqtt.ConnectService - Connecting to broker...
2025-04-21 11:28:43 [main] ERROR com.example.mqtt.ConnectService - Error connecting to broker: MqttException
2025-04-21 11:28:48 [main] INFO  com.example.mqtt.ConnectService - Connecting to broker...
2025-04-21 11:28:48 [main] ERROR com.example.mqtt.ConnectService - Error connecting to broker: MqttException
2025-04-21 11:28:53 [main] INFO  com.example.mqtt.ConnectService - Connecting to broker...
2025-04-21 11:28:53 [main] ERROR com.example.mqtt.ConnectService - Error connecting to broker: MqttException
2025-04-21 11:28:58 [main] INFO  com.example.mqtt.ConnectService - Connecting to broker...
2025-04-21 11:28:58 [main] ERROR com.example.mqtt.ConnectService - Error connecting to broker: MqttException
2025-04-21 11:29:03 [main] INFO  com.example.mqtt.ConnectService - Connecting to broker...
2025-04-21 11:29:03 [main] ERROR com.example.mqtt.ConnectService - Error connecting to broker: MqttException
2025-04-21 11:29:08 [main] INFO  com.example.mqtt.ConnectService - Connecting to broker...
2025-04-21 11:29:08 [main] ERROR com.example.mqtt.ConnectService - Error connecting to broker: MqttException
2025-04-21 11:29:13 [main] INFO  com.example.mqtt.ConnectService - Connecting to broker...
2025-04-21 11:29:13 [main] ERROR com.example.mqtt.ConnectService - Error connecting to broker: MqttException
2025-04-21 11:29:18 [main] INFO  com.example.mqtt.ConnectService - Connecting to broker...
2025-04-21 11:29:18 [main] ERROR com.example.mqtt.ConnectService - Error connecting to broker: MqttException
2025-04-21 11:29:23 [main] INFO  com.example.mqtt.ConnectService - Connecting to broker...
2025-04-21 11:29:23 [main] ERROR com.example.mqtt.ConnectService - Error connecting to broker: MqttException
2025-04-21 11:29:28 [main] INFO  com.example.mqtt.ConnectService - Connecting to broker...
2025-04-21 11:29:28 [main] ERROR com.example.mqtt.ConnectService - Error connecting to broker: MqttException
2025-04-21 11:29:33 [main] INFO  com.example.mqtt.ConnectService - Connecting to broker...
2025-04-21 11:29:33 [main] ERROR com.example.mqtt.ConnectService - Error connecting to broker: MqttException
2025-04-21 11:29:38 [main] INFO  com.example.mqtt.ConnectService - Connecting to broker...
2025-04-21 11:29:38 [main] ERROR com.example.mqtt.ConnectService - Error connecting to broker: MqttException
2025-04-21 11:29:43 [main] INFO  com.example.mqtt.ConnectService - Connecting to broker...
2025-04-21 11:29:43 [main] ERROR com.example.mqtt.ConnectService - Error connecting to broker: MqttException
2025-04-21 11:29:48 [main] INFO  com.example.mqtt.ConnectService - Connecting to broker...
2025-04-21 11:29:48 [main] ERROR com.example.mqtt.ConnectService - Error connecting to broker: MqttException
2025-04-21 11:29:53 [main] INFO  com.example.mqtt.ConnectService - Connecting to broker...
2025-04-21 11:29:53 [main] ERROR com.example.mqtt.ConnectService - Error connecting to broker: MqttException
2025-04-21 11:29:58 [main] INFO  com.example.mqtt.ConnectService - Connecting to broker...
2025-04-21 11:29:58 [main] ERROR com.example.mqtt.ConnectService - Error connecting to broker: MqttException
2025-04-21 11:30:03 [main] INFO  com.example.mqtt.ConnectService - Connecting to broker...
2025-04-21 11:30:03 [main] ERROR com.example.mqtt.ConnectService - Error connecting to broker: MqttException
2025-04-21 11:30:08 [main] INFO  com.example.mqtt.ConnectService - Connecting to broker...
2025-04-21 11:30:08 [main] ERROR com.example.mqtt.ConnectService - Error connecting to broker: MqttException
2025-04-21 11:30:13 [main] INFO  com.example.mqtt.ConnectService - Connecting to broker...
2025-04-21 11:30:13 [main] ERROR com.example.mqtt.ConnectService - Error connecting to broker: MqttException
2025-04-21 11:30:18 [main] INFO  com.example.mqtt.ConnectService - Connecting to broker...
2025-04-21 11:30:18 [main] ERROR com.example.mqtt.ConnectService - Error connecting to broker: MqttException
2025-04-21 11:30:23 [main] INFO  com.example.mqtt.ConnectService - Connecting to broker...
2025-04-21 11:30:23 [main] ERROR com.example.mqtt.ConnectService - Error connecting to broker: MqttException
2025-04-21 11:30:28 [main] INFO  com.example.mqtt.ConnectService - Connecting to broker...
2025-04-21 11:30:28 [main] ERROR com.example.mqtt.ConnectService - Error connecting to broker: MqttException
2025-04-21 11:30:33 [main] INFO  com.example.mqtt.ConnectService - Connecting to broker...
2025-04-21 11:30:33 [main] ERROR com.example.mqtt.ConnectService - Error connecting to broker: MqttException
2025-04-21 11:30:38 [main] INFO  com.example.mqtt.ConnectService - Connecting to broker...
2025-04-21 11:30:38 [main] ERROR com.example.mqtt.ConnectService - Error connecting to broker: MqttException
2025-04-21 11:30:43 [main] INFO  com.example.mqtt.ConnectService - Connecting to broker...
2025-04-21 11:30:43 [main] ERROR com.example.mqtt.ConnectService - Error connecting to broker: MqttException
2025-04-21 11:30:48 [main] INFO  com.example.mqtt.ConnectService - Connecting to broker...
2025-04-21 11:30:48 [main] ERROR com.example.mqtt.ConnectService - Error connecting to broker: MqttException
2025-04-21 11:30:53 [main] INFO  com.example.mqtt.ConnectService - Connecting to broker...
2025-04-21 11:30:53 [main] ERROR com.example.mqtt.ConnectService - Error connecting to broker: MqttException
2025-04-21 11:30:58 [main] INFO  com.example.mqtt.ConnectService - Connecting to broker...
2025-04-21 11:30:58 [main] ERROR com.example.mqtt.ConnectService - Error connecting to broker: MqttException
2025-04-21 11:31:03 [main] INFO  com.example.mqtt.ConnectService - Connecting to broker...
2025-04-21 11:31:03 [main] ERROR com.example.mqtt.ConnectService - Error connecting to broker: MqttException
2025-04-21 11:31:08 [main] INFO  com.example.mqtt.ConnectService - Connecting to broker...
2025-04-21 11:31:08 [main] ERROR com.example.mqtt.ConnectService - Error connecting to broker: MqttException
2025-04-21 11:31:13 [main] INFO  com.example.mqtt.ConnectService - Connecting to broker...
2025-04-21 11:31:13 [main] ERROR com.example.mqtt.ConnectService - Error connecting to broker: MqttException
2025-04-21 11:31:18 [main] INFO  com.example.mqtt.ConnectService - Connecting to broker...
2025-04-21 11:31:18 [main] ERROR com.example.mqtt.ConnectService - Error connecting to broker: MqttException
2025-04-21 11:31:23 [main] INFO  com.example.mqtt.ConnectService - Connecting to broker...
2025-04-21 11:31:23 [main] ERROR com.example.mqtt.ConnectService - Error connecting to broker: MqttException
2025-04-21 11:31:28 [main] INFO  com.example.mqtt.ConnectService - Connecting to broker...
2025-04-21 11:31:28 [main] ERROR com.example.mqtt.ConnectService - Error connecting to broker: MqttException
2025-04-21 11:31:33 [main] INFO  com.example.mqtt.ConnectService - Connecting to broker...
2025-04-21 11:31:33 [main] ERROR com.example.mqtt.ConnectService - Error connecting to broker: MqttException
2025-04-21 11:31:38 [main] INFO  com.example.mqtt.ConnectService - Connecting to broker...
2025-04-21 11:31:38 [main] ERROR com.example.mqtt.ConnectService - Error connecting to broker: MqttException
2025-04-21 11:31:43 [main] INFO  com.example.mqtt.ConnectService - Connecting to broker...
2025-04-21 11:31:43 [main] ERROR com.example.mqtt.ConnectService - Error connecting to broker: MqttException
2025-04-21 11:31:48 [main] INFO  com.example.mqtt.ConnectService - Connecting to broker...
2025-04-21 11:31:48 [main] ERROR com.example.mqtt.ConnectService - Error connecting to broker: MqttException
2025-04-21 11:31:53 [main] INFO  com.example.mqtt.ConnectService - Connecting to broker...
2025-04-21 11:31:53 [main] ERROR com.example.mqtt.ConnectService - Error connecting to broker: MqttException
2025-04-21 11:31:58 [main] INFO  com.example.mqtt.ConnectService - Connecting to broker...
2025-04-21 11:31:58 [main] ERROR com.example.mqtt.ConnectService - Error connecting to broker: MqttException
2025-04-21 11:32:03 [main] INFO  com.example.mqtt.ConnectService - Connecting to broker...
2025-04-21 11:32:03 [main] ERROR com.example.mqtt.ConnectService - Error connecting to broker: MqttException
2025-04-21 11:32:08 [main] INFO  com.example.mqtt.ConnectService - Connecting to broker...
2025-04-21 11:32:08 [main] ERROR com.example.mqtt.ConnectService - Error connecting to broker: MqttException
2025-04-21 11:32:13 [main] INFO  com.example.mqtt.ConnectService - Connecting to broker...
2025-04-21 11:32:13 [main] ERROR com.example.mqtt.ConnectService - Error connecting to broker: MqttException
2025-04-21 11:32:18 [main] INFO  com.example.mqtt.ConnectService - Connecting to broker...
2025-04-21 11:32:18 [main] ERROR com.example.mqtt.ConnectService - Error connecting to broker: MqttException
2025-04-21 11:32:23 [main] INFO  com.example.mqtt.ConnectService - Connecting to broker...
2025-04-21 11:32:23 [main] ERROR com.example.mqtt.ConnectService - Error connecting to broker: MqttException
2025-04-21 11:32:28 [main] INFO  com.example.mqtt.ConnectService - Connecting to broker...
2025-04-21 11:32:28 [main] ERROR com.example.mqtt.ConnectService - Error connecting to broker: MqttException
2025-04-21 11:32:33 [main] INFO  com.example.mqtt.ConnectService - Connecting to broker...
2025-04-21 11:32:33 [main] ERROR com.example.mqtt.ConnectService - Error connecting to broker: MqttException
2025-04-21 11:32:38 [main] INFO  com.example.mqtt.ConnectService - Connecting to broker...
2025-04-21 11:32:38 [main] ERROR com.example.mqtt.ConnectService - Error connecting to broker: MqttException
2025-04-21 11:32:43 [main] INFO  com.example.mqtt.ConnectService - Connecting to broker...
2025-04-21 11:32:43 [main] ERROR com.example.mqtt.ConnectService - Error connecting to broker: MqttException
2025-04-21 11:32:48 [main] INFO  com.example.mqtt.ConnectService - Connecting to broker...
2025-04-21 11:32:48 [main] ERROR com.example.mqtt.ConnectService - Error connecting to broker: MqttException
2025-04-21 11:32:53 [main] INFO  com.example.mqtt.ConnectService - Connecting to broker...
2025-04-21 11:32:53 [main] ERROR com.example.mqtt.ConnectService - Error connecting to broker: MqttException
2025-04-21 11:32:58 [main] INFO  com.example.mqtt.ConnectService - Connecting to broker...
2025-04-21 11:32:58 [main] ERROR com.example.mqtt.ConnectService - Error connecting to broker: MqttException
2025-04-21 11:33:03 [main] INFO  com.example.mqtt.ConnectService - Connecting to broker...
2025-04-21 11:33:03 [main] ERROR com.example.mqtt.ConnectService - Error connecting to broker: MqttException
2025-04-21 11:33:08 [main] INFO  com.example.mqtt.ConnectService - Connecting to broker...
2025-04-21 11:33:08 [main] ERROR com.example.mqtt.ConnectService - Error connecting to broker: MqttException
2025-04-21 11:33:13 [main] INFO  com.example.mqtt.ConnectService - Connecting to broker...
2025-04-21 11:33:13 [main] ERROR com.example.mqtt.ConnectService - Error connecting to broker: MqttException
2025-04-21 11:33:18 [main] INFO  com.example.mqtt.ConnectService - Connecting to broker...
2025-04-21 11:33:18 [main] ERROR com.example.mqtt.ConnectService - Error connecting to broker: MqttException
2025-04-21 11:33:23 [main] INFO  com.example.mqtt.ConnectService - Connecting to broker...
2025-04-21 11:33:23 [main] ERROR com.example.mqtt.ConnectService - Error connecting to broker: MqttException
2025-04-21 11:33:28 [main] INFO  com.example.mqtt.ConnectService - Connecting to broker...
2025-04-21 11:33:28 [main] ERROR com.example.mqtt.ConnectService - Error connecting to broker: MqttException
2025-04-21 11:33:33 [main] INFO  com.example.mqtt.ConnectService - Connecting to broker...
2025-04-21 11:33:33 [main] ERROR com.example.mqtt.ConnectService - Error connecting to broker: MqttException
2025-04-21 11:33:38 [main] INFO  com.example.mqtt.ConnectService - Connecting to broker...
2025-04-21 11:33:38 [main] ERROR com.example.mqtt.ConnectService - Error connecting to broker: MqttException
2025-04-21 11:33:43 [main] INFO  com.example.mqtt.ConnectService - Connecting to broker...
2025-04-21 11:33:43 [main] ERROR com.example.mqtt.ConnectService - Error connecting to broker: MqttException
2025-04-21 11:33:48 [main] INFO  com.example.mqtt.ConnectService - Connecting to broker...
2025-04-21 11:33:48 [main] ERROR com.example.mqtt.ConnectService - Error connecting to broker: MqttException
2025-04-21 11:33:53 [main] INFO  com.example.mqtt.ConnectService - Connecting to broker...
2025-04-21 11:33:53 [main] ERROR com.example.mqtt.ConnectService - Error connecting to broker: MqttException
2025-04-21 11:33:58 [main] INFO  com.example.mqtt.ConnectService - Connecting to broker...
2025-04-21 11:33:58 [main] ERROR com.example.mqtt.ConnectService - Error connecting to broker: MqttException
2025-04-21 11:34:03 [main] INFO  com.example.mqtt.ConnectService - Connecting to broker...
2025-04-21 11:34:03 [main] ERROR com.example.mqtt.ConnectService - Error connecting to broker: MqttException
2025-04-21 11:34:08 [main] INFO  com.example.mqtt.ConnectService - Connecting to broker...
2025-04-21 11:34:08 [main] ERROR com.example.mqtt.ConnectService - Error connecting to broker: MqttException
2025-04-21 11:34:13 [main] INFO  com.example.mqtt.ConnectService - Connecting to broker...
2025-04-21 11:34:13 [main] ERROR com.example.mqtt.ConnectService - Error connecting to broker: MqttException
2025-04-21 11:34:18 [main] INFO  com.example.mqtt.ConnectService - Connecting to broker...
2025-04-21 11:34:18 [main] ERROR com.example.mqtt.ConnectService - Error connecting to broker: MqttException
2025-04-21 11:34:23 [main] INFO  com.example.mqtt.ConnectService - Connecting to broker...
2025-04-21 11:34:23 [main] ERROR com.example.mqtt.ConnectService - Error connecting to broker: MqttException
2025-04-21 11:34:28 [main] INFO  com.example.mqtt.ConnectService - Connecting to broker...
2025-04-21 11:34:28 [main] ERROR com.example.mqtt.ConnectService - Error connecting to broker: MqttException
2025-04-21 11:34:33 [main] INFO  com.example.mqtt.ConnectService - Connecting to broker...
2025-04-21 11:34:33 [main] ERROR com.example.mqtt.ConnectService - Error connecting to broker: MqttException
2025-04-21 11:34:38 [main] INFO  com.example.mqtt.ConnectService - Connecting to broker...
2025-04-21 11:34:38 [main] ERROR com.example.mqtt.ConnectService - Error connecting to broker: MqttException
2025-04-21 11:34:43 [main] INFO  com.example.mqtt.ConnectService - Connecting to broker...
2025-04-21 11:34:43 [main] ERROR com.example.mqtt.ConnectService - Error connecting to broker: MqttException
2025-04-21 11:34:48 [main] INFO  com.example.mqtt.ConnectService - Connecting to broker...
2025-04-21 11:34:48 [main] ERROR com.example.mqtt.ConnectService - Error connecting to broker: MqttException
2025-04-21 11:34:53 [main] INFO  com.example.mqtt.ConnectService - Connecting to broker...
2025-04-21 11:34:53 [main] ERROR com.example.mqtt.ConnectService - Error connecting to broker: MqttException
2025-04-21 11:34:58 [main] INFO  com.example.mqtt.ConnectService - Connecting to broker...
2025-04-21 11:34:58 [main] ERROR com.example.mqtt.ConnectService - Error connecting to broker: MqttException
2025-04-21 11:35:03 [main] INFO  com.example.mqtt.ConnectService - Connecting to broker...
2025-04-21 11:35:03 [main] ERROR com.example.mqtt.ConnectService - Error connecting to broker: MqttException
2025-04-21 11:35:08 [main] INFO  com.example.mqtt.ConnectService - Connecting to broker...
2025-04-21 11:35:08 [main] ERROR com.example.mqtt.ConnectService - Error connecting to broker: MqttException
2025-04-21 11:35:13 [main] INFO  com.example.mqtt.ConnectService - Connecting to broker...
2025-04-21 11:35:13 [main] ERROR com.example.mqtt.ConnectService - Error connecting to broker: MqttException
2025-04-21 11:35:18 [main] INFO  com.example.mqtt.ConnectService - Connecting to broker...
2025-04-21 11:35:18 [main] ERROR com.example.mqtt.ConnectService - Error connecting to broker: MqttException
2025-04-21 11:35:23 [main] INFO  com.example.mqtt.ConnectService - Connecting to broker...
2025-04-21 11:35:23 [main] ERROR com.example.mqtt.ConnectService - Error connecting to broker: MqttException
2025-04-21 11:35:28 [main] INFO  com.example.mqtt.ConnectService - Connecting to broker...
2025-04-21 11:35:28 [main] ERROR com.example.mqtt.ConnectService - Error connecting to broker: MqttException
2025-04-21 11:35:33 [main] INFO  com.example.mqtt.ConnectService - Connecting to broker...
2025-04-21 11:35:33 [main] ERROR com.example.mqtt.ConnectService - Error connecting to broker: MqttException
2025-04-21 11:35:38 [main] INFO  com.example.mqtt.ConnectService - Connecting to broker...
2025-04-21 11:35:38 [main] ERROR com.example.mqtt.ConnectService - Error connecting to broker: MqttException
2025-04-21 11:35:43 [main] INFO  com.example.mqtt.ConnectService - Connecting to broker...
2025-04-21 11:35:43 [main] ERROR com.example.mqtt.ConnectService - Error connecting to broker: MqttException
2025-04-21 11:35:48 [main] INFO  com.example.mqtt.ConnectService - Connecting to broker...
2025-04-21 11:35:48 [main] ERROR com.example.mqtt.ConnectService - Error connecting to broker: MqttException
2025-04-21 11:35:53 [main] INFO  com.example.mqtt.ConnectService - Connecting to broker...
2025-04-21 11:35:53 [main] ERROR com.example.mqtt.ConnectService - Error connecting to broker: MqttException
2025-04-21 11:35:58 [main] INFO  com.example.mqtt.ConnectService - Connecting to broker...
2025-04-21 11:35:58 [main] ERROR com.example.mqtt.ConnectService - Error connecting to broker: MqttException
2025-04-21 11:36:03 [main] INFO  com.example.mqtt.ConnectService - Connecting to broker...
2025-04-21 11:36:03 [main] ERROR com.example.mqtt.ConnectService - Error connecting to broker: MqttException
2025-04-21 11:36:08 [main] INFO  com.example.mqtt.ConnectService - Connecting to broker...
2025-04-21 11:36:08 [main] ERROR com.example.mqtt.ConnectService - Error connecting to broker: MqttException
2025-04-21 11:36:13 [main] INFO  com.example.mqtt.ConnectService - Connecting to broker...
2025-04-21 11:36:13 [main] ERROR com.example.mqtt.ConnectService - Error connecting to broker: MqttException
2025-04-21 11:36:18 [main] INFO  com.example.mqtt.ConnectService - Connecting to broker...
2025-04-21 11:36:18 [main] ERROR com.example.mqtt.ConnectService - Error connecting to broker: MqttException
2025-04-21 11:36:23 [main] INFO  com.example.mqtt.ConnectService - Connecting to broker...
2025-04-21 11:36:23 [main] ERROR com.example.mqtt.ConnectService - Error connecting to broker: MqttException
2025-04-21 11:36:28 [main] INFO  com.example.mqtt.ConnectService - Connecting to broker...
2025-04-21 11:36:28 [main] ERROR com.example.mqtt.ConnectService - Error connecting to broker: MqttException
2025-04-21 11:36:33 [main] INFO  com.example.mqtt.ConnectService - Connecting to broker...
2025-04-21 11:36:33 [main] ERROR com.example.mqtt.ConnectService - Error connecting to broker: MqttException
2025-04-21 11:36:38 [main] INFO  com.example.mqtt.ConnectService - Connecting to broker...
2025-04-21 11:36:38 [main] ERROR com.example.mqtt.ConnectService - Error connecting to broker: MqttException
2025-04-21 11:36:43 [main] INFO  com.example.mqtt.ConnectService - Connecting to broker...
2025-04-21 11:36:43 [main] ERROR com.example.mqtt.ConnectService - Error connecting to broker: MqttException
2025-04-21 11:36:48 [main] INFO  com.example.mqtt.ConnectService - Connecting to broker...
2025-04-21 11:36:48 [main] ERROR com.example.mqtt.ConnectService - Error connecting to broker: MqttException
2025-04-21 11:36:53 [main] INFO  com.example.mqtt.ConnectService - Connecting to broker...
2025-04-21 11:36:53 [main] ERROR com.example.mqtt.ConnectService - Error connecting to broker: MqttException
2025-04-21 11:36:58 [main] INFO  com.example.mqtt.ConnectService - Connecting to broker...
2025-04-21 11:36:58 [main] ERROR com.example.mqtt.ConnectService - Error connecting to broker: MqttException
2025-04-21 11:37:03 [main] INFO  com.example.mqtt.ConnectService - Connecting to broker...
2025-04-21 11:37:03 [main] ERROR com.example.mqtt.ConnectService - Error connecting to broker: MqttException
2025-04-21 11:37:08 [main] INFO  com.example.mqtt.ConnectService - Connecting to broker...
2025-04-21 11:37:09 [main] ERROR com.example.mqtt.ConnectService - Error connecting to broker: MqttException
2025-04-21 11:37:14 [main] INFO  com.example.mqtt.ConnectService - Connecting to broker...
2025-04-21 11:37:14 [main] ERROR com.example.mqtt.ConnectService - Error connecting to broker: MqttException
2025-04-21 11:37:19 [main] INFO  com.example.mqtt.ConnectService - Connecting to broker...
2025-04-21 11:37:19 [main] ERROR com.example.mqtt.ConnectService - Error connecting to broker: MqttException
2025-04-21 11:37:24 [main] INFO  com.example.mqtt.ConnectService - Connecting to broker...
2025-04-21 11:37:24 [main] ERROR com.example.mqtt.ConnectService - Error connecting to broker: MqttException
2025-04-21 11:37:29 [main] INFO  com.example.mqtt.ConnectService - Connecting to broker...
2025-04-21 11:37:29 [main] ERROR com.example.mqtt.ConnectService - Error connecting to broker: MqttException
2025-04-21 11:37:34 [main] INFO  com.example.mqtt.ConnectService - Connecting to broker...
2025-04-21 11:37:34 [main] ERROR com.example.mqtt.ConnectService - Error connecting to broker: MqttException
2025-04-21 11:37:39 [main] INFO  com.example.mqtt.ConnectService - Connecting to broker...
2025-04-21 11:37:39 [main] ERROR com.example.mqtt.ConnectService - Error connecting to broker: MqttException
2025-04-21 11:37:44 [main] INFO  com.example.mqtt.ConnectService - Connecting to broker...
2025-04-21 11:37:44 [main] ERROR com.example.mqtt.ConnectService - Error connecting to broker: MqttException
2025-04-21 11:37:49 [main] INFO  com.example.mqtt.ConnectService - Connecting to broker...
2025-04-21 11:37:49 [main] ERROR com.example.mqtt.ConnectService - Error connecting to broker: MqttException
2025-04-21 11:37:54 [main] INFO  com.example.mqtt.ConnectService - Connecting to broker...
2025-04-21 11:37:54 [main] ERROR com.example.mqtt.ConnectService - Error connecting to broker: MqttException
2025-04-21 11:37:59 [main] INFO  com.example.mqtt.ConnectService - Connecting to broker...
2025-04-21 11:37:59 [main] ERROR com.example.mqtt.ConnectService - Error connecting to broker: MqttException
2025-04-21 11:38:04 [main] INFO  com.example.mqtt.ConnectService - Connecting to broker...
2025-04-21 11:38:04 [main] ERROR com.example.mqtt.ConnectService - Error connecting to broker: MqttException
2025-04-21 11:38:09 [main] INFO  com.example.mqtt.ConnectService - Connecting to broker...
2025-04-21 11:38:09 [main] ERROR com.example.mqtt.ConnectService - Error connecting to broker: MqttException
2025-04-21 11:38:14 [main] INFO  com.example.mqtt.ConnectService - Connecting to broker...
2025-04-21 11:38:14 [main] ERROR com.example.mqtt.ConnectService - Error connecting to broker: MqttException
2025-04-21 11:38:19 [main] INFO  com.example.mqtt.ConnectService - Connecting to broker...
2025-04-21 11:38:19 [main] ERROR com.example.mqtt.ConnectService - Error connecting to broker: MqttException
2025-04-21 11:38:24 [main] INFO  com.example.mqtt.ConnectService - Connecting to broker...
2025-04-21 11:38:24 [main] ERROR com.example.mqtt.ConnectService - Error connecting to broker: MqttException
2025-04-21 11:38:29 [main] INFO  com.example.mqtt.ConnectService - Connecting to broker...
2025-04-21 11:38:29 [main] ERROR com.example.mqtt.ConnectService - Error connecting to broker: MqttException
2025-04-21 11:38:34 [main] INFO  com.example.mqtt.ConnectService - Connecting to broker...
2025-04-21 11:38:34 [main] ERROR com.example.mqtt.ConnectService - Error connecting to broker: MqttException
2025-04-21 11:38:39 [main] INFO  com.example.mqtt.ConnectService - Connecting to broker...
2025-04-21 11:38:39 [main] ERROR com.example.mqtt.ConnectService - Error connecting to broker: MqttException
2025-04-21 11:38:44 [main] INFO  com.example.mqtt.ConnectService - Connecting to broker...
2025-04-21 11:38:44 [main] ERROR com.example.mqtt.ConnectService - Error connecting to broker: MqttException
2025-04-21 11:38:49 [main] INFO  com.example.mqtt.ConnectService - Connecting to broker...
2025-04-21 11:38:49 [main] ERROR com.example.mqtt.ConnectService - Error connecting to broker: MqttException
2025-04-21 11:38:54 [main] INFO  com.example.mqtt.ConnectService - Connecting to broker...
2025-04-21 11:38:54 [main] ERROR com.example.mqtt.ConnectService - Error connecting to broker: MqttException
2025-04-21 11:38:59 [main] INFO  com.example.mqtt.ConnectService - Connecting to broker...
2025-04-21 11:38:59 [main] ERROR com.example.mqtt.ConnectService - Error connecting to broker: MqttException
2025-04-21 11:39:04 [main] INFO  com.example.mqtt.ConnectService - Connecting to broker...
2025-04-21 11:39:04 [main] ERROR com.example.mqtt.ConnectService - Error connecting to broker: MqttException
2025-04-21 11:39:09 [main] INFO  com.example.mqtt.ConnectService - Connecting to broker...
2025-04-21 11:39:09 [main] ERROR com.example.mqtt.ConnectService - Error connecting to broker: MqttException
2025-04-21 11:39:14 [main] INFO  com.example.mqtt.ConnectService - Connecting to broker...
2025-04-21 11:39:14 [main] ERROR com.example.mqtt.ConnectService - Error connecting to broker: MqttException
2025-04-21 11:39:19 [main] INFO  com.example.mqtt.ConnectService - Connecting to broker...
2025-04-21 11:39:19 [main] ERROR com.example.mqtt.ConnectService - Error connecting to broker: MqttException
2025-04-21 11:39:24 [main] INFO  com.example.mqtt.ConnectService - Connecting to broker...
2025-04-21 11:39:24 [main] ERROR com.example.mqtt.ConnectService - Error connecting to broker: MqttException
2025-04-21 11:39:29 [main] INFO  com.example.mqtt.ConnectService - Connecting to broker...
2025-04-21 11:39:29 [main] ERROR com.example.mqtt.ConnectService - Error connecting to broker: MqttException
2025-04-21 11:39:34 [main] INFO  com.example.mqtt.ConnectService - Connecting to broker...
2025-04-21 11:39:34 [main] ERROR com.example.mqtt.ConnectService - Error connecting to broker: MqttException
2025-04-21 11:39:39 [main] INFO  com.example.mqtt.ConnectService - Connecting to broker...
2025-04-21 11:39:39 [main] ERROR com.example.mqtt.ConnectService - Error connecting to broker: MqttException
2025-04-21 11:39:44 [main] INFO  com.example.mqtt.ConnectService - Connecting to broker...
2025-04-21 11:39:44 [main] ERROR com.example.mqtt.ConnectService - Error connecting to broker: MqttException
2025-04-21 11:39:49 [main] INFO  com.example.mqtt.ConnectService - Connecting to broker...
2025-04-21 11:39:49 [main] ERROR com.example.mqtt.ConnectService - Error connecting to broker: MqttException
2025-04-21 11:39:54 [main] INFO  com.example.mqtt.ConnectService - Connecting to broker...
2025-04-21 11:39:54 [main] ERROR com.example.mqtt.ConnectService - Error connecting to broker: MqttException
2025-04-21 11:39:59 [main] INFO  com.example.mqtt.ConnectService - Connecting to broker...
2025-04-21 11:39:59 [main] ERROR com.example.mqtt.ConnectService - Error connecting to broker: MqttException
2025-04-21 11:40:04 [main] INFO  com.example.mqtt.ConnectService - Connecting to broker...
2025-04-21 11:40:04 [main] ERROR com.example.mqtt.ConnectService - Error connecting to broker: MqttException
2025-04-21 11:40:09 [main] INFO  com.example.mqtt.ConnectService - Connecting to broker...
2025-04-21 11:40:09 [main] ERROR com.example.mqtt.ConnectService - Error connecting to broker: MqttException
2025-04-21 11:40:14 [main] INFO  com.example.mqtt.ConnectService - Connecting to broker...
2025-04-21 11:40:14 [main] ERROR com.example.mqtt.ConnectService - Error connecting to broker: MqttException
2025-04-21 11:40:19 [main] INFO  com.example.mqtt.ConnectService - Connecting to broker...
2025-04-21 11:40:19 [main] ERROR com.example.mqtt.ConnectService - Error connecting to broker: MqttException
2025-04-21 11:40:24 [main] INFO  com.example.mqtt.ConnectService - Connecting to broker...
2025-04-21 11:40:24 [main] ERROR com.example.mqtt.ConnectService - Error connecting to broker: MqttException
2025-04-21 11:40:29 [main] INFO  com.example.mqtt.ConnectService - Connecting to broker...
2025-04-21 11:40:29 [main] ERROR com.example.mqtt.ConnectService - Error connecting to broker: MqttException
2025-04-21 11:40:34 [main] INFO  com.example.mqtt.ConnectService - Connecting to broker...
2025-04-21 11:40:34 [main] ERROR com.example.mqtt.ConnectService - Error connecting to broker: MqttException
2025-04-21 11:40:39 [main] INFO  com.example.mqtt.ConnectService - Connecting to broker...
2025-04-21 11:40:39 [main] ERROR com.example.mqtt.ConnectService - Error connecting to broker: MqttException
2025-04-21 11:40:44 [main] INFO  com.example.mqtt.ConnectService - Connecting to broker...
2025-04-21 11:40:44 [main] ERROR com.example.mqtt.ConnectService - Error connecting to broker: MqttException
2025-04-21 11:40:49 [main] INFO  com.example.mqtt.ConnectService - Connecting to broker...
2025-04-21 11:40:49 [main] ERROR com.example.mqtt.ConnectService - Error connecting to broker: MqttException
2025-04-21 11:40:54 [main] INFO  com.example.mqtt.ConnectService - Connecting to broker...
2025-04-21 11:40:54 [main] ERROR com.example.mqtt.ConnectService - Error connecting to broker: MqttException
2025-04-21 11:40:59 [main] INFO  com.example.mqtt.ConnectService - Connecting to broker...
2025-04-21 11:40:59 [main] ERROR com.example.mqtt.ConnectService - Error connecting to broker: MqttException
2025-04-21 11:41:04 [main] INFO  com.example.mqtt.ConnectService - Connecting to broker...
2025-04-21 11:41:04 [main] ERROR com.example.mqtt.ConnectService - Error connecting to broker: MqttException
2025-04-21 11:41:09 [main] INFO  com.example.mqtt.ConnectService - Connecting to broker...
2025-04-21 11:41:09 [main] ERROR com.example.mqtt.ConnectService - Error connecting to broker: MqttException
2025-04-21 11:41:14 [main] INFO  com.example.mqtt.ConnectService - Connecting to broker...
2025-04-21 11:41:14 [main] ERROR com.example.mqtt.ConnectService - Error connecting to broker: MqttException
2025-04-21 11:41:19 [main] INFO  com.example.mqtt.ConnectService - Connecting to broker...
2025-04-21 11:41:19 [main] ERROR com.example.mqtt.ConnectService - Error connecting to broker: MqttException
2025-04-21 11:41:24 [main] INFO  com.example.mqtt.ConnectService - Connecting to broker...
2025-04-21 11:41:24 [main] ERROR com.example.mqtt.ConnectService - Error connecting to broker: MqttException
2025-04-21 11:41:29 [main] INFO  com.example.mqtt.ConnectService - Connecting to broker...
2025-04-21 11:41:29 [main] ERROR com.example.mqtt.ConnectService - Error connecting to broker: MqttException
2025-04-21 11:41:34 [main] INFO  com.example.mqtt.ConnectService - Connecting to broker...
2025-04-21 11:41:34 [main] ERROR com.example.mqtt.ConnectService - Error connecting to broker: MqttException
2025-04-21 11:41:39 [main] INFO  com.example.mqtt.ConnectService - Connecting to broker...
2025-04-21 11:41:39 [main] ERROR com.example.mqtt.ConnectService - Error connecting to broker: MqttException
2025-04-21 11:41:44 [main] INFO  com.example.mqtt.ConnectService - Connecting to broker...
2025-04-21 11:41:44 [main] ERROR com.example.mqtt.ConnectService - Error connecting to broker: MqttException
2025-04-21 11:41:49 [main] INFO  com.example.mqtt.ConnectService - Connecting to broker...
2025-04-21 11:41:49 [main] ERROR com.example.mqtt.ConnectService - Error connecting to broker: MqttException
2025-04-21 11:41:54 [main] INFO  com.example.mqtt.ConnectService - Connecting to broker...
2025-04-21 11:41:54 [main] ERROR com.example.mqtt.ConnectService - Error connecting to broker: MqttException
2025-04-21 11:41:59 [main] INFO  com.example.mqtt.ConnectService - Connecting to broker...
2025-04-21 11:41:59 [main] ERROR com.example.mqtt.ConnectService - Error connecting to broker: MqttException
2025-04-21 11:42:04 [main] INFO  com.example.mqtt.ConnectService - Connecting to broker...
2025-04-21 11:42:04 [main] ERROR com.example.mqtt.ConnectService - Error connecting to broker: MqttException
2025-04-21 11:42:09 [main] INFO  com.example.mqtt.ConnectService - Connecting to broker...
2025-04-21 11:42:09 [main] ERROR com.example.mqtt.ConnectService - Error connecting to broker: MqttException
2025-04-21 11:42:14 [main] INFO  com.example.mqtt.ConnectService - Connecting to broker...
2025-04-21 11:42:14 [main] ERROR com.example.mqtt.ConnectService - Error connecting to broker: MqttException
2025-04-21 11:42:19 [main] INFO  com.example.mqtt.ConnectService - Connecting to broker...
2025-04-21 11:42:19 [main] ERROR com.example.mqtt.ConnectService - Error connecting to broker: MqttException
2025-04-21 11:42:24 [main] INFO  com.example.mqtt.ConnectService - Connecting to broker...
2025-04-21 11:42:24 [main] ERROR com.example.mqtt.ConnectService - Error connecting to broker: MqttException
2025-04-21 11:42:29 [main] INFO  com.example.mqtt.ConnectService - Connecting to broker...
2025-04-21 11:42:29 [main] ERROR com.example.mqtt.ConnectService - Error connecting to broker: MqttException
2025-04-21 11:42:34 [main] INFO  com.example.mqtt.ConnectService - Connecting to broker...
2025-04-21 11:42:34 [main] ERROR com.example.mqtt.ConnectService - Error connecting to broker: MqttException
2025-04-21 11:42:39 [main] INFO  com.example.mqtt.ConnectService - Connecting to broker...
2025-04-21 11:42:39 [main] ERROR com.example.mqtt.ConnectService - Error connecting to broker: MqttException
2025-04-21 11:42:44 [main] INFO  com.example.mqtt.ConnectService - Connecting to broker...
2025-04-21 11:42:44 [main] ERROR com.example.mqtt.ConnectService - Error connecting to broker: MqttException
2025-04-21 11:42:49 [main] INFO  com.example.mqtt.ConnectService - Connecting to broker...
2025-04-21 11:42:49 [main] ERROR com.example.mqtt.ConnectService - Error connecting to broker: MqttException
2025-04-21 11:42:54 [main] INFO  com.example.mqtt.ConnectService - Connecting to broker...
2025-04-21 11:42:54 [main] ERROR com.example.mqtt.ConnectService - Error connecting to broker: MqttException
2025-04-21 11:42:59 [main] INFO  com.example.mqtt.ConnectService - Connecting to broker...
2025-04-21 11:42:59 [main] ERROR com.example.mqtt.ConnectService - Error connecting to broker: MqttException
2025-04-21 11:43:04 [main] INFO  com.example.mqtt.ConnectService - Connecting to broker...
2025-04-21 11:43:04 [main] ERROR com.example.mqtt.ConnectService - Error connecting to broker: MqttException
2025-04-21 11:43:09 [main] INFO  com.example.mqtt.ConnectService - Connecting to broker...
2025-04-21 11:43:09 [main] ERROR com.example.mqtt.ConnectService - Error connecting to broker: MqttException
2025-04-21 11:43:14 [main] INFO  com.example.mqtt.ConnectService - Connecting to broker...
2025-04-21 11:43:14 [main] ERROR com.example.mqtt.ConnectService - Error connecting to broker: MqttException
2025-04-21 11:43:19 [main] INFO  com.example.mqtt.ConnectService - Connecting to broker...
2025-04-21 11:43:19 [main] ERROR com.example.mqtt.ConnectService - Error connecting to broker: MqttException
2025-04-21 11:43:24 [main] INFO  com.example.mqtt.ConnectService - Connecting to broker...
2025-04-21 11:43:24 [main] ERROR com.example.mqtt.ConnectService - Error connecting to broker: MqttException
2025-04-21 11:43:29 [main] INFO  com.example.mqtt.ConnectService - Connecting to broker...
2025-04-21 11:43:29 [main] ERROR com.example.mqtt.ConnectService - Error connecting to broker: MqttException
2025-04-21 11:43:34 [main] INFO  com.example.mqtt.ConnectService - Connecting to broker...
2025-04-21 11:43:34 [main] ERROR com.example.mqtt.ConnectService - Error connecting to broker: MqttException
2025-04-21 11:43:39 [main] INFO  com.example.mqtt.ConnectService - Connecting to broker...
2025-04-21 11:43:39 [main] ERROR com.example.mqtt.ConnectService - Error connecting to broker: MqttException
2025-04-21 11:43:44 [main] INFO  com.example.mqtt.ConnectService - Connecting to broker...
2025-04-21 11:43:44 [main] ERROR com.example.mqtt.ConnectService - Error connecting to broker: MqttException
2025-04-21 11:43:49 [main] INFO  com.example.mqtt.ConnectService - Connecting to broker...
2025-04-21 11:43:49 [main] ERROR com.example.mqtt.ConnectService - Error connecting to broker: MqttException
2025-04-21 11:43:54 [main] INFO  com.example.mqtt.ConnectService - Connecting to broker...
2025-04-21 11:43:54 [main] ERROR com.example.mqtt.ConnectService - Error connecting to broker: MqttException
2025-04-21 11:43:59 [main] INFO  com.example.mqtt.ConnectService - Connecting to broker...
2025-04-21 11:43:59 [main] ERROR com.example.mqtt.ConnectService - Error connecting to broker: MqttException
2025-04-21 11:44:04 [main] INFO  com.example.mqtt.ConnectService - Connecting to broker...
2025-04-21 11:44:04 [main] ERROR com.example.mqtt.ConnectService - Error connecting to broker: MqttException
2025-04-21 11:44:09 [main] INFO  com.example.mqtt.ConnectService - Connecting to broker...
2025-04-21 11:44:09 [main] ERROR com.example.mqtt.ConnectService - Error connecting to broker: MqttException
2025-04-21 11:44:14 [main] INFO  com.example.mqtt.ConnectService - Connecting to broker...
2025-04-21 11:44:14 [main] ERROR com.example.mqtt.ConnectService - Error connecting to broker: MqttException
2025-04-21 11:44:19 [main] INFO  com.example.mqtt.ConnectService - Connecting to broker...
2025-04-21 11:44:19 [main] ERROR com.example.mqtt.ConnectService - Error connecting to broker: MqttException
2025-04-21 11:44:24 [main] INFO  com.example.mqtt.ConnectService - Connecting to broker...
2025-04-21 11:44:24 [main] ERROR com.example.mqtt.ConnectService - Error connecting to broker: MqttException
2025-04-21 11:44:29 [main] INFO  com.example.mqtt.ConnectService - Connecting to broker...
2025-04-21 11:44:29 [main] ERROR com.example.mqtt.ConnectService - Error connecting to broker: MqttException
2025-04-21 11:44:34 [main] INFO  com.example.mqtt.ConnectService - Connecting to broker...
2025-04-21 11:44:34 [main] ERROR com.example.mqtt.ConnectService - Error connecting to broker: MqttException
2025-04-21 11:44:39 [main] INFO  com.example.mqtt.ConnectService - Connecting to broker...
2025-04-21 11:44:39 [main] ERROR com.example.mqtt.ConnectService - Error connecting to broker: MqttException
2025-04-21 11:44:44 [main] INFO  com.example.mqtt.ConnectService - Connecting to broker...
2025-04-21 11:44:44 [main] ERROR com.example.mqtt.ConnectService - Error connecting to broker: MqttException
2025-04-21 11:44:49 [main] INFO  com.example.mqtt.ConnectService - Connecting to broker...
2025-04-21 11:44:49 [main] ERROR com.example.mqtt.ConnectService - Error connecting to broker: MqttException
2025-04-21 11:44:54 [main] INFO  com.example.mqtt.ConnectService - Connecting to broker...
2025-04-21 11:44:54 [main] ERROR com.example.mqtt.ConnectService - Error connecting to broker: MqttException
2025-04-21 11:44:59 [main] INFO  com.example.mqtt.ConnectService - Connecting to broker...
2025-04-21 11:44:59 [main] ERROR com.example.mqtt.ConnectService - Error connecting to broker: MqttException
2025-04-21 11:45:04 [main] INFO  com.example.mqtt.ConnectService - Connecting to broker...
2025-04-21 11:45:04 [main] ERROR com.example.mqtt.ConnectService - Error connecting to broker: MqttException
2025-04-21 11:45:09 [main] INFO  com.example.mqtt.ConnectService - Connecting to broker...
2025-04-21 11:45:09 [main] ERROR com.example.mqtt.ConnectService - Error connecting to broker: MqttException
2025-04-21 11:45:14 [main] INFO  com.example.mqtt.ConnectService - Connecting to broker...
2025-04-21 11:45:14 [main] ERROR com.example.mqtt.ConnectService - Error connecting to broker: MqttException
2025-04-21 11:45:19 [main] INFO  com.example.mqtt.ConnectService - Connecting to broker...
2025-04-21 11:45:19 [main] ERROR com.example.mqtt.ConnectService - Error connecting to broker: MqttException
2025-04-21 11:45:24 [main] INFO  com.example.mqtt.ConnectService - Connecting to broker...
2025-04-21 11:45:24 [main] ERROR com.example.mqtt.ConnectService - Error connecting to broker: MqttException
2025-04-21 11:45:29 [main] INFO  com.example.mqtt.ConnectService - Connecting to broker...
2025-04-21 11:45:29 [main] ERROR com.example.mqtt.ConnectService - Error connecting to broker: MqttException
2025-04-21 11:45:34 [main] INFO  com.example.mqtt.ConnectService - Connecting to broker...
2025-04-21 11:45:34 [main] ERROR com.example.mqtt.ConnectService - Error connecting to broker: MqttException
2025-04-21 11:45:39 [main] INFO  com.example.mqtt.ConnectService - Connecting to broker...
2025-04-21 11:45:39 [main] ERROR com.example.mqtt.ConnectService - Error connecting to broker: MqttException
2025-04-21 11:45:44 [main] INFO  com.example.mqtt.ConnectService - Connecting to broker...
2025-04-21 11:45:44 [main] ERROR com.example.mqtt.ConnectService - Error connecting to broker: MqttException
2025-04-21 11:45:49 [main] INFO  com.example.mqtt.ConnectService - Connecting to broker...
2025-04-21 11:45:49 [main] ERROR com.example.mqtt.ConnectService - Error connecting to broker: MqttException
2025-04-21 11:45:54 [main] INFO  com.example.mqtt.ConnectService - Connecting to broker...
2025-04-21 11:45:54 [main] ERROR com.example.mqtt.ConnectService - Error connecting to broker: MqttException
2025-04-21 11:45:59 [main] INFO  com.example.mqtt.ConnectService - Connecting to broker...
2025-04-21 11:45:59 [main] ERROR com.example.mqtt.ConnectService - Error connecting to broker: MqttException
2025-04-21 11:46:04 [main] INFO  com.example.mqtt.ConnectService - Connecting to broker...
2025-04-21 11:46:04 [main] ERROR com.example.mqtt.ConnectService - Error connecting to broker: MqttException
2025-04-21 11:46:09 [main] INFO  com.example.mqtt.ConnectService - Connecting to broker...
2025-04-21 11:46:09 [main] ERROR com.example.mqtt.ConnectService - Error connecting to broker: MqttException
2025-04-21 11:46:14 [main] INFO  com.example.mqtt.ConnectService - Connecting to broker...
2025-04-21 11:46:14 [main] ERROR com.example.mqtt.ConnectService - Error connecting to broker: MqttException
2025-04-21 11:46:19 [main] INFO  com.example.mqtt.ConnectService - Connecting to broker...
2025-04-21 11:46:19 [main] ERROR com.example.mqtt.ConnectService - Error connecting to broker: MqttException
2025-04-21 11:46:24 [main] INFO  com.example.mqtt.ConnectService - Connecting to broker...
2025-04-21 11:46:24 [main] ERROR com.example.mqtt.ConnectService - Error connecting to broker: MqttException
2025-04-21 11:46:29 [main] INFO  com.example.mqtt.ConnectService - Connecting to broker...
2025-04-21 11:46:29 [main] ERROR com.example.mqtt.ConnectService - Error connecting to broker: MqttException
2025-04-21 11:46:34 [main] INFO  com.example.mqtt.ConnectService - Connecting to broker...
2025-04-21 11:46:34 [main] ERROR com.example.mqtt.ConnectService - Error connecting to broker: MqttException
2025-04-21 11:46:39 [main] INFO  com.example.mqtt.ConnectService - Connecting to broker...
2025-04-21 11:46:39 [main] ERROR com.example.mqtt.ConnectService - Error connecting to broker: MqttException
2025-04-21 11:46:44 [main] INFO  com.example.mqtt.ConnectService - Connecting to broker...
2025-04-21 11:46:44 [main] ERROR com.example.mqtt.ConnectService - Error connecting to broker: MqttException
2025-04-21 11:46:49 [main] INFO  com.example.mqtt.ConnectService - Connecting to broker...
2025-04-21 11:46:49 [main] ERROR com.example.mqtt.ConnectService - Error connecting to broker: MqttException
2025-04-21 11:46:54 [main] INFO  com.example.mqtt.ConnectService - Connecting to broker...
2025-04-21 11:46:54 [main] ERROR com.example.mqtt.ConnectService - Error connecting to broker: MqttException
2025-04-21 11:46:59 [main] INFO  com.example.mqtt.ConnectService - Connecting to broker...
2025-04-21 11:46:59 [main] ERROR com.example.mqtt.ConnectService - Error connecting to broker: MqttException
2025-04-21 11:47:04 [main] INFO  com.example.mqtt.ConnectService - Connecting to broker...
2025-04-21 11:47:04 [main] ERROR com.example.mqtt.ConnectService - Error connecting to broker: MqttException
2025-04-21 11:47:09 [main] INFO  com.example.mqtt.ConnectService - Connecting to broker...
2025-04-21 11:47:09 [main] ERROR com.example.mqtt.ConnectService - Error connecting to broker: MqttException
2025-04-21 11:47:14 [main] INFO  com.example.mqtt.ConnectService - Connecting to broker...
2025-04-21 11:47:14 [main] ERROR com.example.mqtt.ConnectService - Error connecting to broker: MqttException
2025-04-21 11:47:19 [main] INFO  com.example.mqtt.ConnectService - Connecting to broker...
2025-04-21 11:47:19 [main] ERROR com.example.mqtt.ConnectService - Error connecting to broker: MqttException
2025-04-21 11:47:24 [main] INFO  com.example.mqtt.ConnectService - Connecting to broker...
2025-04-21 11:47:24 [main] ERROR com.example.mqtt.ConnectService - Error connecting to broker: MqttException
2025-04-21 11:47:29 [main] INFO  com.example.mqtt.ConnectService - Connecting to broker...
2025-04-21 11:47:29 [main] ERROR com.example.mqtt.ConnectService - Error connecting to broker: MqttException
2025-04-21 11:47:34 [main] INFO  com.example.mqtt.ConnectService - Connecting to broker...
2025-04-21 11:47:34 [main] ERROR com.example.mqtt.ConnectService - Error connecting to broker: MqttException
2025-04-21 11:47:39 [main] INFO  com.example.mqtt.ConnectService - Connecting to broker...
2025-04-21 11:47:39 [main] ERROR com.example.mqtt.ConnectService - Error connecting to broker: MqttException
2025-04-21 11:47:44 [main] INFO  com.example.mqtt.ConnectService - Connecting to broker...
2025-04-21 11:47:44 [main] ERROR com.example.mqtt.ConnectService - Error connecting to broker: MqttException
2025-04-21 11:47:49 [main] INFO  com.example.mqtt.ConnectService - Connecting to broker...
2025-04-21 11:47:49 [main] ERROR com.example.mqtt.ConnectService - Error connecting to broker: MqttException
2025-04-21 11:47:54 [main] INFO  com.example.mqtt.ConnectService - Connecting to broker...
2025-04-21 11:47:54 [main] ERROR com.example.mqtt.ConnectService - Error connecting to broker: MqttException
2025-04-21 11:47:59 [main] INFO  com.example.mqtt.ConnectService - Connecting to broker...
2025-04-21 11:47:59 [main] ERROR com.example.mqtt.ConnectService - Error connecting to broker: MqttException
2025-04-21 11:48:04 [main] INFO  com.example.mqtt.ConnectService - Connecting to broker...
2025-04-21 11:48:04 [main] ERROR com.example.mqtt.ConnectService - Error connecting to broker: MqttException
2025-04-21 11:48:09 [main] INFO  com.example.mqtt.ConnectService - Connecting to broker...
2025-04-21 11:48:09 [main] ERROR com.example.mqtt.ConnectService - Error connecting to broker: MqttException
2025-04-21 11:48:14 [main] INFO  com.example.mqtt.ConnectService - Connecting to broker...
2025-04-21 11:48:14 [main] ERROR com.example.mqtt.ConnectService - Error connecting to broker: MqttException
2025-04-21 11:48:19 [main] INFO  com.example.mqtt.ConnectService - Connecting to broker...
2025-04-21 11:48:19 [main] ERROR com.example.mqtt.ConnectService - Error connecting to broker: MqttException
2025-04-21 11:48:24 [main] INFO  com.example.mqtt.ConnectService - Connecting to broker...
2025-04-21 11:48:24 [main] ERROR com.example.mqtt.ConnectService - Error connecting to broker: MqttException
2025-04-21 11:48:29 [main] INFO  com.example.mqtt.ConnectService - Connecting to broker...
2025-04-21 11:48:29 [main] ERROR com.example.mqtt.ConnectService - Error connecting to broker: MqttException
2025-04-21 11:48:34 [main] INFO  com.example.mqtt.ConnectService - Connecting to broker...
2025-04-21 11:48:34 [main] ERROR com.example.mqtt.ConnectService - Error connecting to broker: MqttException
2025-04-21 11:48:39 [main] INFO  com.example.mqtt.ConnectService - Connecting to broker...
2025-04-21 11:48:39 [main] ERROR com.example.mqtt.ConnectService - Error connecting to broker: MqttException
2025-04-21 11:48:44 [main] INFO  com.example.mqtt.ConnectService - Connecting to broker...
2025-04-21 11:48:44 [main] ERROR com.example.mqtt.ConnectService - Error connecting to broker: MqttException
2025-04-21 11:48:49 [main] INFO  com.example.mqtt.ConnectService - Connecting to broker...
2025-04-21 11:48:49 [main] ERROR com.example.mqtt.ConnectService - Error connecting to broker: MqttException
2025-04-21 11:48:54 [main] INFO  com.example.mqtt.ConnectService - Connecting to broker...
2025-04-21 11:48:54 [main] ERROR com.example.mqtt.ConnectService - Error connecting to broker: MqttException
2025-04-21 11:48:59 [main] INFO  com.example.mqtt.ConnectService - Connecting to broker...
2025-04-21 11:48:59 [main] ERROR com.example.mqtt.ConnectService - Error connecting to broker: MqttException
2025-04-21 11:49:04 [main] INFO  com.example.mqtt.ConnectService - Connecting to broker...
2025-04-21 11:49:04 [main] ERROR com.example.mqtt.ConnectService - Error connecting to broker: MqttException
2025-04-21 11:49:09 [main] INFO  com.example.mqtt.ConnectService - Connecting to broker...
2025-04-21 11:49:09 [main] ERROR com.example.mqtt.ConnectService - Error connecting to broker: MqttException
2025-04-21 11:49:14 [main] INFO  com.example.mqtt.ConnectService - Connecting to broker...
2025-04-21 11:49:14 [main] ERROR com.example.mqtt.ConnectService - Error connecting to broker: MqttException
2025-04-21 11:49:19 [main] INFO  com.example.mqtt.ConnectService - Connecting to broker...
2025-04-21 11:49:19 [main] ERROR com.example.mqtt.ConnectService - Error connecting to broker: MqttException
2025-04-21 11:49:24 [main] INFO  com.example.mqtt.ConnectService - Connecting to broker...
2025-04-21 11:49:24 [main] ERROR com.example.mqtt.ConnectService - Error connecting to broker: MqttException
2025-04-21 11:49:29 [main] INFO  com.example.mqtt.ConnectService - Connecting to broker...
2025-04-21 11:49:29 [main] ERROR com.example.mqtt.ConnectService - Error connecting to broker: MqttException
2025-04-21 11:49:34 [main] INFO  com.example.mqtt.ConnectService - Connecting to broker...
2025-04-21 11:49:34 [main] ERROR com.example.mqtt.ConnectService - Error connecting to broker: MqttException
2025-04-21 11:49:39 [main] INFO  com.example.mqtt.ConnectService - Connecting to broker...
2025-04-21 11:49:39 [main] ERROR com.example.mqtt.ConnectService - Error connecting to broker: MqttException
2025-04-21 11:49:44 [main] INFO  com.example.mqtt.ConnectService - Connecting to broker...
2025-04-21 11:49:44 [main] ERROR com.example.mqtt.ConnectService - Error connecting to broker: MqttException
2025-04-21 11:49:49 [main] INFO  com.example.mqtt.ConnectService - Connecting to broker...
2025-04-21 11:49:49 [main] ERROR com.example.mqtt.ConnectService - Error connecting to broker: MqttException
2025-04-21 11:49:54 [main] INFO  com.example.mqtt.ConnectService - Connecting to broker...
2025-04-21 11:49:54 [main] ERROR com.example.mqtt.ConnectService - Error connecting to broker: MqttException
2025-04-21 11:49:59 [main] INFO  com.example.mqtt.ConnectService - Connecting to broker...
2025-04-21 11:50:00 [main] ERROR com.example.mqtt.ConnectService - Error connecting to broker: MqttException
2025-04-21 11:50:05 [main] INFO  com.example.mqtt.ConnectService - Connecting to broker...
2025-04-21 11:50:05 [main] ERROR com.example.mqtt.ConnectService - Error connecting to broker: MqttException
2025-04-21 11:50:10 [main] INFO  com.example.mqtt.ConnectService - Connecting to broker...
2025-04-21 11:50:10 [main] ERROR com.example.mqtt.ConnectService - Error connecting to broker: MqttException
2025-04-21 11:50:15 [main] INFO  com.example.mqtt.ConnectService - Connecting to broker...
2025-04-21 11:50:15 [main] ERROR com.example.mqtt.ConnectService - Error connecting to broker: MqttException
2025-04-21 11:50:20 [main] INFO  com.example.mqtt.ConnectService - Connecting to broker...
2025-04-21 11:50:20 [main] ERROR com.example.mqtt.ConnectService - Error connecting to broker: MqttException
2025-04-21 11:50:25 [main] INFO  com.example.mqtt.ConnectService - Connecting to broker...
2025-04-21 11:50:25 [main] ERROR com.example.mqtt.ConnectService - Error connecting to broker: MqttException
2025-04-21 11:50:30 [main] INFO  com.example.mqtt.ConnectService - Connecting to broker...
2025-04-21 11:50:30 [main] ERROR com.example.mqtt.ConnectService - Error connecting to broker: MqttException
2025-04-21 11:50:35 [main] INFO  com.example.mqtt.ConnectService - Connecting to broker...
2025-04-21 11:50:35 [main] ERROR com.example.mqtt.ConnectService - Error connecting to broker: MqttException
2025-04-21 11:50:40 [main] INFO  com.example.mqtt.ConnectService - Connecting to broker...
2025-04-21 11:50:40 [main] ERROR com.example.mqtt.ConnectService - Error connecting to broker: MqttException
2025-04-21 11:50:45 [main] INFO  com.example.mqtt.ConnectService - Connecting to broker...
2025-04-21 11:50:45 [main] ERROR com.example.mqtt.ConnectService - Error connecting to broker: MqttException
2025-04-21 11:50:50 [main] INFO  com.example.mqtt.ConnectService - Connecting to broker...
2025-04-21 11:50:50 [main] ERROR com.example.mqtt.ConnectService - Error connecting to broker: MqttException
2025-04-21 11:50:55 [main] INFO  com.example.mqtt.ConnectService - Connecting to broker...
2025-04-21 11:50:55 [main] ERROR com.example.mqtt.ConnectService - Error connecting to broker: MqttException
2025-04-21 11:51:00 [main] INFO  com.example.mqtt.ConnectService - Connecting to broker...
2025-04-21 11:51:00 [main] ERROR com.example.mqtt.ConnectService - Error connecting to broker: MqttException
2025-04-21 11:51:05 [main] INFO  com.example.mqtt.ConnectService - Connecting to broker...
2025-04-21 11:51:05 [main] ERROR com.example.mqtt.ConnectService - Error connecting to broker: MqttException
2025-04-21 11:51:10 [main] INFO  com.example.mqtt.ConnectService - Connecting to broker...
2025-04-21 11:51:10 [main] ERROR com.example.mqtt.ConnectService - Error connecting to broker: MqttException
2025-04-21 11:51:15 [main] INFO  com.example.mqtt.ConnectService - Connecting to broker...
2025-04-21 11:51:15 [main] ERROR com.example.mqtt.ConnectService - Error connecting to broker: MqttException
2025-04-21 11:51:20 [main] INFO  com.example.mqtt.ConnectService - Connecting to broker...
2025-04-21 11:51:20 [main] ERROR com.example.mqtt.ConnectService - Error connecting to broker: MqttException
2025-04-21 11:51:25 [main] INFO  com.example.mqtt.ConnectService - Connecting to broker...
2025-04-21 11:51:25 [main] ERROR com.example.mqtt.ConnectService - Error connecting to broker: MqttException
2025-04-21 11:51:30 [main] INFO  com.example.mqtt.ConnectService - Connecting to broker...
2025-04-21 11:51:30 [main] ERROR com.example.mqtt.ConnectService - Error connecting to broker: MqttException
2025-04-21 11:51:35 [main] INFO  com.example.mqtt.ConnectService - Connecting to broker...
2025-04-21 11:51:35 [main] ERROR com.example.mqtt.ConnectService - Error connecting to broker: MqttException
2025-04-21 11:51:40 [main] INFO  com.example.mqtt.ConnectService - Connecting to broker...
2025-04-21 11:51:40 [main] ERROR com.example.mqtt.ConnectService - Error connecting to broker: MqttException
2025-04-21 11:51:45 [main] INFO  com.example.mqtt.ConnectService - Connecting to broker...
2025-04-21 11:51:45 [main] ERROR com.example.mqtt.ConnectService - Error connecting to broker: MqttException
2025-04-21 11:51:50 [main] INFO  com.example.mqtt.ConnectService - Connecting to broker...
2025-04-21 11:51:50 [main] ERROR com.example.mqtt.ConnectService - Error connecting to broker: MqttException
2025-04-21 11:51:55 [main] INFO  com.example.mqtt.ConnectService - Connecting to broker...
2025-04-21 11:51:55 [main] ERROR com.example.mqtt.ConnectService - Error connecting to broker: MqttException
2025-04-21 11:52:00 [main] INFO  com.example.mqtt.ConnectService - Connecting to broker...
2025-04-21 11:52:00 [main] ERROR com.example.mqtt.ConnectService - Error connecting to broker: MqttException
2025-04-21 11:52:05 [main] INFO  com.example.mqtt.ConnectService - Connecting to broker...
2025-04-21 11:52:05 [main] ERROR com.example.mqtt.ConnectService - Error connecting to broker: MqttException
2025-04-21 11:52:10 [main] INFO  com.example.mqtt.ConnectService - Connecting to broker...
2025-04-21 11:52:10 [main] ERROR com.example.mqtt.ConnectService - Error connecting to broker: MqttException
2025-04-21 11:52:15 [main] INFO  com.example.mqtt.ConnectService - Connecting to broker...
2025-04-21 11:52:15 [main] ERROR com.example.mqtt.ConnectService - Error connecting to broker: MqttException
2025-04-21 11:52:20 [main] INFO  com.example.mqtt.ConnectService - Connecting to broker...
2025-04-21 11:52:20 [main] ERROR com.example.mqtt.ConnectService - Error connecting to broker: MqttException
2025-04-21 11:52:25 [main] INFO  com.example.mqtt.ConnectService - Connecting to broker...
2025-04-21 11:52:25 [main] ERROR com.example.mqtt.ConnectService - Error connecting to broker: MqttException
2025-04-21 11:52:30 [main] INFO  com.example.mqtt.ConnectService - Connecting to broker...
2025-04-21 11:52:30 [main] ERROR com.example.mqtt.ConnectService - Error connecting to broker: MqttException
2025-04-21 11:52:35 [main] INFO  com.example.mqtt.ConnectService - Connecting to broker...
2025-04-21 11:52:35 [main] ERROR com.example.mqtt.ConnectService - Error connecting to broker: MqttException
2025-04-21 11:52:40 [main] INFO  com.example.mqtt.ConnectService - Connecting to broker...
2025-04-21 11:52:40 [main] ERROR com.example.mqtt.ConnectService - Error connecting to broker: MqttException
2025-04-21 11:52:45 [main] INFO  com.example.mqtt.ConnectService - Connecting to broker...
2025-04-21 11:52:45 [main] ERROR com.example.mqtt.ConnectService - Error connecting to broker: MqttException
2025-04-21 11:52:50 [main] INFO  com.example.mqtt.ConnectService - Connecting to broker...
2025-04-21 11:52:50 [main] ERROR com.example.mqtt.ConnectService - Error connecting to broker: MqttException
2025-04-21 11:52:55 [main] INFO  com.example.mqtt.ConnectService - Connecting to broker...
2025-04-21 11:52:55 [main] ERROR com.example.mqtt.ConnectService - Error connecting to broker: MqttException
2025-04-21 11:53:00 [main] INFO  com.example.mqtt.ConnectService - Connecting to broker...
2025-04-21 11:53:00 [main] ERROR com.example.mqtt.ConnectService - Error connecting to broker: MqttException
2025-04-21 11:53:05 [main] INFO  com.example.mqtt.ConnectService - Connecting to broker...
2025-04-21 11:53:05 [main] ERROR com.example.mqtt.ConnectService - Error connecting to broker: MqttException
2025-04-21 11:53:10 [main] INFO  com.example.mqtt.ConnectService - Connecting to broker...
2025-04-21 11:53:10 [main] ERROR com.example.mqtt.ConnectService - Error connecting to broker: MqttException
2025-04-21 11:53:15 [main] INFO  com.example.mqtt.ConnectService - Connecting to broker...
2025-04-21 11:53:15 [main] ERROR com.example.mqtt.ConnectService - Error connecting to broker: MqttException
2025-04-21 11:53:20 [main] INFO  com.example.mqtt.ConnectService - Connecting to broker...
2025-04-21 11:53:20 [main] ERROR com.example.mqtt.ConnectService - Error connecting to broker: MqttException
2025-04-21 11:53:25 [main] INFO  com.example.mqtt.ConnectService - Connecting to broker...
2025-04-21 11:53:25 [main] ERROR com.example.mqtt.ConnectService - Error connecting to broker: MqttException
2025-04-21 11:53:30 [main] INFO  com.example.mqtt.ConnectService - Connecting to broker...
2025-04-21 11:53:30 [main] ERROR com.example.mqtt.ConnectService - Error connecting to broker: MqttException
2025-04-21 11:53:35 [main] INFO  com.example.mqtt.ConnectService - Connecting to broker...
2025-04-21 11:53:35 [main] ERROR com.example.mqtt.ConnectService - Error connecting to broker: MqttException
2025-04-21 11:53:40 [main] INFO  com.example.mqtt.ConnectService - Connecting to broker...
2025-04-21 11:53:40 [main] ERROR com.example.mqtt.ConnectService - Error connecting to broker: MqttException
2025-04-21 11:53:45 [main] INFO  com.example.mqtt.ConnectService - Connecting to broker...
2025-04-21 11:53:45 [main] ERROR com.example.mqtt.ConnectService - Error connecting to broker: MqttException
2025-04-21 11:53:50 [main] INFO  com.example.mqtt.ConnectService - Connecting to broker...
2025-04-21 11:53:50 [main] ERROR com.example.mqtt.ConnectService - Error connecting to broker: MqttException
2025-04-21 11:53:55 [main] INFO  com.example.mqtt.ConnectService - Connecting to broker...
2025-04-21 11:53:55 [main] ERROR com.example.mqtt.ConnectService - Error connecting to broker: MqttException
2025-04-21 11:54:00 [main] INFO  com.example.mqtt.ConnectService - Connecting to broker...
2025-04-21 11:54:00 [main] ERROR com.example.mqtt.ConnectService - Error connecting to broker: MqttException
2025-04-21 11:54:05 [main] INFO  com.example.mqtt.ConnectService - Connecting to broker...
2025-04-21 11:54:05 [main] ERROR com.example.mqtt.ConnectService - Error connecting to broker: MqttException
2025-04-21 11:54:10 [main] INFO  com.example.mqtt.ConnectService - Connecting to broker...
2025-04-21 11:54:10 [main] ERROR com.example.mqtt.ConnectService - Error connecting to broker: MqttException
2025-04-21 11:54:15 [main] INFO  com.example.mqtt.ConnectService - Connecting to broker...
2025-04-21 11:54:15 [main] ERROR com.example.mqtt.ConnectService - Error connecting to broker: MqttException
2025-04-21 11:54:20 [main] INFO  com.example.mqtt.ConnectService - Connecting to broker...
2025-04-21 11:54:20 [main] ERROR com.example.mqtt.ConnectService - Error connecting to broker: MqttException
2025-04-21 11:54:25 [main] INFO  com.example.mqtt.ConnectService - Connecting to broker...
2025-04-21 11:54:25 [main] ERROR com.example.mqtt.ConnectService - Error connecting to broker: MqttException
2025-04-21 11:54:30 [main] INFO  com.example.mqtt.ConnectService - Connecting to broker...
2025-04-21 11:54:30 [main] ERROR com.example.mqtt.ConnectService - Error connecting to broker: MqttException
2025-04-21 11:54:35 [main] INFO  com.example.mqtt.ConnectService - Connecting to broker...
2025-04-21 11:54:35 [main] ERROR com.example.mqtt.ConnectService - Error connecting to broker: MqttException
2025-04-21 11:54:40 [main] INFO  com.example.mqtt.ConnectService - Connecting to broker...
2025-04-21 11:54:40 [main] ERROR com.example.mqtt.ConnectService - Error connecting to broker: MqttException
2025-04-21 11:54:45 [main] INFO  com.example.mqtt.ConnectService - Connecting to broker...
2025-04-21 11:54:45 [main] ERROR com.example.mqtt.ConnectService - Error connecting to broker: MqttException
2025-04-21 11:54:50 [main] INFO  com.example.mqtt.ConnectService - Connecting to broker...
2025-04-21 11:54:50 [main] ERROR com.example.mqtt.ConnectService - Error connecting to broker: MqttException
2025-04-21 11:54:55 [main] INFO  com.example.mqtt.ConnectService - Connecting to broker...
2025-04-21 11:54:55 [main] ERROR com.example.mqtt.ConnectService - Error connecting to broker: MqttException
2025-04-21 11:55:00 [main] INFO  com.example.mqtt.ConnectService - Connecting to broker...
2025-04-21 11:55:00 [main] ERROR com.example.mqtt.ConnectService - Error connecting to broker: MqttException
2025-04-21 11:55:05 [main] INFO  com.example.mqtt.ConnectService - Connecting to broker...
2025-04-21 11:55:05 [main] ERROR com.example.mqtt.ConnectService - Error connecting to broker: MqttException
2025-04-21 11:55:10 [main] INFO  com.example.mqtt.ConnectService - Connecting to broker...
2025-04-21 11:55:10 [main] ERROR com.example.mqtt.ConnectService - Error connecting to broker: MqttException
2025-04-21 11:55:15 [main] INFO  com.example.mqtt.ConnectService - Connecting to broker...
2025-04-21 11:55:15 [main] ERROR com.example.mqtt.ConnectService - Error connecting to broker: MqttException
2025-04-21 11:55:20 [main] INFO  com.example.mqtt.ConnectService - Connecting to broker...
2025-04-21 11:55:20 [main] ERROR com.example.mqtt.ConnectService - Error connecting to broker: MqttException
2025-04-21 11:55:25 [main] INFO  com.example.mqtt.ConnectService - Connecting to broker...
2025-04-21 11:55:25 [main] ERROR com.example.mqtt.ConnectService - Error connecting to broker: MqttException
2025-04-21 11:55:30 [main] INFO  com.example.mqtt.ConnectService - Connecting to broker...
2025-04-21 11:55:30 [main] ERROR com.example.mqtt.ConnectService - Error connecting to broker: MqttException
2025-04-21 11:55:35 [main] INFO  com.example.mqtt.ConnectService - Connecting to broker...
2025-04-21 11:55:35 [main] ERROR com.example.mqtt.ConnectService - Error connecting to broker: MqttException
2025-04-21 11:55:40 [main] INFO  com.example.mqtt.ConnectService - Connecting to broker...
2025-04-21 11:55:40 [main] ERROR com.example.mqtt.ConnectService - Error connecting to broker: MqttException
2025-04-21 11:55:45 [main] INFO  com.example.mqtt.ConnectService - Connecting to broker...
2025-04-21 11:55:45 [main] ERROR com.example.mqtt.ConnectService - Error connecting to broker: MqttException
2025-04-21 11:55:50 [main] INFO  com.example.mqtt.ConnectService - Connecting to broker...
2025-04-21 11:55:50 [main] ERROR com.example.mqtt.ConnectService - Error connecting to broker: MqttException
2025-04-21 11:55:55 [main] INFO  com.example.mqtt.ConnectService - Connecting to broker...
2025-04-21 11:55:55 [main] ERROR com.example.mqtt.ConnectService - Error connecting to broker: MqttException
2025-04-21 11:56:00 [main] INFO  com.example.mqtt.ConnectService - Connecting to broker...
2025-04-21 11:56:00 [main] ERROR com.example.mqtt.ConnectService - Error connecting to broker: MqttException
2025-04-21 11:56:05 [main] INFO  com.example.mqtt.ConnectService - Connecting to broker...
2025-04-21 11:56:05 [main] ERROR com.example.mqtt.ConnectService - Error connecting to broker: MqttException
2025-04-21 11:56:10 [main] INFO  com.example.mqtt.ConnectService - Connecting to broker...
2025-04-21 11:56:10 [main] ERROR com.example.mqtt.ConnectService - Error connecting to broker: MqttException
2025-04-21 11:56:15 [main] INFO  com.example.mqtt.ConnectService - Connecting to broker...
2025-04-21 11:56:15 [main] ERROR com.example.mqtt.ConnectService - Error connecting to broker: MqttException
2025-04-21 11:56:20 [main] INFO  com.example.mqtt.ConnectService - Connecting to broker...
2025-04-21 11:56:20 [main] ERROR com.example.mqtt.ConnectService - Error connecting to broker: MqttException
2025-04-21 11:56:25 [main] INFO  com.example.mqtt.ConnectService - Connecting to broker...
2025-04-21 11:56:25 [main] ERROR com.example.mqtt.ConnectService - Error connecting to broker: MqttException
2025-04-21 11:56:30 [main] INFO  com.example.mqtt.ConnectService - Connecting to broker...
2025-04-21 11:56:30 [main] ERROR com.example.mqtt.ConnectService - Error connecting to broker: MqttException
2025-04-21 11:56:35 [main] INFO  com.example.mqtt.ConnectService - Connecting to broker...
2025-04-21 11:56:35 [main] ERROR com.example.mqtt.ConnectService - Error connecting to broker: MqttException
2025-04-21 11:56:40 [main] INFO  com.example.mqtt.ConnectService - Connecting to broker...
2025-04-21 11:56:40 [main] ERROR com.example.mqtt.ConnectService - Error connecting to broker: MqttException
2025-04-21 11:56:45 [main] INFO  com.example.mqtt.ConnectService - Connecting to broker...
2025-04-21 11:56:45 [main] ERROR com.example.mqtt.ConnectService - Error connecting to broker: MqttException
2025-04-21 11:56:50 [main] INFO  com.example.mqtt.ConnectService - Connecting to broker...
2025-04-21 11:56:50 [main] ERROR com.example.mqtt.ConnectService - Error connecting to broker: MqttException
2025-04-21 11:56:55 [main] INFO  com.example.mqtt.ConnectService - Connecting to broker...
2025-04-21 11:56:55 [main] ERROR com.example.mqtt.ConnectService - Error connecting to broker: MqttException
2025-04-21 11:57:00 [main] INFO  com.example.mqtt.ConnectService - Connecting to broker...
2025-04-21 11:57:00 [main] ERROR com.example.mqtt.ConnectService - Error connecting to broker: MqttException
2025-04-21 11:57:05 [main] INFO  com.example.mqtt.ConnectService - Connecting to broker...
2025-04-21 11:57:05 [main] ERROR com.example.mqtt.ConnectService - Error connecting to broker: MqttException
2025-04-21 11:57:10 [main] INFO  com.example.mqtt.ConnectService - Connecting to broker...
2025-04-21 11:57:10 [main] ERROR com.example.mqtt.ConnectService - Error connecting to broker: MqttException
2025-04-21 11:57:15 [main] INFO  com.example.mqtt.ConnectService - Connecting to broker...
2025-04-21 11:57:15 [main] ERROR com.example.mqtt.ConnectService - Error connecting to broker: MqttException
2025-04-21 11:57:20 [main] INFO  com.example.mqtt.ConnectService - Connecting to broker...
2025-04-21 11:57:20 [main] ERROR com.example.mqtt.ConnectService - Error connecting to broker: MqttException
2025-04-21 11:57:25 [main] INFO  com.example.mqtt.ConnectService - Connecting to broker...
2025-04-21 11:57:25 [main] ERROR com.example.mqtt.ConnectService - Error connecting to broker: MqttException
2025-04-21 11:57:30 [main] INFO  com.example.mqtt.ConnectService - Connecting to broker...
2025-04-21 11:57:30 [main] ERROR com.example.mqtt.ConnectService - Error connecting to broker: MqttException
2025-04-21 11:57:35 [main] INFO  com.example.mqtt.ConnectService - Connecting to broker...
2025-04-21 11:57:35 [main] ERROR com.example.mqtt.ConnectService - Error connecting to broker: MqttException
2025-04-21 11:57:40 [main] INFO  com.example.mqtt.ConnectService - Connecting to broker...
2025-04-21 11:57:40 [main] ERROR com.example.mqtt.ConnectService - Error connecting to broker: MqttException
2025-04-21 11:57:45 [main] INFO  com.example.mqtt.ConnectService - Connecting to broker...
2025-04-21 11:57:45 [main] ERROR com.example.mqtt.ConnectService - Error connecting to broker: MqttException
2025-04-21 11:57:50 [main] INFO  com.example.mqtt.ConnectService - Connecting to broker...
2025-04-21 11:57:50 [main] ERROR com.example.mqtt.ConnectService - Error connecting to broker: MqttException
2025-04-21 11:57:55 [main] INFO  com.example.mqtt.ConnectService - Connecting to broker...
2025-04-21 11:57:55 [main] ERROR com.example.mqtt.ConnectService - Error connecting to broker: MqttException
2025-04-21 11:58:00 [main] INFO  com.example.mqtt.ConnectService - Connecting to broker...
2025-04-21 11:58:00 [main] ERROR com.example.mqtt.ConnectService - Error connecting to broker: MqttException
2025-04-21 11:58:05 [main] INFO  com.example.mqtt.ConnectService - Connecting to broker...
2025-04-21 11:58:05 [main] ERROR com.example.mqtt.ConnectService - Error connecting to broker: MqttException
2025-04-21 11:58:10 [main] INFO  com.example.mqtt.ConnectService - Connecting to broker...
2025-04-21 11:58:10 [main] ERROR com.example.mqtt.ConnectService - Error connecting to broker: MqttException
2025-04-21 11:58:15 [main] INFO  com.example.mqtt.ConnectService - Connecting to broker...
2025-04-21 11:58:15 [main] ERROR com.example.mqtt.ConnectService - Error connecting to broker: MqttException
2025-04-21 11:58:20 [main] INFO  com.example.mqtt.ConnectService - Connecting to broker...
2025-04-21 11:58:20 [main] ERROR com.example.mqtt.ConnectService - Error connecting to broker: MqttException
2025-04-21 11:58:25 [main] INFO  com.example.mqtt.ConnectService - Connecting to broker...
2025-04-21 11:58:25 [main] ERROR com.example.mqtt.ConnectService - Error connecting to broker: MqttException
2025-04-21 11:58:30 [main] INFO  com.example.mqtt.ConnectService - Connecting to broker...
2025-04-21 11:58:30 [main] ERROR com.example.mqtt.ConnectService - Error connecting to broker: MqttException
2025-04-21 11:58:35 [main] INFO  com.example.mqtt.ConnectService - Connecting to broker...
2025-04-21 11:58:35 [main] ERROR com.example.mqtt.ConnectService - Error connecting to broker: MqttException
2025-04-21 11:58:40 [main] INFO  com.example.mqtt.ConnectService - Connecting to broker...
2025-04-21 11:58:40 [main] ERROR com.example.mqtt.ConnectService - Error connecting to broker: MqttException
2025-04-21 11:58:45 [main] INFO  com.example.mqtt.ConnectService - Connecting to broker...
2025-04-21 11:58:45 [main] ERROR com.example.mqtt.ConnectService - Error connecting to broker: MqttException
2025-04-21 11:58:50 [main] INFO  com.example.mqtt.ConnectService - Connecting to broker...
2025-04-21 11:58:50 [main] ERROR com.example.mqtt.ConnectService - Error connecting to broker: MqttException
2025-04-21 11:58:55 [main] INFO  com.example.mqtt.ConnectService - Connecting to broker...
2025-04-21 11:58:55 [main] ERROR com.example.mqtt.ConnectService - Error connecting to broker: MqttException
2025-04-21 11:59:00 [main] INFO  com.example.mqtt.ConnectService - Connecting to broker...
2025-04-21 11:59:00 [main] ERROR com.example.mqtt.ConnectService - Error connecting to broker: MqttException
2025-04-21 11:59:05 [main] INFO  com.example.mqtt.ConnectService - Connecting to broker...
2025-04-21 11:59:05 [main] ERROR com.example.mqtt.ConnectService - Error connecting to broker: MqttException
2025-04-21 11:59:10 [main] INFO  com.example.mqtt.ConnectService - Connecting to broker...
2025-04-21 11:59:10 [main] ERROR com.example.mqtt.ConnectService - Error connecting to broker: MqttException
2025-04-21 11:59:15 [main] INFO  com.example.mqtt.ConnectService - Connecting to broker...
2025-04-21 11:59:15 [main] ERROR com.example.mqtt.ConnectService - Error connecting to broker: MqttException
2025-04-21 11:59:20 [main] INFO  com.example.mqtt.ConnectService - Connecting to broker...
2025-04-21 11:59:20 [main] ERROR com.example.mqtt.ConnectService - Error connecting to broker: MqttException
2025-04-21 11:59:25 [main] INFO  com.example.mqtt.ConnectService - Connecting to broker...
2025-04-21 11:59:25 [main] ERROR com.example.mqtt.ConnectService - Error connecting to broker: MqttException
2025-04-21 11:59:30 [main] INFO  com.example.mqtt.ConnectService - Connecting to broker...
2025-04-21 11:59:30 [main] ERROR com.example.mqtt.ConnectService - Error connecting to broker: MqttException
2025-04-21 11:59:35 [main] INFO  com.example.mqtt.ConnectService - Connecting to broker...
2025-04-21 11:59:35 [main] ERROR com.example.mqtt.ConnectService - Error connecting to broker: MqttException
2025-04-21 11:59:40 [main] INFO  com.example.mqtt.ConnectService - Connecting to broker...
2025-04-21 11:59:40 [main] ERROR com.example.mqtt.ConnectService - Error connecting to broker: MqttException
2025-04-21 11:59:45 [main] INFO  com.example.mqtt.ConnectService - Connecting to broker...
2025-04-21 11:59:45 [main] ERROR com.example.mqtt.ConnectService - Error connecting to broker: MqttException
2025-04-21 11:59:50 [main] INFO  com.example.mqtt.ConnectService - Connecting to broker...
2025-04-21 11:59:50 [main] ERROR com.example.mqtt.ConnectService - Error connecting to broker: MqttException
2025-04-21 11:59:55 [main] INFO  com.example.mqtt.ConnectService - Connecting to broker...
2025-04-21 11:59:55 [main] ERROR com.example.mqtt.ConnectService - Error connecting to broker: MqttException
