2025-04-21 14:00:14 [MQTT Call: JavaClientExample] INFO  com.example.mqtt.MessageData - Topic: data/s/nhnacademy/b/gyeongnam_campus/p/class_a/d/24e124126d152969/n/왼쪽 뒤/e/co2
Message Data:
time: 1745211614063
value: 1045

2025-04-21 14:00:14 [MQTT Call: JavaClientExample] INFO  com.example.mqtt.InfluxDBService - Extracted tagkey -> location: class_a, kind: 왼쪽 뒤, data: co2
Value into InfluxDB: 1045.0
2025-04-21 14:00:14 [MQTT Call: JavaClientExample] INFO  com.example.mqtt.MessageData - Data sent to InfluxDBService: data/s/nhnacademy/b/gyeongnam_campus/p/class_a/d/24e124126d152969/n/왼쪽 뒤/e/co2 -> 1045.0
2025-04-21 14:00:14 [MQTT Call: JavaClientExample] INFO  com.example.mqtt.MessageData - Topic: data/s/nhnacademy/b/gyeongnam_campus/p/class_a/d/24e124126d152969/n/왼쪽 뒤/e/humidity
Message Data:
time: 1745211614063
value: 52.5

2025-04-21 14:00:14 [MQTT Call: JavaClientExample] INFO  com.example.mqtt.InfluxDBService - Extracted tagkey -> location: class_a, kind: 왼쪽 뒤, data: humidity
Value into InfluxDB: 52.5
2025-04-21 14:00:14 [MQTT Call: JavaClientExample] INFO  com.example.mqtt.MessageData - Data sent to InfluxDBService: data/s/nhnacademy/b/gyeongnam_campus/p/class_a/d/24e124126d152969/n/왼쪽 뒤/e/humidity -> 52.5
2025-04-21 14:00:14 [MQTT Call: JavaClientExample] INFO  com.example.mqtt.MessageData - Topic: data/s/nhnacademy/b/gyeongnam_campus/p/class_a/d/24e124126d152969/n/왼쪽 뒤/e/pressure
Message Data:
time: 1745211614063
value: 1014.7

2025-04-21 14:00:14 [MQTT Call: JavaClientExample] INFO  com.example.mqtt.InfluxDBService - Extracted tagkey -> location: class_a, kind: 왼쪽 뒤, data: pressure
Value into InfluxDB: 1014.7
2025-04-21 14:00:14 [MQTT Call: JavaClientExample] INFO  com.example.mqtt.MessageData - Data sent to InfluxDBService: data/s/nhnacademy/b/gyeongnam_campus/p/class_a/d/24e124126d152969/n/왼쪽 뒤/e/pressure -> 1014.7
2025-04-21 14:00:14 [MQTT Call: JavaClientExample] INFO  com.example.mqtt.MessageData - Topic: data/s/nhnacademy/b/gyeongnam_campus/p/class_a/d/24e124126d152969/n/왼쪽 뒤/e/temperature
Message Data:
time: 1745211614063
value: 22.9

2025-04-21 14:00:14 [MQTT Call: JavaClientExample] INFO  com.example.mqtt.InfluxDBService - Extracted tagkey -> location: class_a, kind: 왼쪽 뒤, data: temperature
Value into InfluxDB: 22.9
2025-04-21 14:00:14 [MQTT Call: JavaClientExample] INFO  com.example.mqtt.MessageData - Data sent to InfluxDBService: data/s/nhnacademy/b/gyeongnam_campus/p/class_a/d/24e124126d152969/n/왼쪽 뒤/e/temperature -> 22.9
2025-04-21 14:00:14 [MQTT Call: JavaClientExample] INFO  com.example.mqtt.MessageData - Topic: data/s/nhnacademy/b/gyeongnam_campus/p/class_a/d/24e124126d152969/n/왼쪽 뒤/g/24e124fffef5dccc/e/lora
Message Data:
time: 1745211614063
value: 

2025-04-21 14:00:14 [MQTT Call: JavaClientExample] INFO  com.example.mqtt.InfluxDBService - Extracted tagkey -> location: class_a, kind: 왼쪽 뒤, data: lora
Value into InfluxDB: 0.0
2025-04-21 14:00:14 [MQTT Call: JavaClientExample] INFO  com.example.mqtt.MessageData - Data sent to InfluxDBService: data/s/nhnacademy/b/gyeongnam_campus/p/class_a/d/24e124126d152969/n/왼쪽 뒤/g/24e124fffef5dccc/e/lora -> 0.0
2025-04-21 14:00:14 [MQTT Call: JavaClientExample] INFO  com.example.mqtt.MessageData - Topic: data/s/nhnacademy/b/gyeongnam_campus/p/class_a/d/24e124126d152969/n/왼쪽 뒤/g/24e124fffef79304/e/lora
Message Data:
time: 1745211614063
value: 

2025-04-21 14:00:14 [MQTT Call: JavaClientExample] INFO  com.example.mqtt.InfluxDBService - Extracted tagkey -> location: class_a, kind: 왼쪽 뒤, data: lora
Value into InfluxDB: 0.0
2025-04-21 14:00:14 [MQTT Call: JavaClientExample] INFO  com.example.mqtt.MessageData - Data sent to InfluxDBService: data/s/nhnacademy/b/gyeongnam_campus/p/class_a/d/24e124126d152969/n/왼쪽 뒤/g/24e124fffef79304/e/lora -> 0.0
2025-04-21 14:00:17 [MQTT Call: JavaClientExample] INFO  com.example.mqtt.MessageData - Topic: data/s/nhnacademy/b/gyeongnam_campus/p/hive/d/24e124725d081175/sp/8인 책상/n/8인 책상/e/humidity
Message Data:
time: 1745211615752
value: 44.5

2025-04-21 14:00:17 [MQTT Call: JavaClientExample] INFO  com.example.mqtt.InfluxDBService - Extracted tagkey -> location: hive, kind: 8인 책상, data: humidity
Value into InfluxDB: 44.5
2025-04-21 14:00:17 [MQTT Call: JavaClientExample] INFO  com.example.mqtt.MessageData - Data sent to InfluxDBService: data/s/nhnacademy/b/gyeongnam_campus/p/hive/d/24e124725d081175/sp/8인 책상/n/8인 책상/e/humidity -> 44.5
2025-04-21 14:00:17 [MQTT Call: JavaClientExample] INFO  com.example.mqtt.MessageData - Topic: data/s/nhnacademy/b/gyeongnam_campus/p/hive/d/24e124725d081175/sp/8인 책상/n/8인 책상/e/battery
Message Data:
time: 1745211615752
value: 77

2025-04-21 14:00:17 [MQTT Call: JavaClientExample] INFO  com.example.mqtt.InfluxDBService - Extracted tagkey -> location: hive, kind: 8인 책상, data: battery
Value into InfluxDB: 77.0
2025-04-21 14:00:17 [MQTT Call: JavaClientExample] INFO  com.example.mqtt.MessageData - Data sent to InfluxDBService: data/s/nhnacademy/b/gyeongnam_campus/p/hive/d/24e124725d081175/sp/8인 책상/n/8인 책상/e/battery -> 77.0
2025-04-21 14:00:17 [MQTT Call: JavaClientExample] INFO  com.example.mqtt.MessageData - Topic: data/s/nhnacademy/b/gyeongnam_campus/p/hive/d/24e124725d081175/sp/8인 책상/n/8인 책상/e/temperature
Message Data:
time: 1745211615752
value: 24.5

2025-04-21 14:00:17 [MQTT Call: JavaClientExample] INFO  com.example.mqtt.InfluxDBService - Extracted tagkey -> location: hive, kind: 8인 책상, data: temperature
Value into InfluxDB: 24.5
2025-04-21 14:00:17 [MQTT Call: JavaClientExample] INFO  com.example.mqtt.MessageData - Data sent to InfluxDBService: data/s/nhnacademy/b/gyeongnam_campus/p/hive/d/24e124725d081175/sp/8인 책상/n/8인 책상/e/temperature -> 24.5
2025-04-21 14:00:17 [MQTT Call: JavaClientExample] INFO  com.example.mqtt.MessageData - Topic: data/s/nhnacademy/b/gyeongnam_campus/p/hive/d/24e124725d081175/sp/8인 책상/n/8인 책상/e/co2
Message Data:
time: 1745211615752
value: 617

2025-04-21 14:00:17 [MQTT Call: JavaClientExample] INFO  com.example.mqtt.InfluxDBService - Extracted tagkey -> location: hive, kind: 8인 책상, data: co2
Value into InfluxDB: 617.0
2025-04-21 14:00:17 [MQTT Call: JavaClientExample] INFO  com.example.mqtt.MessageData - Data sent to InfluxDBService: data/s/nhnacademy/b/gyeongnam_campus/p/hive/d/24e124725d081175/sp/8인 책상/n/8인 책상/e/co2 -> 617.0
2025-04-21 14:00:17 [MQTT Call: JavaClientExample] INFO  com.example.mqtt.MessageData - Topic: data/s/nhnacademy/b/gyeongnam_campus/p/hive/d/24e124725d081175/sp/8인 책상/n/8인 책상/g/24e124fffef5dccc/e/lora
Message Data:
time: 1745211615752
value: 

2025-04-21 14:00:17 [MQTT Call: JavaClientExample] INFO  com.example.mqtt.InfluxDBService - Extracted tagkey -> location: hive, kind: 8인 책상, data: lora
Value into InfluxDB: 0.0
2025-04-21 14:00:17 [MQTT Call: JavaClientExample] INFO  com.example.mqtt.MessageData - Data sent to InfluxDBService: data/s/nhnacademy/b/gyeongnam_campus/p/hive/d/24e124725d081175/sp/8인 책상/n/8인 책상/g/24e124fffef5dccc/e/lora -> 0.0
2025-04-21 14:00:17 [MQTT Call: JavaClientExample] INFO  com.example.mqtt.MessageData - Topic: data/s/nhnacademy/b/gyeongnam_campus/p/hive/d/24e124725d081175/sp/8인 책상/n/8인 책상/g/24e124fffef79304/e/lora
Message Data:
time: 1745211615752
value: 

2025-04-21 14:00:17 [MQTT Call: JavaClientExample] INFO  com.example.mqtt.InfluxDBService - Extracted tagkey -> location: hive, kind: 8인 책상, data: lora
Value into InfluxDB: 0.0
2025-04-21 14:00:17 [MQTT Call: JavaClientExample] INFO  com.example.mqtt.MessageData - Data sent to InfluxDBService: data/s/nhnacademy/b/gyeongnam_campus/p/hive/d/24e124725d081175/sp/8인 책상/n/8인 책상/g/24e124fffef79304/e/lora -> 0.0
2025-04-21 14:00:18 [MQTT Call: JavaClientExample] INFO  com.example.mqtt.MessageData - Topic: data/s/nhnacademy/b/gyeongnam_campus/p/class_a/d/24e124128c067999/sp/입구/n/입구/e/co2
Message Data:
time: 1745211617084
value: 978

2025-04-21 14:00:18 [MQTT Call: JavaClientExample] INFO  com.example.mqtt.InfluxDBService - Extracted tagkey -> location: class_a, kind: 입구, data: co2
Value into InfluxDB: 978.0
2025-04-21 14:00:18 [MQTT Call: JavaClientExample] INFO  com.example.mqtt.MessageData - Data sent to InfluxDBService: data/s/nhnacademy/b/gyeongnam_campus/p/class_a/d/24e124128c067999/sp/입구/n/입구/e/co2 -> 978.0
2025-04-21 14:00:18 [MQTT Call: JavaClientExample] INFO  com.example.mqtt.MessageData - Topic: data/s/nhnacademy/b/gyeongnam_campus/p/class_a/d/24e124128c067999/sp/입구/n/입구/e/pressure
Message Data:
time: 1745211617084
value: 1007.1

2025-04-21 14:00:18 [MQTT Call: JavaClientExample] INFO  com.example.mqtt.InfluxDBService - Extracted tagkey -> location: class_a, kind: 입구, data: pressure
Value into InfluxDB: 1007.1
2025-04-21 14:00:18 [MQTT Call: JavaClientExample] INFO  com.example.mqtt.MessageData - Data sent to InfluxDBService: data/s/nhnacademy/b/gyeongnam_campus/p/class_a/d/24e124128c067999/sp/입구/n/입구/e/pressure -> 1007.1
2025-04-21 14:00:18 [MQTT Call: JavaClientExample] INFO  com.example.mqtt.MessageData - Topic: data/s/nhnacademy/b/gyeongnam_campus/p/class_a/d/24e124128c067999/sp/입구/n/입구/e/activity
Message Data:
time: 1745211617084
value: 1

2025-04-21 14:00:18 [MQTT Call: JavaClientExample] INFO  com.example.mqtt.InfluxDBService - Extracted tagkey -> location: class_a, kind: 입구, data: activity
Value into InfluxDB: 1.0
2025-04-21 14:00:18 [MQTT Call: JavaClientExample] INFO  com.example.mqtt.MessageData - Data sent to InfluxDBService: data/s/nhnacademy/b/gyeongnam_campus/p/class_a/d/24e124128c067999/sp/입구/n/입구/e/activity -> 1.0
2025-04-21 14:00:18 [MQTT Call: JavaClientExample] INFO  com.example.mqtt.MessageData - Topic: data/s/nhnacademy/b/gyeongnam_campus/p/class_a/d/24e124128c067999/sp/입구/n/입구/e/infrared_and_visible
Message Data:
time: 1745211617084
value: 46

2025-04-21 14:00:18 [MQTT Call: JavaClientExample] INFO  com.example.mqtt.InfluxDBService - Extracted tagkey -> location: class_a, kind: 입구, data: infrared_and_visible
Value into InfluxDB: 46.0
2025-04-21 14:00:18 [MQTT Call: JavaClientExample] INFO  com.example.mqtt.MessageData - Data sent to InfluxDBService: data/s/nhnacademy/b/gyeongnam_campus/p/class_a/d/24e124128c067999/sp/입구/n/입구/e/infrared_and_visible -> 46.0
2025-04-21 14:00:18 [MQTT Call: JavaClientExample] INFO  com.example.mqtt.MessageData - Topic: data/s/nhnacademy/b/gyeongnam_campus/p/class_a/d/24e124128c067999/sp/입구/n/입구/e/illumination
Message Data:
time: 1745211617084
value: 63

2025-04-21 14:00:18 [MQTT Call: JavaClientExample] INFO  com.example.mqtt.InfluxDBService - Extracted tagkey -> location: class_a, kind: 입구, data: illumination
Value into InfluxDB: 63.0
2025-04-21 14:00:18 [MQTT Call: JavaClientExample] INFO  com.example.mqtt.MessageData - Data sent to InfluxDBService: data/s/nhnacademy/b/gyeongnam_campus/p/class_a/d/24e124128c067999/sp/입구/n/입구/e/illumination -> 63.0
2025-04-21 14:00:18 [MQTT Call: JavaClientExample] INFO  com.example.mqtt.MessageData - Topic: data/s/nhnacademy/b/gyeongnam_campus/p/class_a/d/24e124128c067999/sp/입구/n/입구/e/humidity
Message Data:
time: 1745211617084
value: 47

2025-04-21 14:00:18 [MQTT Call: JavaClientExample] INFO  com.example.mqtt.InfluxDBService - Extracted tagkey -> location: class_a, kind: 입구, data: humidity
Value into InfluxDB: 47.0
2025-04-21 14:00:18 [MQTT Call: JavaClientExample] INFO  com.example.mqtt.MessageData - Data sent to InfluxDBService: data/s/nhnacademy/b/gyeongnam_campus/p/class_a/d/24e124128c067999/sp/입구/n/입구/e/humidity -> 47.0
2025-04-21 14:00:18 [MQTT Call: JavaClientExample] INFO  com.example.mqtt.MessageData - Topic: data/s/nhnacademy/b/gyeongnam_campus/p/class_a/d/24e124128c067999/sp/입구/n/입구/e/temperature
Message Data:
time: 1745211617084
value: 23.7

2025-04-21 14:00:18 [MQTT Call: JavaClientExample] INFO  com.example.mqtt.InfluxDBService - Extracted tagkey -> location: class_a, kind: 입구, data: temperature
Value into InfluxDB: 23.7
2025-04-21 14:00:18 [MQTT Call: JavaClientExample] INFO  com.example.mqtt.MessageData - Data sent to InfluxDBService: data/s/nhnacademy/b/gyeongnam_campus/p/class_a/d/24e124128c067999/sp/입구/n/입구/e/temperature -> 23.7
2025-04-21 14:00:18 [MQTT Call: JavaClientExample] INFO  com.example.mqtt.MessageData - Topic: data/s/nhnacademy/b/gyeongnam_campus/p/class_a/d/24e124128c067999/sp/입구/n/입구/e/tvoc
Message Data:
time: 1745211617084
value: 297

2025-04-21 14:00:18 [MQTT Call: JavaClientExample] INFO  com.example.mqtt.InfluxDBService - Extracted tagkey -> location: class_a, kind: 입구, data: tvoc
Value into InfluxDB: 297.0
2025-04-21 14:00:18 [MQTT Call: JavaClientExample] INFO  com.example.mqtt.MessageData - Data sent to InfluxDBService: data/s/nhnacademy/b/gyeongnam_campus/p/class_a/d/24e124128c067999/sp/입구/n/입구/e/tvoc -> 297.0
2025-04-21 14:00:18 [MQTT Call: JavaClientExample] INFO  com.example.mqtt.MessageData - Topic: data/s/nhnacademy/b/gyeongnam_campus/p/class_a/d/24e124128c067999/sp/입구/n/입구/e/infrared
Message Data:
time: 1745211617084
value: 8

2025-04-21 14:00:18 [MQTT Call: JavaClientExample] INFO  com.example.mqtt.InfluxDBService - Extracted tagkey -> location: class_a, kind: 입구, data: infrared
Value into InfluxDB: 8.0
2025-04-21 14:00:18 [MQTT Call: JavaClientExample] INFO  com.example.mqtt.MessageData - Data sent to InfluxDBService: data/s/nhnacademy/b/gyeongnam_campus/p/class_a/d/24e124128c067999/sp/입구/n/입구/e/infrared -> 8.0
2025-04-21 14:00:18 [MQTT Call: JavaClientExample] INFO  com.example.mqtt.MessageData - Topic: data/s/nhnacademy/b/gyeongnam_campus/p/class_a/d/24e124128c067999/sp/입구/n/입구/g/24e124fffef5dccc/e/lora
Message Data:
time: 1745211617084
value: 

2025-04-21 14:00:18 [MQTT Call: JavaClientExample] INFO  com.example.mqtt.InfluxDBService - Extracted tagkey -> location: class_a, kind: 입구, data: lora
Value into InfluxDB: 0.0
2025-04-21 14:00:18 [MQTT Call: JavaClientExample] INFO  com.example.mqtt.MessageData - Data sent to InfluxDBService: data/s/nhnacademy/b/gyeongnam_campus/p/class_a/d/24e124128c067999/sp/입구/n/입구/g/24e124fffef5dccc/e/lora -> 0.0
2025-04-21 14:00:18 [MQTT Call: JavaClientExample] INFO  com.example.mqtt.MessageData - Topic: data/s/nhnacademy/b/gyeongnam_campus/p/class_a/d/24e124128c067999/sp/입구/n/입구/g/24e124fffef79304/e/lora
Message Data:
time: 1745211617084
value: 

2025-04-21 14:00:18 [MQTT Call: JavaClientExample] INFO  com.example.mqtt.InfluxDBService - Extracted tagkey -> location: class_a, kind: 입구, data: lora
Value into InfluxDB: 0.0
2025-04-21 14:00:18 [MQTT Call: JavaClientExample] INFO  com.example.mqtt.MessageData - Data sent to InfluxDBService: data/s/nhnacademy/b/gyeongnam_campus/p/class_a/d/24e124128c067999/sp/입구/n/입구/g/24e124fffef79304/e/lora -> 0.0
2025-04-21 14:00:19 [MQTT Call: JavaClientExample] INFO  com.example.mqtt.MessageData - Topic: data/s/nhnacademy/b/gyeongnam_campus/p/hive/d/24e124785c389010/n/정수기 위/e/battery
Message Data:
time: 1745211618862
value: 85

2025-04-21 14:00:19 [MQTT Call: JavaClientExample] INFO  com.example.mqtt.InfluxDBService - Extracted tagkey -> location: hive, kind: 정수기 위, data: battery
Value into InfluxDB: 85.0
2025-04-21 14:00:19 [MQTT Call: JavaClientExample] INFO  com.example.mqtt.MessageData - Data sent to InfluxDBService: data/s/nhnacademy/b/gyeongnam_campus/p/hive/d/24e124785c389010/n/정수기 위/e/battery -> 85.0
2025-04-21 14:00:19 [MQTT Call: JavaClientExample] INFO  com.example.mqtt.MessageData - Topic: data/s/nhnacademy/b/gyeongnam_campus/p/hive/d/24e124785c389010/n/정수기 위/e/temperature
Message Data:
time: 1745211618862
value: 24

2025-04-21 14:00:19 [MQTT Call: JavaClientExample] INFO  com.example.mqtt.InfluxDBService - Extracted tagkey -> location: hive, kind: 정수기 위, data: temperature
Value into InfluxDB: 24.0
2025-04-21 14:00:19 [MQTT Call: JavaClientExample] INFO  com.example.mqtt.MessageData - Data sent to InfluxDBService: data/s/nhnacademy/b/gyeongnam_campus/p/hive/d/24e124785c389010/n/정수기 위/e/temperature -> 24.0
2025-04-21 14:00:19 [MQTT Call: JavaClientExample] INFO  com.example.mqtt.MessageData - Topic: data/s/nhnacademy/b/gyeongnam_campus/p/hive/d/24e124785c389010/n/정수기 위/e/humidity
Message Data:
time: 1745211618862
value: 45

2025-04-21 14:00:19 [MQTT Call: JavaClientExample] INFO  com.example.mqtt.InfluxDBService - Extracted tagkey -> location: hive, kind: 정수기 위, data: humidity
Value into InfluxDB: 45.0
2025-04-21 14:00:19 [MQTT Call: JavaClientExample] INFO  com.example.mqtt.MessageData - Data sent to InfluxDBService: data/s/nhnacademy/b/gyeongnam_campus/p/hive/d/24e124785c389010/n/정수기 위/e/humidity -> 45.0
2025-04-21 14:00:19 [MQTT Call: JavaClientExample] INFO  com.example.mqtt.MessageData - Topic: data/s/nhnacademy/b/gyeongnam_campus/p/hive/d/24e124785c389010/n/정수기 위/g/24e124fffef5dccc/e/lora
Message Data:
time: 1745211618862
value: 

2025-04-21 14:00:19 [MQTT Call: JavaClientExample] INFO  com.example.mqtt.InfluxDBService - Extracted tagkey -> location: hive, kind: 정수기 위, data: lora
Value into InfluxDB: 0.0
2025-04-21 14:00:19 [MQTT Call: JavaClientExample] INFO  com.example.mqtt.MessageData - Data sent to InfluxDBService: data/s/nhnacademy/b/gyeongnam_campus/p/hive/d/24e124785c389010/n/정수기 위/g/24e124fffef5dccc/e/lora -> 0.0
2025-04-21 14:00:19 [MQTT Call: JavaClientExample] INFO  com.example.mqtt.MessageData - Topic: data/s/nhnacademy/b/gyeongnam_campus/p/hive/d/24e124785c389010/n/정수기 위/g/24e124fffef79304/e/lora
Message Data:
time: 1745211618862
value: 

2025-04-21 14:00:19 [MQTT Call: JavaClientExample] INFO  com.example.mqtt.InfluxDBService - Extracted tagkey -> location: hive, kind: 정수기 위, data: lora
Value into InfluxDB: 0.0
2025-04-21 14:00:19 [MQTT Call: JavaClientExample] INFO  com.example.mqtt.MessageData - Data sent to InfluxDBService: data/s/nhnacademy/b/gyeongnam_campus/p/hive/d/24e124785c389010/n/정수기 위/g/24e124fffef79304/e/lora -> 0.0
2025-04-21 14:00:26 [MQTT Call: JavaClientExample] INFO  com.example.mqtt.MessageData - Topic: data/s/nhnacademy/b/gyeongnam_campus/p/server_room/d/24e124136d151368/n/입구/e/temperature
Message Data:
time: 1745211626240
value: 23.7

2025-04-21 14:00:26 [MQTT Call: JavaClientExample] INFO  com.example.mqtt.InfluxDBService - Extracted tagkey -> location: server_room, kind: 입구, data: temperature
Value into InfluxDB: 23.7
2025-04-21 14:00:27 [MQTT Call: JavaClientExample] INFO  com.example.mqtt.MessageData - Data sent to InfluxDBService: data/s/nhnacademy/b/gyeongnam_campus/p/server_room/d/24e124136d151368/n/입구/e/temperature -> 23.7
2025-04-21 14:00:27 [MQTT Call: JavaClientExample] INFO  com.example.mqtt.MessageData - Topic: data/s/nhnacademy/b/gyeongnam_campus/p/server_room/d/24e124136d151368/n/입구/e/humidity
Message Data:
time: 1745211626240
value: 45.5

2025-04-21 14:00:27 [MQTT Call: JavaClientExample] INFO  com.example.mqtt.InfluxDBService - Extracted tagkey -> location: server_room, kind: 입구, data: humidity
Value into InfluxDB: 45.5
2025-04-21 14:00:27 [MQTT Call: JavaClientExample] INFO  com.example.mqtt.MessageData - Data sent to InfluxDBService: data/s/nhnacademy/b/gyeongnam_campus/p/server_room/d/24e124136d151368/n/입구/e/humidity -> 45.5
2025-04-21 14:00:27 [MQTT Call: JavaClientExample] INFO  com.example.mqtt.MessageData - Topic: data/s/nhnacademy/b/gyeongnam_campus/p/server_room/d/24e124136d151368/n/입구/g/24e124fffef5dccc/e/lora
Message Data:
time: 1745211626240
value: 

2025-04-21 14:00:27 [MQTT Call: JavaClientExample] INFO  com.example.mqtt.InfluxDBService - Extracted tagkey -> location: server_room, kind: 입구, data: lora
Value into InfluxDB: 0.0
2025-04-21 14:00:27 [MQTT Call: JavaClientExample] INFO  com.example.mqtt.MessageData - Data sent to InfluxDBService: data/s/nhnacademy/b/gyeongnam_campus/p/server_room/d/24e124136d151368/n/입구/g/24e124fffef5dccc/e/lora -> 0.0
2025-04-21 14:00:27 [MQTT Call: JavaClientExample] INFO  com.example.mqtt.MessageData - Topic: data/s/nhnacademy/b/gyeongnam_campus/p/server_room/d/24e124136d151368/n/입구/g/24e124fffef79304/e/lora
Message Data:
time: 1745211626240
value: 

2025-04-21 14:00:27 [MQTT Call: JavaClientExample] INFO  com.example.mqtt.InfluxDBService - Extracted tagkey -> location: server_room, kind: 입구, data: lora
Value into InfluxDB: 0.0
2025-04-21 14:00:27 [MQTT Call: JavaClientExample] INFO  com.example.mqtt.MessageData - Data sent to InfluxDBService: data/s/nhnacademy/b/gyeongnam_campus/p/server_room/d/24e124136d151368/n/입구/g/24e124fffef79304/e/lora -> 0.0
2025-04-21 14:00:37 [MQTT Call: JavaClientExample] INFO  com.example.mqtt.MessageData - Topic: data/s/nhnacademy/b/gyeongnam_campus/p/office/d/24e124126d152919/n/보드/e/humidity
Message Data:
time: 1745211636270
value: 51

2025-04-21 14:00:37 [MQTT Call: JavaClientExample] INFO  com.example.mqtt.InfluxDBService - Extracted tagkey -> location: office, kind: 보드, data: humidity
Value into InfluxDB: 51.0
2025-04-21 14:00:37 [MQTT Call: JavaClientExample] INFO  com.example.mqtt.MessageData - Data sent to InfluxDBService: data/s/nhnacademy/b/gyeongnam_campus/p/office/d/24e124126d152919/n/보드/e/humidity -> 51.0
2025-04-21 14:00:37 [MQTT Call: JavaClientExample] INFO  com.example.mqtt.MessageData - Topic: data/s/nhnacademy/b/gyeongnam_campus/p/office/d/24e124126d152919/n/보드/e/co2
Message Data:
time: 1745211636270
value: 806

2025-04-21 14:00:37 [MQTT Call: JavaClientExample] INFO  com.example.mqtt.InfluxDBService - Extracted tagkey -> location: office, kind: 보드, data: co2
Value into InfluxDB: 806.0
2025-04-21 14:00:37 [MQTT Call: JavaClientExample] INFO  com.example.mqtt.MessageData - Data sent to InfluxDBService: data/s/nhnacademy/b/gyeongnam_campus/p/office/d/24e124126d152919/n/보드/e/co2 -> 806.0
2025-04-21 14:00:37 [MQTT Call: JavaClientExample] INFO  com.example.mqtt.MessageData - Topic: data/s/nhnacademy/b/gyeongnam_campus/p/office/d/24e124126d152919/n/보드/e/pressure
Message Data:
time: 1745211636270
value: 1014.7

2025-04-21 14:00:37 [MQTT Call: JavaClientExample] INFO  com.example.mqtt.InfluxDBService - Extracted tagkey -> location: office, kind: 보드, data: pressure
Value into InfluxDB: 1014.7
2025-04-21 14:00:37 [MQTT Call: JavaClientExample] INFO  com.example.mqtt.MessageData - Data sent to InfluxDBService: data/s/nhnacademy/b/gyeongnam_campus/p/office/d/24e124126d152919/n/보드/e/pressure -> 1014.7
2025-04-21 14:00:37 [MQTT Call: JavaClientExample] INFO  com.example.mqtt.MessageData - Topic: data/s/nhnacademy/b/gyeongnam_campus/p/office/d/24e124126d152919/n/보드/e/temperature
Message Data:
time: 1745211636270
value: 22.4

2025-04-21 14:00:37 [MQTT Call: JavaClientExample] INFO  com.example.mqtt.InfluxDBService - Extracted tagkey -> location: office, kind: 보드, data: temperature
Value into InfluxDB: 22.4
2025-04-21 14:00:37 [MQTT Call: JavaClientExample] INFO  com.example.mqtt.MessageData - Data sent to InfluxDBService: data/s/nhnacademy/b/gyeongnam_campus/p/office/d/24e124126d152919/n/보드/e/temperature -> 22.4
2025-04-21 14:00:37 [MQTT Call: JavaClientExample] INFO  com.example.mqtt.MessageData - Topic: data/s/nhnacademy/b/gyeongnam_campus/p/office/d/24e124126d152919/n/보드/g/24e124fffef79304/e/lora
Message Data:
time: 1745211636270
value: 

2025-04-21 14:00:37 [MQTT Call: JavaClientExample] INFO  com.example.mqtt.InfluxDBService - Extracted tagkey -> location: office, kind: 보드, data: lora
Value into InfluxDB: 0.0
2025-04-21 14:00:37 [MQTT Call: JavaClientExample] INFO  com.example.mqtt.MessageData - Data sent to InfluxDBService: data/s/nhnacademy/b/gyeongnam_campus/p/office/d/24e124126d152919/n/보드/g/24e124fffef79304/e/lora -> 0.0
2025-04-21 14:00:37 [MQTT Call: JavaClientExample] INFO  com.example.mqtt.MessageData - Topic: data/s/nhnacademy/b/gyeongnam_campus/p/office/d/24e124126d152919/n/보드/g/24e124fffef5dccc/e/lora
Message Data:
time: 1745211636270
value: 

2025-04-21 14:00:37 [MQTT Call: JavaClientExample] INFO  com.example.mqtt.InfluxDBService - Extracted tagkey -> location: office, kind: 보드, data: lora
Value into InfluxDB: 0.0
2025-04-21 14:00:37 [MQTT Call: JavaClientExample] INFO  com.example.mqtt.MessageData - Data sent to InfluxDBService: data/s/nhnacademy/b/gyeongnam_campus/p/office/d/24e124126d152919/n/보드/g/24e124fffef5dccc/e/lora -> 0.0
2025-04-21 14:00:44 [MQTT Call: JavaClientExample] INFO  com.example.mqtt.MessageData - Topic: data/s/nhnacademy/b/gyeongnam_campus/p/pair_room/d/24e124617d159573/n/2/e/distance
Message Data:
time: 1745211644547
value: 2234

2025-04-21 14:00:44 [MQTT Call: JavaClientExample] INFO  com.example.mqtt.InfluxDBService - Extracted tagkey -> location: pair_room, kind: 2, data: distance
Value into InfluxDB: 2234.0
2025-04-21 14:00:44 [MQTT Call: JavaClientExample] INFO  com.example.mqtt.MessageData - Data sent to InfluxDBService: data/s/nhnacademy/b/gyeongnam_campus/p/pair_room/d/24e124617d159573/n/2/e/distance -> 2234.0
2025-04-21 14:00:44 [MQTT Call: JavaClientExample] INFO  com.example.mqtt.MessageData - Topic: data/s/nhnacademy/b/gyeongnam_campus/p/pair_room/d/24e124617d159573/n/2/e/occupancy
Message Data:
time: 1745211644547
value: 0

2025-04-21 14:00:44 [MQTT Call: JavaClientExample] INFO  com.example.mqtt.InfluxDBService - Extracted tagkey -> location: pair_room, kind: 2, data: occupancy
Value into InfluxDB: 0.0
2025-04-21 14:00:44 [MQTT Call: JavaClientExample] INFO  com.example.mqtt.MessageData - Data sent to InfluxDBService: data/s/nhnacademy/b/gyeongnam_campus/p/pair_room/d/24e124617d159573/n/2/e/occupancy -> 0.0
2025-04-21 14:00:44 [MQTT Call: JavaClientExample] INFO  com.example.mqtt.MessageData - Topic: data/s/nhnacademy/b/gyeongnam_campus/p/pair_room/d/24e124617d159573/n/2/e/battery
Message Data:
time: 1745211644547
value: 33

2025-04-21 14:00:44 [MQTT Call: JavaClientExample] INFO  com.example.mqtt.InfluxDBService - Extracted tagkey -> location: pair_room, kind: 2, data: battery
Value into InfluxDB: 33.0
2025-04-21 14:00:44 [MQTT Call: JavaClientExample] INFO  com.example.mqtt.MessageData - Data sent to InfluxDBService: data/s/nhnacademy/b/gyeongnam_campus/p/pair_room/d/24e124617d159573/n/2/e/battery -> 33.0
2025-04-21 14:00:44 [MQTT Call: JavaClientExample] INFO  com.example.mqtt.MessageData - Topic: data/s/nhnacademy/b/gyeongnam_campus/p/pair_room/d/24e124617d159573/n/2/g/24e124fffef5dccc/e/lora
Message Data:
time: 1745211644547
value: 

2025-04-21 14:00:44 [MQTT Call: JavaClientExample] INFO  com.example.mqtt.InfluxDBService - Extracted tagkey -> location: pair_room, kind: 2, data: lora
Value into InfluxDB: 0.0
2025-04-21 14:00:44 [MQTT Call: JavaClientExample] INFO  com.example.mqtt.MessageData - Data sent to InfluxDBService: data/s/nhnacademy/b/gyeongnam_campus/p/pair_room/d/24e124617d159573/n/2/g/24e124fffef5dccc/e/lora -> 0.0
2025-04-21 14:00:44 [MQTT Call: JavaClientExample] INFO  com.example.mqtt.MessageData - Topic: data/s/nhnacademy/b/gyeongnam_campus/p/pair_room/d/24e124617d159573/n/2/g/24e124fffef79304/e/lora
Message Data:
time: 1745211644547
value: 

2025-04-21 14:00:44 [MQTT Call: JavaClientExample] INFO  com.example.mqtt.InfluxDBService - Extracted tagkey -> location: pair_room, kind: 2, data: lora
Value into InfluxDB: 0.0
2025-04-21 14:00:44 [MQTT Call: JavaClientExample] INFO  com.example.mqtt.MessageData - Data sent to InfluxDBService: data/s/nhnacademy/b/gyeongnam_campus/p/pair_room/d/24e124617d159573/n/2/g/24e124fffef79304/e/lora -> 0.0
2025-04-21 14:00:46 [MQTT Call: JavaClientExample] INFO  com.example.mqtt.MessageData - Topic: data/s/nhnacademy/b/gyeongnam_campus/p/hive/d/24e124126d111937/sp/farm/n/스마트팜/e/illumination
Message Data:
time: 1745211645843
value: 320

2025-04-21 14:00:46 [MQTT Call: JavaClientExample] INFO  com.example.mqtt.InfluxDBService - Extracted tagkey -> location: hive, kind: 스마트팜, data: illumination
Value into InfluxDB: 320.0
2025-04-21 14:00:46 [MQTT Call: JavaClientExample] INFO  com.example.mqtt.MessageData - Data sent to InfluxDBService: data/s/nhnacademy/b/gyeongnam_campus/p/hive/d/24e124126d111937/sp/farm/n/스마트팜/e/illumination -> 320.0
2025-04-21 14:00:46 [MQTT Call: JavaClientExample] INFO  com.example.mqtt.MessageData - Topic: data/s/nhnacademy/b/gyeongnam_campus/p/hive/d/24e124126d111937/sp/farm/n/스마트팜/g/24e124fffef79304/e/lora
Message Data:
time: 1745211645843
value: 

2025-04-21 14:00:46 [MQTT Call: JavaClientExample] INFO  com.example.mqtt.InfluxDBService - Extracted tagkey -> location: hive, kind: 스마트팜, data: lora
Value into InfluxDB: 0.0
2025-04-21 14:00:46 [MQTT Call: JavaClientExample] INFO  com.example.mqtt.MessageData - Data sent to InfluxDBService: data/s/nhnacademy/b/gyeongnam_campus/p/hive/d/24e124126d111937/sp/farm/n/스마트팜/g/24e124fffef79304/e/lora -> 0.0
2025-04-21 14:00:46 [MQTT Call: JavaClientExample] INFO  com.example.mqtt.MessageData - Topic: data/s/nhnacademy/b/gyeongnam_campus/p/hive/d/24e124126d111937/sp/farm/n/스마트팜/g/24e124fffef5dccc/e/lora
Message Data:
time: 1745211645843
value: 

2025-04-21 14:00:46 [MQTT Call: JavaClientExample] INFO  com.example.mqtt.InfluxDBService - Extracted tagkey -> location: hive, kind: 스마트팜, data: lora
Value into InfluxDB: 0.0
2025-04-21 14:00:46 [MQTT Call: JavaClientExample] INFO  com.example.mqtt.MessageData - Data sent to InfluxDBService: data/s/nhnacademy/b/gyeongnam_campus/p/hive/d/24e124126d111937/sp/farm/n/스마트팜/g/24e124fffef5dccc/e/lora -> 0.0
2025-04-21 14:00:46 [MQTT Call: JavaClientExample] INFO  com.example.mqtt.MessageData - Topic: data/s/nhnacademy/b/gyeongnam_campus/p/hive/d/24e124126d111937/sp/farm/n/스마트팜/e/illumination
Message Data:
time: 1745211645843
value: 320

2025-04-21 14:00:46 [MQTT Call: JavaClientExample] INFO  com.example.mqtt.InfluxDBService - Extracted tagkey -> location: hive, kind: 스마트팜, data: illumination
Value into InfluxDB: 320.0
2025-04-21 14:00:46 [MQTT Call: JavaClientExample] INFO  com.example.mqtt.MessageData - Data sent to InfluxDBService: data/s/nhnacademy/b/gyeongnam_campus/p/hive/d/24e124126d111937/sp/farm/n/스마트팜/e/illumination -> 320.0
2025-04-21 14:00:46 [MQTT Call: JavaClientExample] INFO  com.example.mqtt.MessageData - Topic: data/s/nhnacademy/b/gyeongnam_campus/p/hive/d/24e124126d111937/sp/farm/n/스마트팜/g/24e124fffef79304/e/lora
Message Data:
time: 1745211645843
value: 

2025-04-21 14:00:46 [MQTT Call: JavaClientExample] INFO  com.example.mqtt.InfluxDBService - Extracted tagkey -> location: hive, kind: 스마트팜, data: lora
Value into InfluxDB: 0.0
2025-04-21 14:00:46 [MQTT Call: JavaClientExample] INFO  com.example.mqtt.MessageData - Data sent to InfluxDBService: data/s/nhnacademy/b/gyeongnam_campus/p/hive/d/24e124126d111937/sp/farm/n/스마트팜/g/24e124fffef79304/e/lora -> 0.0
2025-04-21 14:00:46 [MQTT Call: JavaClientExample] INFO  com.example.mqtt.MessageData - Topic: data/s/nhnacademy/b/gyeongnam_campus/p/storage/d/24e124136d151547/n/입구/e/humidity
Message Data:
time: 1745211646222
value: 127.5

2025-04-21 14:00:46 [MQTT Call: JavaClientExample] INFO  com.example.mqtt.InfluxDBService - Extracted tagkey -> location: storage, kind: 입구, data: humidity
Value into InfluxDB: 127.5
2025-04-21 14:00:46 [MQTT Call: JavaClientExample] INFO  com.example.mqtt.MessageData - Data sent to InfluxDBService: data/s/nhnacademy/b/gyeongnam_campus/p/storage/d/24e124136d151547/n/입구/e/humidity -> 127.5
2025-04-21 14:00:46 [MQTT Call: JavaClientExample] INFO  com.example.mqtt.MessageData - Topic: data/s/nhnacademy/b/gyeongnam_campus/p/storage/d/24e124136d151547/n/입구/e/temperature
Message Data:
time: 1745211646222
value: -0.1

2025-04-21 14:00:46 [MQTT Call: JavaClientExample] INFO  com.example.mqtt.InfluxDBService - Extracted tagkey -> location: storage, kind: 입구, data: temperature
Value into InfluxDB: -0.1
2025-04-21 14:00:46 [MQTT Call: JavaClientExample] INFO  com.example.mqtt.MessageData - Data sent to InfluxDBService: data/s/nhnacademy/b/gyeongnam_campus/p/storage/d/24e124136d151547/n/입구/e/temperature -> -0.1
2025-04-21 14:00:46 [MQTT Call: JavaClientExample] INFO  com.example.mqtt.MessageData - Topic: data/s/nhnacademy/b/gyeongnam_campus/p/storage/d/24e124136d151547/n/입구/e/battery
Message Data:
time: 1745211646222
value: 1

2025-04-21 14:00:46 [MQTT Call: JavaClientExample] INFO  com.example.mqtt.InfluxDBService - Extracted tagkey -> location: storage, kind: 입구, data: battery
Value into InfluxDB: 1.0
2025-04-21 14:00:46 [MQTT Call: JavaClientExample] INFO  com.example.mqtt.MessageData - Data sent to InfluxDBService: data/s/nhnacademy/b/gyeongnam_campus/p/storage/d/24e124136d151547/n/입구/e/battery -> 1.0
2025-04-21 14:00:46 [MQTT Call: JavaClientExample] INFO  com.example.mqtt.MessageData - Topic: data/s/nhnacademy/b/gyeongnam_campus/p/storage/d/24e124136d151547/n/입구/g/24e124fffef79304/e/lora
Message Data:
time: 1745211646222
value: 

2025-04-21 14:00:46 [MQTT Call: JavaClientExample] INFO  com.example.mqtt.InfluxDBService - Extracted tagkey -> location: storage, kind: 입구, data: lora
Value into InfluxDB: 0.0
2025-04-21 14:00:46 [MQTT Call: JavaClientExample] INFO  com.example.mqtt.MessageData - Data sent to InfluxDBService: data/s/nhnacademy/b/gyeongnam_campus/p/storage/d/24e124136d151547/n/입구/g/24e124fffef79304/e/lora -> 0.0
2025-04-21 14:00:46 [MQTT Call: JavaClientExample] INFO  com.example.mqtt.MessageData - Topic: data/s/nhnacademy/b/gyeongnam_campus/p/storage/d/24e124136d151547/n/입구/g/24e124fffef5dccc/e/lora
Message Data:
time: 1745211646222
value: 

2025-04-21 14:00:46 [MQTT Call: JavaClientExample] INFO  com.example.mqtt.InfluxDBService - Extracted tagkey -> location: storage, kind: 입구, data: lora
Value into InfluxDB: 0.0
2025-04-21 14:00:46 [MQTT Call: JavaClientExample] INFO  com.example.mqtt.MessageData - Data sent to InfluxDBService: data/s/nhnacademy/b/gyeongnam_campus/p/storage/d/24e124136d151547/n/입구/g/24e124fffef5dccc/e/lora -> 0.0
2025-04-21 14:00:46 [MQTT Call: JavaClientExample] INFO  com.example.mqtt.MessageData - Topic: data/s/nhnacademy/b/gyeongnam_campus/p/campus/d/gem3500_1/n/캠퍼스_LL/e/voltage
Message Data:
time: 1745211646946
value: 378.09

2025-04-21 14:00:46 [MQTT Call: JavaClientExample] INFO  com.example.mqtt.InfluxDBService - Extracted tagkey -> location: campus, kind: 캠퍼스_LL, data: voltage
Value into InfluxDB: 378.09
2025-04-21 14:00:46 [MQTT Call: JavaClientExample] INFO  com.example.mqtt.MessageData - Data sent to InfluxDBService: data/s/nhnacademy/b/gyeongnam_campus/p/campus/d/gem3500_1/n/캠퍼스_LL/e/voltage -> 378.09
2025-04-21 14:00:46 [MQTT Call: JavaClientExample] INFO  com.example.mqtt.MessageData - Topic: data/s/nhnacademy/b/gyeongnam_campus/p/campus/d/gem3500_1/n/캠퍼스_LN/e/voltage
Message Data:
time: 1745211646946
value: 218.29

2025-04-21 14:00:46 [MQTT Call: JavaClientExample] INFO  com.example.mqtt.InfluxDBService - Extracted tagkey -> location: campus, kind: 캠퍼스_LN, data: voltage
Value into InfluxDB: 218.29
2025-04-21 14:00:46 [MQTT Call: JavaClientExample] INFO  com.example.mqtt.MessageData - Data sent to InfluxDBService: data/s/nhnacademy/b/gyeongnam_campus/p/campus/d/gem3500_1/n/캠퍼스_LN/e/voltage -> 218.29
2025-04-21 14:00:47 [MQTT Call: JavaClientExample] INFO  com.example.mqtt.MessageData - Topic: data/s/nhnacademy/b/gyeongnam_campus/p/campus/d/gem3500_1/n/캠퍼스1/e/power_meter
Message Data:
time: 1745211647045
type: 5
leakageCurrent: 0
current: 2662
activePower: 4831
reactivePower: -1958
tapparentPower: 5811
powerFactor: 83.14
currentUnbalance: 53.07
lines: 

2025-04-21 14:00:47 [MQTT Call: JavaClientExample] WARN  com.example.mqtt.MessageData - No 'value' field found in message, skipping InfluxDB write.
2025-04-21 14:00:47 [MQTT Call: JavaClientExample] INFO  com.example.mqtt.MessageData - Topic: data/s/nhnacademy/b/gyeongnam_campus/p/campus/d/gem3500_1/n/전등1/e/power_meter
Message Data:
time: 1745211647146
type: 3
leakageCurrent: 0
current: 701
activePower: 1305
reactivePower: -324
tapparentPower: 1529
powerFactor: 85.4
currentUnbalance: 0
lines: 

2025-04-21 14:00:47 [MQTT Call: JavaClientExample] WARN  com.example.mqtt.MessageData - No 'value' field found in message, skipping InfluxDB write.
2025-04-21 14:00:47 [MQTT Call: JavaClientExample] INFO  com.example.mqtt.MessageData - Topic: data/s/nhnacademy/b/gyeongnam_campus/p/campus/d/gem3500_1/n/전등2/e/power_meter
Message Data:
time: 1745211647248
type: 1
leakageCurrent: 0
current: 572
activePower: 1137
reactivePower: -283
tapparentPower: 1252
powerFactor: 90.8
currentUnbalance: 0
lines: 

2025-04-21 14:00:47 [MQTT Call: JavaClientExample] WARN  com.example.mqtt.MessageData - No 'value' field found in message, skipping InfluxDB write.
2025-04-21 14:00:47 [MQTT Call: JavaClientExample] INFO  com.example.mqtt.MessageData - Topic: data/s/nhnacademy/b/gyeongnam_campus/p/campus/d/gem3500_1/n/전등3/e/power_meter
Message Data:
time: 1745211647350
type: 2
leakageCurrent: 0
current: 0
activePower: 0
reactivePower: 0
tapparentPower: 0
powerFactor: 0
currentUnbalance: 0
lines: 

2025-04-21 14:00:47 [MQTT Call: JavaClientExample] WARN  com.example.mqtt.MessageData - No 'value' field found in message, skipping InfluxDB write.
2025-04-21 14:00:47 [MQTT Call: JavaClientExample] INFO  com.example.mqtt.MessageData - Topic: data/s/nhnacademy/b/gyeongnam_campus/p/campus/d/gem3500_1/n/강의실b_바닥/e/power_meter
Message Data:
time: 1745211647450
type: 3
leakageCurrent: 0
current: 242
activePower: 391
reactivePower: -237
tapparentPower: 518
powerFactor: 75.46
currentUnbalance: 0
lines: 

2025-04-21 14:00:47 [MQTT Call: JavaClientExample] WARN  com.example.mqtt.MessageData - No 'value' field found in message, skipping InfluxDB write.
2025-04-21 14:00:47 [MQTT Call: JavaClientExample] INFO  com.example.mqtt.MessageData - Topic: data/s/nhnacademy/b/gyeongnam_campus/p/campus/d/gem3500_1/n/강의실a_바닥1/e/power_meter
Message Data:
time: 1745211647552
type: 1
leakageCurrent: 0
current: 301
activePower: 504
reactivePower: -355
tapparentPower: 664
powerFactor: 75.81
currentUnbalance: 0
lines: 

2025-04-21 14:00:47 [MQTT Call: JavaClientExample] WARN  com.example.mqtt.MessageData - No 'value' field found in message, skipping InfluxDB write.
2025-04-21 14:00:47 [MQTT Call: JavaClientExample] INFO  com.example.mqtt.MessageData - Topic: data/s/nhnacademy/b/gyeongnam_campus/p/campus/d/gem3500_1/n/강의실a_바닥2/e/power_meter
Message Data:
time: 1745211647652
type: 2
leakageCurrent: 0
current: 170
activePower: 295
reactivePower: -180
tapparentPower: 372
powerFactor: 79.35
currentUnbalance: 0
lines: 

2025-04-21 14:00:47 [MQTT Call: JavaClientExample] WARN  com.example.mqtt.MessageData - No 'value' field found in message, skipping InfluxDB write.
2025-04-21 14:00:47 [MQTT Call: JavaClientExample] INFO  com.example.mqtt.MessageData - Topic: data/s/nhnacademy/b/gyeongnam_campus/p/campus/d/gem3500_1/n/프로젝터1/e/power_meter
Message Data:
time: 1745211647753
type: 3
leakageCurrent: 0
current: 98
activePower: 127
reactivePower: -153
tapparentPower: 213
powerFactor: 59.55
currentUnbalance: 0
lines: 

2025-04-21 14:00:47 [MQTT Call: JavaClientExample] WARN  com.example.mqtt.MessageData - No 'value' field found in message, skipping InfluxDB write.
2025-04-21 14:00:47 [MQTT Call: JavaClientExample] INFO  com.example.mqtt.MessageData - Topic: data/s/nhnacademy/b/gyeongnam_campus/p/campus/d/gem3500_1/n/프로젝터2/e/power_meter
Message Data:
time: 1745211647854
type: 1
leakageCurrent: 0
current: 26
activePower: 4
reactivePower: -57
tapparentPower: 57
powerFactor: 8.33
currentUnbalance: 0
lines: 

2025-04-21 14:00:47 [MQTT Call: JavaClientExample] WARN  com.example.mqtt.MessageData - No 'value' field found in message, skipping InfluxDB write.
2025-04-21 14:00:47 [MQTT Call: JavaClientExample] INFO  com.example.mqtt.MessageData - Topic: data/s/nhnacademy/b/gyeongnam_campus/p/campus/d/gem3500_1/n/회의실/e/power_meter
Message Data:
time: 1745211647956
type: 2
leakageCurrent: 0
current: 13
activePower: 4
reactivePower: -28
tapparentPower: 31
powerFactor: 15.38
currentUnbalance: 0
lines: 

2025-04-21 14:00:47 [MQTT Call: JavaClientExample] WARN  com.example.mqtt.MessageData - No 'value' field found in message, skipping InfluxDB write.
2025-04-21 14:00:48 [MQTT Call: JavaClientExample] INFO  com.example.mqtt.MessageData - Topic: data/s/nhnacademy/b/gyeongnam_campus/p/campus/d/gem3500_1/n/서버실/e/power_meter
Message Data:
time: 1745211648059
type: 3
leakageCurrent: 0
current: 201
activePower: 391
reactivePower: -110
tapparentPower: 439
powerFactor: 89.07
currentUnbalance: 0
lines: 

2025-04-21 14:00:48 [MQTT Call: JavaClientExample] WARN  com.example.mqtt.MessageData - No 'value' field found in message, skipping InfluxDB write.
2025-04-21 14:00:48 [MQTT Call: JavaClientExample] INFO  com.example.mqtt.MessageData - Topic: data/s/nhnacademy/b/gyeongnam_campus/p/campus/d/gem3500_1/n/간판/e/power_meter
Message Data:
time: 1745211648160
type: 1
leakageCurrent: 0
current: 0
activePower: 0
reactivePower: 0
tapparentPower: 0
powerFactor: 0
currentUnbalance: 0
lines: 

2025-04-21 14:00:48 [MQTT Call: JavaClientExample] WARN  com.example.mqtt.MessageData - No 'value' field found in message, skipping InfluxDB write.
2025-04-21 14:00:48 [MQTT Call: JavaClientExample] INFO  com.example.mqtt.MessageData - Topic: data/s/nhnacademy/b/gyeongnam_campus/p/campus/d/gem3500_1/n/페어룸/e/power_meter
Message Data:
time: 1745211648265
type: 2
leakageCurrent: 0
current: 0
activePower: 0
reactivePower: 0
tapparentPower: 0
powerFactor: 0
currentUnbalance: 0
lines: 

2025-04-21 14:00:48 [MQTT Call: JavaClientExample] WARN  com.example.mqtt.MessageData - No 'value' field found in message, skipping InfluxDB write.
2025-04-21 14:00:48 [MQTT Call: JavaClientExample] INFO  com.example.mqtt.MessageData - Topic: data/s/nhnacademy/b/gyeongnam_campus/p/campus/d/gem3500_1/n/사무실_전열1/e/power_meter
Message Data:
time: 1745211648363
type: 3
leakageCurrent: 0
current: 85
activePower: 100
reactivePower: -55
tapparentPower: 182
powerFactor: 55.26
currentUnbalance: 0
lines: 

2025-04-21 14:00:48 [MQTT Call: JavaClientExample] WARN  com.example.mqtt.MessageData - No 'value' field found in message, skipping InfluxDB write.
2025-04-21 14:00:48 [MQTT Call: JavaClientExample] INFO  com.example.mqtt.MessageData - Topic: data/s/nhnacademy/b/gyeongnam_campus/p/campus/d/gem3500_1/n/사무실_전열2/e/power_meter
Message Data:
time: 1745211648464
type: 3
leakageCurrent: 0
current: 83
activePower: 86
reactivePower: -55
tapparentPower: 184
powerFactor: 46.75
currentUnbalance: 0
lines: 

2025-04-21 14:00:48 [MQTT Call: JavaClientExample] WARN  com.example.mqtt.MessageData - No 'value' field found in message, skipping InfluxDB write.
2025-04-21 14:00:48 [MQTT Call: JavaClientExample] INFO  com.example.mqtt.MessageData - Topic: data/s/nhnacademy/b/gyeongnam_campus/p/campus/d/gem3500_1/n/사무실_복사기/e/power_meter
Message Data:
time: 1745211648565
type: 1
leakageCurrent: 0
current: 7
activePower: 7
reactivePower: 0
tapparentPower: 16
powerFactor: 42.85
currentUnbalance: 0
lines: 

2025-04-21 14:00:48 [MQTT Call: JavaClientExample] WARN  com.example.mqtt.MessageData - No 'value' field found in message, skipping InfluxDB write.
2025-04-21 14:00:49 [MQTT Call: JavaClientExample] INFO  com.example.mqtt.MessageData - Topic: data/s/nhnacademy/b/gyeongnam_campus/p/campus/d/gem3500_1/n/빌트인_전열/e/power_meter
Message Data:
time: 1745211648667
type: 2
leakageCurrent: 0
current: 5
activePower: 4
reactivePower: -7
tapparentPower: 12
powerFactor: 40
currentUnbalance: 0
lines: 

2025-04-21 14:00:49 [MQTT Call: JavaClientExample] WARN  com.example.mqtt.MessageData - No 'value' field found in message, skipping InfluxDB write.
2025-04-21 14:00:49 [MQTT Call: JavaClientExample] INFO  com.example.mqtt.MessageData - Topic: data/s/nhnacademy/b/gyeongnam_campus/p/campus/d/gem3500_1/n/사무실_전열3/e/power_meter
Message Data:
time: 1745211648767
type: 3
leakageCurrent: 0
current: 0
activePower: 0
reactivePower: 0
tapparentPower: 0
powerFactor: 0
currentUnbalance: 0
lines: 

2025-04-21 14:00:49 [MQTT Call: JavaClientExample] WARN  com.example.mqtt.MessageData - No 'value' field found in message, skipping InfluxDB write.
2025-04-21 14:00:49 [MQTT Call: JavaClientExample] INFO  com.example.mqtt.MessageData - Topic: data/s/nhnacademy/b/gyeongnam_campus/p/campus/d/gem3500_1/n/정수기/e/power_meter
Message Data:
time: 1745211648868
type: 1
leakageCurrent: 0
current: 7
activePower: 2
reactivePower: -14
tapparentPower: 16
powerFactor: 14.28
currentUnbalance: 0
lines: 

2025-04-21 14:00:49 [MQTT Call: JavaClientExample] WARN  com.example.mqtt.MessageData - No 'value' field found in message, skipping InfluxDB write.
2025-04-21 14:00:49 [MQTT Call: JavaClientExample] INFO  com.example.mqtt.MessageData - Topic: data/s/nhnacademy/b/gyeongnam_campus/p/campus/d/gem3500_1/n/하이브_전열/e/power_meter
Message Data:
time: 1745211648971
type: 2
leakageCurrent: 0
current: 107
activePower: 213
reactivePower: -50
tapparentPower: 235
powerFactor: 90.81
currentUnbalance: 0
lines: 

2025-04-21 14:00:49 [MQTT Call: JavaClientExample] WARN  com.example.mqtt.MessageData - No 'value' field found in message, skipping InfluxDB write.
2025-04-21 14:00:49 [MQTT Call: JavaClientExample] INFO  com.example.mqtt.MessageData - Topic: data/s/nhnacademy/b/gyeongnam_campus/p/campus/d/gem3500_1/n/바텐_전열/e/power_meter
Message Data:
time: 1745211649072
type: 3
leakageCurrent: 0
current: 0
activePower: 0
reactivePower: 0
tapparentPower: 0
powerFactor: 0
currentUnbalance: 0
lines: 

2025-04-21 14:00:49 [MQTT Call: JavaClientExample] WARN  com.example.mqtt.MessageData - No 'value' field found in message, skipping InfluxDB write.
2025-04-21 14:00:50 [MQTT Call: JavaClientExample] INFO  com.example.mqtt.MessageData - Topic: data/s/nhnacademy/b/gyeongnam_campus/p/campus/d/gem3500_1/n/S_P/e/power_meter
Message Data:
time: 1745211649174
type: 1
leakageCurrent: 0
current: 0
activePower: 0
reactivePower: 0
tapparentPower: 0
powerFactor: 0
currentUnbalance: 0
lines: 

2025-04-21 14:00:50 [MQTT Call: JavaClientExample] WARN  com.example.mqtt.MessageData - No 'value' field found in message, skipping InfluxDB write.
2025-04-21 14:00:50 [MQTT Call: JavaClientExample] INFO  com.example.mqtt.MessageData - Topic: data/s/nhnacademy/b/gyeongnam_campus/p/campus/d/gem3500_1/n/공조기/e/power_meter
Message Data:
time: 1745211649274
type: 2
leakageCurrent: 0
current: 202
activePower: 223
reactivePower: -21
tapparentPower: 441
powerFactor: 50.54
currentUnbalance: 0
lines: 

2025-04-21 14:00:50 [MQTT Call: JavaClientExample] WARN  com.example.mqtt.MessageData - No 'value' field found in message, skipping InfluxDB write.
2025-04-21 14:00:50 [MQTT Call: JavaClientExample] INFO  com.example.mqtt.MessageData - Topic: data/s/nhnacademy/b/gyeongnam_campus/p/campus/d/gem3500_1/n/AC/e/power_meter
Message Data:
time: 1745211649376
type: 3
leakageCurrent: 0
current: 17
activePower: 12
reactivePower: -24
tapparentPower: 38
powerFactor: 31.24
currentUnbalance: 0
lines: 

2025-04-21 14:00:50 [MQTT Call: JavaClientExample] WARN  com.example.mqtt.MessageData - No 'value' field found in message, skipping InfluxDB write.
2025-04-21 14:00:50 [MQTT Call: JavaClientExample] INFO  com.example.mqtt.MessageData - Topic: data/s/nhnacademy/b/gyeongnam_campus/p/hive/d/24e124126c452091/sp/farm/n/스마트팜/e/temperature
Message Data:
time: 1745211649365
value: 23.2

2025-04-21 14:00:50 [MQTT Call: JavaClientExample] INFO  com.example.mqtt.InfluxDBService - Extracted tagkey -> location: hive, kind: 스마트팜, data: temperature
Value into InfluxDB: 23.2
2025-04-21 14:00:50 [MQTT Call: JavaClientExample] INFO  com.example.mqtt.MessageData - Data sent to InfluxDBService: data/s/nhnacademy/b/gyeongnam_campus/p/hive/d/24e124126c452091/sp/farm/n/스마트팜/e/temperature -> 23.2
2025-04-21 14:00:50 [MQTT Call: JavaClientExample] INFO  com.example.mqtt.MessageData - Topic: data/s/nhnacademy/b/gyeongnam_campus/p/hive/d/24e124126c452091/sp/farm/n/스마트팜/g/24e124fffef5dccc/e/lora
Message Data:
time: 1745211649365
value: 

2025-04-21 14:00:50 [MQTT Call: JavaClientExample] INFO  com.example.mqtt.InfluxDBService - Extracted tagkey -> location: hive, kind: 스마트팜, data: lora
Value into InfluxDB: 0.0
2025-04-21 14:00:50 [MQTT Call: JavaClientExample] INFO  com.example.mqtt.MessageData - Data sent to InfluxDBService: data/s/nhnacademy/b/gyeongnam_campus/p/hive/d/24e124126c452091/sp/farm/n/스마트팜/g/24e124fffef5dccc/e/lora -> 0.0
2025-04-21 14:00:50 [MQTT Call: JavaClientExample] INFO  com.example.mqtt.MessageData - Topic: data/s/nhnacademy/b/gyeongnam_campus/p/hive/d/24e124126c452091/sp/farm/n/스마트팜/g/24e124fffef79304/e/lora
Message Data:
time: 1745211649365
value: 

2025-04-21 14:00:50 [MQTT Call: JavaClientExample] INFO  com.example.mqtt.InfluxDBService - Extracted tagkey -> location: hive, kind: 스마트팜, data: lora
Value into InfluxDB: 0.0
2025-04-21 14:00:50 [MQTT Call: JavaClientExample] INFO  com.example.mqtt.MessageData - Data sent to InfluxDBService: data/s/nhnacademy/b/gyeongnam_campus/p/hive/d/24e124126c452091/sp/farm/n/스마트팜/g/24e124fffef79304/e/lora -> 0.0
2025-04-21 14:01:18 [MQTT Call: JavaClientExample] INFO  com.example.mqtt.MessageData - Topic: data/s/nhnacademy/b/gyeongnam_campus/p/hive/d/24e124725d081175/sp/8인 책상/n/8인 책상/e/battery
Message Data:
time: 1745211677691
value: 77

2025-04-21 14:01:18 [MQTT Call: JavaClientExample] INFO  com.example.mqtt.InfluxDBService - Extracted tagkey -> location: hive, kind: 8인 책상, data: battery
Value into InfluxDB: 77.0
2025-04-21 14:01:18 [MQTT Call: JavaClientExample] INFO  com.example.mqtt.MessageData - Data sent to InfluxDBService: data/s/nhnacademy/b/gyeongnam_campus/p/hive/d/24e124725d081175/sp/8인 책상/n/8인 책상/e/battery -> 77.0
2025-04-21 14:01:18 [MQTT Call: JavaClientExample] INFO  com.example.mqtt.MessageData - Topic: data/s/nhnacademy/b/gyeongnam_campus/p/hive/d/24e124725d081175/sp/8인 책상/n/8인 책상/e/co2
Message Data:
time: 1745211677691
value: 621

2025-04-21 14:01:18 [MQTT Call: JavaClientExample] INFO  com.example.mqtt.InfluxDBService - Extracted tagkey -> location: hive, kind: 8인 책상, data: co2
Value into InfluxDB: 621.0
2025-04-21 14:01:18 [MQTT Call: JavaClientExample] INFO  com.example.mqtt.MessageData - Data sent to InfluxDBService: data/s/nhnacademy/b/gyeongnam_campus/p/hive/d/24e124725d081175/sp/8인 책상/n/8인 책상/e/co2 -> 621.0
2025-04-21 14:01:18 [MQTT Call: JavaClientExample] INFO  com.example.mqtt.MessageData - Topic: data/s/nhnacademy/b/gyeongnam_campus/p/hive/d/24e124725d081175/sp/8인 책상/n/8인 책상/e/temperature
Message Data:
time: 1745211677691
value: 24.5

2025-04-21 14:01:18 [MQTT Call: JavaClientExample] INFO  com.example.mqtt.InfluxDBService - Extracted tagkey -> location: hive, kind: 8인 책상, data: temperature
Value into InfluxDB: 24.5
2025-04-21 14:01:18 [MQTT Call: JavaClientExample] INFO  com.example.mqtt.MessageData - Data sent to InfluxDBService: data/s/nhnacademy/b/gyeongnam_campus/p/hive/d/24e124725d081175/sp/8인 책상/n/8인 책상/e/temperature -> 24.5
2025-04-21 14:01:18 [MQTT Call: JavaClientExample] INFO  com.example.mqtt.MessageData - Topic: data/s/nhnacademy/b/gyeongnam_campus/p/hive/d/24e124725d081175/sp/8인 책상/n/8인 책상/e/humidity
Message Data:
time: 1745211677691
value: 44.5

2025-04-21 14:01:18 [MQTT Call: JavaClientExample] INFO  com.example.mqtt.InfluxDBService - Extracted tagkey -> location: hive, kind: 8인 책상, data: humidity
Value into InfluxDB: 44.5
2025-04-21 14:01:18 [MQTT Call: JavaClientExample] INFO  com.example.mqtt.MessageData - Data sent to InfluxDBService: data/s/nhnacademy/b/gyeongnam_campus/p/hive/d/24e124725d081175/sp/8인 책상/n/8인 책상/e/humidity -> 44.5
2025-04-21 14:01:18 [MQTT Call: JavaClientExample] INFO  com.example.mqtt.MessageData - Topic: data/s/nhnacademy/b/gyeongnam_campus/p/hive/d/24e124725d081175/sp/8인 책상/n/8인 책상/g/24e124fffef79304/e/lora
Message Data:
time: 1745211677691
value: 

2025-04-21 14:01:18 [MQTT Call: JavaClientExample] INFO  com.example.mqtt.InfluxDBService - Extracted tagkey -> location: hive, kind: 8인 책상, data: lora
Value into InfluxDB: 0.0
2025-04-21 14:01:18 [main] INFO  com.example.mqtt.ConnectService - Connecting to broker...
2025-04-21 14:01:18 [MQTT Call: JavaClientExample] INFO  com.example.mqtt.MessageData - Data sent to InfluxDBService: data/s/nhnacademy/b/gyeongnam_campus/p/hive/d/24e124725d081175/sp/8인 책상/n/8인 책상/g/24e124fffef79304/e/lora -> 0.0
2025-04-21 14:01:18 [MQTT Call: JavaClientExample] INFO  com.example.mqtt.MessageData - Topic: data/s/nhnacademy/b/gyeongnam_campus/p/hive/d/24e124725d081175/sp/8인 책상/n/8인 책상/g/24e124fffef5dccc/e/lora
Message Data:
time: 1745211677691
value: 

2025-04-21 14:01:18 [MQTT Call: JavaClientExample] INFO  com.example.mqtt.InfluxDBService - Extracted tagkey -> location: hive, kind: 8인 책상, data: lora
Value into InfluxDB: 0.0
2025-04-21 14:01:18 [MQTT Call: JavaClientExample] INFO  com.example.mqtt.MessageData - Data sent to InfluxDBService: data/s/nhnacademy/b/gyeongnam_campus/p/hive/d/24e124725d081175/sp/8인 책상/n/8인 책상/g/24e124fffef5dccc/e/lora -> 0.0
2025-04-21 14:01:18 [MQTT Call: JavaClientExample] INFO  com.example.mqtt.MessageData - Topic: data/s/nhnacademy/b/gyeongnam_campus/p/class_a/d/24e124128c067999/sp/입구/n/입구/e/infrared
Message Data:
time: 1745211678049
value: 8

2025-04-21 14:01:18 [MQTT Call: JavaClientExample] INFO  com.example.mqtt.InfluxDBService - Extracted tagkey -> location: class_a, kind: 입구, data: infrared
Value into InfluxDB: 8.0
2025-04-21 14:01:18 [MQTT Call: JavaClientExample] INFO  com.example.mqtt.MessageData - Data sent to InfluxDBService: data/s/nhnacademy/b/gyeongnam_campus/p/class_a/d/24e124128c067999/sp/입구/n/입구/e/infrared -> 8.0
2025-04-21 14:01:18 [MQTT Call: JavaClientExample] INFO  com.example.mqtt.MessageData - Topic: data/s/nhnacademy/b/gyeongnam_campus/p/class_a/d/24e124128c067999/sp/입구/n/입구/e/tvoc
Message Data:
time: 1745211678049
value: 296

2025-04-21 14:01:18 [MQTT Call: JavaClientExample] INFO  com.example.mqtt.InfluxDBService - Extracted tagkey -> location: class_a, kind: 입구, data: tvoc
Value into InfluxDB: 296.0
2025-04-21 14:01:18 [MQTT Call: JavaClientExample] INFO  com.example.mqtt.MessageData - Data sent to InfluxDBService: data/s/nhnacademy/b/gyeongnam_campus/p/class_a/d/24e124128c067999/sp/입구/n/입구/e/tvoc -> 296.0
2025-04-21 14:01:18 [MQTT Call: JavaClientExample] INFO  com.example.mqtt.MessageData - Topic: data/s/nhnacademy/b/gyeongnam_campus/p/class_a/d/24e124128c067999/sp/입구/n/입구/e/pressure
Message Data:
time: 1745211678049
value: 1007.1

2025-04-21 14:01:18 [MQTT Call: JavaClientExample] INFO  com.example.mqtt.InfluxDBService - Extracted tagkey -> location: class_a, kind: 입구, data: pressure
Value into InfluxDB: 1007.1
2025-04-21 14:01:18 [MQTT Call: JavaClientExample] INFO  com.example.mqtt.MessageData - Data sent to InfluxDBService: data/s/nhnacademy/b/gyeongnam_campus/p/class_a/d/24e124128c067999/sp/입구/n/입구/e/pressure -> 1007.1
2025-04-21 14:01:18 [MQTT Call: JavaClientExample] INFO  com.example.mqtt.MessageData - Topic: data/s/nhnacademy/b/gyeongnam_campus/p/class_a/d/24e124128c067999/sp/입구/n/입구/e/temperature
Message Data:
time: 1745211678049
value: 23.7

2025-04-21 14:01:18 [MQTT Call: JavaClientExample] INFO  com.example.mqtt.InfluxDBService - Extracted tagkey -> location: class_a, kind: 입구, data: temperature
Value into InfluxDB: 23.7
2025-04-21 14:01:18 [MQTT Call: JavaClientExample] INFO  com.example.mqtt.MessageData - Data sent to InfluxDBService: data/s/nhnacademy/b/gyeongnam_campus/p/class_a/d/24e124128c067999/sp/입구/n/입구/e/temperature -> 23.7
2025-04-21 14:01:18 [MQTT Call: JavaClientExample] INFO  com.example.mqtt.MessageData - Topic: data/s/nhnacademy/b/gyeongnam_campus/p/class_a/d/24e124128c067999/sp/입구/n/입구/e/co2
Message Data:
time: 1745211678049
value: 978

2025-04-21 14:01:18 [MQTT Call: JavaClientExample] INFO  com.example.mqtt.InfluxDBService - Extracted tagkey -> location: class_a, kind: 입구, data: co2
Value into InfluxDB: 978.0
2025-04-21 14:01:18 [MQTT Call: JavaClientExample] INFO  com.example.mqtt.MessageData - Data sent to InfluxDBService: data/s/nhnacademy/b/gyeongnam_campus/p/class_a/d/24e124128c067999/sp/입구/n/입구/e/co2 -> 978.0
2025-04-21 14:01:18 [MQTT Call: JavaClientExample] INFO  com.example.mqtt.MessageData - Topic: data/s/nhnacademy/b/gyeongnam_campus/p/class_a/d/24e124128c067999/sp/입구/n/입구/e/infrared_and_visible
Message Data:
time: 1745211678049
value: 46

2025-04-21 14:01:18 [MQTT Call: JavaClientExample] INFO  com.example.mqtt.InfluxDBService - Extracted tagkey -> location: class_a, kind: 입구, data: infrared_and_visible
Value into InfluxDB: 46.0
2025-04-21 14:01:18 [MQTT Call: JavaClientExample] INFO  com.example.mqtt.MessageData - Data sent to InfluxDBService: data/s/nhnacademy/b/gyeongnam_campus/p/class_a/d/24e124128c067999/sp/입구/n/입구/e/infrared_and_visible -> 46.0
2025-04-21 14:01:18 [MQTT Call: JavaClientExample] INFO  com.example.mqtt.MessageData - Topic: data/s/nhnacademy/b/gyeongnam_campus/p/class_a/d/24e124128c067999/sp/입구/n/입구/e/activity
Message Data:
time: 1745211678049
value: 0

2025-04-21 14:01:18 [MQTT Call: JavaClientExample] INFO  com.example.mqtt.InfluxDBService - Extracted tagkey -> location: class_a, kind: 입구, data: activity
Value into InfluxDB: 0.0
2025-04-21 14:01:18 [MQTT Call: JavaClientExample] INFO  com.example.mqtt.MessageData - Data sent to InfluxDBService: data/s/nhnacademy/b/gyeongnam_campus/p/class_a/d/24e124128c067999/sp/입구/n/입구/e/activity -> 0.0
2025-04-21 14:01:18 [MQTT Call: JavaClientExample] INFO  com.example.mqtt.MessageData - Topic: data/s/nhnacademy/b/gyeongnam_campus/p/class_a/d/24e124128c067999/sp/입구/n/입구/e/humidity
Message Data:
time: 1745211678049
value: 46.5

2025-04-21 14:01:18 [MQTT Call: JavaClientExample] INFO  com.example.mqtt.InfluxDBService - Extracted tagkey -> location: class_a, kind: 입구, data: humidity
Value into InfluxDB: 46.5
2025-04-21 14:01:18 [MQTT Call: JavaClientExample] INFO  com.example.mqtt.MessageData - Data sent to InfluxDBService: data/s/nhnacademy/b/gyeongnam_campus/p/class_a/d/24e124128c067999/sp/입구/n/입구/e/humidity -> 46.5
2025-04-21 14:01:18 [MQTT Call: JavaClientExample] INFO  com.example.mqtt.MessageData - Topic: data/s/nhnacademy/b/gyeongnam_campus/p/class_a/d/24e124128c067999/sp/입구/n/입구/e/illumination
Message Data:
time: 1745211678049
value: 63

2025-04-21 14:01:18 [MQTT Call: JavaClientExample] INFO  com.example.mqtt.InfluxDBService - Extracted tagkey -> location: class_a, kind: 입구, data: illumination
Value into InfluxDB: 63.0
2025-04-21 14:01:18 [MQTT Call: JavaClientExample] INFO  com.example.mqtt.MessageData - Data sent to InfluxDBService: data/s/nhnacademy/b/gyeongnam_campus/p/class_a/d/24e124128c067999/sp/입구/n/입구/e/illumination -> 63.0
2025-04-21 14:01:18 [MQTT Call: JavaClientExample] INFO  com.example.mqtt.MessageData - Topic: data/s/nhnacademy/b/gyeongnam_campus/p/class_a/d/24e124128c067999/sp/입구/n/입구/g/24e124fffef79304/e/lora
Message Data:
time: 1745211678049
value: 

2025-04-21 14:01:18 [MQTT Call: JavaClientExample] INFO  com.example.mqtt.InfluxDBService - Extracted tagkey -> location: class_a, kind: 입구, data: lora
Value into InfluxDB: 0.0
2025-04-21 14:01:18 [MQTT Call: JavaClientExample] INFO  com.example.mqtt.MessageData - Data sent to InfluxDBService: data/s/nhnacademy/b/gyeongnam_campus/p/class_a/d/24e124128c067999/sp/입구/n/입구/g/24e124fffef79304/e/lora -> 0.0
2025-04-21 14:01:18 [MQTT Call: JavaClientExample] INFO  com.example.mqtt.MessageData - Topic: data/s/nhnacademy/b/gyeongnam_campus/p/class_a/d/24e124128c067999/sp/입구/n/입구/g/24e124fffef5dccc/e/lora
Message Data:
time: 1745211678049
value: 

2025-04-21 14:01:18 [MQTT Call: JavaClientExample] INFO  com.example.mqtt.InfluxDBService - Extracted tagkey -> location: class_a, kind: 입구, data: lora
Value into InfluxDB: 0.0
2025-04-21 14:01:18 [MQTT Call: JavaClientExample] INFO  com.example.mqtt.MessageData - Data sent to InfluxDBService: data/s/nhnacademy/b/gyeongnam_campus/p/class_a/d/24e124128c067999/sp/입구/n/입구/g/24e124fffef5dccc/e/lora -> 0.0
2025-04-21 14:01:18 [MQTT Rec: JavaClientExample] ERROR com.example.mqtt.MqttClientService - Connection lost: 연결 유실
org.eclipse.paho.client.mqttv3.MqttException: 연결 유실
	at org.eclipse.paho.client.mqttv3.internal.CommsReceiver.run(CommsReceiver.java:197) ~[org.eclipse.paho.client.mqttv3-1.2.5.jar:?]
	at java.lang.Thread.run(Thread.java:1583) [?:?]
Caused by: java.io.EOFException
	at java.io.DataInputStream.readUnsignedByte(DataInputStream.java:297) ~[?:?]
	at java.io.DataInputStream.readByte(DataInputStream.java:275) ~[?:?]
	at org.eclipse.paho.client.mqttv3.internal.wire.MqttInputStream.readMqttWireMessage(MqttInputStream.java:92) ~[org.eclipse.paho.client.mqttv3-1.2.5.jar:?]
	at org.eclipse.paho.client.mqttv3.internal.CommsReceiver.run(CommsReceiver.java:137) ~[org.eclipse.paho.client.mqttv3-1.2.5.jar:?]
	... 1 more
2025-04-21 14:01:18 [Thread-5] INFO  com.example.Main - Exiting and disconnecting...
2025-04-21 14:01:18 [main] ERROR com.example.mqtt.ConnectService - Error connecting to broker: MqttException
2025-04-21 14:01:23 [main] INFO  com.example.mqtt.ConnectService - Connecting to broker...
2025-04-21 14:01:23 [main] ERROR com.example.mqtt.ConnectService - Error connecting to broker: MqttException
2025-04-21 14:01:28 [main] INFO  com.example.mqtt.ConnectService - Connecting to broker...
2025-04-21 14:01:28 [main] ERROR com.example.mqtt.ConnectService - Error connecting to broker: MqttException
2025-04-21 14:01:33 [main] INFO  com.example.mqtt.ConnectService - Connecting to broker...
2025-04-21 14:01:33 [main] ERROR com.example.mqtt.ConnectService - Error connecting to broker: MqttException
2025-04-21 14:01:38 [main] INFO  com.example.mqtt.ConnectService - Connecting to broker...
2025-04-21 14:01:38 [main] ERROR com.example.mqtt.ConnectService - Error connecting to broker: MqttException
2025-04-21 14:01:43 [main] INFO  com.example.mqtt.ConnectService - Connecting to broker...
2025-04-21 14:01:43 [main] ERROR com.example.mqtt.ConnectService - Error connecting to broker: MqttException
2025-04-21 14:01:48 [main] INFO  com.example.mqtt.ConnectService - Connecting to broker...
2025-04-21 14:01:48 [main] ERROR com.example.mqtt.ConnectService - Error connecting to broker: MqttException
2025-04-21 14:01:53 [main] INFO  com.example.mqtt.ConnectService - Connecting to broker...
2025-04-21 14:01:53 [main] ERROR com.example.mqtt.ConnectService - Error connecting to broker: MqttException
2025-04-21 14:01:58 [main] INFO  com.example.mqtt.ConnectService - Connecting to broker...
2025-04-21 14:01:58 [main] ERROR com.example.mqtt.ConnectService - Error connecting to broker: MqttException
2025-04-21 14:02:03 [main] INFO  com.example.mqtt.ConnectService - Connecting to broker...
2025-04-21 14:02:03 [main] ERROR com.example.mqtt.ConnectService - Error connecting to broker: MqttException
2025-04-21 14:02:08 [main] INFO  com.example.mqtt.ConnectService - Connecting to broker...
2025-04-21 14:02:08 [main] ERROR com.example.mqtt.ConnectService - Error connecting to broker: MqttException
2025-04-21 14:02:13 [main] INFO  com.example.mqtt.ConnectService - Connecting to broker...
2025-04-21 14:02:13 [main] ERROR com.example.mqtt.ConnectService - Error connecting to broker: MqttException
2025-04-21 14:02:18 [main] INFO  com.example.mqtt.ConnectService - Connecting to broker...
2025-04-21 14:02:18 [main] ERROR com.example.mqtt.ConnectService - Error connecting to broker: MqttException
2025-04-21 14:02:23 [main] INFO  com.example.mqtt.ConnectService - Connecting to broker...
2025-04-21 14:02:23 [main] ERROR com.example.mqtt.ConnectService - Error connecting to broker: MqttException
2025-04-21 14:02:28 [main] INFO  com.example.mqtt.ConnectService - Connecting to broker...
2025-04-21 14:02:28 [main] ERROR com.example.mqtt.ConnectService - Error connecting to broker: MqttException
2025-04-21 14:02:33 [main] INFO  com.example.mqtt.ConnectService - Connecting to broker...
2025-04-21 14:02:33 [main] ERROR com.example.mqtt.ConnectService - Error connecting to broker: MqttException
2025-04-21 14:02:38 [main] INFO  com.example.mqtt.ConnectService - Connecting to broker...
2025-04-21 14:02:38 [main] INFO  com.example.mqtt.ConnectService - Connected to broker!
2025-04-21 14:02:38 [main] INFO  com.example.mqtt.ConnectService - Subscribed to topic: data/#
2025-04-21 14:02:38 [main] INFO  com.example.Main - Connected to broker and subscribed to topic: data/#
2025-04-21 14:02:38 [main] INFO  com.example.mqtt.ConnectService - Connecting to broker...
2025-04-21 14:02:39 [main] ERROR com.example.mqtt.ConnectService - Error connecting to broker: MqttException
2025-04-21 14:02:39 [MQTT Rec: JavaClientExample] ERROR com.example.mqtt.MqttClientService - Connection lost: 연결 유실
org.eclipse.paho.client.mqttv3.MqttException: 연결 유실
	at org.eclipse.paho.client.mqttv3.internal.CommsReceiver.run(CommsReceiver.java:197) ~[org.eclipse.paho.client.mqttv3-1.2.5.jar:?]
	at java.lang.Thread.run(Thread.java:1583) [?:?]
Caused by: java.io.EOFException
	at java.io.DataInputStream.readUnsignedByte(DataInputStream.java:297) ~[?:?]
	at java.io.DataInputStream.readByte(DataInputStream.java:275) ~[?:?]
	at org.eclipse.paho.client.mqttv3.internal.wire.MqttInputStream.readMqttWireMessage(MqttInputStream.java:92) ~[org.eclipse.paho.client.mqttv3-1.2.5.jar:?]
	at org.eclipse.paho.client.mqttv3.internal.CommsReceiver.run(CommsReceiver.java:137) ~[org.eclipse.paho.client.mqttv3-1.2.5.jar:?]
	... 1 more
2025-04-21 14:02:39 [Thread-5] INFO  com.example.Main - Exiting and disconnecting...
2025-04-21 14:02:43 [main] INFO  com.example.mqtt.ConnectService - Connecting to broker...
2025-04-21 14:02:43 [main] INFO  com.example.mqtt.ConnectService - Connected to broker!
2025-04-21 14:02:43 [main] INFO  com.example.mqtt.ConnectService - Subscribed to topic: data/#
2025-04-21 14:02:43 [main] INFO  com.example.Main - Connected to broker and subscribed to topic: data/#
2025-04-21 14:02:44 [main] INFO  com.example.mqtt.ConnectService - Connecting to broker...
2025-04-21 14:02:44 [main] ERROR com.example.mqtt.ConnectService - Error connecting to broker: MqttException
2025-04-21 14:02:44 [MQTT Rec: JavaClientExample] ERROR com.example.mqtt.MqttClientService - Connection lost: 연결 유실
org.eclipse.paho.client.mqttv3.MqttException: 연결 유실
	at org.eclipse.paho.client.mqttv3.internal.CommsReceiver.run(CommsReceiver.java:197) ~[org.eclipse.paho.client.mqttv3-1.2.5.jar:?]
	at java.lang.Thread.run(Thread.java:1583) [?:?]
Caused by: java.io.EOFException
	at java.io.DataInputStream.readUnsignedByte(DataInputStream.java:297) ~[?:?]
	at java.io.DataInputStream.readByte(DataInputStream.java:275) ~[?:?]
	at org.eclipse.paho.client.mqttv3.internal.wire.MqttInputStream.readMqttWireMessage(MqttInputStream.java:92) ~[org.eclipse.paho.client.mqttv3-1.2.5.jar:?]
	at org.eclipse.paho.client.mqttv3.internal.CommsReceiver.run(CommsReceiver.java:137) ~[org.eclipse.paho.client.mqttv3-1.2.5.jar:?]
	... 1 more
2025-04-21 14:02:44 [Thread-5] INFO  com.example.Main - Exiting and disconnecting...
2025-04-21 14:02:49 [main] INFO  com.example.mqtt.ConnectService - Connecting to broker...
2025-04-21 14:02:49 [main] ERROR com.example.mqtt.ConnectService - Error connecting to broker: MqttException
2025-04-21 14:02:53 [main] INFO  com.example.mqtt.ConnectService - Connecting to broker...
2025-04-21 14:02:54 [main] INFO  com.example.mqtt.ConnectService - Connected to broker!
2025-04-21 14:02:54 [main] INFO  com.example.mqtt.ConnectService - Subscribed to topic: data/#
2025-04-21 14:02:54 [main] INFO  com.example.Main - Connected to broker and subscribed to topic: data/#
2025-04-21 14:02:54 [main] INFO  com.example.mqtt.ConnectService - Connecting to broker...
2025-04-21 14:02:54 [main] ERROR com.example.mqtt.ConnectService - Error connecting to broker: MqttException
2025-04-21 14:02:54 [MQTT Rec: JavaClientExample] ERROR com.example.mqtt.MqttClientService - Connection lost: 연결 유실
org.eclipse.paho.client.mqttv3.MqttException: 연결 유실
	at org.eclipse.paho.client.mqttv3.internal.CommsReceiver.run(CommsReceiver.java:197) ~[org.eclipse.paho.client.mqttv3-1.2.5.jar:?]
	at java.lang.Thread.run(Thread.java:1583) [?:?]
Caused by: java.io.EOFException
	at java.io.DataInputStream.readUnsignedByte(DataInputStream.java:297) ~[?:?]
	at java.io.DataInputStream.readByte(DataInputStream.java:275) ~[?:?]
	at org.eclipse.paho.client.mqttv3.internal.wire.MqttInputStream.readMqttWireMessage(MqttInputStream.java:92) ~[org.eclipse.paho.client.mqttv3-1.2.5.jar:?]
	at org.eclipse.paho.client.mqttv3.internal.CommsReceiver.run(CommsReceiver.java:137) ~[org.eclipse.paho.client.mqttv3-1.2.5.jar:?]
	... 1 more
2025-04-21 14:02:54 [Thread-5] INFO  com.example.Main - Exiting and disconnecting...
2025-04-21 14:02:59 [main] INFO  com.example.mqtt.ConnectService - Connecting to broker...
2025-04-21 14:02:59 [main] ERROR com.example.mqtt.ConnectService - Error connecting to broker: MqttException
2025-04-21 14:03:04 [main] INFO  com.example.mqtt.ConnectService - Connecting to broker...
2025-04-21 14:03:04 [main] ERROR com.example.mqtt.ConnectService - Error connecting to broker: MqttException
2025-04-21 14:03:09 [main] INFO  com.example.mqtt.ConnectService - Connecting to broker...
2025-04-21 14:03:09 [main] ERROR com.example.mqtt.ConnectService - Error connecting to broker: MqttException
2025-04-21 14:03:14 [main] INFO  com.example.mqtt.ConnectService - Connecting to broker...
2025-04-21 14:03:14 [main] ERROR com.example.mqtt.ConnectService - Error connecting to broker: MqttException
2025-04-21 14:03:19 [main] INFO  com.example.mqtt.ConnectService - Connecting to broker...
2025-04-21 14:03:19 [main] ERROR com.example.mqtt.ConnectService - Error connecting to broker: MqttException
2025-04-21 14:03:24 [main] INFO  com.example.mqtt.ConnectService - Connecting to broker...
2025-04-21 14:03:24 [main] ERROR com.example.mqtt.ConnectService - Error connecting to broker: MqttException
2025-04-21 14:03:29 [main] INFO  com.example.mqtt.ConnectService - Connecting to broker...
2025-04-21 14:03:29 [main] ERROR com.example.mqtt.ConnectService - Error connecting to broker: MqttException
2025-04-21 14:03:34 [main] INFO  com.example.mqtt.ConnectService - Connecting to broker...
2025-04-21 14:03:34 [main] ERROR com.example.mqtt.ConnectService - Error connecting to broker: MqttException
2025-04-21 14:03:39 [main] INFO  com.example.mqtt.ConnectService - Connecting to broker...
2025-04-21 14:03:39 [main] ERROR com.example.mqtt.ConnectService - Error connecting to broker: MqttException
2025-04-21 14:03:44 [main] INFO  com.example.mqtt.ConnectService - Connecting to broker...
2025-04-21 14:03:44 [main] ERROR com.example.mqtt.ConnectService - Error connecting to broker: MqttException
2025-04-21 14:03:49 [main] INFO  com.example.mqtt.ConnectService - Connecting to broker...
2025-04-21 14:03:49 [main] ERROR com.example.mqtt.ConnectService - Error connecting to broker: MqttException
2025-04-21 14:03:54 [main] INFO  com.example.mqtt.ConnectService - Connecting to broker...
2025-04-21 14:03:54 [main] ERROR com.example.mqtt.ConnectService - Error connecting to broker: MqttException
2025-04-21 14:03:59 [main] INFO  com.example.mqtt.ConnectService - Connecting to broker...
2025-04-21 14:03:59 [main] ERROR com.example.mqtt.ConnectService - Error connecting to broker: MqttException
2025-04-21 14:04:04 [main] INFO  com.example.mqtt.ConnectService - Connecting to broker...
2025-04-21 14:04:04 [main] ERROR com.example.mqtt.ConnectService - Error connecting to broker: MqttException
2025-04-21 14:04:09 [main] INFO  com.example.mqtt.ConnectService - Connecting to broker...
2025-04-21 14:04:09 [main] ERROR com.example.mqtt.ConnectService - Error connecting to broker: MqttException
2025-04-21 14:04:14 [main] INFO  com.example.mqtt.ConnectService - Connecting to broker...
2025-04-21 14:04:14 [main] ERROR com.example.mqtt.ConnectService - Error connecting to broker: MqttException
2025-04-21 14:04:19 [main] INFO  com.example.mqtt.ConnectService - Connecting to broker...
2025-04-21 14:04:19 [main] ERROR com.example.mqtt.ConnectService - Error connecting to broker: MqttException
2025-04-21 14:04:21 [main] INFO  com.example.mqtt.ConnectService - Connecting to broker...
2025-04-21 14:04:22 [main] INFO  com.example.mqtt.ConnectService - Connected to broker!
2025-04-21 14:04:22 [main] INFO  com.example.mqtt.ConnectService - Subscribed to topic: data/#
2025-04-21 14:04:22 [main] INFO  com.example.Main - Connected to broker and subscribed to topic: data/#
2025-04-21 14:04:24 [main] INFO  com.example.mqtt.ConnectService - Connecting to broker...
2025-04-21 14:04:25 [main] ERROR com.example.mqtt.ConnectService - Error connecting to broker: MqttException
2025-04-21 14:04:25 [MQTT Rec: JavaClientExample] ERROR com.example.mqtt.MqttClientService - Connection lost: 연결 유실
org.eclipse.paho.client.mqttv3.MqttException: 연결 유실
	at org.eclipse.paho.client.mqttv3.internal.CommsReceiver.run(CommsReceiver.java:197) ~[org.eclipse.paho.client.mqttv3-1.2.5.jar:?]
	at java.lang.Thread.run(Thread.java:1583) [?:?]
Caused by: java.io.EOFException
	at java.io.DataInputStream.readUnsignedByte(DataInputStream.java:297) ~[?:?]
	at java.io.DataInputStream.readByte(DataInputStream.java:275) ~[?:?]
	at org.eclipse.paho.client.mqttv3.internal.wire.MqttInputStream.readMqttWireMessage(MqttInputStream.java:92) ~[org.eclipse.paho.client.mqttv3-1.2.5.jar:?]
	at org.eclipse.paho.client.mqttv3.internal.CommsReceiver.run(CommsReceiver.java:137) ~[org.eclipse.paho.client.mqttv3-1.2.5.jar:?]
	... 1 more
2025-04-21 14:04:25 [Thread-5] INFO  com.example.Main - Exiting and disconnecting...
2025-04-21 14:04:30 [main] INFO  com.example.mqtt.ConnectService - Connecting to broker...
2025-04-21 14:04:30 [main] ERROR com.example.mqtt.ConnectService - Error connecting to broker: MqttException
2025-04-21 14:04:35 [main] INFO  com.example.mqtt.ConnectService - Connecting to broker...
2025-04-21 14:04:35 [main] ERROR com.example.mqtt.ConnectService - Error connecting to broker: MqttException
2025-04-21 14:04:40 [main] INFO  com.example.mqtt.ConnectService - Connecting to broker...
2025-04-21 14:04:40 [main] ERROR com.example.mqtt.ConnectService - Error connecting to broker: MqttException
2025-04-21 14:04:45 [main] INFO  com.example.mqtt.ConnectService - Connecting to broker...
2025-04-21 14:04:45 [main] ERROR com.example.mqtt.ConnectService - Error connecting to broker: MqttException
2025-04-21 14:04:50 [main] INFO  com.example.mqtt.ConnectService - Connecting to broker...
2025-04-21 14:04:50 [main] ERROR com.example.mqtt.ConnectService - Error connecting to broker: MqttException
2025-04-21 14:04:55 [main] INFO  com.example.mqtt.ConnectService - Connecting to broker...
2025-04-21 14:04:55 [main] ERROR com.example.mqtt.ConnectService - Error connecting to broker: MqttException
2025-04-21 14:05:00 [main] INFO  com.example.mqtt.ConnectService - Connecting to broker...
2025-04-21 14:05:00 [main] ERROR com.example.mqtt.ConnectService - Error connecting to broker: MqttException
2025-04-21 14:05:05 [main] INFO  com.example.mqtt.ConnectService - Connecting to broker...
2025-04-21 14:05:05 [main] ERROR com.example.mqtt.ConnectService - Error connecting to broker: MqttException
2025-04-21 14:05:10 [main] INFO  com.example.mqtt.ConnectService - Connecting to broker...
2025-04-21 14:05:10 [main] ERROR com.example.mqtt.ConnectService - Error connecting to broker: MqttException
2025-04-21 14:05:15 [main] INFO  com.example.mqtt.ConnectService - Connecting to broker...
2025-04-21 14:05:15 [main] ERROR com.example.mqtt.ConnectService - Error connecting to broker: MqttException
2025-04-21 14:05:20 [main] INFO  com.example.mqtt.ConnectService - Connecting to broker...
2025-04-21 14:05:20 [main] ERROR com.example.mqtt.ConnectService - Error connecting to broker: MqttException
2025-04-21 14:05:25 [main] INFO  com.example.mqtt.ConnectService - Connecting to broker...
2025-04-21 14:05:25 [main] ERROR com.example.mqtt.ConnectService - Error connecting to broker: MqttException
2025-04-21 14:05:30 [main] INFO  com.example.mqtt.ConnectService - Connecting to broker...
2025-04-21 14:05:30 [main] ERROR com.example.mqtt.ConnectService - Error connecting to broker: MqttException
2025-04-21 14:05:35 [main] INFO  com.example.mqtt.ConnectService - Connecting to broker...
2025-04-21 14:05:35 [main] ERROR com.example.mqtt.ConnectService - Error connecting to broker: MqttException
2025-04-21 14:05:40 [main] INFO  com.example.mqtt.ConnectService - Connecting to broker...
2025-04-21 14:05:40 [main] ERROR com.example.mqtt.ConnectService - Error connecting to broker: MqttException
2025-04-21 14:05:45 [main] INFO  com.example.mqtt.ConnectService - Connecting to broker...
2025-04-21 14:05:45 [main] ERROR com.example.mqtt.ConnectService - Error connecting to broker: MqttException
2025-04-21 14:05:50 [main] INFO  com.example.mqtt.ConnectService - Connecting to broker...
2025-04-21 14:05:50 [main] ERROR com.example.mqtt.ConnectService - Error connecting to broker: MqttException
2025-04-21 14:05:55 [main] INFO  com.example.mqtt.ConnectService - Connecting to broker...
2025-04-21 14:05:55 [main] ERROR com.example.mqtt.ConnectService - Error connecting to broker: MqttException
2025-04-21 14:06:00 [main] INFO  com.example.mqtt.ConnectService - Connecting to broker...
2025-04-21 14:06:00 [main] ERROR com.example.mqtt.ConnectService - Error connecting to broker: MqttException
2025-04-21 14:06:05 [main] INFO  com.example.mqtt.ConnectService - Connecting to broker...
2025-04-21 14:06:05 [main] ERROR com.example.mqtt.ConnectService - Error connecting to broker: MqttException
2025-04-21 14:06:10 [main] INFO  com.example.mqtt.ConnectService - Connecting to broker...
2025-04-21 14:06:10 [main] ERROR com.example.mqtt.ConnectService - Error connecting to broker: MqttException
2025-04-21 14:06:15 [main] INFO  com.example.mqtt.ConnectService - Connecting to broker...
2025-04-21 14:06:15 [main] ERROR com.example.mqtt.ConnectService - Error connecting to broker: MqttException
2025-04-21 14:06:20 [main] INFO  com.example.mqtt.ConnectService - Connecting to broker...
2025-04-21 14:06:20 [main] ERROR com.example.mqtt.ConnectService - Error connecting to broker: MqttException
2025-04-21 14:06:25 [main] INFO  com.example.mqtt.ConnectService - Connecting to broker...
2025-04-21 14:06:25 [main] ERROR com.example.mqtt.ConnectService - Error connecting to broker: MqttException
2025-04-21 14:06:30 [main] INFO  com.example.mqtt.ConnectService - Connecting to broker...
2025-04-21 14:06:30 [main] ERROR com.example.mqtt.ConnectService - Error connecting to broker: MqttException
2025-04-21 14:06:35 [main] INFO  com.example.mqtt.ConnectService - Connecting to broker...
2025-04-21 14:06:35 [main] ERROR com.example.mqtt.ConnectService - Error connecting to broker: MqttException
2025-04-21 14:06:40 [main] INFO  com.example.mqtt.ConnectService - Connecting to broker...
2025-04-21 14:06:40 [main] ERROR com.example.mqtt.ConnectService - Error connecting to broker: MqttException
2025-04-21 14:06:45 [main] INFO  com.example.mqtt.ConnectService - Connecting to broker...
2025-04-21 14:06:45 [main] ERROR com.example.mqtt.ConnectService - Error connecting to broker: MqttException
2025-04-21 14:06:50 [main] INFO  com.example.mqtt.ConnectService - Connecting to broker...
2025-04-21 14:06:50 [main] ERROR com.example.mqtt.ConnectService - Error connecting to broker: MqttException
2025-04-21 14:06:51 [main] INFO  com.example.mqtt.ConnectService - Connecting to broker...
2025-04-21 14:06:52 [main] INFO  com.example.mqtt.ConnectService - Connected to broker!
2025-04-21 14:06:52 [main] INFO  com.example.mqtt.ConnectService - Subscribed to topic: data/#
2025-04-21 14:06:52 [main] INFO  com.example.Main - Connected to broker and subscribed to topic: data/#
2025-04-21 14:06:54 [MQTT Call: JavaClientExample] INFO  com.example.mqtt.MessageData - Topic: data/s/nhnacademy/b/gyeongnam_campus/p/hive/d/24e124126c452091/sp/farm/n/스마트팜/e/temperature
Message Data:
time: 1745212013286
value: 23.2

2025-04-21 14:06:54 [MQTT Call: JavaClientExample] INFO  com.example.mqtt.InfluxDBService - Extracted tagkey -> location: hive, kind: 스마트팜, data: temperature
Value into InfluxDB: 23.2
2025-04-21 14:06:54 [MQTT Call: JavaClientExample] INFO  com.example.mqtt.MessageData - Data sent to InfluxDBService: data/s/nhnacademy/b/gyeongnam_campus/p/hive/d/24e124126c452091/sp/farm/n/스마트팜/e/temperature -> 23.2
2025-04-21 14:06:54 [MQTT Call: JavaClientExample] INFO  com.example.mqtt.MessageData - Topic: data/s/nhnacademy/b/gyeongnam_campus/p/hive/d/24e124126c452091/sp/farm/n/스마트팜/g/24e124fffef5dccc/e/lora
Message Data:
time: 1745212013286
value: 

2025-04-21 14:06:54 [MQTT Call: JavaClientExample] INFO  com.example.mqtt.InfluxDBService - Extracted tagkey -> location: hive, kind: 스마트팜, data: lora
Value into InfluxDB: 0.0
2025-04-21 14:06:54 [MQTT Call: JavaClientExample] INFO  com.example.mqtt.MessageData - Data sent to InfluxDBService: data/s/nhnacademy/b/gyeongnam_campus/p/hive/d/24e124126c452091/sp/farm/n/스마트팜/g/24e124fffef5dccc/e/lora -> 0.0
2025-04-21 14:06:54 [MQTT Call: JavaClientExample] INFO  com.example.mqtt.MessageData - Topic: data/s/nhnacademy/b/gyeongnam_campus/p/hive/d/24e124126c452091/sp/farm/n/스마트팜/g/24e124fffef79304/e/lora
Message Data:
time: 1745212013286
value: 

2025-04-21 14:06:54 [MQTT Call: JavaClientExample] INFO  com.example.mqtt.InfluxDBService - Extracted tagkey -> location: hive, kind: 스마트팜, data: lora
Value into InfluxDB: 0.0
2025-04-21 14:06:54 [MQTT Call: JavaClientExample] INFO  com.example.mqtt.MessageData - Data sent to InfluxDBService: data/s/nhnacademy/b/gyeongnam_campus/p/hive/d/24e124126c452091/sp/farm/n/스마트팜/g/24e124fffef79304/e/lora -> 0.0
2025-04-21 14:06:55 [main] INFO  com.example.mqtt.ConnectService - Connecting to broker...
2025-04-21 14:06:55 [MQTT Call: JavaClientExample] INFO  com.example.mqtt.MessageData - Topic: data/s/nhnacademy/b/gyeongnam_campus/p/hive/d/24e124126d111937/sp/farm/n/스마트팜/e/illumination
Message Data:
time: 1745212015056
value: 320

2025-04-21 14:06:55 [MQTT Call: JavaClientExample] INFO  com.example.mqtt.InfluxDBService - Extracted tagkey -> location: hive, kind: 스마트팜, data: illumination
Value into InfluxDB: 320.0
2025-04-21 14:06:55 [MQTT Call: JavaClientExample] INFO  com.example.mqtt.MessageData - Data sent to InfluxDBService: data/s/nhnacademy/b/gyeongnam_campus/p/hive/d/24e124126d111937/sp/farm/n/스마트팜/e/illumination -> 320.0
2025-04-21 14:06:55 [MQTT Call: JavaClientExample] INFO  com.example.mqtt.MessageData - Topic: data/s/nhnacademy/b/gyeongnam_campus/p/hive/d/24e124126d111937/sp/farm/n/스마트팜/g/24e124fffef79304/e/lora
Message Data:
time: 1745212015056
value: 

2025-04-21 14:06:55 [main] ERROR com.example.mqtt.ConnectService - Error connecting to broker: MqttException
2025-04-21 14:06:55 [MQTT Call: JavaClientExample] INFO  com.example.mqtt.InfluxDBService - Extracted tagkey -> location: hive, kind: 스마트팜, data: lora
Value into InfluxDB: 0.0
2025-04-21 14:06:55 [MQTT Rec: JavaClientExample] ERROR com.example.mqtt.MqttClientService - Connection lost: 연결 유실
org.eclipse.paho.client.mqttv3.MqttException: 연결 유실
	at org.eclipse.paho.client.mqttv3.internal.CommsReceiver.run(CommsReceiver.java:197) ~[org.eclipse.paho.client.mqttv3-1.2.5.jar:?]
	at java.lang.Thread.run(Thread.java:1583) [?:?]
Caused by: java.io.EOFException
	at java.io.DataInputStream.readUnsignedByte(DataInputStream.java:297) ~[?:?]
	at java.io.DataInputStream.readByte(DataInputStream.java:275) ~[?:?]
	at org.eclipse.paho.client.mqttv3.internal.wire.MqttInputStream.readMqttWireMessage(MqttInputStream.java:92) ~[org.eclipse.paho.client.mqttv3-1.2.5.jar:?]
	at org.eclipse.paho.client.mqttv3.internal.CommsReceiver.run(CommsReceiver.java:137) ~[org.eclipse.paho.client.mqttv3-1.2.5.jar:?]
	... 1 more
2025-04-21 14:06:55 [MQTT Call: JavaClientExample] INFO  com.example.mqtt.MessageData - Data sent to InfluxDBService: data/s/nhnacademy/b/gyeongnam_campus/p/hive/d/24e124126d111937/sp/farm/n/스마트팜/g/24e124fffef79304/e/lora -> 0.0
2025-04-21 14:06:55 [Thread-5] INFO  com.example.Main - Exiting and disconnecting...
2025-04-21 14:07:00 [main] INFO  com.example.mqtt.ConnectService - Connecting to broker...
2025-04-21 14:07:00 [main] ERROR com.example.mqtt.ConnectService - Error connecting to broker: MqttException
2025-04-21 14:07:05 [main] INFO  com.example.mqtt.ConnectService - Connecting to broker...
2025-04-21 14:07:05 [main] ERROR com.example.mqtt.ConnectService - Error connecting to broker: MqttException
2025-04-21 14:07:10 [main] INFO  com.example.mqtt.ConnectService - Connecting to broker...
2025-04-21 14:07:10 [main] ERROR com.example.mqtt.ConnectService - Error connecting to broker: MqttException
2025-04-21 14:07:15 [main] INFO  com.example.mqtt.ConnectService - Connecting to broker...
2025-04-21 14:07:15 [main] ERROR com.example.mqtt.ConnectService - Error connecting to broker: MqttException
2025-04-21 14:07:20 [main] INFO  com.example.mqtt.ConnectService - Connecting to broker...
2025-04-21 14:07:20 [main] ERROR com.example.mqtt.ConnectService - Error connecting to broker: MqttException
2025-04-21 14:07:25 [main] INFO  com.example.mqtt.ConnectService - Connecting to broker...
2025-04-21 14:07:25 [main] ERROR com.example.mqtt.ConnectService - Error connecting to broker: MqttException
2025-04-21 14:07:30 [main] INFO  com.example.mqtt.ConnectService - Connecting to broker...
2025-04-21 14:07:30 [main] ERROR com.example.mqtt.ConnectService - Error connecting to broker: MqttException
2025-04-21 14:07:35 [main] INFO  com.example.mqtt.ConnectService - Connecting to broker...
2025-04-21 14:07:35 [main] ERROR com.example.mqtt.ConnectService - Error connecting to broker: MqttException
2025-04-21 14:07:40 [main] INFO  com.example.mqtt.ConnectService - Connecting to broker...
2025-04-21 14:07:40 [main] ERROR com.example.mqtt.ConnectService - Error connecting to broker: MqttException
2025-04-21 14:07:45 [main] INFO  com.example.mqtt.ConnectService - Connecting to broker...
2025-04-21 14:07:45 [main] ERROR com.example.mqtt.ConnectService - Error connecting to broker: MqttException
2025-04-21 14:07:50 [main] INFO  com.example.mqtt.ConnectService - Connecting to broker...
2025-04-21 14:07:50 [main] ERROR com.example.mqtt.ConnectService - Error connecting to broker: MqttException
2025-04-21 14:07:55 [main] INFO  com.example.mqtt.ConnectService - Connecting to broker...
2025-04-21 14:07:55 [main] ERROR com.example.mqtt.ConnectService - Error connecting to broker: MqttException
2025-04-21 14:08:00 [main] INFO  com.example.mqtt.ConnectService - Connecting to broker...
2025-04-21 14:08:00 [main] ERROR com.example.mqtt.ConnectService - Error connecting to broker: MqttException
2025-04-21 14:08:05 [main] INFO  com.example.mqtt.ConnectService - Connecting to broker...
2025-04-21 14:08:05 [main] ERROR com.example.mqtt.ConnectService - Error connecting to broker: MqttException
2025-04-21 14:08:10 [main] INFO  com.example.mqtt.ConnectService - Connecting to broker...
2025-04-21 14:08:10 [main] ERROR com.example.mqtt.ConnectService - Error connecting to broker: MqttException
2025-04-21 14:08:15 [main] INFO  com.example.mqtt.ConnectService - Connecting to broker...
2025-04-21 14:08:15 [main] ERROR com.example.mqtt.ConnectService - Error connecting to broker: MqttException
2025-04-21 14:08:20 [main] INFO  com.example.mqtt.ConnectService - Connecting to broker...
2025-04-21 14:08:20 [main] ERROR com.example.mqtt.ConnectService - Error connecting to broker: MqttException
2025-04-21 14:08:25 [main] INFO  com.example.mqtt.ConnectService - Connecting to broker...
2025-04-21 14:08:25 [main] ERROR com.example.mqtt.ConnectService - Error connecting to broker: MqttException
2025-04-21 14:08:30 [main] INFO  com.example.mqtt.ConnectService - Connecting to broker...
2025-04-21 14:08:30 [main] ERROR com.example.mqtt.ConnectService - Error connecting to broker: MqttException
2025-04-21 14:08:35 [main] INFO  com.example.mqtt.ConnectService - Connecting to broker...
2025-04-21 14:08:35 [main] ERROR com.example.mqtt.ConnectService - Error connecting to broker: MqttException
2025-04-21 14:08:40 [main] INFO  com.example.mqtt.ConnectService - Connecting to broker...
2025-04-21 14:08:40 [main] ERROR com.example.mqtt.ConnectService - Error connecting to broker: MqttException
2025-04-21 14:08:45 [main] INFO  com.example.mqtt.ConnectService - Connecting to broker...
2025-04-21 14:08:45 [main] ERROR com.example.mqtt.ConnectService - Error connecting to broker: MqttException
2025-04-21 14:08:50 [main] INFO  com.example.mqtt.ConnectService - Connecting to broker...
2025-04-21 14:08:50 [main] ERROR com.example.mqtt.ConnectService - Error connecting to broker: MqttException
2025-04-21 14:08:55 [main] INFO  com.example.mqtt.ConnectService - Connecting to broker...
2025-04-21 14:08:55 [main] ERROR com.example.mqtt.ConnectService - Error connecting to broker: MqttException
2025-04-21 14:09:00 [main] INFO  com.example.mqtt.ConnectService - Connecting to broker...
2025-04-21 14:09:00 [main] ERROR com.example.mqtt.ConnectService - Error connecting to broker: MqttException
2025-04-21 14:09:05 [main] INFO  com.example.mqtt.ConnectService - Connecting to broker...
2025-04-21 14:09:05 [main] ERROR com.example.mqtt.ConnectService - Error connecting to broker: MqttException
2025-04-21 14:09:10 [main] INFO  com.example.mqtt.ConnectService - Connecting to broker...
2025-04-21 14:09:10 [main] ERROR com.example.mqtt.ConnectService - Error connecting to broker: MqttException
2025-04-21 14:09:15 [main] INFO  com.example.mqtt.ConnectService - Connecting to broker...
2025-04-21 14:09:15 [main] ERROR com.example.mqtt.ConnectService - Error connecting to broker: MqttException
2025-04-21 14:09:20 [main] INFO  com.example.mqtt.ConnectService - Connecting to broker...
2025-04-21 14:09:20 [main] ERROR com.example.mqtt.ConnectService - Error connecting to broker: MqttException
2025-04-21 14:09:25 [main] INFO  com.example.mqtt.ConnectService - Connecting to broker...
2025-04-21 14:09:25 [main] ERROR com.example.mqtt.ConnectService - Error connecting to broker: MqttException
2025-04-21 14:09:30 [main] INFO  com.example.mqtt.ConnectService - Connecting to broker...
2025-04-21 14:09:30 [main] ERROR com.example.mqtt.ConnectService - Error connecting to broker: MqttException
2025-04-21 14:09:35 [main] INFO  com.example.mqtt.ConnectService - Connecting to broker...
2025-04-21 14:09:35 [main] ERROR com.example.mqtt.ConnectService - Error connecting to broker: MqttException
2025-04-21 14:09:40 [main] INFO  com.example.mqtt.ConnectService - Connecting to broker...
2025-04-21 14:09:40 [main] ERROR com.example.mqtt.ConnectService - Error connecting to broker: MqttException
2025-04-21 14:09:45 [main] INFO  com.example.mqtt.ConnectService - Connecting to broker...
2025-04-21 14:09:45 [main] ERROR com.example.mqtt.ConnectService - Error connecting to broker: MqttException
2025-04-21 14:09:50 [main] INFO  com.example.mqtt.ConnectService - Connecting to broker...
2025-04-21 14:09:50 [main] ERROR com.example.mqtt.ConnectService - Error connecting to broker: MqttException
2025-04-21 14:09:55 [main] INFO  com.example.mqtt.ConnectService - Connecting to broker...
2025-04-21 14:09:55 [main] ERROR com.example.mqtt.ConnectService - Error connecting to broker: MqttException
2025-04-21 14:10:00 [main] INFO  com.example.mqtt.ConnectService - Connecting to broker...
2025-04-21 14:10:00 [main] ERROR com.example.mqtt.ConnectService - Error connecting to broker: MqttException
2025-04-21 14:10:05 [main] INFO  com.example.mqtt.ConnectService - Connecting to broker...
2025-04-21 14:10:05 [main] ERROR com.example.mqtt.ConnectService - Error connecting to broker: MqttException
2025-04-21 14:10:10 [main] INFO  com.example.mqtt.ConnectService - Connecting to broker...
2025-04-21 14:10:10 [main] ERROR com.example.mqtt.ConnectService - Error connecting to broker: MqttException
2025-04-21 14:10:15 [main] INFO  com.example.mqtt.ConnectService - Connecting to broker...
2025-04-21 14:10:15 [main] ERROR com.example.mqtt.ConnectService - Error connecting to broker: MqttException
2025-04-21 14:10:20 [main] INFO  com.example.mqtt.ConnectService - Connecting to broker...
2025-04-21 14:10:20 [main] ERROR com.example.mqtt.ConnectService - Error connecting to broker: MqttException
2025-04-21 14:10:25 [main] INFO  com.example.mqtt.ConnectService - Connecting to broker...
2025-04-21 14:10:25 [main] ERROR com.example.mqtt.ConnectService - Error connecting to broker: MqttException
2025-04-21 14:10:30 [main] INFO  com.example.mqtt.ConnectService - Connecting to broker...
2025-04-21 14:10:30 [main] ERROR com.example.mqtt.ConnectService - Error connecting to broker: MqttException
2025-04-21 14:10:35 [main] INFO  com.example.mqtt.ConnectService - Connecting to broker...
2025-04-21 14:10:35 [main] ERROR com.example.mqtt.ConnectService - Error connecting to broker: MqttException
2025-04-21 14:10:40 [main] INFO  com.example.mqtt.ConnectService - Connecting to broker...
2025-04-21 14:10:40 [main] ERROR com.example.mqtt.ConnectService - Error connecting to broker: MqttException
2025-04-21 14:10:45 [main] INFO  com.example.mqtt.ConnectService - Connecting to broker...
2025-04-21 14:10:45 [main] ERROR com.example.mqtt.ConnectService - Error connecting to broker: MqttException
2025-04-21 14:10:50 [main] INFO  com.example.mqtt.ConnectService - Connecting to broker...
2025-04-21 14:10:50 [main] ERROR com.example.mqtt.ConnectService - Error connecting to broker: MqttException
2025-04-21 14:10:55 [main] INFO  com.example.mqtt.ConnectService - Connecting to broker...
2025-04-21 14:10:55 [main] ERROR com.example.mqtt.ConnectService - Error connecting to broker: MqttException
2025-04-21 14:11:00 [main] INFO  com.example.mqtt.ConnectService - Connecting to broker...
2025-04-21 14:11:00 [main] ERROR com.example.mqtt.ConnectService - Error connecting to broker: MqttException
2025-04-21 14:11:05 [main] INFO  com.example.mqtt.ConnectService - Connecting to broker...
2025-04-21 14:11:05 [main] ERROR com.example.mqtt.ConnectService - Error connecting to broker: MqttException
2025-04-21 14:11:10 [main] INFO  com.example.mqtt.ConnectService - Connecting to broker...
2025-04-21 14:11:10 [main] ERROR com.example.mqtt.ConnectService - Error connecting to broker: MqttException
2025-04-21 14:11:15 [main] INFO  com.example.mqtt.ConnectService - Connecting to broker...
2025-04-21 14:11:15 [main] ERROR com.example.mqtt.ConnectService - Error connecting to broker: MqttException
2025-04-21 14:11:20 [main] INFO  com.example.mqtt.ConnectService - Connecting to broker...
2025-04-21 14:11:20 [main] ERROR com.example.mqtt.ConnectService - Error connecting to broker: MqttException
2025-04-21 14:11:25 [main] INFO  com.example.mqtt.ConnectService - Connecting to broker...
2025-04-21 14:11:25 [main] ERROR com.example.mqtt.ConnectService - Error connecting to broker: MqttException
2025-04-21 14:11:30 [main] INFO  com.example.mqtt.ConnectService - Connecting to broker...
2025-04-21 14:11:30 [main] ERROR com.example.mqtt.ConnectService - Error connecting to broker: MqttException
2025-04-21 14:11:35 [main] INFO  com.example.mqtt.ConnectService - Connecting to broker...
2025-04-21 14:11:35 [main] ERROR com.example.mqtt.ConnectService - Error connecting to broker: MqttException
2025-04-21 14:11:40 [main] INFO  com.example.mqtt.ConnectService - Connecting to broker...
2025-04-21 14:11:40 [main] ERROR com.example.mqtt.ConnectService - Error connecting to broker: MqttException
2025-04-21 14:11:45 [main] INFO  com.example.mqtt.ConnectService - Connecting to broker...
2025-04-21 14:11:45 [main] ERROR com.example.mqtt.ConnectService - Error connecting to broker: MqttException
2025-04-21 14:11:50 [main] INFO  com.example.mqtt.ConnectService - Connecting to broker...
2025-04-21 14:11:50 [main] ERROR com.example.mqtt.ConnectService - Error connecting to broker: MqttException
2025-04-21 14:11:55 [main] INFO  com.example.mqtt.ConnectService - Connecting to broker...
2025-04-21 14:11:55 [main] ERROR com.example.mqtt.ConnectService - Error connecting to broker: MqttException
2025-04-21 14:12:00 [main] INFO  com.example.mqtt.ConnectService - Connecting to broker...
2025-04-21 14:12:00 [main] ERROR com.example.mqtt.ConnectService - Error connecting to broker: MqttException
2025-04-21 14:12:05 [main] INFO  com.example.mqtt.ConnectService - Connecting to broker...
2025-04-21 14:12:05 [main] ERROR com.example.mqtt.ConnectService - Error connecting to broker: MqttException
2025-04-21 14:12:10 [main] INFO  com.example.mqtt.ConnectService - Connecting to broker...
2025-04-21 14:12:10 [main] ERROR com.example.mqtt.ConnectService - Error connecting to broker: MqttException
2025-04-21 14:12:15 [main] INFO  com.example.mqtt.ConnectService - Connecting to broker...
2025-04-21 14:12:15 [main] ERROR com.example.mqtt.ConnectService - Error connecting to broker: MqttException
2025-04-21 14:12:20 [main] INFO  com.example.mqtt.ConnectService - Connecting to broker...
2025-04-21 14:12:20 [main] ERROR com.example.mqtt.ConnectService - Error connecting to broker: MqttException
2025-04-21 14:12:25 [main] INFO  com.example.mqtt.ConnectService - Connecting to broker...
2025-04-21 14:12:25 [main] ERROR com.example.mqtt.ConnectService - Error connecting to broker: MqttException
2025-04-21 14:12:30 [main] INFO  com.example.mqtt.ConnectService - Connecting to broker...
2025-04-21 14:12:30 [main] ERROR com.example.mqtt.ConnectService - Error connecting to broker: MqttException
2025-04-21 14:12:35 [main] INFO  com.example.mqtt.ConnectService - Connecting to broker...
2025-04-21 14:12:35 [main] ERROR com.example.mqtt.ConnectService - Error connecting to broker: MqttException
2025-04-21 14:12:40 [main] INFO  com.example.mqtt.ConnectService - Connecting to broker...
2025-04-21 14:12:40 [main] ERROR com.example.mqtt.ConnectService - Error connecting to broker: MqttException
2025-04-21 14:12:45 [main] INFO  com.example.mqtt.ConnectService - Connecting to broker...
2025-04-21 14:12:45 [main] ERROR com.example.mqtt.ConnectService - Error connecting to broker: MqttException
2025-04-21 14:12:50 [main] INFO  com.example.mqtt.ConnectService - Connecting to broker...
2025-04-21 14:12:50 [main] ERROR com.example.mqtt.ConnectService - Error connecting to broker: MqttException
2025-04-21 14:12:55 [main] INFO  com.example.mqtt.ConnectService - Connecting to broker...
2025-04-21 14:12:55 [main] ERROR com.example.mqtt.ConnectService - Error connecting to broker: MqttException
2025-04-21 14:13:00 [main] INFO  com.example.mqtt.ConnectService - Connecting to broker...
2025-04-21 14:13:00 [main] ERROR com.example.mqtt.ConnectService - Error connecting to broker: MqttException
2025-04-21 14:13:05 [main] INFO  com.example.mqtt.ConnectService - Connecting to broker...
2025-04-21 14:13:05 [main] ERROR com.example.mqtt.ConnectService - Error connecting to broker: MqttException
2025-04-21 14:13:10 [main] INFO  com.example.mqtt.ConnectService - Connecting to broker...
2025-04-21 14:13:10 [main] ERROR com.example.mqtt.ConnectService - Error connecting to broker: MqttException
2025-04-21 14:13:15 [main] INFO  com.example.mqtt.ConnectService - Connecting to broker...
2025-04-21 14:13:15 [main] ERROR com.example.mqtt.ConnectService - Error connecting to broker: MqttException
2025-04-21 14:13:20 [main] INFO  com.example.mqtt.ConnectService - Connecting to broker...
2025-04-21 14:13:20 [main] ERROR com.example.mqtt.ConnectService - Error connecting to broker: MqttException
2025-04-21 14:13:25 [main] INFO  com.example.mqtt.ConnectService - Connecting to broker...
2025-04-21 14:13:25 [main] ERROR com.example.mqtt.ConnectService - Error connecting to broker: MqttException
2025-04-21 14:13:30 [main] INFO  com.example.mqtt.ConnectService - Connecting to broker...
2025-04-21 14:13:30 [main] ERROR com.example.mqtt.ConnectService - Error connecting to broker: MqttException
2025-04-21 14:13:35 [main] INFO  com.example.mqtt.ConnectService - Connecting to broker...
2025-04-21 14:13:35 [main] ERROR com.example.mqtt.ConnectService - Error connecting to broker: MqttException
2025-04-21 14:13:40 [main] INFO  com.example.mqtt.ConnectService - Connecting to broker...
2025-04-21 14:13:40 [main] ERROR com.example.mqtt.ConnectService - Error connecting to broker: MqttException
2025-04-21 14:13:45 [main] INFO  com.example.mqtt.ConnectService - Connecting to broker...
2025-04-21 14:13:45 [main] ERROR com.example.mqtt.ConnectService - Error connecting to broker: MqttException
2025-04-21 14:13:50 [main] INFO  com.example.mqtt.ConnectService - Connecting to broker...
2025-04-21 14:13:50 [main] ERROR com.example.mqtt.ConnectService - Error connecting to broker: MqttException
2025-04-21 14:13:55 [main] INFO  com.example.mqtt.ConnectService - Connecting to broker...
2025-04-21 14:13:55 [main] ERROR com.example.mqtt.ConnectService - Error connecting to broker: MqttException
2025-04-21 14:14:00 [main] INFO  com.example.mqtt.ConnectService - Connecting to broker...
2025-04-21 14:14:00 [main] ERROR com.example.mqtt.ConnectService - Error connecting to broker: MqttException
2025-04-21 14:14:05 [main] INFO  com.example.mqtt.ConnectService - Connecting to broker...
2025-04-21 14:14:05 [main] ERROR com.example.mqtt.ConnectService - Error connecting to broker: MqttException
2025-04-21 14:14:10 [main] INFO  com.example.mqtt.ConnectService - Connecting to broker...
2025-04-21 14:14:11 [main] ERROR com.example.mqtt.ConnectService - Error connecting to broker: MqttException
2025-04-21 14:14:16 [main] INFO  com.example.mqtt.ConnectService - Connecting to broker...
2025-04-21 14:14:16 [main] ERROR com.example.mqtt.ConnectService - Error connecting to broker: MqttException
2025-04-21 14:14:21 [main] INFO  com.example.mqtt.ConnectService - Connecting to broker...
2025-04-21 14:14:21 [main] ERROR com.example.mqtt.ConnectService - Error connecting to broker: MqttException
2025-04-21 14:14:26 [main] INFO  com.example.mqtt.ConnectService - Connecting to broker...
2025-04-21 14:14:26 [main] ERROR com.example.mqtt.ConnectService - Error connecting to broker: MqttException
2025-04-21 14:14:31 [main] INFO  com.example.mqtt.ConnectService - Connecting to broker...
2025-04-21 14:14:31 [main] ERROR com.example.mqtt.ConnectService - Error connecting to broker: MqttException
2025-04-21 14:14:36 [main] INFO  com.example.mqtt.ConnectService - Connecting to broker...
2025-04-21 14:14:36 [main] ERROR com.example.mqtt.ConnectService - Error connecting to broker: MqttException
2025-04-21 14:14:41 [main] INFO  com.example.mqtt.ConnectService - Connecting to broker...
2025-04-21 14:14:41 [main] ERROR com.example.mqtt.ConnectService - Error connecting to broker: MqttException
2025-04-21 14:14:46 [main] INFO  com.example.mqtt.ConnectService - Connecting to broker...
2025-04-21 14:14:46 [main] ERROR com.example.mqtt.ConnectService - Error connecting to broker: MqttException
2025-04-21 14:14:51 [main] INFO  com.example.mqtt.ConnectService - Connecting to broker...
2025-04-21 14:14:51 [main] ERROR com.example.mqtt.ConnectService - Error connecting to broker: MqttException
2025-04-21 14:14:56 [main] INFO  com.example.mqtt.ConnectService - Connecting to broker...
2025-04-21 14:14:56 [main] ERROR com.example.mqtt.ConnectService - Error connecting to broker: MqttException
2025-04-21 14:15:01 [main] INFO  com.example.mqtt.ConnectService - Connecting to broker...
2025-04-21 14:15:01 [main] ERROR com.example.mqtt.ConnectService - Error connecting to broker: MqttException
2025-04-21 14:15:06 [main] INFO  com.example.mqtt.ConnectService - Connecting to broker...
2025-04-21 14:15:06 [main] ERROR com.example.mqtt.ConnectService - Error connecting to broker: MqttException
2025-04-21 14:15:11 [main] INFO  com.example.mqtt.ConnectService - Connecting to broker...
2025-04-21 14:15:11 [main] ERROR com.example.mqtt.ConnectService - Error connecting to broker: MqttException
2025-04-21 14:15:16 [main] INFO  com.example.mqtt.ConnectService - Connecting to broker...
2025-04-21 14:15:16 [main] ERROR com.example.mqtt.ConnectService - Error connecting to broker: MqttException
2025-04-21 14:15:21 [main] INFO  com.example.mqtt.ConnectService - Connecting to broker...
2025-04-21 14:15:21 [main] ERROR com.example.mqtt.ConnectService - Error connecting to broker: MqttException
2025-04-21 14:15:26 [main] INFO  com.example.mqtt.ConnectService - Connecting to broker...
2025-04-21 14:15:26 [main] ERROR com.example.mqtt.ConnectService - Error connecting to broker: MqttException
2025-04-21 14:15:31 [main] INFO  com.example.mqtt.ConnectService - Connecting to broker...
2025-04-21 14:15:31 [main] ERROR com.example.mqtt.ConnectService - Error connecting to broker: MqttException
2025-04-21 14:15:36 [main] INFO  com.example.mqtt.ConnectService - Connecting to broker...
2025-04-21 14:15:36 [main] ERROR com.example.mqtt.ConnectService - Error connecting to broker: MqttException
2025-04-21 14:15:41 [main] INFO  com.example.mqtt.ConnectService - Connecting to broker...
2025-04-21 14:15:41 [main] ERROR com.example.mqtt.ConnectService - Error connecting to broker: MqttException
2025-04-21 14:15:46 [main] INFO  com.example.mqtt.ConnectService - Connecting to broker...
2025-04-21 14:15:46 [main] ERROR com.example.mqtt.ConnectService - Error connecting to broker: MqttException
2025-04-21 14:15:51 [main] INFO  com.example.mqtt.ConnectService - Connecting to broker...
2025-04-21 14:15:51 [main] ERROR com.example.mqtt.ConnectService - Error connecting to broker: MqttException
2025-04-21 14:15:56 [main] INFO  com.example.mqtt.ConnectService - Connecting to broker...
2025-04-21 14:15:56 [main] ERROR com.example.mqtt.ConnectService - Error connecting to broker: MqttException
2025-04-21 14:16:01 [main] INFO  com.example.mqtt.ConnectService - Connecting to broker...
2025-04-21 14:16:01 [main] ERROR com.example.mqtt.ConnectService - Error connecting to broker: MqttException
2025-04-21 14:16:06 [main] INFO  com.example.mqtt.ConnectService - Connecting to broker...
2025-04-21 14:16:06 [main] ERROR com.example.mqtt.ConnectService - Error connecting to broker: MqttException
2025-04-21 14:16:11 [main] INFO  com.example.mqtt.ConnectService - Connecting to broker...
2025-04-21 14:16:11 [main] ERROR com.example.mqtt.ConnectService - Error connecting to broker: MqttException
2025-04-21 14:16:16 [main] INFO  com.example.mqtt.ConnectService - Connecting to broker...
2025-04-21 14:16:16 [main] ERROR com.example.mqtt.ConnectService - Error connecting to broker: MqttException
2025-04-21 14:16:21 [main] INFO  com.example.mqtt.ConnectService - Connecting to broker...
2025-04-21 14:16:21 [main] ERROR com.example.mqtt.ConnectService - Error connecting to broker: MqttException
2025-04-21 14:16:26 [main] INFO  com.example.mqtt.ConnectService - Connecting to broker...
2025-04-21 14:16:26 [main] ERROR com.example.mqtt.ConnectService - Error connecting to broker: MqttException
2025-04-21 14:16:31 [main] INFO  com.example.mqtt.ConnectService - Connecting to broker...
2025-04-21 14:16:31 [main] ERROR com.example.mqtt.ConnectService - Error connecting to broker: MqttException
2025-04-21 14:16:36 [main] INFO  com.example.mqtt.ConnectService - Connecting to broker...
2025-04-21 14:16:36 [main] ERROR com.example.mqtt.ConnectService - Error connecting to broker: MqttException
2025-04-21 14:16:41 [main] INFO  com.example.mqtt.ConnectService - Connecting to broker...
2025-04-21 14:16:41 [main] ERROR com.example.mqtt.ConnectService - Error connecting to broker: MqttException
2025-04-21 14:16:46 [main] INFO  com.example.mqtt.ConnectService - Connecting to broker...
2025-04-21 14:16:46 [main] ERROR com.example.mqtt.ConnectService - Error connecting to broker: MqttException
2025-04-21 14:16:51 [main] INFO  com.example.mqtt.ConnectService - Connecting to broker...
2025-04-21 14:16:51 [main] ERROR com.example.mqtt.ConnectService - Error connecting to broker: MqttException
2025-04-21 14:16:56 [main] INFO  com.example.mqtt.ConnectService - Connecting to broker...
2025-04-21 14:16:56 [main] ERROR com.example.mqtt.ConnectService - Error connecting to broker: MqttException
2025-04-21 14:17:01 [main] INFO  com.example.mqtt.ConnectService - Connecting to broker...
2025-04-21 14:17:01 [main] ERROR com.example.mqtt.ConnectService - Error connecting to broker: MqttException
2025-04-21 14:17:06 [main] INFO  com.example.mqtt.ConnectService - Connecting to broker...
2025-04-21 14:17:06 [main] ERROR com.example.mqtt.ConnectService - Error connecting to broker: MqttException
2025-04-21 14:17:11 [main] INFO  com.example.mqtt.ConnectService - Connecting to broker...
2025-04-21 14:17:11 [main] ERROR com.example.mqtt.ConnectService - Error connecting to broker: MqttException
2025-04-21 14:17:16 [main] INFO  com.example.mqtt.ConnectService - Connecting to broker...
2025-04-21 14:17:16 [main] ERROR com.example.mqtt.ConnectService - Error connecting to broker: MqttException
2025-04-21 14:17:21 [main] INFO  com.example.mqtt.ConnectService - Connecting to broker...
2025-04-21 14:17:21 [main] ERROR com.example.mqtt.ConnectService - Error connecting to broker: MqttException
2025-04-21 14:17:26 [main] INFO  com.example.mqtt.ConnectService - Connecting to broker...
2025-04-21 14:17:26 [main] ERROR com.example.mqtt.ConnectService - Error connecting to broker: MqttException
2025-04-21 14:17:31 [main] INFO  com.example.mqtt.ConnectService - Connecting to broker...
2025-04-21 14:17:31 [main] ERROR com.example.mqtt.ConnectService - Error connecting to broker: MqttException
2025-04-21 14:17:36 [main] INFO  com.example.mqtt.ConnectService - Connecting to broker...
2025-04-21 14:17:36 [main] ERROR com.example.mqtt.ConnectService - Error connecting to broker: MqttException
2025-04-21 14:17:41 [main] INFO  com.example.mqtt.ConnectService - Connecting to broker...
2025-04-21 14:17:41 [main] ERROR com.example.mqtt.ConnectService - Error connecting to broker: MqttException
2025-04-21 14:17:46 [main] INFO  com.example.mqtt.ConnectService - Connecting to broker...
2025-04-21 14:17:46 [main] ERROR com.example.mqtt.ConnectService - Error connecting to broker: MqttException
2025-04-21 14:17:51 [main] INFO  com.example.mqtt.ConnectService - Connecting to broker...
2025-04-21 14:17:51 [main] ERROR com.example.mqtt.ConnectService - Error connecting to broker: MqttException
2025-04-21 14:17:56 [main] INFO  com.example.mqtt.ConnectService - Connecting to broker...
2025-04-21 14:17:56 [main] ERROR com.example.mqtt.ConnectService - Error connecting to broker: MqttException
2025-04-21 14:18:01 [main] INFO  com.example.mqtt.ConnectService - Connecting to broker...
2025-04-21 14:18:01 [main] ERROR com.example.mqtt.ConnectService - Error connecting to broker: MqttException
2025-04-21 14:18:06 [main] INFO  com.example.mqtt.ConnectService - Connecting to broker...
2025-04-21 14:18:06 [main] ERROR com.example.mqtt.ConnectService - Error connecting to broker: MqttException
2025-04-21 14:18:11 [main] INFO  com.example.mqtt.ConnectService - Connecting to broker...
2025-04-21 14:18:11 [main] ERROR com.example.mqtt.ConnectService - Error connecting to broker: MqttException
2025-04-21 14:18:16 [main] INFO  com.example.mqtt.ConnectService - Connecting to broker...
2025-04-21 14:18:16 [main] ERROR com.example.mqtt.ConnectService - Error connecting to broker: MqttException
2025-04-21 14:18:21 [main] INFO  com.example.mqtt.ConnectService - Connecting to broker...
2025-04-21 14:18:21 [main] ERROR com.example.mqtt.ConnectService - Error connecting to broker: MqttException
2025-04-21 14:18:26 [main] INFO  com.example.mqtt.ConnectService - Connecting to broker...
2025-04-21 14:18:26 [main] ERROR com.example.mqtt.ConnectService - Error connecting to broker: MqttException
2025-04-21 14:18:31 [main] INFO  com.example.mqtt.ConnectService - Connecting to broker...
2025-04-21 14:18:31 [main] ERROR com.example.mqtt.ConnectService - Error connecting to broker: MqttException
2025-04-21 14:18:36 [main] INFO  com.example.mqtt.ConnectService - Connecting to broker...
2025-04-21 14:18:36 [main] ERROR com.example.mqtt.ConnectService - Error connecting to broker: MqttException
2025-04-21 14:18:41 [main] INFO  com.example.mqtt.ConnectService - Connecting to broker...
2025-04-21 14:18:41 [main] ERROR com.example.mqtt.ConnectService - Error connecting to broker: MqttException
2025-04-21 14:18:46 [main] INFO  com.example.mqtt.ConnectService - Connecting to broker...
2025-04-21 14:18:46 [main] ERROR com.example.mqtt.ConnectService - Error connecting to broker: MqttException
2025-04-21 14:18:51 [main] INFO  com.example.mqtt.ConnectService - Connecting to broker...
2025-04-21 14:18:51 [main] ERROR com.example.mqtt.ConnectService - Error connecting to broker: MqttException
2025-04-21 14:18:56 [main] INFO  com.example.mqtt.ConnectService - Connecting to broker...
2025-04-21 14:18:56 [main] ERROR com.example.mqtt.ConnectService - Error connecting to broker: MqttException
2025-04-21 14:19:01 [main] INFO  com.example.mqtt.ConnectService - Connecting to broker...
2025-04-21 14:19:01 [main] ERROR com.example.mqtt.ConnectService - Error connecting to broker: MqttException
2025-04-21 14:19:06 [main] INFO  com.example.mqtt.ConnectService - Connecting to broker...
2025-04-21 14:19:06 [main] ERROR com.example.mqtt.ConnectService - Error connecting to broker: MqttException
2025-04-21 14:19:11 [main] INFO  com.example.mqtt.ConnectService - Connecting to broker...
2025-04-21 14:19:11 [main] ERROR com.example.mqtt.ConnectService - Error connecting to broker: MqttException
2025-04-21 14:19:16 [main] INFO  com.example.mqtt.ConnectService - Connecting to broker...
2025-04-21 14:19:16 [main] ERROR com.example.mqtt.ConnectService - Error connecting to broker: MqttException
2025-04-21 14:19:21 [main] INFO  com.example.mqtt.ConnectService - Connecting to broker...
2025-04-21 14:19:21 [main] ERROR com.example.mqtt.ConnectService - Error connecting to broker: MqttException
2025-04-21 14:19:26 [main] INFO  com.example.mqtt.ConnectService - Connecting to broker...
2025-04-21 14:19:26 [main] ERROR com.example.mqtt.ConnectService - Error connecting to broker: MqttException
2025-04-21 14:19:31 [main] INFO  com.example.mqtt.ConnectService - Connecting to broker...
2025-04-21 14:19:31 [main] ERROR com.example.mqtt.ConnectService - Error connecting to broker: MqttException
2025-04-21 14:19:36 [main] INFO  com.example.mqtt.ConnectService - Connecting to broker...
2025-04-21 14:19:36 [main] ERROR com.example.mqtt.ConnectService - Error connecting to broker: MqttException
2025-04-21 14:19:41 [main] INFO  com.example.mqtt.ConnectService - Connecting to broker...
2025-04-21 14:19:41 [main] ERROR com.example.mqtt.ConnectService - Error connecting to broker: MqttException
2025-04-21 14:19:46 [main] INFO  com.example.mqtt.ConnectService - Connecting to broker...
2025-04-21 14:19:46 [main] ERROR com.example.mqtt.ConnectService - Error connecting to broker: MqttException
2025-04-21 14:19:51 [main] INFO  com.example.mqtt.ConnectService - Connecting to broker...
2025-04-21 14:19:51 [main] ERROR com.example.mqtt.ConnectService - Error connecting to broker: MqttException
2025-04-21 14:19:56 [main] INFO  com.example.mqtt.ConnectService - Connecting to broker...
2025-04-21 14:19:56 [main] ERROR com.example.mqtt.ConnectService - Error connecting to broker: MqttException
2025-04-21 14:20:01 [main] INFO  com.example.mqtt.ConnectService - Connecting to broker...
2025-04-21 14:20:01 [main] ERROR com.example.mqtt.ConnectService - Error connecting to broker: MqttException
2025-04-21 14:20:06 [main] INFO  com.example.mqtt.ConnectService - Connecting to broker...
2025-04-21 14:20:06 [main] ERROR com.example.mqtt.ConnectService - Error connecting to broker: MqttException
2025-04-21 14:20:11 [main] INFO  com.example.mqtt.ConnectService - Connecting to broker...
2025-04-21 14:20:11 [main] ERROR com.example.mqtt.ConnectService - Error connecting to broker: MqttException
2025-04-21 14:20:16 [main] INFO  com.example.mqtt.ConnectService - Connecting to broker...
2025-04-21 14:20:16 [main] ERROR com.example.mqtt.ConnectService - Error connecting to broker: MqttException
2025-04-21 14:20:21 [main] INFO  com.example.mqtt.ConnectService - Connecting to broker...
2025-04-21 14:20:21 [main] ERROR com.example.mqtt.ConnectService - Error connecting to broker: MqttException
2025-04-21 14:20:26 [main] INFO  com.example.mqtt.ConnectService - Connecting to broker...
2025-04-21 14:20:26 [main] ERROR com.example.mqtt.ConnectService - Error connecting to broker: MqttException
2025-04-21 14:20:31 [main] INFO  com.example.mqtt.ConnectService - Connecting to broker...
2025-04-21 14:20:31 [main] ERROR com.example.mqtt.ConnectService - Error connecting to broker: MqttException
2025-04-21 14:20:36 [main] INFO  com.example.mqtt.ConnectService - Connecting to broker...
2025-04-21 14:20:36 [main] ERROR com.example.mqtt.ConnectService - Error connecting to broker: MqttException
2025-04-21 14:20:41 [main] INFO  com.example.mqtt.ConnectService - Connecting to broker...
2025-04-21 14:20:41 [main] ERROR com.example.mqtt.ConnectService - Error connecting to broker: MqttException
2025-04-21 14:20:46 [main] INFO  com.example.mqtt.ConnectService - Connecting to broker...
2025-04-21 14:20:46 [main] ERROR com.example.mqtt.ConnectService - Error connecting to broker: MqttException
2025-04-21 14:20:51 [main] INFO  com.example.mqtt.ConnectService - Connecting to broker...
2025-04-21 14:20:51 [main] ERROR com.example.mqtt.ConnectService - Error connecting to broker: MqttException
2025-04-21 14:20:56 [main] INFO  com.example.mqtt.ConnectService - Connecting to broker...
2025-04-21 14:20:56 [main] ERROR com.example.mqtt.ConnectService - Error connecting to broker: MqttException
2025-04-21 14:21:01 [main] INFO  com.example.mqtt.ConnectService - Connecting to broker...
2025-04-21 14:21:01 [main] ERROR com.example.mqtt.ConnectService - Error connecting to broker: MqttException
2025-04-21 14:21:06 [main] INFO  com.example.mqtt.ConnectService - Connecting to broker...
2025-04-21 14:21:06 [main] ERROR com.example.mqtt.ConnectService - Error connecting to broker: MqttException
2025-04-21 14:21:11 [main] INFO  com.example.mqtt.ConnectService - Connecting to broker...
2025-04-21 14:21:11 [main] ERROR com.example.mqtt.ConnectService - Error connecting to broker: MqttException
2025-04-21 14:21:16 [main] INFO  com.example.mqtt.ConnectService - Connecting to broker...
2025-04-21 14:21:16 [main] ERROR com.example.mqtt.ConnectService - Error connecting to broker: MqttException
2025-04-21 14:21:21 [main] INFO  com.example.mqtt.ConnectService - Connecting to broker...
2025-04-21 14:21:21 [main] ERROR com.example.mqtt.ConnectService - Error connecting to broker: MqttException
2025-04-21 14:21:26 [main] INFO  com.example.mqtt.ConnectService - Connecting to broker...
2025-04-21 14:21:26 [main] ERROR com.example.mqtt.ConnectService - Error connecting to broker: MqttException
2025-04-21 14:21:31 [main] INFO  com.example.mqtt.ConnectService - Connecting to broker...
2025-04-21 14:21:31 [main] ERROR com.example.mqtt.ConnectService - Error connecting to broker: MqttException
2025-04-21 14:21:36 [main] INFO  com.example.mqtt.ConnectService - Connecting to broker...
2025-04-21 14:21:36 [main] ERROR com.example.mqtt.ConnectService - Error connecting to broker: MqttException
2025-04-21 14:21:41 [main] INFO  com.example.mqtt.ConnectService - Connecting to broker...
2025-04-21 14:21:41 [main] ERROR com.example.mqtt.ConnectService - Error connecting to broker: MqttException
2025-04-21 14:21:46 [main] INFO  com.example.mqtt.ConnectService - Connecting to broker...
2025-04-21 14:21:46 [main] ERROR com.example.mqtt.ConnectService - Error connecting to broker: MqttException
2025-04-21 14:21:51 [main] INFO  com.example.mqtt.ConnectService - Connecting to broker...
2025-04-21 14:21:51 [main] ERROR com.example.mqtt.ConnectService - Error connecting to broker: MqttException
2025-04-21 14:21:56 [main] INFO  com.example.mqtt.ConnectService - Connecting to broker...
2025-04-21 14:21:56 [main] ERROR com.example.mqtt.ConnectService - Error connecting to broker: MqttException
2025-04-21 14:22:01 [main] INFO  com.example.mqtt.ConnectService - Connecting to broker...
2025-04-21 14:22:01 [main] ERROR com.example.mqtt.ConnectService - Error connecting to broker: MqttException
2025-04-21 14:22:06 [main] INFO  com.example.mqtt.ConnectService - Connecting to broker...
2025-04-21 14:22:06 [main] ERROR com.example.mqtt.ConnectService - Error connecting to broker: MqttException
2025-04-21 14:22:11 [main] INFO  com.example.mqtt.ConnectService - Connecting to broker...
2025-04-21 14:22:11 [main] ERROR com.example.mqtt.ConnectService - Error connecting to broker: MqttException
2025-04-21 14:22:16 [main] INFO  com.example.mqtt.ConnectService - Connecting to broker...
2025-04-21 14:22:16 [main] ERROR com.example.mqtt.ConnectService - Error connecting to broker: MqttException
2025-04-21 14:22:21 [main] INFO  com.example.mqtt.ConnectService - Connecting to broker...
2025-04-21 14:22:21 [main] ERROR com.example.mqtt.ConnectService - Error connecting to broker: MqttException
2025-04-21 14:22:26 [main] INFO  com.example.mqtt.ConnectService - Connecting to broker...
2025-04-21 14:22:26 [main] ERROR com.example.mqtt.ConnectService - Error connecting to broker: MqttException
2025-04-21 14:22:31 [main] INFO  com.example.mqtt.ConnectService - Connecting to broker...
2025-04-21 14:22:31 [main] ERROR com.example.mqtt.ConnectService - Error connecting to broker: MqttException
2025-04-21 14:22:36 [main] INFO  com.example.mqtt.ConnectService - Connecting to broker...
2025-04-21 14:22:36 [main] ERROR com.example.mqtt.ConnectService - Error connecting to broker: MqttException
2025-04-21 14:22:41 [main] INFO  com.example.mqtt.ConnectService - Connecting to broker...
2025-04-21 14:22:41 [main] ERROR com.example.mqtt.ConnectService - Error connecting to broker: MqttException
2025-04-21 14:22:46 [main] INFO  com.example.mqtt.ConnectService - Connecting to broker...
2025-04-21 14:22:46 [main] ERROR com.example.mqtt.ConnectService - Error connecting to broker: MqttException
2025-04-21 14:22:51 [main] INFO  com.example.mqtt.ConnectService - Connecting to broker...
2025-04-21 14:22:51 [main] ERROR com.example.mqtt.ConnectService - Error connecting to broker: MqttException
2025-04-21 14:22:56 [main] INFO  com.example.mqtt.ConnectService - Connecting to broker...
2025-04-21 14:22:56 [main] ERROR com.example.mqtt.ConnectService - Error connecting to broker: MqttException
2025-04-21 14:23:01 [main] INFO  com.example.mqtt.ConnectService - Connecting to broker...
2025-04-21 14:23:01 [main] ERROR com.example.mqtt.ConnectService - Error connecting to broker: MqttException
2025-04-21 14:23:06 [main] INFO  com.example.mqtt.ConnectService - Connecting to broker...
2025-04-21 14:23:06 [main] ERROR com.example.mqtt.ConnectService - Error connecting to broker: MqttException
2025-04-21 14:23:11 [main] INFO  com.example.mqtt.ConnectService - Connecting to broker...
2025-04-21 14:23:11 [main] ERROR com.example.mqtt.ConnectService - Error connecting to broker: MqttException
2025-04-21 14:23:16 [main] INFO  com.example.mqtt.ConnectService - Connecting to broker...
2025-04-21 14:23:16 [main] ERROR com.example.mqtt.ConnectService - Error connecting to broker: MqttException
2025-04-21 14:23:21 [main] INFO  com.example.mqtt.ConnectService - Connecting to broker...
2025-04-21 14:23:21 [main] ERROR com.example.mqtt.ConnectService - Error connecting to broker: MqttException
2025-04-21 14:23:26 [main] INFO  com.example.mqtt.ConnectService - Connecting to broker...
2025-04-21 14:23:26 [main] ERROR com.example.mqtt.ConnectService - Error connecting to broker: MqttException
2025-04-21 14:23:31 [main] INFO  com.example.mqtt.ConnectService - Connecting to broker...
2025-04-21 14:23:31 [main] ERROR com.example.mqtt.ConnectService - Error connecting to broker: MqttException
2025-04-21 14:23:36 [main] INFO  com.example.mqtt.ConnectService - Connecting to broker...
2025-04-21 14:23:36 [main] ERROR com.example.mqtt.ConnectService - Error connecting to broker: MqttException
2025-04-21 14:23:41 [main] INFO  com.example.mqtt.ConnectService - Connecting to broker...
2025-04-21 14:23:41 [main] ERROR com.example.mqtt.ConnectService - Error connecting to broker: MqttException
2025-04-21 14:23:46 [main] INFO  com.example.mqtt.ConnectService - Connecting to broker...
2025-04-21 14:23:46 [main] ERROR com.example.mqtt.ConnectService - Error connecting to broker: MqttException
2025-04-21 14:23:51 [main] INFO  com.example.mqtt.ConnectService - Connecting to broker...
2025-04-21 14:23:51 [main] ERROR com.example.mqtt.ConnectService - Error connecting to broker: MqttException
2025-04-21 14:23:56 [main] INFO  com.example.mqtt.ConnectService - Connecting to broker...
2025-04-21 14:23:56 [main] ERROR com.example.mqtt.ConnectService - Error connecting to broker: MqttException
2025-04-21 14:24:01 [main] INFO  com.example.mqtt.ConnectService - Connecting to broker...
2025-04-21 14:24:01 [main] ERROR com.example.mqtt.ConnectService - Error connecting to broker: MqttException
2025-04-21 14:24:06 [main] INFO  com.example.mqtt.ConnectService - Connecting to broker...
2025-04-21 14:24:06 [main] ERROR com.example.mqtt.ConnectService - Error connecting to broker: MqttException
2025-04-21 14:24:11 [main] INFO  com.example.mqtt.ConnectService - Connecting to broker...
2025-04-21 14:24:11 [main] ERROR com.example.mqtt.ConnectService - Error connecting to broker: MqttException
2025-04-21 14:24:16 [main] INFO  com.example.mqtt.ConnectService - Connecting to broker...
2025-04-21 14:24:16 [main] ERROR com.example.mqtt.ConnectService - Error connecting to broker: MqttException
2025-04-21 14:24:21 [main] INFO  com.example.mqtt.ConnectService - Connecting to broker...
2025-04-21 14:24:21 [main] ERROR com.example.mqtt.ConnectService - Error connecting to broker: MqttException
2025-04-21 14:24:26 [main] INFO  com.example.mqtt.ConnectService - Connecting to broker...
2025-04-21 14:24:26 [main] ERROR com.example.mqtt.ConnectService - Error connecting to broker: MqttException
2025-04-21 14:24:31 [main] INFO  com.example.mqtt.ConnectService - Connecting to broker...
2025-04-21 14:24:31 [main] ERROR com.example.mqtt.ConnectService - Error connecting to broker: MqttException
2025-04-21 14:24:36 [main] INFO  com.example.mqtt.ConnectService - Connecting to broker...
2025-04-21 14:24:36 [main] ERROR com.example.mqtt.ConnectService - Error connecting to broker: MqttException
2025-04-21 14:24:41 [main] INFO  com.example.mqtt.ConnectService - Connecting to broker...
2025-04-21 14:24:41 [main] ERROR com.example.mqtt.ConnectService - Error connecting to broker: MqttException
2025-04-21 14:24:46 [main] INFO  com.example.mqtt.ConnectService - Connecting to broker...
2025-04-21 14:24:46 [main] ERROR com.example.mqtt.ConnectService - Error connecting to broker: MqttException
2025-04-21 14:24:51 [main] INFO  com.example.mqtt.ConnectService - Connecting to broker...
2025-04-21 14:24:51 [main] ERROR com.example.mqtt.ConnectService - Error connecting to broker: MqttException
2025-04-21 14:24:56 [main] INFO  com.example.mqtt.ConnectService - Connecting to broker...
2025-04-21 14:24:56 [main] ERROR com.example.mqtt.ConnectService - Error connecting to broker: MqttException
2025-04-21 14:25:01 [main] INFO  com.example.mqtt.ConnectService - Connecting to broker...
2025-04-21 14:25:01 [main] ERROR com.example.mqtt.ConnectService - Error connecting to broker: MqttException
2025-04-21 14:25:06 [main] INFO  com.example.mqtt.ConnectService - Connecting to broker...
2025-04-21 14:25:06 [main] ERROR com.example.mqtt.ConnectService - Error connecting to broker: MqttException
2025-04-21 14:25:11 [main] INFO  com.example.mqtt.ConnectService - Connecting to broker...
2025-04-21 14:25:11 [main] ERROR com.example.mqtt.ConnectService - Error connecting to broker: MqttException
2025-04-21 14:25:16 [main] INFO  com.example.mqtt.ConnectService - Connecting to broker...
2025-04-21 14:25:16 [main] ERROR com.example.mqtt.ConnectService - Error connecting to broker: MqttException
2025-04-21 14:25:21 [main] INFO  com.example.mqtt.ConnectService - Connecting to broker...
2025-04-21 14:25:21 [main] ERROR com.example.mqtt.ConnectService - Error connecting to broker: MqttException
2025-04-21 14:25:26 [main] INFO  com.example.mqtt.ConnectService - Connecting to broker...
2025-04-21 14:25:26 [main] ERROR com.example.mqtt.ConnectService - Error connecting to broker: MqttException
2025-04-21 14:25:31 [main] INFO  com.example.mqtt.ConnectService - Connecting to broker...
2025-04-21 14:25:31 [main] ERROR com.example.mqtt.ConnectService - Error connecting to broker: MqttException
2025-04-21 14:25:36 [main] INFO  com.example.mqtt.ConnectService - Connecting to broker...
2025-04-21 14:25:36 [main] ERROR com.example.mqtt.ConnectService - Error connecting to broker: MqttException
2025-04-21 14:25:41 [main] INFO  com.example.mqtt.ConnectService - Connecting to broker...
2025-04-21 14:25:41 [main] ERROR com.example.mqtt.ConnectService - Error connecting to broker: MqttException
2025-04-21 14:25:46 [main] INFO  com.example.mqtt.ConnectService - Connecting to broker...
2025-04-21 14:25:46 [main] ERROR com.example.mqtt.ConnectService - Error connecting to broker: MqttException
2025-04-21 14:25:51 [main] INFO  com.example.mqtt.ConnectService - Connecting to broker...
2025-04-21 14:25:51 [main] ERROR com.example.mqtt.ConnectService - Error connecting to broker: MqttException
2025-04-21 14:25:56 [main] INFO  com.example.mqtt.ConnectService - Connecting to broker...
2025-04-21 14:25:56 [main] ERROR com.example.mqtt.ConnectService - Error connecting to broker: MqttException
2025-04-21 14:26:01 [main] INFO  com.example.mqtt.ConnectService - Connecting to broker...
2025-04-21 14:26:01 [main] ERROR com.example.mqtt.ConnectService - Error connecting to broker: MqttException
2025-04-21 14:26:06 [main] INFO  com.example.mqtt.ConnectService - Connecting to broker...
2025-04-21 14:26:06 [main] ERROR com.example.mqtt.ConnectService - Error connecting to broker: MqttException
2025-04-21 14:26:11 [main] INFO  com.example.mqtt.ConnectService - Connecting to broker...
2025-04-21 14:26:11 [main] ERROR com.example.mqtt.ConnectService - Error connecting to broker: MqttException
2025-04-21 14:26:16 [main] INFO  com.example.mqtt.ConnectService - Connecting to broker...
2025-04-21 14:26:16 [main] ERROR com.example.mqtt.ConnectService - Error connecting to broker: MqttException
2025-04-21 14:26:22 [main] INFO  com.example.mqtt.ConnectService - Connecting to broker...
2025-04-21 14:26:22 [main] ERROR com.example.mqtt.ConnectService - Error connecting to broker: MqttException
2025-04-21 14:26:27 [main] INFO  com.example.mqtt.ConnectService - Connecting to broker...
2025-04-21 14:26:27 [main] ERROR com.example.mqtt.ConnectService - Error connecting to broker: MqttException
2025-04-21 14:26:32 [main] INFO  com.example.mqtt.ConnectService - Connecting to broker...
2025-04-21 14:26:32 [main] ERROR com.example.mqtt.ConnectService - Error connecting to broker: MqttException
2025-04-21 14:26:37 [main] INFO  com.example.mqtt.ConnectService - Connecting to broker...
2025-04-21 14:26:37 [main] ERROR com.example.mqtt.ConnectService - Error connecting to broker: MqttException
2025-04-21 14:26:42 [main] INFO  com.example.mqtt.ConnectService - Connecting to broker...
2025-04-21 14:26:42 [main] ERROR com.example.mqtt.ConnectService - Error connecting to broker: MqttException
2025-04-21 14:26:47 [main] INFO  com.example.mqtt.ConnectService - Connecting to broker...
2025-04-21 14:26:47 [main] ERROR com.example.mqtt.ConnectService - Error connecting to broker: MqttException
2025-04-21 14:26:52 [main] INFO  com.example.mqtt.ConnectService - Connecting to broker...
2025-04-21 14:26:52 [main] ERROR com.example.mqtt.ConnectService - Error connecting to broker: MqttException
2025-04-21 14:26:57 [main] INFO  com.example.mqtt.ConnectService - Connecting to broker...
2025-04-21 14:26:57 [main] ERROR com.example.mqtt.ConnectService - Error connecting to broker: MqttException
2025-04-21 14:27:02 [main] INFO  com.example.mqtt.ConnectService - Connecting to broker...
2025-04-21 14:27:02 [main] ERROR com.example.mqtt.ConnectService - Error connecting to broker: MqttException
2025-04-21 14:27:07 [main] INFO  com.example.mqtt.ConnectService - Connecting to broker...
2025-04-21 14:27:07 [main] ERROR com.example.mqtt.ConnectService - Error connecting to broker: MqttException
2025-04-21 14:27:12 [main] INFO  com.example.mqtt.ConnectService - Connecting to broker...
2025-04-21 14:27:12 [main] ERROR com.example.mqtt.ConnectService - Error connecting to broker: MqttException
2025-04-21 14:27:17 [main] INFO  com.example.mqtt.ConnectService - Connecting to broker...
2025-04-21 14:27:17 [main] ERROR com.example.mqtt.ConnectService - Error connecting to broker: MqttException
2025-04-21 14:27:22 [main] INFO  com.example.mqtt.ConnectService - Connecting to broker...
2025-04-21 14:27:22 [main] ERROR com.example.mqtt.ConnectService - Error connecting to broker: MqttException
2025-04-21 14:27:27 [main] INFO  com.example.mqtt.ConnectService - Connecting to broker...
2025-04-21 14:27:27 [main] ERROR com.example.mqtt.ConnectService - Error connecting to broker: MqttException
2025-04-21 14:27:32 [main] INFO  com.example.mqtt.ConnectService - Connecting to broker...
2025-04-21 14:27:32 [main] ERROR com.example.mqtt.ConnectService - Error connecting to broker: MqttException
2025-04-21 14:27:37 [main] INFO  com.example.mqtt.ConnectService - Connecting to broker...
2025-04-21 14:27:37 [main] ERROR com.example.mqtt.ConnectService - Error connecting to broker: MqttException
2025-04-21 14:27:42 [main] INFO  com.example.mqtt.ConnectService - Connecting to broker...
2025-04-21 14:27:42 [main] ERROR com.example.mqtt.ConnectService - Error connecting to broker: MqttException
2025-04-21 14:27:47 [main] INFO  com.example.mqtt.ConnectService - Connecting to broker...
2025-04-21 14:27:47 [main] ERROR com.example.mqtt.ConnectService - Error connecting to broker: MqttException
2025-04-21 14:27:52 [main] INFO  com.example.mqtt.ConnectService - Connecting to broker...
2025-04-21 14:27:52 [main] ERROR com.example.mqtt.ConnectService - Error connecting to broker: MqttException
2025-04-21 14:27:57 [main] INFO  com.example.mqtt.ConnectService - Connecting to broker...
2025-04-21 14:27:57 [main] ERROR com.example.mqtt.ConnectService - Error connecting to broker: MqttException
2025-04-21 14:28:02 [main] INFO  com.example.mqtt.ConnectService - Connecting to broker...
2025-04-21 14:28:02 [main] ERROR com.example.mqtt.ConnectService - Error connecting to broker: MqttException
2025-04-21 14:28:07 [main] INFO  com.example.mqtt.ConnectService - Connecting to broker...
2025-04-21 14:28:07 [main] ERROR com.example.mqtt.ConnectService - Error connecting to broker: MqttException
2025-04-21 14:28:12 [main] INFO  com.example.mqtt.ConnectService - Connecting to broker...
2025-04-21 14:28:12 [main] ERROR com.example.mqtt.ConnectService - Error connecting to broker: MqttException
2025-04-21 14:28:17 [main] INFO  com.example.mqtt.ConnectService - Connecting to broker...
2025-04-21 14:28:17 [main] ERROR com.example.mqtt.ConnectService - Error connecting to broker: MqttException
2025-04-21 14:28:22 [main] INFO  com.example.mqtt.ConnectService - Connecting to broker...
2025-04-21 14:28:22 [main] ERROR com.example.mqtt.ConnectService - Error connecting to broker: MqttException
2025-04-21 14:28:27 [main] INFO  com.example.mqtt.ConnectService - Connecting to broker...
2025-04-21 14:28:27 [main] ERROR com.example.mqtt.ConnectService - Error connecting to broker: MqttException
2025-04-21 14:28:32 [main] INFO  com.example.mqtt.ConnectService - Connecting to broker...
2025-04-21 14:28:32 [main] ERROR com.example.mqtt.ConnectService - Error connecting to broker: MqttException
2025-04-21 14:28:37 [main] INFO  com.example.mqtt.ConnectService - Connecting to broker...
2025-04-21 14:28:37 [main] ERROR com.example.mqtt.ConnectService - Error connecting to broker: MqttException
2025-04-21 14:28:42 [main] INFO  com.example.mqtt.ConnectService - Connecting to broker...
2025-04-21 14:28:42 [main] ERROR com.example.mqtt.ConnectService - Error connecting to broker: MqttException
2025-04-21 14:28:47 [main] INFO  com.example.mqtt.ConnectService - Connecting to broker...
2025-04-21 14:28:47 [main] ERROR com.example.mqtt.ConnectService - Error connecting to broker: MqttException
2025-04-21 14:28:52 [main] INFO  com.example.mqtt.ConnectService - Connecting to broker...
2025-04-21 14:28:52 [main] ERROR com.example.mqtt.ConnectService - Error connecting to broker: MqttException
2025-04-21 14:28:57 [main] INFO  com.example.mqtt.ConnectService - Connecting to broker...
2025-04-21 14:28:57 [main] ERROR com.example.mqtt.ConnectService - Error connecting to broker: MqttException
2025-04-21 14:29:02 [main] INFO  com.example.mqtt.ConnectService - Connecting to broker...
2025-04-21 14:29:02 [main] ERROR com.example.mqtt.ConnectService - Error connecting to broker: MqttException
2025-04-21 14:29:07 [main] INFO  com.example.mqtt.ConnectService - Connecting to broker...
2025-04-21 14:29:07 [main] ERROR com.example.mqtt.ConnectService - Error connecting to broker: MqttException
2025-04-21 14:29:12 [main] INFO  com.example.mqtt.ConnectService - Connecting to broker...
2025-04-21 14:29:12 [main] ERROR com.example.mqtt.ConnectService - Error connecting to broker: MqttException
2025-04-21 14:29:17 [main] INFO  com.example.mqtt.ConnectService - Connecting to broker...
2025-04-21 14:29:17 [main] ERROR com.example.mqtt.ConnectService - Error connecting to broker: MqttException
2025-04-21 14:29:22 [main] INFO  com.example.mqtt.ConnectService - Connecting to broker...
2025-04-21 14:29:22 [main] ERROR com.example.mqtt.ConnectService - Error connecting to broker: MqttException
2025-04-21 14:29:27 [main] INFO  com.example.mqtt.ConnectService - Connecting to broker...
2025-04-21 14:29:27 [main] ERROR com.example.mqtt.ConnectService - Error connecting to broker: MqttException
2025-04-21 14:29:32 [main] INFO  com.example.mqtt.ConnectService - Connecting to broker...
2025-04-21 14:29:32 [main] ERROR com.example.mqtt.ConnectService - Error connecting to broker: MqttException
2025-04-21 14:29:37 [main] INFO  com.example.mqtt.ConnectService - Connecting to broker...
2025-04-21 14:29:37 [main] ERROR com.example.mqtt.ConnectService - Error connecting to broker: MqttException
2025-04-21 14:29:42 [main] INFO  com.example.mqtt.ConnectService - Connecting to broker...
2025-04-21 14:29:42 [main] ERROR com.example.mqtt.ConnectService - Error connecting to broker: MqttException
2025-04-21 14:29:48 [main] INFO  com.example.mqtt.ConnectService - Connecting to broker...
2025-04-21 14:29:48 [main] ERROR com.example.mqtt.ConnectService - Error connecting to broker: MqttException
2025-04-21 14:29:53 [main] INFO  com.example.mqtt.ConnectService - Connecting to broker...
2025-04-21 14:29:53 [main] ERROR com.example.mqtt.ConnectService - Error connecting to broker: MqttException
2025-04-21 14:29:58 [main] INFO  com.example.mqtt.ConnectService - Connecting to broker...
2025-04-21 14:29:58 [main] ERROR com.example.mqtt.ConnectService - Error connecting to broker: MqttException
2025-04-21 14:30:03 [main] INFO  com.example.mqtt.ConnectService - Connecting to broker...
2025-04-21 14:30:03 [main] ERROR com.example.mqtt.ConnectService - Error connecting to broker: MqttException
2025-04-21 14:30:08 [main] INFO  com.example.mqtt.ConnectService - Connecting to broker...
2025-04-21 14:30:08 [main] ERROR com.example.mqtt.ConnectService - Error connecting to broker: MqttException
2025-04-21 14:30:13 [main] INFO  com.example.mqtt.ConnectService - Connecting to broker...
2025-04-21 14:30:13 [main] ERROR com.example.mqtt.ConnectService - Error connecting to broker: MqttException
2025-04-21 14:30:18 [main] INFO  com.example.mqtt.ConnectService - Connecting to broker...
2025-04-21 14:30:18 [main] ERROR com.example.mqtt.ConnectService - Error connecting to broker: MqttException
2025-04-21 14:30:23 [main] INFO  com.example.mqtt.ConnectService - Connecting to broker...
2025-04-21 14:30:23 [main] ERROR com.example.mqtt.ConnectService - Error connecting to broker: MqttException
2025-04-21 14:30:28 [main] INFO  com.example.mqtt.ConnectService - Connecting to broker...
2025-04-21 14:30:28 [main] ERROR com.example.mqtt.ConnectService - Error connecting to broker: MqttException
2025-04-21 14:30:33 [main] INFO  com.example.mqtt.ConnectService - Connecting to broker...
2025-04-21 14:30:33 [main] ERROR com.example.mqtt.ConnectService - Error connecting to broker: MqttException
2025-04-21 14:30:38 [main] INFO  com.example.mqtt.ConnectService - Connecting to broker...
2025-04-21 14:30:38 [main] ERROR com.example.mqtt.ConnectService - Error connecting to broker: MqttException
2025-04-21 14:30:43 [main] INFO  com.example.mqtt.ConnectService - Connecting to broker...
2025-04-21 14:30:43 [main] ERROR com.example.mqtt.ConnectService - Error connecting to broker: MqttException
2025-04-21 14:30:48 [main] INFO  com.example.mqtt.ConnectService - Connecting to broker...
2025-04-21 14:30:48 [main] ERROR com.example.mqtt.ConnectService - Error connecting to broker: MqttException
2025-04-21 14:30:53 [main] INFO  com.example.mqtt.ConnectService - Connecting to broker...
2025-04-21 14:30:53 [main] ERROR com.example.mqtt.ConnectService - Error connecting to broker: MqttException
2025-04-21 14:30:58 [main] INFO  com.example.mqtt.ConnectService - Connecting to broker...
2025-04-21 14:30:58 [main] ERROR com.example.mqtt.ConnectService - Error connecting to broker: MqttException
2025-04-21 14:31:03 [main] INFO  com.example.mqtt.ConnectService - Connecting to broker...
2025-04-21 14:31:03 [main] ERROR com.example.mqtt.ConnectService - Error connecting to broker: MqttException
2025-04-21 14:31:08 [main] INFO  com.example.mqtt.ConnectService - Connecting to broker...
2025-04-21 14:31:08 [main] ERROR com.example.mqtt.ConnectService - Error connecting to broker: MqttException
2025-04-21 14:31:13 [main] INFO  com.example.mqtt.ConnectService - Connecting to broker...
2025-04-21 14:31:13 [main] ERROR com.example.mqtt.ConnectService - Error connecting to broker: MqttException
2025-04-21 14:31:18 [main] INFO  com.example.mqtt.ConnectService - Connecting to broker...
2025-04-21 14:31:18 [main] ERROR com.example.mqtt.ConnectService - Error connecting to broker: MqttException
2025-04-21 14:31:23 [main] INFO  com.example.mqtt.ConnectService - Connecting to broker...
2025-04-21 14:31:23 [main] ERROR com.example.mqtt.ConnectService - Error connecting to broker: MqttException
2025-04-21 14:31:28 [main] INFO  com.example.mqtt.ConnectService - Connecting to broker...
2025-04-21 14:31:28 [main] ERROR com.example.mqtt.ConnectService - Error connecting to broker: MqttException
2025-04-21 14:31:33 [main] INFO  com.example.mqtt.ConnectService - Connecting to broker...
2025-04-21 14:31:33 [main] ERROR com.example.mqtt.ConnectService - Error connecting to broker: MqttException
2025-04-21 14:31:38 [main] INFO  com.example.mqtt.ConnectService - Connecting to broker...
2025-04-21 14:31:38 [main] ERROR com.example.mqtt.ConnectService - Error connecting to broker: MqttException
2025-04-21 14:31:43 [main] INFO  com.example.mqtt.ConnectService - Connecting to broker...
2025-04-21 14:31:43 [main] ERROR com.example.mqtt.ConnectService - Error connecting to broker: MqttException
2025-04-21 14:31:48 [main] INFO  com.example.mqtt.ConnectService - Connecting to broker...
2025-04-21 14:31:48 [main] ERROR com.example.mqtt.ConnectService - Error connecting to broker: MqttException
2025-04-21 14:31:53 [main] INFO  com.example.mqtt.ConnectService - Connecting to broker...
2025-04-21 14:31:53 [main] ERROR com.example.mqtt.ConnectService - Error connecting to broker: MqttException
2025-04-21 14:31:58 [main] INFO  com.example.mqtt.ConnectService - Connecting to broker...
2025-04-21 14:31:58 [main] ERROR com.example.mqtt.ConnectService - Error connecting to broker: MqttException
2025-04-21 14:32:03 [main] INFO  com.example.mqtt.ConnectService - Connecting to broker...
2025-04-21 14:32:03 [main] ERROR com.example.mqtt.ConnectService - Error connecting to broker: MqttException
2025-04-21 14:32:08 [main] INFO  com.example.mqtt.ConnectService - Connecting to broker...
2025-04-21 14:32:08 [main] ERROR com.example.mqtt.ConnectService - Error connecting to broker: MqttException
2025-04-21 14:32:13 [main] INFO  com.example.mqtt.ConnectService - Connecting to broker...
2025-04-21 14:32:13 [main] ERROR com.example.mqtt.ConnectService - Error connecting to broker: MqttException
2025-04-21 14:32:18 [main] INFO  com.example.mqtt.ConnectService - Connecting to broker...
2025-04-21 14:32:18 [main] ERROR com.example.mqtt.ConnectService - Error connecting to broker: MqttException
2025-04-21 14:32:23 [main] INFO  com.example.mqtt.ConnectService - Connecting to broker...
2025-04-21 14:32:23 [main] ERROR com.example.mqtt.ConnectService - Error connecting to broker: MqttException
2025-04-21 14:32:28 [main] INFO  com.example.mqtt.ConnectService - Connecting to broker...
2025-04-21 14:32:28 [main] ERROR com.example.mqtt.ConnectService - Error connecting to broker: MqttException
2025-04-21 14:32:33 [main] INFO  com.example.mqtt.ConnectService - Connecting to broker...
2025-04-21 14:32:33 [main] ERROR com.example.mqtt.ConnectService - Error connecting to broker: MqttException
2025-04-21 14:32:38 [main] INFO  com.example.mqtt.ConnectService - Connecting to broker...
2025-04-21 14:32:38 [main] ERROR com.example.mqtt.ConnectService - Error connecting to broker: MqttException
2025-04-21 14:32:43 [main] INFO  com.example.mqtt.ConnectService - Connecting to broker...
2025-04-21 14:32:43 [main] ERROR com.example.mqtt.ConnectService - Error connecting to broker: MqttException
2025-04-21 14:32:48 [main] INFO  com.example.mqtt.ConnectService - Connecting to broker...
2025-04-21 14:32:48 [main] ERROR com.example.mqtt.ConnectService - Error connecting to broker: MqttException
2025-04-21 14:32:53 [main] INFO  com.example.mqtt.ConnectService - Connecting to broker...
2025-04-21 14:32:53 [main] ERROR com.example.mqtt.ConnectService - Error connecting to broker: MqttException
2025-04-21 14:32:58 [main] INFO  com.example.mqtt.ConnectService - Connecting to broker...
2025-04-21 14:32:58 [main] ERROR com.example.mqtt.ConnectService - Error connecting to broker: MqttException
2025-04-21 14:33:03 [main] INFO  com.example.mqtt.ConnectService - Connecting to broker...
2025-04-21 14:33:03 [main] ERROR com.example.mqtt.ConnectService - Error connecting to broker: MqttException
2025-04-21 14:33:08 [main] INFO  com.example.mqtt.ConnectService - Connecting to broker...
2025-04-21 14:33:08 [main] ERROR com.example.mqtt.ConnectService - Error connecting to broker: MqttException
2025-04-21 14:33:13 [main] INFO  com.example.mqtt.ConnectService - Connecting to broker...
2025-04-21 14:33:13 [main] ERROR com.example.mqtt.ConnectService - Error connecting to broker: MqttException
2025-04-21 14:33:18 [main] INFO  com.example.mqtt.ConnectService - Connecting to broker...
2025-04-21 14:33:18 [main] ERROR com.example.mqtt.ConnectService - Error connecting to broker: MqttException
2025-04-21 14:33:23 [main] INFO  com.example.mqtt.ConnectService - Connecting to broker...
2025-04-21 14:33:23 [main] ERROR com.example.mqtt.ConnectService - Error connecting to broker: MqttException
2025-04-21 14:33:28 [main] INFO  com.example.mqtt.ConnectService - Connecting to broker...
2025-04-21 14:33:28 [main] ERROR com.example.mqtt.ConnectService - Error connecting to broker: MqttException
2025-04-21 14:33:33 [main] INFO  com.example.mqtt.ConnectService - Connecting to broker...
2025-04-21 14:33:33 [main] ERROR com.example.mqtt.ConnectService - Error connecting to broker: MqttException
2025-04-21 14:33:38 [main] INFO  com.example.mqtt.ConnectService - Connecting to broker...
2025-04-21 14:33:38 [main] ERROR com.example.mqtt.ConnectService - Error connecting to broker: MqttException
2025-04-21 14:33:43 [main] INFO  com.example.mqtt.ConnectService - Connecting to broker...
2025-04-21 14:33:43 [main] ERROR com.example.mqtt.ConnectService - Error connecting to broker: MqttException
2025-04-21 14:33:48 [main] INFO  com.example.mqtt.ConnectService - Connecting to broker...
2025-04-21 14:33:48 [main] ERROR com.example.mqtt.ConnectService - Error connecting to broker: MqttException
2025-04-21 14:33:53 [main] INFO  com.example.mqtt.ConnectService - Connecting to broker...
2025-04-21 14:33:53 [main] ERROR com.example.mqtt.ConnectService - Error connecting to broker: MqttException
2025-04-21 14:33:58 [main] INFO  com.example.mqtt.ConnectService - Connecting to broker...
2025-04-21 14:33:58 [main] ERROR com.example.mqtt.ConnectService - Error connecting to broker: MqttException
2025-04-21 14:34:03 [main] INFO  com.example.mqtt.ConnectService - Connecting to broker...
2025-04-21 14:34:03 [main] ERROR com.example.mqtt.ConnectService - Error connecting to broker: MqttException
2025-04-21 14:34:08 [main] INFO  com.example.mqtt.ConnectService - Connecting to broker...
2025-04-21 14:34:08 [main] ERROR com.example.mqtt.ConnectService - Error connecting to broker: MqttException
2025-04-21 14:34:13 [main] INFO  com.example.mqtt.ConnectService - Connecting to broker...
2025-04-21 14:34:13 [main] ERROR com.example.mqtt.ConnectService - Error connecting to broker: MqttException
2025-04-21 14:34:18 [main] INFO  com.example.mqtt.ConnectService - Connecting to broker...
2025-04-21 14:34:18 [main] ERROR com.example.mqtt.ConnectService - Error connecting to broker: MqttException
2025-04-21 14:34:23 [main] INFO  com.example.mqtt.ConnectService - Connecting to broker...
2025-04-21 14:34:23 [main] ERROR com.example.mqtt.ConnectService - Error connecting to broker: MqttException
2025-04-21 14:34:28 [main] INFO  com.example.mqtt.ConnectService - Connecting to broker...
2025-04-21 14:34:28 [main] ERROR com.example.mqtt.ConnectService - Error connecting to broker: MqttException
2025-04-21 14:34:33 [main] INFO  com.example.mqtt.ConnectService - Connecting to broker...
2025-04-21 14:34:33 [main] ERROR com.example.mqtt.ConnectService - Error connecting to broker: MqttException
2025-04-21 14:34:38 [main] INFO  com.example.mqtt.ConnectService - Connecting to broker...
2025-04-21 14:34:38 [main] ERROR com.example.mqtt.ConnectService - Error connecting to broker: MqttException
2025-04-21 14:34:43 [main] INFO  com.example.mqtt.ConnectService - Connecting to broker...
2025-04-21 14:34:43 [main] ERROR com.example.mqtt.ConnectService - Error connecting to broker: MqttException
2025-04-21 14:34:48 [main] INFO  com.example.mqtt.ConnectService - Connecting to broker...
2025-04-21 14:34:48 [main] ERROR com.example.mqtt.ConnectService - Error connecting to broker: MqttException
2025-04-21 14:34:53 [main] INFO  com.example.mqtt.ConnectService - Connecting to broker...
2025-04-21 14:34:53 [main] ERROR com.example.mqtt.ConnectService - Error connecting to broker: MqttException
2025-04-21 14:34:58 [main] INFO  com.example.mqtt.ConnectService - Connecting to broker...
2025-04-21 14:34:58 [main] ERROR com.example.mqtt.ConnectService - Error connecting to broker: MqttException
2025-04-21 14:35:03 [main] INFO  com.example.mqtt.ConnectService - Connecting to broker...
2025-04-21 14:35:03 [main] ERROR com.example.mqtt.ConnectService - Error connecting to broker: MqttException
2025-04-21 14:35:08 [main] INFO  com.example.mqtt.ConnectService - Connecting to broker...
2025-04-21 14:35:08 [main] ERROR com.example.mqtt.ConnectService - Error connecting to broker: MqttException
2025-04-21 14:35:13 [main] INFO  com.example.mqtt.ConnectService - Connecting to broker...
2025-04-21 14:35:13 [main] ERROR com.example.mqtt.ConnectService - Error connecting to broker: MqttException
2025-04-21 14:35:18 [main] INFO  com.example.mqtt.ConnectService - Connecting to broker...
2025-04-21 14:35:18 [main] ERROR com.example.mqtt.ConnectService - Error connecting to broker: MqttException
2025-04-21 14:35:23 [main] INFO  com.example.mqtt.ConnectService - Connecting to broker...
2025-04-21 14:35:23 [main] ERROR com.example.mqtt.ConnectService - Error connecting to broker: MqttException
2025-04-21 14:35:28 [main] INFO  com.example.mqtt.ConnectService - Connecting to broker...
2025-04-21 14:35:28 [main] ERROR com.example.mqtt.ConnectService - Error connecting to broker: MqttException
2025-04-21 14:35:33 [main] INFO  com.example.mqtt.ConnectService - Connecting to broker...
2025-04-21 14:35:33 [main] ERROR com.example.mqtt.ConnectService - Error connecting to broker: MqttException
2025-04-21 14:35:38 [main] INFO  com.example.mqtt.ConnectService - Connecting to broker...
2025-04-21 14:35:38 [main] ERROR com.example.mqtt.ConnectService - Error connecting to broker: MqttException
2025-04-21 14:35:43 [main] INFO  com.example.mqtt.ConnectService - Connecting to broker...
2025-04-21 14:35:43 [main] ERROR com.example.mqtt.ConnectService - Error connecting to broker: MqttException
2025-04-21 14:35:48 [main] INFO  com.example.mqtt.ConnectService - Connecting to broker...
2025-04-21 14:35:48 [main] ERROR com.example.mqtt.ConnectService - Error connecting to broker: MqttException
2025-04-21 14:35:53 [main] INFO  com.example.mqtt.ConnectService - Connecting to broker...
2025-04-21 14:35:53 [main] ERROR com.example.mqtt.ConnectService - Error connecting to broker: MqttException
2025-04-21 14:35:58 [main] INFO  com.example.mqtt.ConnectService - Connecting to broker...
2025-04-21 14:35:58 [main] ERROR com.example.mqtt.ConnectService - Error connecting to broker: MqttException
2025-04-21 14:36:03 [main] INFO  com.example.mqtt.ConnectService - Connecting to broker...
2025-04-21 14:36:03 [main] ERROR com.example.mqtt.ConnectService - Error connecting to broker: MqttException
2025-04-21 14:36:08 [main] INFO  com.example.mqtt.ConnectService - Connecting to broker...
2025-04-21 14:36:08 [main] ERROR com.example.mqtt.ConnectService - Error connecting to broker: MqttException
2025-04-21 14:36:13 [main] INFO  com.example.mqtt.ConnectService - Connecting to broker...
2025-04-21 14:36:13 [main] ERROR com.example.mqtt.ConnectService - Error connecting to broker: MqttException
2025-04-21 14:36:18 [main] INFO  com.example.mqtt.ConnectService - Connecting to broker...
2025-04-21 14:36:18 [main] ERROR com.example.mqtt.ConnectService - Error connecting to broker: MqttException
2025-04-21 14:36:23 [main] INFO  com.example.mqtt.ConnectService - Connecting to broker...
2025-04-21 14:36:23 [main] ERROR com.example.mqtt.ConnectService - Error connecting to broker: MqttException
2025-04-21 14:36:28 [main] INFO  com.example.mqtt.ConnectService - Connecting to broker...
2025-04-21 14:36:28 [main] ERROR com.example.mqtt.ConnectService - Error connecting to broker: MqttException
2025-04-21 14:36:33 [main] INFO  com.example.mqtt.ConnectService - Connecting to broker...
2025-04-21 14:36:33 [main] ERROR com.example.mqtt.ConnectService - Error connecting to broker: MqttException
2025-04-21 14:36:38 [main] INFO  com.example.mqtt.ConnectService - Connecting to broker...
2025-04-21 14:36:38 [main] ERROR com.example.mqtt.ConnectService - Error connecting to broker: MqttException
2025-04-21 14:36:43 [main] INFO  com.example.mqtt.ConnectService - Connecting to broker...
2025-04-21 14:36:43 [main] ERROR com.example.mqtt.ConnectService - Error connecting to broker: MqttException
2025-04-21 14:36:48 [main] INFO  com.example.mqtt.ConnectService - Connecting to broker...
2025-04-21 14:36:48 [main] ERROR com.example.mqtt.ConnectService - Error connecting to broker: MqttException
2025-04-21 14:36:53 [main] INFO  com.example.mqtt.ConnectService - Connecting to broker...
2025-04-21 14:36:53 [main] ERROR com.example.mqtt.ConnectService - Error connecting to broker: MqttException
2025-04-21 14:36:58 [main] INFO  com.example.mqtt.ConnectService - Connecting to broker...
2025-04-21 14:36:58 [main] ERROR com.example.mqtt.ConnectService - Error connecting to broker: MqttException
2025-04-21 14:37:03 [main] INFO  com.example.mqtt.ConnectService - Connecting to broker...
2025-04-21 14:37:03 [main] ERROR com.example.mqtt.ConnectService - Error connecting to broker: MqttException
2025-04-21 14:37:08 [main] INFO  com.example.mqtt.ConnectService - Connecting to broker...
2025-04-21 14:37:08 [main] ERROR com.example.mqtt.ConnectService - Error connecting to broker: MqttException
2025-04-21 14:37:13 [main] INFO  com.example.mqtt.ConnectService - Connecting to broker...
2025-04-21 14:37:13 [main] ERROR com.example.mqtt.ConnectService - Error connecting to broker: MqttException
2025-04-21 14:37:18 [main] INFO  com.example.mqtt.ConnectService - Connecting to broker...
2025-04-21 14:37:18 [main] ERROR com.example.mqtt.ConnectService - Error connecting to broker: MqttException
2025-04-21 14:37:23 [main] INFO  com.example.mqtt.ConnectService - Connecting to broker...
2025-04-21 14:37:23 [main] ERROR com.example.mqtt.ConnectService - Error connecting to broker: MqttException
2025-04-21 14:37:28 [main] INFO  com.example.mqtt.ConnectService - Connecting to broker...
2025-04-21 14:37:28 [main] ERROR com.example.mqtt.ConnectService - Error connecting to broker: MqttException
2025-04-21 14:37:33 [main] INFO  com.example.mqtt.ConnectService - Connecting to broker...
2025-04-21 14:37:33 [main] ERROR com.example.mqtt.ConnectService - Error connecting to broker: MqttException
2025-04-21 14:37:38 [main] INFO  com.example.mqtt.ConnectService - Connecting to broker...
2025-04-21 14:37:38 [main] ERROR com.example.mqtt.ConnectService - Error connecting to broker: MqttException
2025-04-21 14:37:43 [main] INFO  com.example.mqtt.ConnectService - Connecting to broker...
2025-04-21 14:37:43 [main] ERROR com.example.mqtt.ConnectService - Error connecting to broker: MqttException
2025-04-21 14:37:48 [main] INFO  com.example.mqtt.ConnectService - Connecting to broker...
2025-04-21 14:37:48 [main] ERROR com.example.mqtt.ConnectService - Error connecting to broker: MqttException
2025-04-21 14:37:53 [main] INFO  com.example.mqtt.ConnectService - Connecting to broker...
2025-04-21 14:37:53 [main] ERROR com.example.mqtt.ConnectService - Error connecting to broker: MqttException
2025-04-21 14:37:58 [main] INFO  com.example.mqtt.ConnectService - Connecting to broker...
2025-04-21 14:37:58 [main] ERROR com.example.mqtt.ConnectService - Error connecting to broker: MqttException
2025-04-21 14:38:03 [main] INFO  com.example.mqtt.ConnectService - Connecting to broker...
2025-04-21 14:38:03 [main] ERROR com.example.mqtt.ConnectService - Error connecting to broker: MqttException
2025-04-21 14:38:08 [main] INFO  com.example.mqtt.ConnectService - Connecting to broker...
2025-04-21 14:38:08 [main] ERROR com.example.mqtt.ConnectService - Error connecting to broker: MqttException
2025-04-21 14:38:13 [main] INFO  com.example.mqtt.ConnectService - Connecting to broker...
2025-04-21 14:38:13 [main] ERROR com.example.mqtt.ConnectService - Error connecting to broker: MqttException
2025-04-21 14:38:18 [main] INFO  com.example.mqtt.ConnectService - Connecting to broker...
2025-04-21 14:38:18 [main] ERROR com.example.mqtt.ConnectService - Error connecting to broker: MqttException
2025-04-21 14:38:23 [main] INFO  com.example.mqtt.ConnectService - Connecting to broker...
2025-04-21 14:38:23 [main] ERROR com.example.mqtt.ConnectService - Error connecting to broker: MqttException
2025-04-21 14:38:28 [main] INFO  com.example.mqtt.ConnectService - Connecting to broker...
2025-04-21 14:38:28 [main] ERROR com.example.mqtt.ConnectService - Error connecting to broker: MqttException
2025-04-21 14:38:33 [main] INFO  com.example.mqtt.ConnectService - Connecting to broker...
2025-04-21 14:38:33 [main] ERROR com.example.mqtt.ConnectService - Error connecting to broker: MqttException
2025-04-21 14:38:38 [main] INFO  com.example.mqtt.ConnectService - Connecting to broker...
2025-04-21 14:38:38 [main] ERROR com.example.mqtt.ConnectService - Error connecting to broker: MqttException
2025-04-21 14:38:43 [main] INFO  com.example.mqtt.ConnectService - Connecting to broker...
2025-04-21 14:38:43 [main] ERROR com.example.mqtt.ConnectService - Error connecting to broker: MqttException
2025-04-21 14:38:48 [main] INFO  com.example.mqtt.ConnectService - Connecting to broker...
2025-04-21 14:38:48 [main] ERROR com.example.mqtt.ConnectService - Error connecting to broker: MqttException
2025-04-21 14:38:53 [main] INFO  com.example.mqtt.ConnectService - Connecting to broker...
2025-04-21 14:38:53 [main] ERROR com.example.mqtt.ConnectService - Error connecting to broker: MqttException
2025-04-21 14:38:58 [main] INFO  com.example.mqtt.ConnectService - Connecting to broker...
2025-04-21 14:38:58 [main] ERROR com.example.mqtt.ConnectService - Error connecting to broker: MqttException
2025-04-21 14:39:03 [main] INFO  com.example.mqtt.ConnectService - Connecting to broker...
2025-04-21 14:39:03 [main] ERROR com.example.mqtt.ConnectService - Error connecting to broker: MqttException
2025-04-21 14:39:08 [main] INFO  com.example.mqtt.ConnectService - Connecting to broker...
2025-04-21 14:39:08 [main] ERROR com.example.mqtt.ConnectService - Error connecting to broker: MqttException
2025-04-21 14:39:13 [main] INFO  com.example.mqtt.ConnectService - Connecting to broker...
2025-04-21 14:39:13 [main] ERROR com.example.mqtt.ConnectService - Error connecting to broker: MqttException
2025-04-21 14:39:18 [main] INFO  com.example.mqtt.ConnectService - Connecting to broker...
2025-04-21 14:39:18 [main] ERROR com.example.mqtt.ConnectService - Error connecting to broker: MqttException
2025-04-21 14:39:23 [main] INFO  com.example.mqtt.ConnectService - Connecting to broker...
2025-04-21 14:39:23 [main] ERROR com.example.mqtt.ConnectService - Error connecting to broker: MqttException
2025-04-21 14:39:28 [main] INFO  com.example.mqtt.ConnectService - Connecting to broker...
2025-04-21 14:39:28 [main] ERROR com.example.mqtt.ConnectService - Error connecting to broker: MqttException
2025-04-21 14:39:33 [main] INFO  com.example.mqtt.ConnectService - Connecting to broker...
2025-04-21 14:39:33 [main] ERROR com.example.mqtt.ConnectService - Error connecting to broker: MqttException
2025-04-21 14:39:38 [main] INFO  com.example.mqtt.ConnectService - Connecting to broker...
2025-04-21 14:39:38 [main] ERROR com.example.mqtt.ConnectService - Error connecting to broker: MqttException
2025-04-21 14:39:43 [main] INFO  com.example.mqtt.ConnectService - Connecting to broker...
2025-04-21 14:39:43 [main] ERROR com.example.mqtt.ConnectService - Error connecting to broker: MqttException
2025-04-21 14:39:48 [main] INFO  com.example.mqtt.ConnectService - Connecting to broker...
2025-04-21 14:39:48 [main] ERROR com.example.mqtt.ConnectService - Error connecting to broker: MqttException
2025-04-21 14:39:53 [main] INFO  com.example.mqtt.ConnectService - Connecting to broker...
2025-04-21 14:39:53 [main] ERROR com.example.mqtt.ConnectService - Error connecting to broker: MqttException
2025-04-21 14:39:58 [main] INFO  com.example.mqtt.ConnectService - Connecting to broker...
2025-04-21 14:39:58 [main] ERROR com.example.mqtt.ConnectService - Error connecting to broker: MqttException
2025-04-21 14:40:03 [main] INFO  com.example.mqtt.ConnectService - Connecting to broker...
2025-04-21 14:40:03 [main] ERROR com.example.mqtt.ConnectService - Error connecting to broker: MqttException
2025-04-21 14:40:08 [main] INFO  com.example.mqtt.ConnectService - Connecting to broker...
2025-04-21 14:40:08 [main] ERROR com.example.mqtt.ConnectService - Error connecting to broker: MqttException
2025-04-21 14:40:13 [main] INFO  com.example.mqtt.ConnectService - Connecting to broker...
2025-04-21 14:40:14 [main] ERROR com.example.mqtt.ConnectService - Error connecting to broker: MqttException
2025-04-21 14:40:19 [main] INFO  com.example.mqtt.ConnectService - Connecting to broker...
2025-04-21 14:40:19 [main] ERROR com.example.mqtt.ConnectService - Error connecting to broker: MqttException
2025-04-21 14:40:24 [main] INFO  com.example.mqtt.ConnectService - Connecting to broker...
2025-04-21 14:40:24 [main] ERROR com.example.mqtt.ConnectService - Error connecting to broker: MqttException
2025-04-21 14:40:29 [main] INFO  com.example.mqtt.ConnectService - Connecting to broker...
2025-04-21 14:40:29 [main] ERROR com.example.mqtt.ConnectService - Error connecting to broker: MqttException
2025-04-21 14:40:34 [main] INFO  com.example.mqtt.ConnectService - Connecting to broker...
2025-04-21 14:40:34 [main] ERROR com.example.mqtt.ConnectService - Error connecting to broker: MqttException
2025-04-21 14:40:39 [main] INFO  com.example.mqtt.ConnectService - Connecting to broker...
2025-04-21 14:40:39 [main] ERROR com.example.mqtt.ConnectService - Error connecting to broker: MqttException
2025-04-21 14:40:44 [main] INFO  com.example.mqtt.ConnectService - Connecting to broker...
2025-04-21 14:40:44 [main] ERROR com.example.mqtt.ConnectService - Error connecting to broker: MqttException
2025-04-21 14:40:49 [main] INFO  com.example.mqtt.ConnectService - Connecting to broker...
2025-04-21 14:40:49 [main] ERROR com.example.mqtt.ConnectService - Error connecting to broker: MqttException
2025-04-21 14:40:54 [main] INFO  com.example.mqtt.ConnectService - Connecting to broker...
2025-04-21 14:40:54 [main] ERROR com.example.mqtt.ConnectService - Error connecting to broker: MqttException
2025-04-21 14:40:59 [main] INFO  com.example.mqtt.ConnectService - Connecting to broker...
2025-04-21 14:40:59 [main] ERROR com.example.mqtt.ConnectService - Error connecting to broker: MqttException
2025-04-21 14:41:04 [main] INFO  com.example.mqtt.ConnectService - Connecting to broker...
2025-04-21 14:41:04 [main] ERROR com.example.mqtt.ConnectService - Error connecting to broker: MqttException
2025-04-21 14:41:09 [main] INFO  com.example.mqtt.ConnectService - Connecting to broker...
2025-04-21 14:41:09 [main] ERROR com.example.mqtt.ConnectService - Error connecting to broker: MqttException
2025-04-21 14:41:14 [main] INFO  com.example.mqtt.ConnectService - Connecting to broker...
2025-04-21 14:41:14 [main] ERROR com.example.mqtt.ConnectService - Error connecting to broker: MqttException
2025-04-21 14:41:19 [main] INFO  com.example.mqtt.ConnectService - Connecting to broker...
2025-04-21 14:41:19 [main] ERROR com.example.mqtt.ConnectService - Error connecting to broker: MqttException
2025-04-21 14:41:24 [main] INFO  com.example.mqtt.ConnectService - Connecting to broker...
2025-04-21 14:41:24 [main] ERROR com.example.mqtt.ConnectService - Error connecting to broker: MqttException
2025-04-21 14:41:29 [main] INFO  com.example.mqtt.ConnectService - Connecting to broker...
2025-04-21 14:41:29 [main] ERROR com.example.mqtt.ConnectService - Error connecting to broker: MqttException
2025-04-21 14:41:34 [main] INFO  com.example.mqtt.ConnectService - Connecting to broker...
2025-04-21 14:41:34 [main] ERROR com.example.mqtt.ConnectService - Error connecting to broker: MqttException
2025-04-21 14:41:39 [main] INFO  com.example.mqtt.ConnectService - Connecting to broker...
2025-04-21 14:41:39 [main] ERROR com.example.mqtt.ConnectService - Error connecting to broker: MqttException
2025-04-21 14:41:44 [main] INFO  com.example.mqtt.ConnectService - Connecting to broker...
2025-04-21 14:41:44 [main] ERROR com.example.mqtt.ConnectService - Error connecting to broker: MqttException
2025-04-21 14:41:49 [main] INFO  com.example.mqtt.ConnectService - Connecting to broker...
2025-04-21 14:41:49 [main] ERROR com.example.mqtt.ConnectService - Error connecting to broker: MqttException
2025-04-21 14:41:54 [main] INFO  com.example.mqtt.ConnectService - Connecting to broker...
2025-04-21 14:41:54 [main] ERROR com.example.mqtt.ConnectService - Error connecting to broker: MqttException
2025-04-21 14:41:59 [main] INFO  com.example.mqtt.ConnectService - Connecting to broker...
2025-04-21 14:41:59 [main] ERROR com.example.mqtt.ConnectService - Error connecting to broker: MqttException
2025-04-21 14:42:04 [main] INFO  com.example.mqtt.ConnectService - Connecting to broker...
2025-04-21 14:42:04 [main] ERROR com.example.mqtt.ConnectService - Error connecting to broker: MqttException
2025-04-21 14:42:09 [main] INFO  com.example.mqtt.ConnectService - Connecting to broker...
2025-04-21 14:42:09 [main] ERROR com.example.mqtt.ConnectService - Error connecting to broker: MqttException
2025-04-21 14:42:14 [main] INFO  com.example.mqtt.ConnectService - Connecting to broker...
2025-04-21 14:42:14 [main] ERROR com.example.mqtt.ConnectService - Error connecting to broker: MqttException
2025-04-21 14:42:19 [main] INFO  com.example.mqtt.ConnectService - Connecting to broker...
2025-04-21 14:42:19 [main] ERROR com.example.mqtt.ConnectService - Error connecting to broker: MqttException
2025-04-21 14:42:24 [main] INFO  com.example.mqtt.ConnectService - Connecting to broker...
2025-04-21 14:42:24 [main] ERROR com.example.mqtt.ConnectService - Error connecting to broker: MqttException
2025-04-21 14:42:29 [main] INFO  com.example.mqtt.ConnectService - Connecting to broker...
2025-04-21 14:42:29 [main] ERROR com.example.mqtt.ConnectService - Error connecting to broker: MqttException
2025-04-21 14:42:34 [main] INFO  com.example.mqtt.ConnectService - Connecting to broker...
2025-04-21 14:42:34 [main] ERROR com.example.mqtt.ConnectService - Error connecting to broker: MqttException
2025-04-21 14:42:39 [main] INFO  com.example.mqtt.ConnectService - Connecting to broker...
2025-04-21 14:42:39 [main] ERROR com.example.mqtt.ConnectService - Error connecting to broker: MqttException
2025-04-21 14:42:44 [main] INFO  com.example.mqtt.ConnectService - Connecting to broker...
2025-04-21 14:42:44 [main] ERROR com.example.mqtt.ConnectService - Error connecting to broker: MqttException
2025-04-21 14:42:49 [main] INFO  com.example.mqtt.ConnectService - Connecting to broker...
2025-04-21 14:42:49 [main] ERROR com.example.mqtt.ConnectService - Error connecting to broker: MqttException
2025-04-21 14:42:54 [main] INFO  com.example.mqtt.ConnectService - Connecting to broker...
2025-04-21 14:42:54 [main] ERROR com.example.mqtt.ConnectService - Error connecting to broker: MqttException
2025-04-21 14:42:59 [main] INFO  com.example.mqtt.ConnectService - Connecting to broker...
2025-04-21 14:42:59 [main] ERROR com.example.mqtt.ConnectService - Error connecting to broker: MqttException
2025-04-21 14:43:04 [main] INFO  com.example.mqtt.ConnectService - Connecting to broker...
2025-04-21 14:43:04 [main] ERROR com.example.mqtt.ConnectService - Error connecting to broker: MqttException
2025-04-21 14:43:09 [main] INFO  com.example.mqtt.ConnectService - Connecting to broker...
2025-04-21 14:43:09 [main] ERROR com.example.mqtt.ConnectService - Error connecting to broker: MqttException
2025-04-21 14:43:14 [main] INFO  com.example.mqtt.ConnectService - Connecting to broker...
2025-04-21 14:43:14 [main] ERROR com.example.mqtt.ConnectService - Error connecting to broker: MqttException
2025-04-21 14:43:19 [main] INFO  com.example.mqtt.ConnectService - Connecting to broker...
2025-04-21 14:43:19 [main] ERROR com.example.mqtt.ConnectService - Error connecting to broker: MqttException
2025-04-21 14:43:24 [main] INFO  com.example.mqtt.ConnectService - Connecting to broker...
2025-04-21 14:43:24 [main] ERROR com.example.mqtt.ConnectService - Error connecting to broker: MqttException
2025-04-21 14:43:29 [main] INFO  com.example.mqtt.ConnectService - Connecting to broker...
2025-04-21 14:43:29 [main] ERROR com.example.mqtt.ConnectService - Error connecting to broker: MqttException
2025-04-21 14:43:34 [main] INFO  com.example.mqtt.ConnectService - Connecting to broker...
2025-04-21 14:43:34 [main] ERROR com.example.mqtt.ConnectService - Error connecting to broker: MqttException
2025-04-21 14:43:39 [main] INFO  com.example.mqtt.ConnectService - Connecting to broker...
2025-04-21 14:43:39 [main] ERROR com.example.mqtt.ConnectService - Error connecting to broker: MqttException
2025-04-21 14:43:44 [main] INFO  com.example.mqtt.ConnectService - Connecting to broker...
2025-04-21 14:43:44 [main] ERROR com.example.mqtt.ConnectService - Error connecting to broker: MqttException
2025-04-21 14:43:49 [main] INFO  com.example.mqtt.ConnectService - Connecting to broker...
2025-04-21 14:43:49 [main] ERROR com.example.mqtt.ConnectService - Error connecting to broker: MqttException
2025-04-21 14:43:54 [main] INFO  com.example.mqtt.ConnectService - Connecting to broker...
2025-04-21 14:43:54 [main] ERROR com.example.mqtt.ConnectService - Error connecting to broker: MqttException
2025-04-21 14:43:59 [main] INFO  com.example.mqtt.ConnectService - Connecting to broker...
2025-04-21 14:43:59 [main] ERROR com.example.mqtt.ConnectService - Error connecting to broker: MqttException
2025-04-21 14:44:04 [main] INFO  com.example.mqtt.ConnectService - Connecting to broker...
2025-04-21 14:44:04 [main] ERROR com.example.mqtt.ConnectService - Error connecting to broker: MqttException
2025-04-21 14:44:09 [main] INFO  com.example.mqtt.ConnectService - Connecting to broker...
2025-04-21 14:44:09 [main] ERROR com.example.mqtt.ConnectService - Error connecting to broker: MqttException
2025-04-21 14:44:14 [main] INFO  com.example.mqtt.ConnectService - Connecting to broker...
2025-04-21 14:44:14 [main] ERROR com.example.mqtt.ConnectService - Error connecting to broker: MqttException
2025-04-21 14:44:19 [main] INFO  com.example.mqtt.ConnectService - Connecting to broker...
2025-04-21 14:44:19 [main] ERROR com.example.mqtt.ConnectService - Error connecting to broker: MqttException
2025-04-21 14:44:24 [main] INFO  com.example.mqtt.ConnectService - Connecting to broker...
2025-04-21 14:44:24 [main] ERROR com.example.mqtt.ConnectService - Error connecting to broker: MqttException
2025-04-21 14:44:29 [main] INFO  com.example.mqtt.ConnectService - Connecting to broker...
2025-04-21 14:44:29 [main] ERROR com.example.mqtt.ConnectService - Error connecting to broker: MqttException
2025-04-21 14:44:34 [main] INFO  com.example.mqtt.ConnectService - Connecting to broker...
2025-04-21 14:44:34 [main] ERROR com.example.mqtt.ConnectService - Error connecting to broker: MqttException
2025-04-21 14:44:39 [main] INFO  com.example.mqtt.ConnectService - Connecting to broker...
2025-04-21 14:44:39 [main] ERROR com.example.mqtt.ConnectService - Error connecting to broker: MqttException
2025-04-21 14:44:44 [main] INFO  com.example.mqtt.ConnectService - Connecting to broker...
2025-04-21 14:44:44 [main] ERROR com.example.mqtt.ConnectService - Error connecting to broker: MqttException
2025-04-21 14:44:49 [main] INFO  com.example.mqtt.ConnectService - Connecting to broker...
2025-04-21 14:44:49 [main] ERROR com.example.mqtt.ConnectService - Error connecting to broker: MqttException
2025-04-21 14:44:54 [main] INFO  com.example.mqtt.ConnectService - Connecting to broker...
2025-04-21 14:44:54 [main] ERROR com.example.mqtt.ConnectService - Error connecting to broker: MqttException
2025-04-21 14:44:59 [main] INFO  com.example.mqtt.ConnectService - Connecting to broker...
2025-04-21 14:44:59 [main] ERROR com.example.mqtt.ConnectService - Error connecting to broker: MqttException
2025-04-21 14:45:04 [main] INFO  com.example.mqtt.ConnectService - Connecting to broker...
2025-04-21 14:45:04 [main] ERROR com.example.mqtt.ConnectService - Error connecting to broker: MqttException
2025-04-21 14:45:09 [main] INFO  com.example.mqtt.ConnectService - Connecting to broker...
2025-04-21 14:45:09 [main] ERROR com.example.mqtt.ConnectService - Error connecting to broker: MqttException
2025-04-21 14:45:14 [main] INFO  com.example.mqtt.ConnectService - Connecting to broker...
2025-04-21 14:45:14 [main] ERROR com.example.mqtt.ConnectService - Error connecting to broker: MqttException
2025-04-21 14:45:19 [main] INFO  com.example.mqtt.ConnectService - Connecting to broker...
2025-04-21 14:45:19 [main] ERROR com.example.mqtt.ConnectService - Error connecting to broker: MqttException
2025-04-21 14:45:24 [main] INFO  com.example.mqtt.ConnectService - Connecting to broker...
2025-04-21 14:45:24 [main] ERROR com.example.mqtt.ConnectService - Error connecting to broker: MqttException
2025-04-21 14:45:29 [main] INFO  com.example.mqtt.ConnectService - Connecting to broker...
2025-04-21 14:45:29 [main] ERROR com.example.mqtt.ConnectService - Error connecting to broker: MqttException
2025-04-21 14:45:34 [main] INFO  com.example.mqtt.ConnectService - Connecting to broker...
2025-04-21 14:45:34 [main] ERROR com.example.mqtt.ConnectService - Error connecting to broker: MqttException
2025-04-21 14:45:39 [main] INFO  com.example.mqtt.ConnectService - Connecting to broker...
2025-04-21 14:45:39 [main] ERROR com.example.mqtt.ConnectService - Error connecting to broker: MqttException
2025-04-21 14:45:44 [main] INFO  com.example.mqtt.ConnectService - Connecting to broker...
2025-04-21 14:45:44 [main] ERROR com.example.mqtt.ConnectService - Error connecting to broker: MqttException
2025-04-21 14:45:49 [main] INFO  com.example.mqtt.ConnectService - Connecting to broker...
2025-04-21 14:45:49 [main] ERROR com.example.mqtt.ConnectService - Error connecting to broker: MqttException
2025-04-21 14:45:54 [main] INFO  com.example.mqtt.ConnectService - Connecting to broker...
2025-04-21 14:45:54 [main] ERROR com.example.mqtt.ConnectService - Error connecting to broker: MqttException
2025-04-21 14:45:59 [main] INFO  com.example.mqtt.ConnectService - Connecting to broker...
2025-04-21 14:45:59 [main] ERROR com.example.mqtt.ConnectService - Error connecting to broker: MqttException
2025-04-21 14:46:04 [main] INFO  com.example.mqtt.ConnectService - Connecting to broker...
2025-04-21 14:46:04 [main] ERROR com.example.mqtt.ConnectService - Error connecting to broker: MqttException
2025-04-21 14:46:09 [main] INFO  com.example.mqtt.ConnectService - Connecting to broker...
2025-04-21 14:46:09 [main] ERROR com.example.mqtt.ConnectService - Error connecting to broker: MqttException
2025-04-21 14:46:14 [main] INFO  com.example.mqtt.ConnectService - Connecting to broker...
2025-04-21 14:46:14 [main] ERROR com.example.mqtt.ConnectService - Error connecting to broker: MqttException
2025-04-21 14:46:19 [main] INFO  com.example.mqtt.ConnectService - Connecting to broker...
2025-04-21 14:46:19 [main] ERROR com.example.mqtt.ConnectService - Error connecting to broker: MqttException
2025-04-21 14:46:24 [main] INFO  com.example.mqtt.ConnectService - Connecting to broker...
2025-04-21 14:46:24 [main] ERROR com.example.mqtt.ConnectService - Error connecting to broker: MqttException
2025-04-21 14:46:29 [main] INFO  com.example.mqtt.ConnectService - Connecting to broker...
2025-04-21 14:46:29 [main] ERROR com.example.mqtt.ConnectService - Error connecting to broker: MqttException
2025-04-21 14:46:34 [main] INFO  com.example.mqtt.ConnectService - Connecting to broker...
2025-04-21 14:46:34 [main] ERROR com.example.mqtt.ConnectService - Error connecting to broker: MqttException
2025-04-21 14:46:39 [main] INFO  com.example.mqtt.ConnectService - Connecting to broker...
2025-04-21 14:46:39 [main] ERROR com.example.mqtt.ConnectService - Error connecting to broker: MqttException
2025-04-21 14:46:44 [main] INFO  com.example.mqtt.ConnectService - Connecting to broker...
2025-04-21 14:46:44 [main] ERROR com.example.mqtt.ConnectService - Error connecting to broker: MqttException
2025-04-21 14:46:49 [main] INFO  com.example.mqtt.ConnectService - Connecting to broker...
2025-04-21 14:46:49 [main] ERROR com.example.mqtt.ConnectService - Error connecting to broker: MqttException
2025-04-21 14:46:54 [main] INFO  com.example.mqtt.ConnectService - Connecting to broker...
2025-04-21 14:46:54 [main] ERROR com.example.mqtt.ConnectService - Error connecting to broker: MqttException
2025-04-21 14:46:59 [main] INFO  com.example.mqtt.ConnectService - Connecting to broker...
2025-04-21 14:46:59 [main] ERROR com.example.mqtt.ConnectService - Error connecting to broker: MqttException
2025-04-21 14:47:04 [main] INFO  com.example.mqtt.ConnectService - Connecting to broker...
2025-04-21 14:47:04 [main] ERROR com.example.mqtt.ConnectService - Error connecting to broker: MqttException
2025-04-21 14:47:09 [main] INFO  com.example.mqtt.ConnectService - Connecting to broker...
2025-04-21 14:47:09 [main] ERROR com.example.mqtt.ConnectService - Error connecting to broker: MqttException
2025-04-21 14:47:14 [main] INFO  com.example.mqtt.ConnectService - Connecting to broker...
2025-04-21 14:47:14 [main] ERROR com.example.mqtt.ConnectService - Error connecting to broker: MqttException
2025-04-21 14:47:19 [main] INFO  com.example.mqtt.ConnectService - Connecting to broker...
2025-04-21 14:47:19 [main] ERROR com.example.mqtt.ConnectService - Error connecting to broker: MqttException
2025-04-21 14:47:24 [main] INFO  com.example.mqtt.ConnectService - Connecting to broker...
2025-04-21 14:47:24 [main] ERROR com.example.mqtt.ConnectService - Error connecting to broker: MqttException
2025-04-21 14:47:29 [main] INFO  com.example.mqtt.ConnectService - Connecting to broker...
2025-04-21 14:47:29 [main] ERROR com.example.mqtt.ConnectService - Error connecting to broker: MqttException
2025-04-21 14:47:34 [main] INFO  com.example.mqtt.ConnectService - Connecting to broker...
2025-04-21 14:47:34 [main] ERROR com.example.mqtt.ConnectService - Error connecting to broker: MqttException
2025-04-21 14:47:39 [main] INFO  com.example.mqtt.ConnectService - Connecting to broker...
2025-04-21 14:47:39 [main] ERROR com.example.mqtt.ConnectService - Error connecting to broker: MqttException
2025-04-21 14:47:44 [main] INFO  com.example.mqtt.ConnectService - Connecting to broker...
2025-04-21 14:47:44 [main] ERROR com.example.mqtt.ConnectService - Error connecting to broker: MqttException
2025-04-21 14:47:49 [main] INFO  com.example.mqtt.ConnectService - Connecting to broker...
2025-04-21 14:47:49 [main] ERROR com.example.mqtt.ConnectService - Error connecting to broker: MqttException
2025-04-21 14:47:54 [main] INFO  com.example.mqtt.ConnectService - Connecting to broker...
2025-04-21 14:47:54 [main] ERROR com.example.mqtt.ConnectService - Error connecting to broker: MqttException
2025-04-21 14:47:59 [main] INFO  com.example.mqtt.ConnectService - Connecting to broker...
2025-04-21 14:47:59 [main] ERROR com.example.mqtt.ConnectService - Error connecting to broker: MqttException
2025-04-21 14:48:04 [main] INFO  com.example.mqtt.ConnectService - Connecting to broker...
2025-04-21 14:48:04 [main] ERROR com.example.mqtt.ConnectService - Error connecting to broker: MqttException
2025-04-21 14:48:09 [main] INFO  com.example.mqtt.ConnectService - Connecting to broker...
2025-04-21 14:48:09 [main] ERROR com.example.mqtt.ConnectService - Error connecting to broker: MqttException
2025-04-21 14:48:14 [main] INFO  com.example.mqtt.ConnectService - Connecting to broker...
2025-04-21 14:48:14 [main] ERROR com.example.mqtt.ConnectService - Error connecting to broker: MqttException
2025-04-21 14:48:19 [main] INFO  com.example.mqtt.ConnectService - Connecting to broker...
2025-04-21 14:48:19 [main] ERROR com.example.mqtt.ConnectService - Error connecting to broker: MqttException
2025-04-21 14:48:24 [main] INFO  com.example.mqtt.ConnectService - Connecting to broker...
2025-04-21 14:48:24 [main] ERROR com.example.mqtt.ConnectService - Error connecting to broker: MqttException
2025-04-21 14:48:29 [main] INFO  com.example.mqtt.ConnectService - Connecting to broker...
2025-04-21 14:48:29 [main] ERROR com.example.mqtt.ConnectService - Error connecting to broker: MqttException
2025-04-21 14:48:34 [main] INFO  com.example.mqtt.ConnectService - Connecting to broker...
2025-04-21 14:48:34 [main] ERROR com.example.mqtt.ConnectService - Error connecting to broker: MqttException
2025-04-21 14:48:39 [main] INFO  com.example.mqtt.ConnectService - Connecting to broker...
2025-04-21 14:48:39 [main] ERROR com.example.mqtt.ConnectService - Error connecting to broker: MqttException
2025-04-21 14:48:44 [main] INFO  com.example.mqtt.ConnectService - Connecting to broker...
2025-04-21 14:48:44 [main] ERROR com.example.mqtt.ConnectService - Error connecting to broker: MqttException
2025-04-21 14:48:49 [main] INFO  com.example.mqtt.ConnectService - Connecting to broker...
2025-04-21 14:48:49 [main] ERROR com.example.mqtt.ConnectService - Error connecting to broker: MqttException
2025-04-21 14:48:54 [main] INFO  com.example.mqtt.ConnectService - Connecting to broker...
2025-04-21 14:48:54 [main] ERROR com.example.mqtt.ConnectService - Error connecting to broker: MqttException
2025-04-21 14:48:59 [main] INFO  com.example.mqtt.ConnectService - Connecting to broker...
2025-04-21 14:48:59 [main] ERROR com.example.mqtt.ConnectService - Error connecting to broker: MqttException
2025-04-21 14:49:04 [main] INFO  com.example.mqtt.ConnectService - Connecting to broker...
2025-04-21 14:49:04 [main] ERROR com.example.mqtt.ConnectService - Error connecting to broker: MqttException
2025-04-21 14:49:09 [main] INFO  com.example.mqtt.ConnectService - Connecting to broker...
2025-04-21 14:49:09 [main] ERROR com.example.mqtt.ConnectService - Error connecting to broker: MqttException
2025-04-21 14:49:14 [main] INFO  com.example.mqtt.ConnectService - Connecting to broker...
2025-04-21 14:49:14 [main] ERROR com.example.mqtt.ConnectService - Error connecting to broker: MqttException
2025-04-21 14:49:19 [main] INFO  com.example.mqtt.ConnectService - Connecting to broker...
2025-04-21 14:49:19 [main] ERROR com.example.mqtt.ConnectService - Error connecting to broker: MqttException
2025-04-21 14:49:24 [main] INFO  com.example.mqtt.ConnectService - Connecting to broker...
2025-04-21 14:49:24 [main] ERROR com.example.mqtt.ConnectService - Error connecting to broker: MqttException
2025-04-21 14:49:29 [main] INFO  com.example.mqtt.ConnectService - Connecting to broker...
2025-04-21 14:49:29 [main] ERROR com.example.mqtt.ConnectService - Error connecting to broker: MqttException
2025-04-21 14:49:34 [main] INFO  com.example.mqtt.ConnectService - Connecting to broker...
2025-04-21 14:49:34 [main] ERROR com.example.mqtt.ConnectService - Error connecting to broker: MqttException
2025-04-21 14:49:39 [main] INFO  com.example.mqtt.ConnectService - Connecting to broker...
2025-04-21 14:49:39 [main] ERROR com.example.mqtt.ConnectService - Error connecting to broker: MqttException
2025-04-21 14:49:44 [main] INFO  com.example.mqtt.ConnectService - Connecting to broker...
2025-04-21 14:49:44 [main] ERROR com.example.mqtt.ConnectService - Error connecting to broker: MqttException
2025-04-21 14:49:49 [main] INFO  com.example.mqtt.ConnectService - Connecting to broker...
2025-04-21 14:49:49 [main] ERROR com.example.mqtt.ConnectService - Error connecting to broker: MqttException
2025-04-21 14:49:54 [main] INFO  com.example.mqtt.ConnectService - Connecting to broker...
2025-04-21 14:49:54 [main] ERROR com.example.mqtt.ConnectService - Error connecting to broker: MqttException
2025-04-21 14:49:59 [main] INFO  com.example.mqtt.ConnectService - Connecting to broker...
2025-04-21 14:49:59 [main] ERROR com.example.mqtt.ConnectService - Error connecting to broker: MqttException
2025-04-21 14:50:04 [main] INFO  com.example.mqtt.ConnectService - Connecting to broker...
2025-04-21 14:50:04 [main] ERROR com.example.mqtt.ConnectService - Error connecting to broker: MqttException
2025-04-21 14:50:09 [main] INFO  com.example.mqtt.ConnectService - Connecting to broker...
2025-04-21 14:50:09 [main] ERROR com.example.mqtt.ConnectService - Error connecting to broker: MqttException
2025-04-21 14:50:14 [main] INFO  com.example.mqtt.ConnectService - Connecting to broker...
2025-04-21 14:50:14 [main] ERROR com.example.mqtt.ConnectService - Error connecting to broker: MqttException
2025-04-21 14:50:19 [main] INFO  com.example.mqtt.ConnectService - Connecting to broker...
2025-04-21 14:50:19 [main] ERROR com.example.mqtt.ConnectService - Error connecting to broker: MqttException
2025-04-21 14:50:24 [main] INFO  com.example.mqtt.ConnectService - Connecting to broker...
2025-04-21 14:50:24 [main] ERROR com.example.mqtt.ConnectService - Error connecting to broker: MqttException
2025-04-21 14:50:29 [main] INFO  com.example.mqtt.ConnectService - Connecting to broker...
2025-04-21 14:50:29 [main] ERROR com.example.mqtt.ConnectService - Error connecting to broker: MqttException
2025-04-21 14:50:34 [main] INFO  com.example.mqtt.ConnectService - Connecting to broker...
2025-04-21 14:50:34 [main] ERROR com.example.mqtt.ConnectService - Error connecting to broker: MqttException
2025-04-21 14:50:39 [main] INFO  com.example.mqtt.ConnectService - Connecting to broker...
2025-04-21 14:50:39 [main] ERROR com.example.mqtt.ConnectService - Error connecting to broker: MqttException
2025-04-21 14:50:44 [main] INFO  com.example.mqtt.ConnectService - Connecting to broker...
2025-04-21 14:50:44 [main] ERROR com.example.mqtt.ConnectService - Error connecting to broker: MqttException
2025-04-21 14:50:49 [main] INFO  com.example.mqtt.ConnectService - Connecting to broker...
2025-04-21 14:50:49 [main] ERROR com.example.mqtt.ConnectService - Error connecting to broker: MqttException
2025-04-21 14:50:54 [main] INFO  com.example.mqtt.ConnectService - Connecting to broker...
2025-04-21 14:50:54 [main] ERROR com.example.mqtt.ConnectService - Error connecting to broker: MqttException
2025-04-21 14:50:59 [main] INFO  com.example.mqtt.ConnectService - Connecting to broker...
2025-04-21 14:50:59 [main] ERROR com.example.mqtt.ConnectService - Error connecting to broker: MqttException
2025-04-21 14:51:04 [main] INFO  com.example.mqtt.ConnectService - Connecting to broker...
2025-04-21 14:51:04 [main] ERROR com.example.mqtt.ConnectService - Error connecting to broker: MqttException
2025-04-21 14:51:09 [main] INFO  com.example.mqtt.ConnectService - Connecting to broker...
2025-04-21 14:51:09 [main] ERROR com.example.mqtt.ConnectService - Error connecting to broker: MqttException
2025-04-21 14:51:14 [main] INFO  com.example.mqtt.ConnectService - Connecting to broker...
2025-04-21 14:51:14 [main] ERROR com.example.mqtt.ConnectService - Error connecting to broker: MqttException
2025-04-21 14:51:19 [main] INFO  com.example.mqtt.ConnectService - Connecting to broker...
2025-04-21 14:51:19 [main] ERROR com.example.mqtt.ConnectService - Error connecting to broker: MqttException
2025-04-21 14:51:24 [main] INFO  com.example.mqtt.ConnectService - Connecting to broker...
2025-04-21 14:51:24 [main] ERROR com.example.mqtt.ConnectService - Error connecting to broker: MqttException
2025-04-21 14:51:29 [main] INFO  com.example.mqtt.ConnectService - Connecting to broker...
2025-04-21 14:51:29 [main] ERROR com.example.mqtt.ConnectService - Error connecting to broker: MqttException
2025-04-21 14:51:34 [main] INFO  com.example.mqtt.ConnectService - Connecting to broker...
2025-04-21 14:51:34 [main] ERROR com.example.mqtt.ConnectService - Error connecting to broker: MqttException
2025-04-21 14:51:39 [main] INFO  com.example.mqtt.ConnectService - Connecting to broker...
2025-04-21 14:51:39 [main] ERROR com.example.mqtt.ConnectService - Error connecting to broker: MqttException
2025-04-21 14:51:44 [main] INFO  com.example.mqtt.ConnectService - Connecting to broker...
2025-04-21 14:51:44 [main] ERROR com.example.mqtt.ConnectService - Error connecting to broker: MqttException
2025-04-21 14:51:49 [main] INFO  com.example.mqtt.ConnectService - Connecting to broker...
2025-04-21 14:51:49 [main] ERROR com.example.mqtt.ConnectService - Error connecting to broker: MqttException
2025-04-21 14:51:54 [main] INFO  com.example.mqtt.ConnectService - Connecting to broker...
2025-04-21 14:51:54 [main] ERROR com.example.mqtt.ConnectService - Error connecting to broker: MqttException
2025-04-21 14:51:59 [main] INFO  com.example.mqtt.ConnectService - Connecting to broker...
2025-04-21 14:51:59 [main] ERROR com.example.mqtt.ConnectService - Error connecting to broker: MqttException
2025-04-21 14:52:04 [main] INFO  com.example.mqtt.ConnectService - Connecting to broker...
2025-04-21 14:52:04 [main] ERROR com.example.mqtt.ConnectService - Error connecting to broker: MqttException
2025-04-21 14:52:09 [main] INFO  com.example.mqtt.ConnectService - Connecting to broker...
2025-04-21 14:52:09 [main] ERROR com.example.mqtt.ConnectService - Error connecting to broker: MqttException
2025-04-21 14:52:15 [main] INFO  com.example.mqtt.ConnectService - Connecting to broker...
2025-04-21 14:52:15 [main] ERROR com.example.mqtt.ConnectService - Error connecting to broker: MqttException
2025-04-21 14:52:20 [main] INFO  com.example.mqtt.ConnectService - Connecting to broker...
2025-04-21 14:52:20 [main] ERROR com.example.mqtt.ConnectService - Error connecting to broker: MqttException
2025-04-21 14:52:25 [main] INFO  com.example.mqtt.ConnectService - Connecting to broker...
2025-04-21 14:52:25 [main] ERROR com.example.mqtt.ConnectService - Error connecting to broker: MqttException
2025-04-21 14:52:30 [main] INFO  com.example.mqtt.ConnectService - Connecting to broker...
2025-04-21 14:52:30 [main] ERROR com.example.mqtt.ConnectService - Error connecting to broker: MqttException
2025-04-21 14:52:35 [main] INFO  com.example.mqtt.ConnectService - Connecting to broker...
2025-04-21 14:52:35 [main] ERROR com.example.mqtt.ConnectService - Error connecting to broker: MqttException
2025-04-21 14:52:40 [main] INFO  com.example.mqtt.ConnectService - Connecting to broker...
2025-04-21 14:52:40 [main] ERROR com.example.mqtt.ConnectService - Error connecting to broker: MqttException
2025-04-21 14:52:45 [main] INFO  com.example.mqtt.ConnectService - Connecting to broker...
2025-04-21 14:52:45 [main] ERROR com.example.mqtt.ConnectService - Error connecting to broker: MqttException
2025-04-21 14:52:50 [main] INFO  com.example.mqtt.ConnectService - Connecting to broker...
2025-04-21 14:52:50 [main] ERROR com.example.mqtt.ConnectService - Error connecting to broker: MqttException
2025-04-21 14:52:55 [main] INFO  com.example.mqtt.ConnectService - Connecting to broker...
2025-04-21 14:52:55 [main] ERROR com.example.mqtt.ConnectService - Error connecting to broker: MqttException
2025-04-21 14:53:00 [main] INFO  com.example.mqtt.ConnectService - Connecting to broker...
2025-04-21 14:53:00 [main] ERROR com.example.mqtt.ConnectService - Error connecting to broker: MqttException
2025-04-21 14:53:05 [main] INFO  com.example.mqtt.ConnectService - Connecting to broker...
2025-04-21 14:53:05 [main] ERROR com.example.mqtt.ConnectService - Error connecting to broker: MqttException
2025-04-21 14:53:10 [main] INFO  com.example.mqtt.ConnectService - Connecting to broker...
2025-04-21 14:53:10 [main] ERROR com.example.mqtt.ConnectService - Error connecting to broker: MqttException
2025-04-21 14:53:15 [main] INFO  com.example.mqtt.ConnectService - Connecting to broker...
2025-04-21 14:53:15 [main] ERROR com.example.mqtt.ConnectService - Error connecting to broker: MqttException
2025-04-21 14:53:20 [main] INFO  com.example.mqtt.ConnectService - Connecting to broker...
2025-04-21 14:53:20 [main] ERROR com.example.mqtt.ConnectService - Error connecting to broker: MqttException
2025-04-21 14:53:25 [main] INFO  com.example.mqtt.ConnectService - Connecting to broker...
2025-04-21 14:53:25 [main] ERROR com.example.mqtt.ConnectService - Error connecting to broker: MqttException
2025-04-21 14:53:30 [main] INFO  com.example.mqtt.ConnectService - Connecting to broker...
2025-04-21 14:53:30 [main] ERROR com.example.mqtt.ConnectService - Error connecting to broker: MqttException
2025-04-21 14:53:35 [main] INFO  com.example.mqtt.ConnectService - Connecting to broker...
2025-04-21 14:53:35 [main] ERROR com.example.mqtt.ConnectService - Error connecting to broker: MqttException
2025-04-21 14:53:40 [main] INFO  com.example.mqtt.ConnectService - Connecting to broker...
2025-04-21 14:53:40 [main] ERROR com.example.mqtt.ConnectService - Error connecting to broker: MqttException
2025-04-21 14:53:45 [main] INFO  com.example.mqtt.ConnectService - Connecting to broker...
2025-04-21 14:53:45 [main] ERROR com.example.mqtt.ConnectService - Error connecting to broker: MqttException
2025-04-21 14:53:50 [main] INFO  com.example.mqtt.ConnectService - Connecting to broker...
2025-04-21 14:53:50 [main] ERROR com.example.mqtt.ConnectService - Error connecting to broker: MqttException
2025-04-21 14:53:55 [main] INFO  com.example.mqtt.ConnectService - Connecting to broker...
2025-04-21 14:53:55 [main] ERROR com.example.mqtt.ConnectService - Error connecting to broker: MqttException
2025-04-21 14:54:00 [main] INFO  com.example.mqtt.ConnectService - Connecting to broker...
2025-04-21 14:54:00 [main] ERROR com.example.mqtt.ConnectService - Error connecting to broker: MqttException
2025-04-21 14:54:05 [main] INFO  com.example.mqtt.ConnectService - Connecting to broker...
2025-04-21 14:54:05 [main] ERROR com.example.mqtt.ConnectService - Error connecting to broker: MqttException
2025-04-21 14:54:10 [main] INFO  com.example.mqtt.ConnectService - Connecting to broker...
2025-04-21 14:54:10 [main] ERROR com.example.mqtt.ConnectService - Error connecting to broker: MqttException
2025-04-21 14:54:15 [main] INFO  com.example.mqtt.ConnectService - Connecting to broker...
2025-04-21 14:54:15 [main] ERROR com.example.mqtt.ConnectService - Error connecting to broker: MqttException
2025-04-21 14:54:20 [main] INFO  com.example.mqtt.ConnectService - Connecting to broker...
2025-04-21 14:54:20 [main] ERROR com.example.mqtt.ConnectService - Error connecting to broker: MqttException
2025-04-21 14:54:25 [main] INFO  com.example.mqtt.ConnectService - Connecting to broker...
2025-04-21 14:54:25 [main] ERROR com.example.mqtt.ConnectService - Error connecting to broker: MqttException
2025-04-21 14:54:30 [main] INFO  com.example.mqtt.ConnectService - Connecting to broker...
2025-04-21 14:54:30 [main] ERROR com.example.mqtt.ConnectService - Error connecting to broker: MqttException
2025-04-21 14:54:35 [main] INFO  com.example.mqtt.ConnectService - Connecting to broker...
2025-04-21 14:54:35 [main] ERROR com.example.mqtt.ConnectService - Error connecting to broker: MqttException
2025-04-21 14:54:40 [main] INFO  com.example.mqtt.ConnectService - Connecting to broker...
2025-04-21 14:54:40 [main] ERROR com.example.mqtt.ConnectService - Error connecting to broker: MqttException
2025-04-21 14:54:45 [main] INFO  com.example.mqtt.ConnectService - Connecting to broker...
2025-04-21 14:54:45 [main] ERROR com.example.mqtt.ConnectService - Error connecting to broker: MqttException
2025-04-21 14:54:50 [main] INFO  com.example.mqtt.ConnectService - Connecting to broker...
2025-04-21 14:54:50 [main] ERROR com.example.mqtt.ConnectService - Error connecting to broker: MqttException
2025-04-21 14:54:55 [main] INFO  com.example.mqtt.ConnectService - Connecting to broker...
2025-04-21 14:54:55 [main] ERROR com.example.mqtt.ConnectService - Error connecting to broker: MqttException
2025-04-21 14:55:00 [main] INFO  com.example.mqtt.ConnectService - Connecting to broker...
2025-04-21 14:55:00 [main] ERROR com.example.mqtt.ConnectService - Error connecting to broker: MqttException
2025-04-21 14:55:05 [main] INFO  com.example.mqtt.ConnectService - Connecting to broker...
2025-04-21 14:55:05 [main] ERROR com.example.mqtt.ConnectService - Error connecting to broker: MqttException
2025-04-21 14:55:10 [main] INFO  com.example.mqtt.ConnectService - Connecting to broker...
2025-04-21 14:55:10 [main] ERROR com.example.mqtt.ConnectService - Error connecting to broker: MqttException
2025-04-21 14:55:15 [main] INFO  com.example.mqtt.ConnectService - Connecting to broker...
2025-04-21 14:55:15 [main] ERROR com.example.mqtt.ConnectService - Error connecting to broker: MqttException
2025-04-21 14:55:20 [main] INFO  com.example.mqtt.ConnectService - Connecting to broker...
2025-04-21 14:55:20 [main] ERROR com.example.mqtt.ConnectService - Error connecting to broker: MqttException
2025-04-21 14:55:25 [main] INFO  com.example.mqtt.ConnectService - Connecting to broker...
2025-04-21 14:55:25 [main] ERROR com.example.mqtt.ConnectService - Error connecting to broker: MqttException
2025-04-21 14:55:30 [main] INFO  com.example.mqtt.ConnectService - Connecting to broker...
2025-04-21 14:55:30 [main] ERROR com.example.mqtt.ConnectService - Error connecting to broker: MqttException
2025-04-21 14:55:35 [main] INFO  com.example.mqtt.ConnectService - Connecting to broker...
2025-04-21 14:55:35 [main] ERROR com.example.mqtt.ConnectService - Error connecting to broker: MqttException
2025-04-21 14:55:40 [main] INFO  com.example.mqtt.ConnectService - Connecting to broker...
2025-04-21 14:55:40 [main] ERROR com.example.mqtt.ConnectService - Error connecting to broker: MqttException
2025-04-21 14:55:45 [main] INFO  com.example.mqtt.ConnectService - Connecting to broker...
2025-04-21 14:55:45 [main] ERROR com.example.mqtt.ConnectService - Error connecting to broker: MqttException
2025-04-21 14:55:50 [main] INFO  com.example.mqtt.ConnectService - Connecting to broker...
2025-04-21 14:55:50 [main] ERROR com.example.mqtt.ConnectService - Error connecting to broker: MqttException
2025-04-21 14:55:55 [main] INFO  com.example.mqtt.ConnectService - Connecting to broker...
2025-04-21 14:55:55 [main] ERROR com.example.mqtt.ConnectService - Error connecting to broker: MqttException
2025-04-21 14:56:00 [main] INFO  com.example.mqtt.ConnectService - Connecting to broker...
2025-04-21 14:56:00 [main] ERROR com.example.mqtt.ConnectService - Error connecting to broker: MqttException
2025-04-21 14:56:05 [main] INFO  com.example.mqtt.ConnectService - Connecting to broker...
2025-04-21 14:56:05 [main] ERROR com.example.mqtt.ConnectService - Error connecting to broker: MqttException
2025-04-21 14:56:10 [main] INFO  com.example.mqtt.ConnectService - Connecting to broker...
2025-04-21 14:56:10 [main] ERROR com.example.mqtt.ConnectService - Error connecting to broker: MqttException
2025-04-21 14:56:15 [main] INFO  com.example.mqtt.ConnectService - Connecting to broker...
2025-04-21 14:56:15 [main] ERROR com.example.mqtt.ConnectService - Error connecting to broker: MqttException
2025-04-21 14:56:20 [main] INFO  com.example.mqtt.ConnectService - Connecting to broker...
2025-04-21 14:56:20 [main] ERROR com.example.mqtt.ConnectService - Error connecting to broker: MqttException
2025-04-21 14:56:25 [main] INFO  com.example.mqtt.ConnectService - Connecting to broker...
2025-04-21 14:56:25 [main] ERROR com.example.mqtt.ConnectService - Error connecting to broker: MqttException
2025-04-21 14:56:30 [main] INFO  com.example.mqtt.ConnectService - Connecting to broker...
2025-04-21 14:56:30 [main] ERROR com.example.mqtt.ConnectService - Error connecting to broker: MqttException
2025-04-21 14:56:35 [main] INFO  com.example.mqtt.ConnectService - Connecting to broker...
2025-04-21 14:56:35 [main] ERROR com.example.mqtt.ConnectService - Error connecting to broker: MqttException
2025-04-21 14:56:40 [main] INFO  com.example.mqtt.ConnectService - Connecting to broker...
2025-04-21 14:56:40 [main] ERROR com.example.mqtt.ConnectService - Error connecting to broker: MqttException
2025-04-21 14:56:45 [main] INFO  com.example.mqtt.ConnectService - Connecting to broker...
2025-04-21 14:56:45 [main] ERROR com.example.mqtt.ConnectService - Error connecting to broker: MqttException
2025-04-21 14:56:50 [main] INFO  com.example.mqtt.ConnectService - Connecting to broker...
2025-04-21 14:56:50 [main] ERROR com.example.mqtt.ConnectService - Error connecting to broker: MqttException
2025-04-21 14:56:55 [main] INFO  com.example.mqtt.ConnectService - Connecting to broker...
2025-04-21 14:56:55 [main] ERROR com.example.mqtt.ConnectService - Error connecting to broker: MqttException
2025-04-21 14:57:00 [main] INFO  com.example.mqtt.ConnectService - Connecting to broker...
2025-04-21 14:57:00 [main] ERROR com.example.mqtt.ConnectService - Error connecting to broker: MqttException
2025-04-21 14:57:05 [main] INFO  com.example.mqtt.ConnectService - Connecting to broker...
2025-04-21 14:57:05 [main] ERROR com.example.mqtt.ConnectService - Error connecting to broker: MqttException
2025-04-21 14:57:10 [main] INFO  com.example.mqtt.ConnectService - Connecting to broker...
2025-04-21 14:57:10 [main] ERROR com.example.mqtt.ConnectService - Error connecting to broker: MqttException
2025-04-21 14:57:15 [main] INFO  com.example.mqtt.ConnectService - Connecting to broker...
2025-04-21 14:57:15 [main] ERROR com.example.mqtt.ConnectService - Error connecting to broker: MqttException
2025-04-21 14:57:20 [main] INFO  com.example.mqtt.ConnectService - Connecting to broker...
2025-04-21 14:57:20 [main] ERROR com.example.mqtt.ConnectService - Error connecting to broker: MqttException
2025-04-21 14:57:25 [main] INFO  com.example.mqtt.ConnectService - Connecting to broker...
2025-04-21 14:57:25 [main] ERROR com.example.mqtt.ConnectService - Error connecting to broker: MqttException
2025-04-21 14:57:30 [main] INFO  com.example.mqtt.ConnectService - Connecting to broker...
2025-04-21 14:57:30 [main] ERROR com.example.mqtt.ConnectService - Error connecting to broker: MqttException
2025-04-21 14:57:35 [main] INFO  com.example.mqtt.ConnectService - Connecting to broker...
2025-04-21 14:57:35 [main] ERROR com.example.mqtt.ConnectService - Error connecting to broker: MqttException
2025-04-21 14:57:40 [main] INFO  com.example.mqtt.ConnectService - Connecting to broker...
2025-04-21 14:57:40 [main] ERROR com.example.mqtt.ConnectService - Error connecting to broker: MqttException
2025-04-21 14:57:45 [main] INFO  com.example.mqtt.ConnectService - Connecting to broker...
2025-04-21 14:57:45 [main] ERROR com.example.mqtt.ConnectService - Error connecting to broker: MqttException
2025-04-21 14:57:50 [main] INFO  com.example.mqtt.ConnectService - Connecting to broker...
2025-04-21 14:57:50 [main] ERROR com.example.mqtt.ConnectService - Error connecting to broker: MqttException
2025-04-21 14:57:55 [main] INFO  com.example.mqtt.ConnectService - Connecting to broker...
2025-04-21 14:57:55 [main] ERROR com.example.mqtt.ConnectService - Error connecting to broker: MqttException
2025-04-21 14:58:00 [main] INFO  com.example.mqtt.ConnectService - Connecting to broker...
2025-04-21 14:58:00 [main] ERROR com.example.mqtt.ConnectService - Error connecting to broker: MqttException
2025-04-21 14:58:05 [main] INFO  com.example.mqtt.ConnectService - Connecting to broker...
2025-04-21 14:58:05 [main] ERROR com.example.mqtt.ConnectService - Error connecting to broker: MqttException
2025-04-21 14:58:10 [main] INFO  com.example.mqtt.ConnectService - Connecting to broker...
2025-04-21 14:58:10 [main] ERROR com.example.mqtt.ConnectService - Error connecting to broker: MqttException
2025-04-21 14:58:15 [main] INFO  com.example.mqtt.ConnectService - Connecting to broker...
2025-04-21 14:58:15 [main] ERROR com.example.mqtt.ConnectService - Error connecting to broker: MqttException
2025-04-21 14:58:20 [main] INFO  com.example.mqtt.ConnectService - Connecting to broker...
2025-04-21 14:58:20 [main] ERROR com.example.mqtt.ConnectService - Error connecting to broker: MqttException
2025-04-21 14:58:25 [main] INFO  com.example.mqtt.ConnectService - Connecting to broker...
2025-04-21 14:58:25 [main] ERROR com.example.mqtt.ConnectService - Error connecting to broker: MqttException
2025-04-21 14:58:30 [main] INFO  com.example.mqtt.ConnectService - Connecting to broker...
2025-04-21 14:58:30 [main] ERROR com.example.mqtt.ConnectService - Error connecting to broker: MqttException
2025-04-21 14:58:35 [main] INFO  com.example.mqtt.ConnectService - Connecting to broker...
2025-04-21 14:58:35 [main] ERROR com.example.mqtt.ConnectService - Error connecting to broker: MqttException
2025-04-21 14:58:40 [main] INFO  com.example.mqtt.ConnectService - Connecting to broker...
2025-04-21 14:58:40 [main] ERROR com.example.mqtt.ConnectService - Error connecting to broker: MqttException
2025-04-21 14:58:45 [main] INFO  com.example.mqtt.ConnectService - Connecting to broker...
2025-04-21 14:58:45 [main] ERROR com.example.mqtt.ConnectService - Error connecting to broker: MqttException
2025-04-21 14:58:50 [main] INFO  com.example.mqtt.ConnectService - Connecting to broker...
2025-04-21 14:58:50 [main] ERROR com.example.mqtt.ConnectService - Error connecting to broker: MqttException
2025-04-21 14:58:55 [main] INFO  com.example.mqtt.ConnectService - Connecting to broker...
2025-04-21 14:58:55 [main] ERROR com.example.mqtt.ConnectService - Error connecting to broker: MqttException
2025-04-21 14:59:00 [main] INFO  com.example.mqtt.ConnectService - Connecting to broker...
2025-04-21 14:59:00 [main] ERROR com.example.mqtt.ConnectService - Error connecting to broker: MqttException
2025-04-21 14:59:05 [main] INFO  com.example.mqtt.ConnectService - Connecting to broker...
2025-04-21 14:59:05 [main] ERROR com.example.mqtt.ConnectService - Error connecting to broker: MqttException
2025-04-21 14:59:10 [main] INFO  com.example.mqtt.ConnectService - Connecting to broker...
2025-04-21 14:59:10 [main] ERROR com.example.mqtt.ConnectService - Error connecting to broker: MqttException
2025-04-21 14:59:15 [main] INFO  com.example.mqtt.ConnectService - Connecting to broker...
2025-04-21 14:59:15 [main] ERROR com.example.mqtt.ConnectService - Error connecting to broker: MqttException
2025-04-21 14:59:20 [main] INFO  com.example.mqtt.ConnectService - Connecting to broker...
2025-04-21 14:59:20 [main] ERROR com.example.mqtt.ConnectService - Error connecting to broker: MqttException
2025-04-21 14:59:25 [main] INFO  com.example.mqtt.ConnectService - Connecting to broker...
2025-04-21 14:59:25 [main] ERROR com.example.mqtt.ConnectService - Error connecting to broker: MqttException
2025-04-21 14:59:30 [main] INFO  com.example.mqtt.ConnectService - Connecting to broker...
2025-04-21 14:59:30 [main] ERROR com.example.mqtt.ConnectService - Error connecting to broker: MqttException
2025-04-21 14:59:35 [main] INFO  com.example.mqtt.ConnectService - Connecting to broker...
2025-04-21 14:59:35 [main] ERROR com.example.mqtt.ConnectService - Error connecting to broker: MqttException
2025-04-21 14:59:40 [main] INFO  com.example.mqtt.ConnectService - Connecting to broker...
2025-04-21 14:59:40 [main] ERROR com.example.mqtt.ConnectService - Error connecting to broker: MqttException
2025-04-21 14:59:45 [main] INFO  com.example.mqtt.ConnectService - Connecting to broker...
2025-04-21 14:59:45 [main] ERROR com.example.mqtt.ConnectService - Error connecting to broker: MqttException
2025-04-21 14:59:50 [main] INFO  com.example.mqtt.ConnectService - Connecting to broker...
2025-04-21 14:59:50 [main] ERROR com.example.mqtt.ConnectService - Error connecting to broker: MqttException
2025-04-21 14:59:55 [main] INFO  com.example.mqtt.ConnectService - Connecting to broker...
2025-04-21 14:59:55 [main] ERROR com.example.mqtt.ConnectService - Error connecting to broker: MqttException
