2025-04-21 09:00:08 [MQTT Call: JavaClientExample] INFO  com.example.mqtt.MessageData - Topic: data/s/nhnacademy/b/gyeongnam_campus/p/office/d/24e124126d152919/n/보드/e/pressure
Message Data:
time: 1745193608105
value: 1017

2025-04-21 09:00:08 [MQTT Call: JavaClientExample] INFO  com.example.mqtt.InfluxDBService - Extracted tagkey -> location: office, kind: 보드, data: pressure
Value into InfluxDB: 1017.0
2025-04-21 09:00:08 [MQTT Call: JavaClientExample] INFO  com.example.mqtt.MessageData - Data sent to InfluxDBService: data/s/nhnacademy/b/gyeongnam_campus/p/office/d/24e124126d152919/n/보드/e/pressure -> 1017.0
2025-04-21 09:00:09 [MQTT Call: JavaClientExample] INFO  com.example.mqtt.MessageData - Topic: data/s/nhnacademy/b/gyeongnam_campus/p/office/d/24e124126d152919/n/보드/e/humidity
Message Data:
time: 1745193608105
value: 52

2025-04-21 09:00:09 [MQTT Call: JavaClientExample] INFO  com.example.mqtt.InfluxDBService - Extracted tagkey -> location: office, kind: 보드, data: humidity
Value into InfluxDB: 52.0
2025-04-21 09:00:09 [MQTT Call: JavaClientExample] INFO  com.example.mqtt.MessageData - Data sent to InfluxDBService: data/s/nhnacademy/b/gyeongnam_campus/p/office/d/24e124126d152919/n/보드/e/humidity -> 52.0
2025-04-21 09:00:09 [MQTT Call: JavaClientExample] INFO  com.example.mqtt.MessageData - Topic: data/s/nhnacademy/b/gyeongnam_campus/p/office/d/24e124126d152919/n/보드/e/temperature
Message Data:
time: 1745193608105
value: 23.5

2025-04-21 09:00:09 [MQTT Call: JavaClientExample] INFO  com.example.mqtt.InfluxDBService - Extracted tagkey -> location: office, kind: 보드, data: temperature
Value into InfluxDB: 23.5
2025-04-21 09:00:09 [MQTT Call: JavaClientExample] INFO  com.example.mqtt.MessageData - Data sent to InfluxDBService: data/s/nhnacademy/b/gyeongnam_campus/p/office/d/24e124126d152919/n/보드/e/temperature -> 23.5
2025-04-21 09:00:09 [MQTT Call: JavaClientExample] INFO  com.example.mqtt.MessageData - Topic: data/s/nhnacademy/b/gyeongnam_campus/p/office/d/24e124126d152919/n/보드/e/co2
Message Data:
time: 1745193608105
value: 599

2025-04-21 09:00:09 [MQTT Call: JavaClientExample] INFO  com.example.mqtt.InfluxDBService - Extracted tagkey -> location: office, kind: 보드, data: co2
Value into InfluxDB: 599.0
2025-04-21 09:00:09 [MQTT Call: JavaClientExample] INFO  com.example.mqtt.MessageData - Data sent to InfluxDBService: data/s/nhnacademy/b/gyeongnam_campus/p/office/d/24e124126d152919/n/보드/e/co2 -> 599.0
2025-04-21 09:00:09 [MQTT Call: JavaClientExample] INFO  com.example.mqtt.MessageData - Topic: data/s/nhnacademy/b/gyeongnam_campus/p/office/d/24e124126d152919/n/보드/g/24e124fffef79304/e/lora
Message Data:
time: 1745193608105
value: 

2025-04-21 09:00:09 [MQTT Call: JavaClientExample] INFO  com.example.mqtt.InfluxDBService - Extracted tagkey -> location: office, kind: 보드, data: lora
Value into InfluxDB: 0.0
2025-04-21 09:00:09 [MQTT Call: JavaClientExample] INFO  com.example.mqtt.MessageData - Data sent to InfluxDBService: data/s/nhnacademy/b/gyeongnam_campus/p/office/d/24e124126d152919/n/보드/g/24e124fffef79304/e/lora -> 0.0
2025-04-21 09:00:09 [MQTT Call: JavaClientExample] INFO  com.example.mqtt.MessageData - Topic: data/s/nhnacademy/b/gyeongnam_campus/p/office/d/24e124126d152919/n/보드/g/24e124fffef5dccc/e/lora
Message Data:
time: 1745193608105
value: 

2025-04-21 09:00:09 [MQTT Call: JavaClientExample] INFO  com.example.mqtt.InfluxDBService - Extracted tagkey -> location: office, kind: 보드, data: lora
Value into InfluxDB: 0.0
2025-04-21 09:00:09 [MQTT Call: JavaClientExample] INFO  com.example.mqtt.MessageData - Data sent to InfluxDBService: data/s/nhnacademy/b/gyeongnam_campus/p/office/d/24e124126d152919/n/보드/g/24e124fffef5dccc/e/lora -> 0.0
2025-04-21 09:00:09 [MQTT Call: JavaClientExample] INFO  com.example.mqtt.MessageData - Topic: data/s/nhnacademy/b/gyeongnam_campus/p/office/d/24e124126d152919/n/보드/e/humidity
Message Data:
time: 1745193608106
value: 52

2025-04-21 09:00:09 [MQTT Call: JavaClientExample] INFO  com.example.mqtt.InfluxDBService - Extracted tagkey -> location: office, kind: 보드, data: humidity
Value into InfluxDB: 52.0
2025-04-21 09:00:09 [MQTT Call: JavaClientExample] INFO  com.example.mqtt.MessageData - Data sent to InfluxDBService: data/s/nhnacademy/b/gyeongnam_campus/p/office/d/24e124126d152919/n/보드/e/humidity -> 52.0
2025-04-21 09:00:09 [MQTT Call: JavaClientExample] INFO  com.example.mqtt.MessageData - Topic: data/s/nhnacademy/b/gyeongnam_campus/p/office/d/24e124126d152919/n/보드/e/temperature
Message Data:
time: 1745193608106
value: 23.5

2025-04-21 09:00:09 [MQTT Call: JavaClientExample] INFO  com.example.mqtt.InfluxDBService - Extracted tagkey -> location: office, kind: 보드, data: temperature
Value into InfluxDB: 23.5
2025-04-21 09:00:09 [MQTT Call: JavaClientExample] INFO  com.example.mqtt.MessageData - Data sent to InfluxDBService: data/s/nhnacademy/b/gyeongnam_campus/p/office/d/24e124126d152919/n/보드/e/temperature -> 23.5
2025-04-21 09:00:09 [MQTT Call: JavaClientExample] INFO  com.example.mqtt.MessageData - Topic: data/s/nhnacademy/b/gyeongnam_campus/p/office/d/24e124126d152919/n/보드/e/co2
Message Data:
time: 1745193608106
value: 599

2025-04-21 09:00:09 [MQTT Call: JavaClientExample] INFO  com.example.mqtt.InfluxDBService - Extracted tagkey -> location: office, kind: 보드, data: co2
Value into InfluxDB: 599.0
2025-04-21 09:00:09 [MQTT Call: JavaClientExample] INFO  com.example.mqtt.MessageData - Data sent to InfluxDBService: data/s/nhnacademy/b/gyeongnam_campus/p/office/d/24e124126d152919/n/보드/e/co2 -> 599.0
2025-04-21 09:00:09 [MQTT Call: JavaClientExample] INFO  com.example.mqtt.MessageData - Topic: data/s/nhnacademy/b/gyeongnam_campus/p/office/d/24e124126d152919/n/보드/e/pressure
Message Data:
time: 1745193608106
value: 1017

2025-04-21 09:00:09 [MQTT Call: JavaClientExample] INFO  com.example.mqtt.InfluxDBService - Extracted tagkey -> location: office, kind: 보드, data: pressure
Value into InfluxDB: 1017.0
2025-04-21 09:00:09 [MQTT Call: JavaClientExample] INFO  com.example.mqtt.MessageData - Data sent to InfluxDBService: data/s/nhnacademy/b/gyeongnam_campus/p/office/d/24e124126d152919/n/보드/e/pressure -> 1017.0
2025-04-21 09:00:09 [MQTT Call: JavaClientExample] INFO  com.example.mqtt.MessageData - Topic: data/s/nhnacademy/b/gyeongnam_campus/p/office/d/24e124126d152919/n/보드/g/24e124fffef5dccc/e/lora
Message Data:
time: 1745193608106
value: 

2025-04-21 09:00:09 [MQTT Call: JavaClientExample] INFO  com.example.mqtt.InfluxDBService - Extracted tagkey -> location: office, kind: 보드, data: lora
Value into InfluxDB: 0.0
2025-04-21 09:00:09 [MQTT Call: JavaClientExample] INFO  com.example.mqtt.MessageData - Data sent to InfluxDBService: data/s/nhnacademy/b/gyeongnam_campus/p/office/d/24e124126d152919/n/보드/g/24e124fffef5dccc/e/lora -> 0.0
2025-04-21 09:00:14 [MQTT Call: JavaClientExample] INFO  com.example.mqtt.MessageData - Topic: data/s/nhnacademy/b/gyeongnam_campus/p/hive/d/24e124725d081175/sp/8인 책상/n/8인 책상/e/humidity
Message Data:
time: 1745193613872
value: 47.5

2025-04-21 09:00:14 [MQTT Call: JavaClientExample] INFO  com.example.mqtt.InfluxDBService - Extracted tagkey -> location: hive, kind: 8인 책상, data: humidity
Value into InfluxDB: 47.5
2025-04-21 09:00:14 [MQTT Call: JavaClientExample] INFO  com.example.mqtt.MessageData - Data sent to InfluxDBService: data/s/nhnacademy/b/gyeongnam_campus/p/hive/d/24e124725d081175/sp/8인 책상/n/8인 책상/e/humidity -> 47.5
2025-04-21 09:00:16 [MQTT Call: JavaClientExample] INFO  com.example.mqtt.MessageData - Topic: data/s/nhnacademy/b/gyeongnam_campus/p/hive/d/24e124725d081175/sp/8인 책상/n/8인 책상/e/battery
Message Data:
time: 1745193613872
value: 77

2025-04-21 09:00:16 [MQTT Call: JavaClientExample] INFO  com.example.mqtt.InfluxDBService - Extracted tagkey -> location: hive, kind: 8인 책상, data: battery
Value into InfluxDB: 77.0
2025-04-21 09:00:16 [MQTT Call: JavaClientExample] INFO  com.example.mqtt.MessageData - Data sent to InfluxDBService: data/s/nhnacademy/b/gyeongnam_campus/p/hive/d/24e124725d081175/sp/8인 책상/n/8인 책상/e/battery -> 77.0
2025-04-21 09:00:16 [MQTT Call: JavaClientExample] INFO  com.example.mqtt.MessageData - Topic: data/s/nhnacademy/b/gyeongnam_campus/p/hive/d/24e124725d081175/sp/8인 책상/n/8인 책상/e/co2
Message Data:
time: 1745193613872
value: 514

2025-04-21 09:00:16 [MQTT Call: JavaClientExample] INFO  com.example.mqtt.InfluxDBService - Extracted tagkey -> location: hive, kind: 8인 책상, data: co2
Value into InfluxDB: 514.0
2025-04-21 09:00:16 [MQTT Call: JavaClientExample] INFO  com.example.mqtt.MessageData - Data sent to InfluxDBService: data/s/nhnacademy/b/gyeongnam_campus/p/hive/d/24e124725d081175/sp/8인 책상/n/8인 책상/e/co2 -> 514.0
2025-04-21 09:00:16 [MQTT Call: JavaClientExample] INFO  com.example.mqtt.MessageData - Topic: data/s/nhnacademy/b/gyeongnam_campus/p/hive/d/24e124725d081175/sp/8인 책상/n/8인 책상/e/temperature
Message Data:
time: 1745193613872
value: 23.7

2025-04-21 09:00:16 [MQTT Call: JavaClientExample] INFO  com.example.mqtt.InfluxDBService - Extracted tagkey -> location: hive, kind: 8인 책상, data: temperature
Value into InfluxDB: 23.7
2025-04-21 09:00:16 [MQTT Call: JavaClientExample] INFO  com.example.mqtt.MessageData - Data sent to InfluxDBService: data/s/nhnacademy/b/gyeongnam_campus/p/hive/d/24e124725d081175/sp/8인 책상/n/8인 책상/e/temperature -> 23.7
2025-04-21 09:00:16 [MQTT Call: JavaClientExample] INFO  com.example.mqtt.MessageData - Topic: data/s/nhnacademy/b/gyeongnam_campus/p/hive/d/24e124725d081175/sp/8인 책상/n/8인 책상/g/24e124fffef5dccc/e/lora
Message Data:
time: 1745193613872
value: 

2025-04-21 09:00:16 [MQTT Call: JavaClientExample] INFO  com.example.mqtt.InfluxDBService - Extracted tagkey -> location: hive, kind: 8인 책상, data: lora
Value into InfluxDB: 0.0
2025-04-21 09:00:16 [MQTT Call: JavaClientExample] INFO  com.example.mqtt.MessageData - Data sent to InfluxDBService: data/s/nhnacademy/b/gyeongnam_campus/p/hive/d/24e124725d081175/sp/8인 책상/n/8인 책상/g/24e124fffef5dccc/e/lora -> 0.0
2025-04-21 09:00:16 [MQTT Call: JavaClientExample] INFO  com.example.mqtt.MessageData - Topic: data/s/nhnacademy/b/gyeongnam_campus/p/hive/d/24e124725d081175/sp/8인 책상/n/8인 책상/g/24e124fffef79304/e/lora
Message Data:
time: 1745193613872
value: 

2025-04-21 09:00:16 [MQTT Call: JavaClientExample] INFO  com.example.mqtt.InfluxDBService - Extracted tagkey -> location: hive, kind: 8인 책상, data: lora
Value into InfluxDB: 0.0
2025-04-21 09:00:16 [MQTT Call: JavaClientExample] INFO  com.example.mqtt.MessageData - Data sent to InfluxDBService: data/s/nhnacademy/b/gyeongnam_campus/p/hive/d/24e124725d081175/sp/8인 책상/n/8인 책상/g/24e124fffef79304/e/lora -> 0.0
2025-04-21 09:00:17 [MQTT Call: JavaClientExample] INFO  com.example.mqtt.MessageData - Topic: data/s/nhnacademy/b/gyeongnam_campus/p/hive/d/24e124126d111937/sp/farm/n/스마트팜/e/illumination
Message Data:
time: 1745193616461
value: 320

2025-04-21 09:00:17 [MQTT Call: JavaClientExample] INFO  com.example.mqtt.InfluxDBService - Extracted tagkey -> location: hive, kind: 스마트팜, data: illumination
Value into InfluxDB: 320.0
2025-04-21 09:00:17 [MQTT Call: JavaClientExample] INFO  com.example.mqtt.MessageData - Data sent to InfluxDBService: data/s/nhnacademy/b/gyeongnam_campus/p/hive/d/24e124126d111937/sp/farm/n/스마트팜/e/illumination -> 320.0
2025-04-21 09:00:17 [MQTT Call: JavaClientExample] INFO  com.example.mqtt.MessageData - Topic: data/s/nhnacademy/b/gyeongnam_campus/p/hive/d/24e124126d111937/sp/farm/n/스마트팜/g/24e124fffef79304/e/lora
Message Data:
time: 1745193616461
value: 

2025-04-21 09:00:17 [MQTT Call: JavaClientExample] INFO  com.example.mqtt.InfluxDBService - Extracted tagkey -> location: hive, kind: 스마트팜, data: lora
Value into InfluxDB: 0.0
2025-04-21 09:00:17 [MQTT Call: JavaClientExample] INFO  com.example.mqtt.MessageData - Data sent to InfluxDBService: data/s/nhnacademy/b/gyeongnam_campus/p/hive/d/24e124126d111937/sp/farm/n/스마트팜/g/24e124fffef79304/e/lora -> 0.0
2025-04-21 09:00:17 [MQTT Call: JavaClientExample] INFO  com.example.mqtt.MessageData - Topic: data/s/nhnacademy/b/gyeongnam_campus/p/hive/d/24e124126d111937/sp/farm/n/스마트팜/g/24e124fffef5dccc/e/lora
Message Data:
time: 1745193616461
value: 

2025-04-21 09:00:17 [MQTT Call: JavaClientExample] INFO  com.example.mqtt.InfluxDBService - Extracted tagkey -> location: hive, kind: 스마트팜, data: lora
Value into InfluxDB: 0.0
2025-04-21 09:00:17 [MQTT Call: JavaClientExample] INFO  com.example.mqtt.MessageData - Data sent to InfluxDBService: data/s/nhnacademy/b/gyeongnam_campus/p/hive/d/24e124126d111937/sp/farm/n/스마트팜/g/24e124fffef5dccc/e/lora -> 0.0
2025-04-21 09:00:18 [MQTT Call: JavaClientExample] INFO  com.example.mqtt.MessageData - Topic: data/s/nhnacademy/b/gyeongnam_campus/p/class_a/d/24e124128c067999/sp/입구/n/입구/e/infrared_and_visible
Message Data:
time: 1745193617441
value: 45

2025-04-21 09:00:18 [MQTT Call: JavaClientExample] INFO  com.example.mqtt.InfluxDBService - Extracted tagkey -> location: class_a, kind: 입구, data: infrared_and_visible
Value into InfluxDB: 45.0
2025-04-21 09:00:18 [MQTT Call: JavaClientExample] INFO  com.example.mqtt.MessageData - Data sent to InfluxDBService: data/s/nhnacademy/b/gyeongnam_campus/p/class_a/d/24e124128c067999/sp/입구/n/입구/e/infrared_and_visible -> 45.0
2025-04-21 09:00:18 [MQTT Call: JavaClientExample] INFO  com.example.mqtt.MessageData - Topic: data/s/nhnacademy/b/gyeongnam_campus/p/class_a/d/24e124128c067999/sp/입구/n/입구/e/infrared
Message Data:
time: 1745193617441
value: 7

2025-04-21 09:00:18 [MQTT Call: JavaClientExample] INFO  com.example.mqtt.InfluxDBService - Extracted tagkey -> location: class_a, kind: 입구, data: infrared
Value into InfluxDB: 7.0
2025-04-21 09:00:18 [MQTT Call: JavaClientExample] INFO  com.example.mqtt.MessageData - Data sent to InfluxDBService: data/s/nhnacademy/b/gyeongnam_campus/p/class_a/d/24e124128c067999/sp/입구/n/입구/e/infrared -> 7.0
2025-04-21 09:00:18 [MQTT Call: JavaClientExample] INFO  com.example.mqtt.MessageData - Topic: data/s/nhnacademy/b/gyeongnam_campus/p/class_a/d/24e124128c067999/sp/입구/n/입구/e/illumination
Message Data:
time: 1745193617441
value: 65

2025-04-21 09:00:18 [MQTT Call: JavaClientExample] INFO  com.example.mqtt.InfluxDBService - Extracted tagkey -> location: class_a, kind: 입구, data: illumination
Value into InfluxDB: 65.0
2025-04-21 09:00:18 [MQTT Call: JavaClientExample] INFO  com.example.mqtt.MessageData - Data sent to InfluxDBService: data/s/nhnacademy/b/gyeongnam_campus/p/class_a/d/24e124128c067999/sp/입구/n/입구/e/illumination -> 65.0
2025-04-21 09:00:18 [MQTT Call: JavaClientExample] INFO  com.example.mqtt.MessageData - Topic: data/s/nhnacademy/b/gyeongnam_campus/p/class_a/d/24e124128c067999/sp/입구/n/입구/e/humidity
Message Data:
time: 1745193617441
value: 47

2025-04-21 09:00:18 [MQTT Call: JavaClientExample] INFO  com.example.mqtt.InfluxDBService - Extracted tagkey -> location: class_a, kind: 입구, data: humidity
Value into InfluxDB: 47.0
2025-04-21 09:00:18 [MQTT Call: JavaClientExample] INFO  com.example.mqtt.MessageData - Data sent to InfluxDBService: data/s/nhnacademy/b/gyeongnam_campus/p/class_a/d/24e124128c067999/sp/입구/n/입구/e/humidity -> 47.0
2025-04-21 09:00:18 [MQTT Call: JavaClientExample] INFO  com.example.mqtt.MessageData - Topic: data/s/nhnacademy/b/gyeongnam_campus/p/class_a/d/24e124128c067999/sp/입구/n/입구/e/pressure
Message Data:
time: 1745193617441
value: 1009.4

2025-04-21 09:00:18 [MQTT Call: JavaClientExample] INFO  com.example.mqtt.InfluxDBService - Extracted tagkey -> location: class_a, kind: 입구, data: pressure
Value into InfluxDB: 1009.4
2025-04-21 09:00:18 [MQTT Call: JavaClientExample] INFO  com.example.mqtt.MessageData - Data sent to InfluxDBService: data/s/nhnacademy/b/gyeongnam_campus/p/class_a/d/24e124128c067999/sp/입구/n/입구/e/pressure -> 1009.4
2025-04-21 09:00:18 [MQTT Call: JavaClientExample] INFO  com.example.mqtt.MessageData - Topic: data/s/nhnacademy/b/gyeongnam_campus/p/class_a/d/24e124128c067999/sp/입구/n/입구/e/activity
Message Data:
time: 1745193617441
value: 8

2025-04-21 09:00:18 [MQTT Call: JavaClientExample] INFO  com.example.mqtt.InfluxDBService - Extracted tagkey -> location: class_a, kind: 입구, data: activity
Value into InfluxDB: 8.0
2025-04-21 09:00:18 [MQTT Call: JavaClientExample] INFO  com.example.mqtt.MessageData - Data sent to InfluxDBService: data/s/nhnacademy/b/gyeongnam_campus/p/class_a/d/24e124128c067999/sp/입구/n/입구/e/activity -> 8.0
2025-04-21 09:00:18 [MQTT Call: JavaClientExample] INFO  com.example.mqtt.MessageData - Topic: data/s/nhnacademy/b/gyeongnam_campus/p/class_a/d/24e124128c067999/sp/입구/n/입구/e/tvoc
Message Data:
time: 1745193617441
value: 313

2025-04-21 09:00:18 [MQTT Call: JavaClientExample] INFO  com.example.mqtt.InfluxDBService - Extracted tagkey -> location: class_a, kind: 입구, data: tvoc
Value into InfluxDB: 313.0
2025-04-21 09:00:18 [MQTT Call: JavaClientExample] INFO  com.example.mqtt.MessageData - Data sent to InfluxDBService: data/s/nhnacademy/b/gyeongnam_campus/p/class_a/d/24e124128c067999/sp/입구/n/입구/e/tvoc -> 313.0
2025-04-21 09:00:18 [MQTT Call: JavaClientExample] INFO  com.example.mqtt.MessageData - Topic: data/s/nhnacademy/b/gyeongnam_campus/p/class_a/d/24e124128c067999/sp/입구/n/입구/e/temperature
Message Data:
time: 1745193617441
value: 23.6

2025-04-21 09:00:18 [MQTT Call: JavaClientExample] INFO  com.example.mqtt.InfluxDBService - Extracted tagkey -> location: class_a, kind: 입구, data: temperature
Value into InfluxDB: 23.6
2025-04-21 09:00:18 [MQTT Call: JavaClientExample] INFO  com.example.mqtt.MessageData - Data sent to InfluxDBService: data/s/nhnacademy/b/gyeongnam_campus/p/class_a/d/24e124128c067999/sp/입구/n/입구/e/temperature -> 23.6
2025-04-21 09:00:18 [MQTT Call: JavaClientExample] INFO  com.example.mqtt.MessageData - Topic: data/s/nhnacademy/b/gyeongnam_campus/p/class_a/d/24e124128c067999/sp/입구/n/입구/e/co2
Message Data:
time: 1745193617441
value: 534

2025-04-21 09:00:18 [MQTT Call: JavaClientExample] INFO  com.example.mqtt.InfluxDBService - Extracted tagkey -> location: class_a, kind: 입구, data: co2
Value into InfluxDB: 534.0
2025-04-21 09:00:18 [MQTT Call: JavaClientExample] INFO  com.example.mqtt.MessageData - Data sent to InfluxDBService: data/s/nhnacademy/b/gyeongnam_campus/p/class_a/d/24e124128c067999/sp/입구/n/입구/e/co2 -> 534.0
2025-04-21 09:00:18 [MQTT Call: JavaClientExample] INFO  com.example.mqtt.MessageData - Topic: data/s/nhnacademy/b/gyeongnam_campus/p/class_a/d/24e124128c067999/sp/입구/n/입구/g/24e124fffef79304/e/lora
Message Data:
time: 1745193617441
value: 

2025-04-21 09:00:18 [MQTT Call: JavaClientExample] INFO  com.example.mqtt.InfluxDBService - Extracted tagkey -> location: class_a, kind: 입구, data: lora
Value into InfluxDB: 0.0
2025-04-21 09:00:18 [MQTT Call: JavaClientExample] INFO  com.example.mqtt.MessageData - Data sent to InfluxDBService: data/s/nhnacademy/b/gyeongnam_campus/p/class_a/d/24e124128c067999/sp/입구/n/입구/g/24e124fffef79304/e/lora -> 0.0
2025-04-21 09:00:19 [MQTT Call: JavaClientExample] INFO  com.example.mqtt.MessageData - Topic: data/s/nhnacademy/b/gyeongnam_campus/p/class_a/d/24e124128c067999/sp/입구/n/입구/g/24e124fffef5dccc/e/lora
Message Data:
time: 1745193617441
value: 

2025-04-21 09:00:19 [MQTT Call: JavaClientExample] INFO  com.example.mqtt.InfluxDBService - Extracted tagkey -> location: class_a, kind: 입구, data: lora
Value into InfluxDB: 0.0
2025-04-21 09:00:19 [MQTT Call: JavaClientExample] INFO  com.example.mqtt.MessageData - Data sent to InfluxDBService: data/s/nhnacademy/b/gyeongnam_campus/p/class_a/d/24e124128c067999/sp/입구/n/입구/g/24e124fffef5dccc/e/lora -> 0.0
2025-04-21 09:00:19 [MQTT Call: JavaClientExample] INFO  com.example.mqtt.MessageData - Topic: data/s/nhnacademy/b/gyeongnam_campus/p/hive/d/24e124785c389010/n/정수기 위/e/humidity
Message Data:
time: 1745193618905
value: 45.5

2025-04-21 09:00:19 [MQTT Call: JavaClientExample] INFO  com.example.mqtt.InfluxDBService - Extracted tagkey -> location: hive, kind: 정수기 위, data: humidity
Value into InfluxDB: 45.5
2025-04-21 09:00:19 [MQTT Call: JavaClientExample] INFO  com.example.mqtt.MessageData - Data sent to InfluxDBService: data/s/nhnacademy/b/gyeongnam_campus/p/hive/d/24e124785c389010/n/정수기 위/e/humidity -> 45.5
2025-04-21 09:00:19 [MQTT Call: JavaClientExample] INFO  com.example.mqtt.MessageData - Topic: data/s/nhnacademy/b/gyeongnam_campus/p/hive/d/24e124785c389010/n/정수기 위/e/battery
Message Data:
time: 1745193618905
value: 86

2025-04-21 09:00:19 [MQTT Call: JavaClientExample] INFO  com.example.mqtt.InfluxDBService - Extracted tagkey -> location: hive, kind: 정수기 위, data: battery
Value into InfluxDB: 86.0
2025-04-21 09:00:19 [MQTT Call: JavaClientExample] INFO  com.example.mqtt.MessageData - Data sent to InfluxDBService: data/s/nhnacademy/b/gyeongnam_campus/p/hive/d/24e124785c389010/n/정수기 위/e/battery -> 86.0
2025-04-21 09:00:19 [MQTT Call: JavaClientExample] INFO  com.example.mqtt.MessageData - Topic: data/s/nhnacademy/b/gyeongnam_campus/p/hive/d/24e124785c389010/n/정수기 위/e/temperature
Message Data:
time: 1745193618905
value: 24.2

2025-04-21 09:00:19 [MQTT Call: JavaClientExample] INFO  com.example.mqtt.InfluxDBService - Extracted tagkey -> location: hive, kind: 정수기 위, data: temperature
Value into InfluxDB: 24.2
2025-04-21 09:00:19 [MQTT Call: JavaClientExample] INFO  com.example.mqtt.MessageData - Data sent to InfluxDBService: data/s/nhnacademy/b/gyeongnam_campus/p/hive/d/24e124785c389010/n/정수기 위/e/temperature -> 24.2
2025-04-21 09:00:19 [MQTT Call: JavaClientExample] INFO  com.example.mqtt.MessageData - Topic: data/s/nhnacademy/b/gyeongnam_campus/p/hive/d/24e124785c389010/n/정수기 위/g/24e124fffef5dccc/e/lora
Message Data:
time: 1745193618905
value: 

2025-04-21 09:00:19 [MQTT Call: JavaClientExample] INFO  com.example.mqtt.InfluxDBService - Extracted tagkey -> location: hive, kind: 정수기 위, data: lora
Value into InfluxDB: 0.0
2025-04-21 09:00:19 [MQTT Call: JavaClientExample] INFO  com.example.mqtt.MessageData - Data sent to InfluxDBService: data/s/nhnacademy/b/gyeongnam_campus/p/hive/d/24e124785c389010/n/정수기 위/g/24e124fffef5dccc/e/lora -> 0.0
2025-04-21 09:00:19 [MQTT Call: JavaClientExample] INFO  com.example.mqtt.MessageData - Topic: data/s/nhnacademy/b/gyeongnam_campus/p/hive/d/24e124785c389010/n/정수기 위/g/24e124fffef79304/e/lora
Message Data:
time: 1745193618905
value: 

2025-04-21 09:00:19 [MQTT Call: JavaClientExample] INFO  com.example.mqtt.InfluxDBService - Extracted tagkey -> location: hive, kind: 정수기 위, data: lora
Value into InfluxDB: 0.0
2025-04-21 09:00:19 [MQTT Call: JavaClientExample] INFO  com.example.mqtt.MessageData - Data sent to InfluxDBService: data/s/nhnacademy/b/gyeongnam_campus/p/hive/d/24e124785c389010/n/정수기 위/g/24e124fffef79304/e/lora -> 0.0
2025-04-21 09:00:27 [MQTT Call: JavaClientExample] INFO  com.example.mqtt.MessageData - Topic: data/s/nhnacademy/b/gyeongnam_campus/p/server_room/d/24e124136d151368/n/입구/e/temperature
Message Data:
time: 1745193626506
value: 23.7

2025-04-21 09:00:27 [MQTT Call: JavaClientExample] INFO  com.example.mqtt.InfluxDBService - Extracted tagkey -> location: server_room, kind: 입구, data: temperature
Value into InfluxDB: 23.7
2025-04-21 09:00:27 [MQTT Call: JavaClientExample] INFO  com.example.mqtt.MessageData - Data sent to InfluxDBService: data/s/nhnacademy/b/gyeongnam_campus/p/server_room/d/24e124136d151368/n/입구/e/temperature -> 23.7
2025-04-21 09:00:28 [MQTT Call: JavaClientExample] INFO  com.example.mqtt.MessageData - Topic: data/s/nhnacademy/b/gyeongnam_campus/p/server_room/d/24e124136d151368/n/입구/e/humidity
Message Data:
time: 1745193626506
value: 48.5

2025-04-21 09:00:28 [MQTT Call: JavaClientExample] INFO  com.example.mqtt.InfluxDBService - Extracted tagkey -> location: server_room, kind: 입구, data: humidity
Value into InfluxDB: 48.5
2025-04-21 09:00:28 [MQTT Call: JavaClientExample] INFO  com.example.mqtt.MessageData - Data sent to InfluxDBService: data/s/nhnacademy/b/gyeongnam_campus/p/server_room/d/24e124136d151368/n/입구/e/humidity -> 48.5
2025-04-21 09:00:28 [MQTT Call: JavaClientExample] INFO  com.example.mqtt.MessageData - Topic: data/s/nhnacademy/b/gyeongnam_campus/p/server_room/d/24e124136d151368/n/입구/g/24e124fffef5dccc/e/lora
Message Data:
time: 1745193626506
value: 

2025-04-21 09:00:28 [MQTT Call: JavaClientExample] INFO  com.example.mqtt.InfluxDBService - Extracted tagkey -> location: server_room, kind: 입구, data: lora
Value into InfluxDB: 0.0
2025-04-21 09:00:28 [MQTT Call: JavaClientExample] INFO  com.example.mqtt.MessageData - Data sent to InfluxDBService: data/s/nhnacademy/b/gyeongnam_campus/p/server_room/d/24e124136d151368/n/입구/g/24e124fffef5dccc/e/lora -> 0.0
2025-04-21 09:00:28 [MQTT Call: JavaClientExample] INFO  com.example.mqtt.MessageData - Topic: data/s/nhnacademy/b/gyeongnam_campus/p/server_room/d/24e124136d151368/n/입구/g/24e124fffef79304/e/lora
Message Data:
time: 1745193626506
value: 

2025-04-21 09:00:28 [MQTT Call: JavaClientExample] INFO  com.example.mqtt.InfluxDBService - Extracted tagkey -> location: server_room, kind: 입구, data: lora
Value into InfluxDB: 0.0
2025-04-21 09:00:28 [MQTT Call: JavaClientExample] INFO  com.example.mqtt.MessageData - Data sent to InfluxDBService: data/s/nhnacademy/b/gyeongnam_campus/p/server_room/d/24e124136d151368/n/입구/g/24e124fffef79304/e/lora -> 0.0
2025-04-21 09:00:36 [MQTT Call: JavaClientExample] INFO  com.example.mqtt.MessageData - Topic: data/s/nhnacademy/b/gyeongnam_campus/p/hive/d/24e124126c452091/sp/farm/n/스마트팜/e/temperature
Message Data:
time: 1745193635376
value: 23.2

2025-04-21 09:00:36 [MQTT Call: JavaClientExample] INFO  com.example.mqtt.InfluxDBService - Extracted tagkey -> location: hive, kind: 스마트팜, data: temperature
Value into InfluxDB: 23.2
2025-04-21 09:00:36 [MQTT Call: JavaClientExample] INFO  com.example.mqtt.MessageData - Data sent to InfluxDBService: data/s/nhnacademy/b/gyeongnam_campus/p/hive/d/24e124126c452091/sp/farm/n/스마트팜/e/temperature -> 23.2
2025-04-21 09:00:37 [MQTT Call: JavaClientExample] INFO  com.example.mqtt.MessageData - Topic: data/s/nhnacademy/b/gyeongnam_campus/p/hive/d/24e124126c452091/sp/farm/n/스마트팜/g/24e124fffef79304/e/lora
Message Data:
time: 1745193635376
value: 

2025-04-21 09:00:37 [MQTT Call: JavaClientExample] INFO  com.example.mqtt.InfluxDBService - Extracted tagkey -> location: hive, kind: 스마트팜, data: lora
Value into InfluxDB: 0.0
2025-04-21 09:00:37 [MQTT Call: JavaClientExample] INFO  com.example.mqtt.MessageData - Data sent to InfluxDBService: data/s/nhnacademy/b/gyeongnam_campus/p/hive/d/24e124126c452091/sp/farm/n/스마트팜/g/24e124fffef79304/e/lora -> 0.0
2025-04-21 09:00:37 [MQTT Call: JavaClientExample] INFO  com.example.mqtt.MessageData - Topic: data/s/nhnacademy/b/gyeongnam_campus/p/hive/d/24e124126c452091/sp/farm/n/스마트팜/g/24e124fffef5dccc/e/lora
Message Data:
time: 1745193635376
value: 

2025-04-21 09:00:37 [MQTT Call: JavaClientExample] INFO  com.example.mqtt.InfluxDBService - Extracted tagkey -> location: hive, kind: 스마트팜, data: lora
Value into InfluxDB: 0.0
2025-04-21 09:00:37 [MQTT Call: JavaClientExample] INFO  com.example.mqtt.MessageData - Data sent to InfluxDBService: data/s/nhnacademy/b/gyeongnam_campus/p/hive/d/24e124126c452091/sp/farm/n/스마트팜/g/24e124fffef5dccc/e/lora -> 0.0
2025-04-21 09:00:40 [MQTT Call: JavaClientExample] INFO  com.example.mqtt.MessageData - Topic: data/s/nhnacademy/b/gyeongnam_campus/p/pair_room/d/24e124617d159573/n/2/e/battery
Message Data:
time: 1745193639595
value: 33

2025-04-21 09:00:40 [MQTT Call: JavaClientExample] INFO  com.example.mqtt.InfluxDBService - Extracted tagkey -> location: pair_room, kind: 2, data: battery
Value into InfluxDB: 33.0
2025-04-21 09:00:40 [MQTT Call: JavaClientExample] INFO  com.example.mqtt.MessageData - Data sent to InfluxDBService: data/s/nhnacademy/b/gyeongnam_campus/p/pair_room/d/24e124617d159573/n/2/e/battery -> 33.0
2025-04-21 09:00:41 [MQTT Call: JavaClientExample] INFO  com.example.mqtt.MessageData - Topic: data/s/nhnacademy/b/gyeongnam_campus/p/pair_room/d/24e124617d159573/n/2/e/distance
Message Data:
time: 1745193639595
value: 2234

2025-04-21 09:00:41 [MQTT Call: JavaClientExample] INFO  com.example.mqtt.InfluxDBService - Extracted tagkey -> location: pair_room, kind: 2, data: distance
Value into InfluxDB: 2234.0
2025-04-21 09:00:41 [MQTT Call: JavaClientExample] INFO  com.example.mqtt.MessageData - Data sent to InfluxDBService: data/s/nhnacademy/b/gyeongnam_campus/p/pair_room/d/24e124617d159573/n/2/e/distance -> 2234.0
2025-04-21 09:00:41 [MQTT Call: JavaClientExample] INFO  com.example.mqtt.MessageData - Topic: data/s/nhnacademy/b/gyeongnam_campus/p/pair_room/d/24e124617d159573/n/2/e/occupancy
Message Data:
time: 1745193639595
value: 0

2025-04-21 09:00:41 [MQTT Call: JavaClientExample] INFO  com.example.mqtt.InfluxDBService - Extracted tagkey -> location: pair_room, kind: 2, data: occupancy
Value into InfluxDB: 0.0
2025-04-21 09:00:41 [MQTT Call: JavaClientExample] INFO  com.example.mqtt.MessageData - Data sent to InfluxDBService: data/s/nhnacademy/b/gyeongnam_campus/p/pair_room/d/24e124617d159573/n/2/e/occupancy -> 0.0
2025-04-21 09:00:41 [MQTT Call: JavaClientExample] INFO  com.example.mqtt.MessageData - Topic: data/s/nhnacademy/b/gyeongnam_campus/p/pair_room/d/24e124617d159573/n/2/g/24e124fffef79304/e/lora
Message Data:
time: 1745193639595
value: 

2025-04-21 09:00:41 [MQTT Call: JavaClientExample] INFO  com.example.mqtt.InfluxDBService - Extracted tagkey -> location: pair_room, kind: 2, data: lora
Value into InfluxDB: 0.0
2025-04-21 09:00:41 [MQTT Call: JavaClientExample] INFO  com.example.mqtt.MessageData - Data sent to InfluxDBService: data/s/nhnacademy/b/gyeongnam_campus/p/pair_room/d/24e124617d159573/n/2/g/24e124fffef79304/e/lora -> 0.0
2025-04-21 09:00:41 [MQTT Call: JavaClientExample] INFO  com.example.mqtt.MessageData - Topic: data/s/nhnacademy/b/gyeongnam_campus/p/pair_room/d/24e124617d159573/n/2/g/24e124fffef5dccc/e/lora
Message Data:
time: 1745193639595
value: 

2025-04-21 09:00:41 [MQTT Call: JavaClientExample] INFO  com.example.mqtt.InfluxDBService - Extracted tagkey -> location: pair_room, kind: 2, data: lora
Value into InfluxDB: 0.0
2025-04-21 09:00:41 [MQTT Call: JavaClientExample] INFO  com.example.mqtt.MessageData - Data sent to InfluxDBService: data/s/nhnacademy/b/gyeongnam_campus/p/pair_room/d/24e124617d159573/n/2/g/24e124fffef5dccc/e/lora -> 0.0
2025-04-21 09:00:46 [MQTT Call: JavaClientExample] INFO  com.example.mqtt.MessageData - Topic: data/s/nhnacademy/b/gyeongnam_campus/p/campus/d/gem3500_1/n/캠퍼스_LL/e/voltage
Message Data:
time: 1745193646737
value: 381.05

2025-04-21 09:00:46 [MQTT Call: JavaClientExample] INFO  com.example.mqtt.InfluxDBService - Extracted tagkey -> location: campus, kind: 캠퍼스_LL, data: voltage
Value into InfluxDB: 381.05
2025-04-21 09:00:46 [MQTT Call: JavaClientExample] INFO  com.example.mqtt.MessageData - Data sent to InfluxDBService: data/s/nhnacademy/b/gyeongnam_campus/p/campus/d/gem3500_1/n/캠퍼스_LL/e/voltage -> 381.05
2025-04-21 09:00:46 [MQTT Call: JavaClientExample] INFO  com.example.mqtt.MessageData - Topic: data/s/nhnacademy/b/gyeongnam_campus/p/campus/d/gem3500_1/n/캠퍼스_LN/e/voltage
Message Data:
time: 1745193646737
value: 220

2025-04-21 09:00:46 [MQTT Call: JavaClientExample] INFO  com.example.mqtt.InfluxDBService - Extracted tagkey -> location: campus, kind: 캠퍼스_LN, data: voltage
Value into InfluxDB: 220.0
2025-04-21 09:00:46 [MQTT Call: JavaClientExample] INFO  com.example.mqtt.MessageData - Data sent to InfluxDBService: data/s/nhnacademy/b/gyeongnam_campus/p/campus/d/gem3500_1/n/캠퍼스_LN/e/voltage -> 220.0
2025-04-21 09:00:46 [MQTT Call: JavaClientExample] INFO  com.example.mqtt.MessageData - Topic: data/s/nhnacademy/b/gyeongnam_campus/p/campus/d/gem3500_1/n/캠퍼스1/e/power_meter
Message Data:
time: 1745193646837
type: 5
leakageCurrent: 0
current: 1964
activePower: 3617
reactivePower: -1552
tapparentPower: 4335
powerFactor: 83.45
currentUnbalance: 75.55
lines: 

2025-04-21 09:00:46 [MQTT Call: JavaClientExample] WARN  com.example.mqtt.MessageData - No 'value' field found in message, skipping InfluxDB write.
2025-04-21 09:00:46 [MQTT Call: JavaClientExample] INFO  com.example.mqtt.MessageData - Topic: data/s/nhnacademy/b/gyeongnam_campus/p/storage/d/24e124136d151547/n/입구/e/battery
Message Data:
time: 1745193646591
value: 1

2025-04-21 09:00:46 [MQTT Call: JavaClientExample] INFO  com.example.mqtt.InfluxDBService - Extracted tagkey -> location: storage, kind: 입구, data: battery
Value into InfluxDB: 1.0
2025-04-21 09:00:46 [MQTT Call: JavaClientExample] INFO  com.example.mqtt.MessageData - Data sent to InfluxDBService: data/s/nhnacademy/b/gyeongnam_campus/p/storage/d/24e124136d151547/n/입구/e/battery -> 1.0
2025-04-21 09:00:47 [MQTT Call: JavaClientExample] INFO  com.example.mqtt.MessageData - Topic: data/s/nhnacademy/b/gyeongnam_campus/p/storage/d/24e124136d151547/n/입구/e/temperature
Message Data:
time: 1745193646591
value: -0.1

2025-04-21 09:00:47 [MQTT Call: JavaClientExample] INFO  com.example.mqtt.InfluxDBService - Extracted tagkey -> location: storage, kind: 입구, data: temperature
Value into InfluxDB: -0.1
2025-04-21 09:00:47 [MQTT Call: JavaClientExample] INFO  com.example.mqtt.MessageData - Data sent to InfluxDBService: data/s/nhnacademy/b/gyeongnam_campus/p/storage/d/24e124136d151547/n/입구/e/temperature -> -0.1
2025-04-21 09:00:47 [MQTT Call: JavaClientExample] INFO  com.example.mqtt.MessageData - Topic: data/s/nhnacademy/b/gyeongnam_campus/p/storage/d/24e124136d151547/n/입구/e/humidity
Message Data:
time: 1745193646591
value: 127.5

2025-04-21 09:00:47 [MQTT Call: JavaClientExample] INFO  com.example.mqtt.InfluxDBService - Extracted tagkey -> location: storage, kind: 입구, data: humidity
Value into InfluxDB: 127.5
2025-04-21 09:00:47 [MQTT Call: JavaClientExample] INFO  com.example.mqtt.MessageData - Data sent to InfluxDBService: data/s/nhnacademy/b/gyeongnam_campus/p/storage/d/24e124136d151547/n/입구/e/humidity -> 127.5
2025-04-21 09:00:47 [MQTT Call: JavaClientExample] INFO  com.example.mqtt.MessageData - Topic: data/s/nhnacademy/b/gyeongnam_campus/p/storage/d/24e124136d151547/n/입구/g/24e124fffef5dccc/e/lora
Message Data:
time: 1745193646591
value: 

2025-04-21 09:00:47 [MQTT Call: JavaClientExample] INFO  com.example.mqtt.InfluxDBService - Extracted tagkey -> location: storage, kind: 입구, data: lora
Value into InfluxDB: 0.0
2025-04-21 09:00:47 [MQTT Call: JavaClientExample] INFO  com.example.mqtt.MessageData - Data sent to InfluxDBService: data/s/nhnacademy/b/gyeongnam_campus/p/storage/d/24e124136d151547/n/입구/g/24e124fffef5dccc/e/lora -> 0.0
2025-04-21 09:00:47 [MQTT Call: JavaClientExample] INFO  com.example.mqtt.MessageData - Topic: data/s/nhnacademy/b/gyeongnam_campus/p/storage/d/24e124136d151547/n/입구/g/24e124fffef79304/e/lora
Message Data:
time: 1745193646591
value: 

2025-04-21 09:00:47 [MQTT Call: JavaClientExample] INFO  com.example.mqtt.InfluxDBService - Extracted tagkey -> location: storage, kind: 입구, data: lora
Value into InfluxDB: 0.0
2025-04-21 09:00:47 [MQTT Call: JavaClientExample] INFO  com.example.mqtt.MessageData - Data sent to InfluxDBService: data/s/nhnacademy/b/gyeongnam_campus/p/storage/d/24e124136d151547/n/입구/g/24e124fffef79304/e/lora -> 0.0
2025-04-21 09:00:47 [MQTT Call: JavaClientExample] INFO  com.example.mqtt.MessageData - Topic: data/s/nhnacademy/b/gyeongnam_campus/p/campus/d/gem3500_1/n/전등1/e/power_meter
Message Data:
time: 1745193646939
type: 3
leakageCurrent: 0
current: 693
activePower: 1307
reactivePower: -338
tapparentPower: 1523
powerFactor: 85.82
currentUnbalance: 0
lines: 

2025-04-21 09:00:47 [MQTT Call: JavaClientExample] WARN  com.example.mqtt.MessageData - No 'value' field found in message, skipping InfluxDB write.
2025-04-21 09:00:47 [MQTT Call: JavaClientExample] INFO  com.example.mqtt.MessageData - Topic: data/s/nhnacademy/b/gyeongnam_campus/p/campus/d/gem3500_1/n/전등2/e/power_meter
Message Data:
time: 1745193647038
type: 1
leakageCurrent: 0
current: 567
activePower: 1139
reactivePower: -287
tapparentPower: 1254
powerFactor: 90.82
currentUnbalance: 0
lines: 

2025-04-21 09:00:47 [MQTT Call: JavaClientExample] WARN  com.example.mqtt.MessageData - No 'value' field found in message, skipping InfluxDB write.
2025-04-21 09:00:47 [MQTT Call: JavaClientExample] INFO  com.example.mqtt.MessageData - Topic: data/s/nhnacademy/b/gyeongnam_campus/p/campus/d/gem3500_1/n/전등3/e/power_meter
Message Data:
time: 1745193647140
type: 2
leakageCurrent: 0
current: 0
activePower: 0
reactivePower: 0
tapparentPower: 0
powerFactor: 0
currentUnbalance: 0
lines: 

2025-04-21 09:00:47 [MQTT Call: JavaClientExample] WARN  com.example.mqtt.MessageData - No 'value' field found in message, skipping InfluxDB write.
2025-04-21 09:00:47 [MQTT Call: JavaClientExample] INFO  com.example.mqtt.MessageData - Topic: data/s/nhnacademy/b/gyeongnam_campus/p/campus/d/gem3500_1/n/강의실b_바닥/e/power_meter
Message Data:
time: 1745193647244
type: 3
leakageCurrent: 0
current: 116
activePower: 146
reactivePower: -167
tapparentPower: 261
powerFactor: 55.96
currentUnbalance: 0
lines: 

2025-04-21 09:00:47 [MQTT Call: JavaClientExample] WARN  com.example.mqtt.MessageData - No 'value' field found in message, skipping InfluxDB write.
2025-04-21 09:00:47 [MQTT Call: JavaClientExample] INFO  com.example.mqtt.MessageData - Topic: data/s/nhnacademy/b/gyeongnam_campus/p/campus/d/gem3500_1/n/강의실a_바닥1/e/power_meter
Message Data:
time: 1745193647344
type: 1
leakageCurrent: 0
current: 105
activePower: 83
reactivePower: -206
tapparentPower: 232
powerFactor: 36.08
currentUnbalance: 0
lines: 

2025-04-21 09:00:47 [MQTT Call: JavaClientExample] WARN  com.example.mqtt.MessageData - No 'value' field found in message, skipping InfluxDB write.
2025-04-21 09:00:47 [MQTT Call: JavaClientExample] INFO  com.example.mqtt.MessageData - Topic: data/s/nhnacademy/b/gyeongnam_campus/p/campus/d/gem3500_1/n/강의실a_바닥2/e/power_meter
Message Data:
time: 1745193647445
type: 2
leakageCurrent: 0
current: 69
activePower: 91
reactivePower: -107
tapparentPower: 153
powerFactor: 59.37
currentUnbalance: 0
lines: 

2025-04-21 09:00:47 [MQTT Call: JavaClientExample] WARN  com.example.mqtt.MessageData - No 'value' field found in message, skipping InfluxDB write.
2025-04-21 09:00:47 [MQTT Call: JavaClientExample] INFO  com.example.mqtt.MessageData - Topic: data/s/nhnacademy/b/gyeongnam_campus/p/campus/d/gem3500_1/n/프로젝터1/e/power_meter
Message Data:
time: 1745193647546
type: 3
leakageCurrent: 0
current: 71
activePower: 69
reactivePower: -127
tapparentPower: 158
powerFactor: 43.93
currentUnbalance: 0
lines: 

2025-04-21 09:00:47 [MQTT Call: JavaClientExample] WARN  com.example.mqtt.MessageData - No 'value' field found in message, skipping InfluxDB write.
2025-04-21 09:00:48 [MQTT Call: JavaClientExample] INFO  com.example.mqtt.MessageData - Topic: data/s/nhnacademy/b/gyeongnam_campus/p/campus/d/gem3500_1/n/프로젝터2/e/power_meter
Message Data:
time: 1745193647648
type: 1
leakageCurrent: 0
current: 26
activePower: 7
reactivePower: -57
tapparentPower: 59
powerFactor: 12
currentUnbalance: 0
lines: 

2025-04-21 09:00:48 [MQTT Call: JavaClientExample] WARN  com.example.mqtt.MessageData - No 'value' field found in message, skipping InfluxDB write.
2025-04-21 09:00:48 [MQTT Call: JavaClientExample] INFO  com.example.mqtt.MessageData - Topic: data/s/nhnacademy/b/gyeongnam_campus/p/campus/d/gem3500_1/n/회의실/e/power_meter
Message Data:
time: 1745193647748
type: 2
leakageCurrent: 0
current: 14
activePower: 4
reactivePower: -28
tapparentPower: 31
powerFactor: 15.38
currentUnbalance: 0
lines: 

2025-04-21 09:00:48 [MQTT Call: JavaClientExample] WARN  com.example.mqtt.MessageData - No 'value' field found in message, skipping InfluxDB write.
2025-04-21 09:00:48 [MQTT Call: JavaClientExample] INFO  com.example.mqtt.MessageData - Topic: data/s/nhnacademy/b/gyeongnam_campus/p/campus/d/gem3500_1/n/서버실/e/power_meter
Message Data:
time: 1745193647849
type: 3
leakageCurrent: 0
current: 201
activePower: 393
reactivePower: -115
tapparentPower: 441
powerFactor: 89.13
currentUnbalance: 0
lines: 

2025-04-21 09:00:48 [MQTT Call: JavaClientExample] WARN  com.example.mqtt.MessageData - No 'value' field found in message, skipping InfluxDB write.
2025-04-21 09:00:48 [MQTT Call: JavaClientExample] INFO  com.example.mqtt.MessageData - Topic: data/s/nhnacademy/b/gyeongnam_campus/p/campus/d/gem3500_1/n/간판/e/power_meter
Message Data:
time: 1745193647950
type: 1
leakageCurrent: 0
current: 0
activePower: 0
reactivePower: 0
tapparentPower: 0
powerFactor: 0
currentUnbalance: 0
lines: 

2025-04-21 09:00:48 [MQTT Call: JavaClientExample] WARN  com.example.mqtt.MessageData - No 'value' field found in message, skipping InfluxDB write.
2025-04-21 09:00:48 [MQTT Call: JavaClientExample] INFO  com.example.mqtt.MessageData - Topic: data/s/nhnacademy/b/gyeongnam_campus/p/campus/d/gem3500_1/n/페어룸/e/power_meter
Message Data:
time: 1745193648052
type: 2
leakageCurrent: 0
current: 0
activePower: 0
reactivePower: 0
tapparentPower: 0
powerFactor: 0
currentUnbalance: 0
lines: 

2025-04-21 09:00:48 [MQTT Call: JavaClientExample] WARN  com.example.mqtt.MessageData - No 'value' field found in message, skipping InfluxDB write.
2025-04-21 09:00:48 [MQTT Call: JavaClientExample] INFO  com.example.mqtt.MessageData - Topic: data/s/nhnacademy/b/gyeongnam_campus/p/campus/d/gem3500_1/n/사무실_전열1/e/power_meter
Message Data:
time: 1745193648152
type: 3
leakageCurrent: 0
current: 85
activePower: 105
reactivePower: -57
tapparentPower: 182
powerFactor: 57.89
currentUnbalance: 0
lines: 

2025-04-21 09:00:48 [MQTT Call: JavaClientExample] WARN  com.example.mqtt.MessageData - No 'value' field found in message, skipping InfluxDB write.
2025-04-21 09:00:48 [MQTT Call: JavaClientExample] INFO  com.example.mqtt.MessageData - Topic: data/s/nhnacademy/b/gyeongnam_campus/p/campus/d/gem3500_1/n/사무실_전열2/e/power_meter
Message Data:
time: 1745193648255
type: 3
leakageCurrent: 0
current: 26
activePower: 7
reactivePower: -52
tapparentPower: 59
powerFactor: 12
currentUnbalance: 0
lines: 

2025-04-21 09:00:48 [MQTT Call: JavaClientExample] WARN  com.example.mqtt.MessageData - No 'value' field found in message, skipping InfluxDB write.
2025-04-21 09:00:48 [MQTT Call: JavaClientExample] INFO  com.example.mqtt.MessageData - Topic: data/s/nhnacademy/b/gyeongnam_campus/p/campus/d/gem3500_1/n/사무실_복사기/e/power_meter
Message Data:
time: 1745193648354
type: 1
leakageCurrent: 0
current: 6
activePower: 7
reactivePower: 0
tapparentPower: 14
powerFactor: 50
currentUnbalance: 0
lines: 

2025-04-21 09:00:48 [MQTT Call: JavaClientExample] WARN  com.example.mqtt.MessageData - No 'value' field found in message, skipping InfluxDB write.
2025-04-21 09:00:48 [MQTT Call: JavaClientExample] INFO  com.example.mqtt.MessageData - Topic: data/s/nhnacademy/b/gyeongnam_campus/p/campus/d/gem3500_1/n/빌트인_전열/e/power_meter
Message Data:
time: 1745193648463
type: 2
leakageCurrent: 0
current: 5
activePower: 4
reactivePower: -4
tapparentPower: 11
powerFactor: 40
currentUnbalance: 0
lines: 

2025-04-21 09:00:48 [MQTT Call: JavaClientExample] WARN  com.example.mqtt.MessageData - No 'value' field found in message, skipping InfluxDB write.
2025-04-21 09:00:48 [MQTT Call: JavaClientExample] INFO  com.example.mqtt.MessageData - Topic: data/s/nhnacademy/b/gyeongnam_campus/p/campus/d/gem3500_1/n/사무실_전열3/e/power_meter
Message Data:
time: 1745193648562
type: 3
leakageCurrent: 0
current: 0
activePower: 0
reactivePower: 0
tapparentPower: 0
powerFactor: 0
currentUnbalance: 0
lines: 

2025-04-21 09:00:48 [MQTT Call: JavaClientExample] WARN  com.example.mqtt.MessageData - No 'value' field found in message, skipping InfluxDB write.
2025-04-21 09:00:49 [MQTT Call: JavaClientExample] INFO  com.example.mqtt.MessageData - Topic: data/s/nhnacademy/b/gyeongnam_campus/p/campus/d/gem3500_1/n/정수기/e/power_meter
Message Data:
time: 1745193648660
type: 1
leakageCurrent: 0
current: 72
activePower: 98
reactivePower: 124
tapparentPower: 158
powerFactor: 62.12
currentUnbalance: 0
lines: 

2025-04-21 09:00:49 [MQTT Call: JavaClientExample] WARN  com.example.mqtt.MessageData - No 'value' field found in message, skipping InfluxDB write.
2025-04-21 09:00:49 [MQTT Call: JavaClientExample] INFO  com.example.mqtt.MessageData - Topic: data/s/nhnacademy/b/gyeongnam_campus/p/campus/d/gem3500_1/n/하이브_전열/e/power_meter
Message Data:
time: 1745193648764
type: 2
leakageCurrent: 0
current: 65
activePower: 124
reactivePower: -47
tapparentPower: 143
powerFactor: 86.66
currentUnbalance: 0
lines: 

2025-04-21 09:00:49 [MQTT Call: JavaClientExample] WARN  com.example.mqtt.MessageData - No 'value' field found in message, skipping InfluxDB write.
2025-04-21 09:00:49 [MQTT Call: JavaClientExample] INFO  com.example.mqtt.MessageData - Topic: data/s/nhnacademy/b/gyeongnam_campus/p/campus/d/gem3500_1/n/바텐_전열/e/power_meter
Message Data:
time: 1745193648864
type: 3
leakageCurrent: 0
current: 0
activePower: 0
reactivePower: 0
tapparentPower: 0
powerFactor: 0
currentUnbalance: 0
lines: 

2025-04-21 09:00:49 [MQTT Call: JavaClientExample] WARN  com.example.mqtt.MessageData - No 'value' field found in message, skipping InfluxDB write.
2025-04-21 09:00:49 [MQTT Call: JavaClientExample] INFO  com.example.mqtt.MessageData - Topic: data/s/nhnacademy/b/gyeongnam_campus/p/campus/d/gem3500_1/n/S_P/e/power_meter
Message Data:
time: 1745193648964
type: 1
leakageCurrent: 0
current: 0
activePower: 0
reactivePower: 0
tapparentPower: 0
powerFactor: 0
currentUnbalance: 0
lines: 

2025-04-21 09:00:49 [MQTT Call: JavaClientExample] WARN  com.example.mqtt.MessageData - No 'value' field found in message, skipping InfluxDB write.
2025-04-21 09:00:49 [MQTT Call: JavaClientExample] INFO  com.example.mqtt.MessageData - Topic: data/s/nhnacademy/b/gyeongnam_campus/p/campus/d/gem3500_1/n/공조기/e/power_meter
Message Data:
time: 1745193649068
type: 2
leakageCurrent: 0
current: 16
activePower: 2
reactivePower: -33
tapparentPower: 38
powerFactor: 6.25
currentUnbalance: 0
lines: 

2025-04-21 09:00:49 [MQTT Call: JavaClientExample] WARN  com.example.mqtt.MessageData - No 'value' field found in message, skipping InfluxDB write.
2025-04-21 09:00:49 [MQTT Call: JavaClientExample] INFO  com.example.mqtt.MessageData - Topic: data/s/nhnacademy/b/gyeongnam_campus/p/campus/d/gem3500_1/n/AC/e/power_meter
Message Data:
time: 1745193649168
type: 3
leakageCurrent: 0
current: 16
activePower: 14
reactivePower: -26
tapparentPower: 35
powerFactor: 40
currentUnbalance: 0
lines: 

2025-04-21 09:00:49 [MQTT Call: JavaClientExample] WARN  com.example.mqtt.MessageData - No 'value' field found in message, skipping InfluxDB write.
2025-04-21 09:01:17 [MQTT Call: JavaClientExample] INFO  com.example.mqtt.MessageData - Topic: data/s/nhnacademy/b/gyeongnam_campus/p/hive/d/24e124725d081175/sp/8인 책상/n/8인 책상/e/temperature
Message Data:
time: 1745193676354
value: 23.7

2025-04-21 09:01:17 [MQTT Call: JavaClientExample] INFO  com.example.mqtt.InfluxDBService - Extracted tagkey -> location: hive, kind: 8인 책상, data: temperature
Value into InfluxDB: 23.7
2025-04-21 09:01:17 [MQTT Call: JavaClientExample] INFO  com.example.mqtt.MessageData - Data sent to InfluxDBService: data/s/nhnacademy/b/gyeongnam_campus/p/hive/d/24e124725d081175/sp/8인 책상/n/8인 책상/e/temperature -> 23.7
2025-04-21 09:01:17 [MQTT Call: JavaClientExample] INFO  com.example.mqtt.MessageData - Topic: data/s/nhnacademy/b/gyeongnam_campus/p/hive/d/24e124725d081175/sp/8인 책상/n/8인 책상/e/co2
Message Data:
time: 1745193676354
value: 502

2025-04-21 09:01:17 [MQTT Call: JavaClientExample] INFO  com.example.mqtt.InfluxDBService - Extracted tagkey -> location: hive, kind: 8인 책상, data: co2
Value into InfluxDB: 502.0
2025-04-21 09:01:17 [MQTT Call: JavaClientExample] INFO  com.example.mqtt.MessageData - Data sent to InfluxDBService: data/s/nhnacademy/b/gyeongnam_campus/p/hive/d/24e124725d081175/sp/8인 책상/n/8인 책상/e/co2 -> 502.0
2025-04-21 09:01:17 [MQTT Call: JavaClientExample] INFO  com.example.mqtt.MessageData - Topic: data/s/nhnacademy/b/gyeongnam_campus/p/hive/d/24e124725d081175/sp/8인 책상/n/8인 책상/e/humidity
Message Data:
time: 1745193676354
value: 47.5

2025-04-21 09:01:17 [MQTT Call: JavaClientExample] INFO  com.example.mqtt.InfluxDBService - Extracted tagkey -> location: hive, kind: 8인 책상, data: humidity
Value into InfluxDB: 47.5
2025-04-21 09:01:17 [MQTT Call: JavaClientExample] INFO  com.example.mqtt.MessageData - Data sent to InfluxDBService: data/s/nhnacademy/b/gyeongnam_campus/p/hive/d/24e124725d081175/sp/8인 책상/n/8인 책상/e/humidity -> 47.5
2025-04-21 09:01:17 [MQTT Call: JavaClientExample] INFO  com.example.mqtt.MessageData - Topic: data/s/nhnacademy/b/gyeongnam_campus/p/hive/d/24e124725d081175/sp/8인 책상/n/8인 책상/e/battery
Message Data:
time: 1745193676354
value: 77

2025-04-21 09:01:17 [MQTT Call: JavaClientExample] INFO  com.example.mqtt.InfluxDBService - Extracted tagkey -> location: hive, kind: 8인 책상, data: battery
Value into InfluxDB: 77.0
2025-04-21 09:01:17 [MQTT Call: JavaClientExample] INFO  com.example.mqtt.MessageData - Data sent to InfluxDBService: data/s/nhnacademy/b/gyeongnam_campus/p/hive/d/24e124725d081175/sp/8인 책상/n/8인 책상/e/battery -> 77.0
2025-04-21 09:01:17 [MQTT Call: JavaClientExample] INFO  com.example.mqtt.MessageData - Topic: data/s/nhnacademy/b/gyeongnam_campus/p/hive/d/24e124725d081175/sp/8인 책상/n/8인 책상/g/24e124fffef5dccc/e/lora
Message Data:
time: 1745193676354
value: 

2025-04-21 09:01:17 [MQTT Call: JavaClientExample] INFO  com.example.mqtt.InfluxDBService - Extracted tagkey -> location: hive, kind: 8인 책상, data: lora
Value into InfluxDB: 0.0
2025-04-21 09:01:17 [MQTT Call: JavaClientExample] INFO  com.example.mqtt.MessageData - Data sent to InfluxDBService: data/s/nhnacademy/b/gyeongnam_campus/p/hive/d/24e124725d081175/sp/8인 책상/n/8인 책상/g/24e124fffef5dccc/e/lora -> 0.0
2025-04-21 09:01:17 [MQTT Call: JavaClientExample] INFO  com.example.mqtt.MessageData - Topic: data/s/nhnacademy/b/gyeongnam_campus/p/hive/d/24e124725d081175/sp/8인 책상/n/8인 책상/g/24e124fffef79304/e/lora
Message Data:
time: 1745193676354
value: 

2025-04-21 09:01:17 [MQTT Call: JavaClientExample] INFO  com.example.mqtt.InfluxDBService - Extracted tagkey -> location: hive, kind: 8인 책상, data: lora
Value into InfluxDB: 0.0
2025-04-21 09:01:17 [MQTT Call: JavaClientExample] INFO  com.example.mqtt.MessageData - Data sent to InfluxDBService: data/s/nhnacademy/b/gyeongnam_campus/p/hive/d/24e124725d081175/sp/8인 책상/n/8인 책상/g/24e124fffef79304/e/lora -> 0.0
2025-04-21 09:01:18 [MQTT Call: JavaClientExample] INFO  com.example.mqtt.MessageData - Topic: data/s/nhnacademy/b/gyeongnam_campus/p/class_a/d/24e124128c067999/sp/입구/n/입구/e/co2
Message Data:
time: 1745193677426
value: 534

2025-04-21 09:01:18 [MQTT Call: JavaClientExample] INFO  com.example.mqtt.InfluxDBService - Extracted tagkey -> location: class_a, kind: 입구, data: co2
Value into InfluxDB: 534.0
2025-04-21 09:01:18 [MQTT Call: JavaClientExample] INFO  com.example.mqtt.MessageData - Data sent to InfluxDBService: data/s/nhnacademy/b/gyeongnam_campus/p/class_a/d/24e124128c067999/sp/입구/n/입구/e/co2 -> 534.0
2025-04-21 09:01:18 [MQTT Call: JavaClientExample] INFO  com.example.mqtt.MessageData - Topic: data/s/nhnacademy/b/gyeongnam_campus/p/class_a/d/24e124128c067999/sp/입구/n/입구/e/pressure
Message Data:
time: 1745193677426
value: 1009.4

2025-04-21 09:01:18 [MQTT Call: JavaClientExample] INFO  com.example.mqtt.InfluxDBService - Extracted tagkey -> location: class_a, kind: 입구, data: pressure
Value into InfluxDB: 1009.4
2025-04-21 09:01:18 [MQTT Call: JavaClientExample] INFO  com.example.mqtt.MessageData - Data sent to InfluxDBService: data/s/nhnacademy/b/gyeongnam_campus/p/class_a/d/24e124128c067999/sp/입구/n/입구/e/pressure -> 1009.4
2025-04-21 09:01:18 [MQTT Call: JavaClientExample] INFO  com.example.mqtt.MessageData - Topic: data/s/nhnacademy/b/gyeongnam_campus/p/class_a/d/24e124128c067999/sp/입구/n/입구/e/infrared_and_visible
Message Data:
time: 1745193677426
value: 44

2025-04-21 09:01:18 [MQTT Call: JavaClientExample] INFO  com.example.mqtt.InfluxDBService - Extracted tagkey -> location: class_a, kind: 입구, data: infrared_and_visible
Value into InfluxDB: 44.0
2025-04-21 09:01:18 [MQTT Call: JavaClientExample] INFO  com.example.mqtt.MessageData - Data sent to InfluxDBService: data/s/nhnacademy/b/gyeongnam_campus/p/class_a/d/24e124128c067999/sp/입구/n/입구/e/infrared_and_visible -> 44.0
2025-04-21 09:01:18 [MQTT Call: JavaClientExample] INFO  com.example.mqtt.MessageData - Topic: data/s/nhnacademy/b/gyeongnam_campus/p/class_a/d/24e124128c067999/sp/입구/n/입구/e/activity
Message Data:
time: 1745193677426
value: 11

2025-04-21 09:01:18 [MQTT Call: JavaClientExample] INFO  com.example.mqtt.InfluxDBService - Extracted tagkey -> location: class_a, kind: 입구, data: activity
Value into InfluxDB: 11.0
2025-04-21 09:01:18 [MQTT Call: JavaClientExample] INFO  com.example.mqtt.MessageData - Data sent to InfluxDBService: data/s/nhnacademy/b/gyeongnam_campus/p/class_a/d/24e124128c067999/sp/입구/n/입구/e/activity -> 11.0
2025-04-21 09:01:18 [MQTT Call: JavaClientExample] INFO  com.example.mqtt.MessageData - Topic: data/s/nhnacademy/b/gyeongnam_campus/p/class_a/d/24e124128c067999/sp/입구/n/입구/e/tvoc
Message Data:
time: 1745193677426
value: 308

2025-04-21 09:01:18 [MQTT Call: JavaClientExample] INFO  com.example.mqtt.InfluxDBService - Extracted tagkey -> location: class_a, kind: 입구, data: tvoc
Value into InfluxDB: 308.0
2025-04-21 09:01:18 [MQTT Call: JavaClientExample] INFO  com.example.mqtt.MessageData - Data sent to InfluxDBService: data/s/nhnacademy/b/gyeongnam_campus/p/class_a/d/24e124128c067999/sp/입구/n/입구/e/tvoc -> 308.0
2025-04-21 09:01:18 [MQTT Call: JavaClientExample] INFO  com.example.mqtt.MessageData - Topic: data/s/nhnacademy/b/gyeongnam_campus/p/class_a/d/24e124128c067999/sp/입구/n/입구/e/illumination
Message Data:
time: 1745193677426
value: 63

2025-04-21 09:01:18 [MQTT Call: JavaClientExample] INFO  com.example.mqtt.InfluxDBService - Extracted tagkey -> location: class_a, kind: 입구, data: illumination
Value into InfluxDB: 63.0
2025-04-21 09:01:18 [MQTT Call: JavaClientExample] INFO  com.example.mqtt.MessageData - Data sent to InfluxDBService: data/s/nhnacademy/b/gyeongnam_campus/p/class_a/d/24e124128c067999/sp/입구/n/입구/e/illumination -> 63.0
2025-04-21 09:01:18 [MQTT Call: JavaClientExample] INFO  com.example.mqtt.MessageData - Topic: data/s/nhnacademy/b/gyeongnam_campus/p/class_a/d/24e124128c067999/sp/입구/n/입구/e/infrared
Message Data:
time: 1745193677426
value: 7

2025-04-21 09:01:18 [MQTT Call: JavaClientExample] INFO  com.example.mqtt.InfluxDBService - Extracted tagkey -> location: class_a, kind: 입구, data: infrared
Value into InfluxDB: 7.0
2025-04-21 09:01:18 [MQTT Call: JavaClientExample] INFO  com.example.mqtt.MessageData - Data sent to InfluxDBService: data/s/nhnacademy/b/gyeongnam_campus/p/class_a/d/24e124128c067999/sp/입구/n/입구/e/infrared -> 7.0
2025-04-21 09:01:18 [MQTT Call: JavaClientExample] INFO  com.example.mqtt.MessageData - Topic: data/s/nhnacademy/b/gyeongnam_campus/p/class_a/d/24e124128c067999/sp/입구/n/입구/e/temperature
Message Data:
time: 1745193677426
value: 23.6

2025-04-21 09:01:18 [MQTT Call: JavaClientExample] INFO  com.example.mqtt.InfluxDBService - Extracted tagkey -> location: class_a, kind: 입구, data: temperature
Value into InfluxDB: 23.6
2025-04-21 09:01:18 [MQTT Call: JavaClientExample] INFO  com.example.mqtt.MessageData - Data sent to InfluxDBService: data/s/nhnacademy/b/gyeongnam_campus/p/class_a/d/24e124128c067999/sp/입구/n/입구/e/temperature -> 23.6
2025-04-21 09:01:18 [MQTT Call: JavaClientExample] INFO  com.example.mqtt.MessageData - Topic: data/s/nhnacademy/b/gyeongnam_campus/p/class_a/d/24e124128c067999/sp/입구/n/입구/e/humidity
Message Data:
time: 1745193677426
value: 47

2025-04-21 09:01:18 [MQTT Call: JavaClientExample] INFO  com.example.mqtt.InfluxDBService - Extracted tagkey -> location: class_a, kind: 입구, data: humidity
Value into InfluxDB: 47.0
2025-04-21 09:01:18 [MQTT Call: JavaClientExample] INFO  com.example.mqtt.MessageData - Data sent to InfluxDBService: data/s/nhnacademy/b/gyeongnam_campus/p/class_a/d/24e124128c067999/sp/입구/n/입구/e/humidity -> 47.0
2025-04-21 09:01:18 [MQTT Call: JavaClientExample] INFO  com.example.mqtt.MessageData - Topic: data/s/nhnacademy/b/gyeongnam_campus/p/class_a/d/24e124128c067999/sp/입구/n/입구/g/24e124fffef5dccc/e/lora
Message Data:
time: 1745193677426
value: 

2025-04-21 09:01:18 [MQTT Call: JavaClientExample] INFO  com.example.mqtt.InfluxDBService - Extracted tagkey -> location: class_a, kind: 입구, data: lora
Value into InfluxDB: 0.0
2025-04-21 09:01:18 [MQTT Call: JavaClientExample] INFO  com.example.mqtt.MessageData - Data sent to InfluxDBService: data/s/nhnacademy/b/gyeongnam_campus/p/class_a/d/24e124128c067999/sp/입구/n/입구/g/24e124fffef5dccc/e/lora -> 0.0
2025-04-21 09:01:18 [MQTT Call: JavaClientExample] INFO  com.example.mqtt.MessageData - Topic: data/s/nhnacademy/b/gyeongnam_campus/p/class_a/d/24e124128c067999/sp/입구/n/입구/g/24e124fffef79304/e/lora
Message Data:
time: 1745193677426
value: 

2025-04-21 09:01:18 [MQTT Call: JavaClientExample] INFO  com.example.mqtt.InfluxDBService - Extracted tagkey -> location: class_a, kind: 입구, data: lora
Value into InfluxDB: 0.0
2025-04-21 09:01:18 [MQTT Call: JavaClientExample] INFO  com.example.mqtt.MessageData - Data sent to InfluxDBService: data/s/nhnacademy/b/gyeongnam_campus/p/class_a/d/24e124128c067999/sp/입구/n/입구/g/24e124fffef79304/e/lora -> 0.0
2025-04-21 09:01:18 [MQTT Call: JavaClientExample] INFO  com.example.mqtt.MessageData - Topic: data/s/nhnacademy/b/gyeongnam_campus/p/hive/d/24e124126d111937/sp/farm/n/스마트팜/e/illumination
Message Data:
time: 1745193678009
value: 320

2025-04-21 09:01:18 [MQTT Call: JavaClientExample] INFO  com.example.mqtt.InfluxDBService - Extracted tagkey -> location: hive, kind: 스마트팜, data: illumination
Value into InfluxDB: 320.0
2025-04-21 09:01:18 [MQTT Call: JavaClientExample] INFO  com.example.mqtt.MessageData - Data sent to InfluxDBService: data/s/nhnacademy/b/gyeongnam_campus/p/hive/d/24e124126d111937/sp/farm/n/스마트팜/e/illumination -> 320.0
2025-04-21 09:01:19 [MQTT Call: JavaClientExample] INFO  com.example.mqtt.MessageData - Topic: data/s/nhnacademy/b/gyeongnam_campus/p/hive/d/24e124126d111937/sp/farm/n/스마트팜/g/24e124fffef5dccc/e/lora
Message Data:
time: 1745193678009
value: 

2025-04-21 09:01:19 [MQTT Call: JavaClientExample] INFO  com.example.mqtt.InfluxDBService - Extracted tagkey -> location: hive, kind: 스마트팜, data: lora
Value into InfluxDB: 0.0
2025-04-21 09:01:19 [MQTT Call: JavaClientExample] INFO  com.example.mqtt.MessageData - Data sent to InfluxDBService: data/s/nhnacademy/b/gyeongnam_campus/p/hive/d/24e124126d111937/sp/farm/n/스마트팜/g/24e124fffef5dccc/e/lora -> 0.0
2025-04-21 09:01:19 [MQTT Call: JavaClientExample] INFO  com.example.mqtt.MessageData - Topic: data/s/nhnacademy/b/gyeongnam_campus/p/hive/d/24e124126d111937/sp/farm/n/스마트팜/g/24e124fffef79304/e/lora
Message Data:
time: 1745193678009
value: 

2025-04-21 09:01:19 [MQTT Call: JavaClientExample] INFO  com.example.mqtt.InfluxDBService - Extracted tagkey -> location: hive, kind: 스마트팜, data: lora
Value into InfluxDB: 0.0
2025-04-21 09:01:19 [MQTT Call: JavaClientExample] INFO  com.example.mqtt.MessageData - Data sent to InfluxDBService: data/s/nhnacademy/b/gyeongnam_campus/p/hive/d/24e124126d111937/sp/farm/n/스마트팜/g/24e124fffef79304/e/lora -> 0.0
2025-04-21 09:01:19 [MQTT Call: JavaClientExample] INFO  com.example.mqtt.MessageData - Topic: data/s/nhnacademy/b/gyeongnam_campus/p/hive/d/24e124785c389010/n/정수기 위/e/battery
Message Data:
time: 1745193678907
value: 86

2025-04-21 09:01:19 [MQTT Call: JavaClientExample] INFO  com.example.mqtt.InfluxDBService - Extracted tagkey -> location: hive, kind: 정수기 위, data: battery
Value into InfluxDB: 86.0
2025-04-21 09:01:19 [MQTT Call: JavaClientExample] INFO  com.example.mqtt.MessageData - Data sent to InfluxDBService: data/s/nhnacademy/b/gyeongnam_campus/p/hive/d/24e124785c389010/n/정수기 위/e/battery -> 86.0
2025-04-21 09:01:19 [MQTT Call: JavaClientExample] INFO  com.example.mqtt.MessageData - Topic: data/s/nhnacademy/b/gyeongnam_campus/p/hive/d/24e124785c389010/n/정수기 위/e/temperature
Message Data:
time: 1745193678907
value: 24.2

2025-04-21 09:01:19 [MQTT Call: JavaClientExample] INFO  com.example.mqtt.InfluxDBService - Extracted tagkey -> location: hive, kind: 정수기 위, data: temperature
Value into InfluxDB: 24.2
2025-04-21 09:01:19 [MQTT Call: JavaClientExample] INFO  com.example.mqtt.MessageData - Data sent to InfluxDBService: data/s/nhnacademy/b/gyeongnam_campus/p/hive/d/24e124785c389010/n/정수기 위/e/temperature -> 24.2
2025-04-21 09:01:19 [MQTT Call: JavaClientExample] INFO  com.example.mqtt.MessageData - Topic: data/s/nhnacademy/b/gyeongnam_campus/p/hive/d/24e124785c389010/n/정수기 위/e/humidity
Message Data:
time: 1745193678907
value: 45.5

2025-04-21 09:01:19 [MQTT Call: JavaClientExample] INFO  com.example.mqtt.InfluxDBService - Extracted tagkey -> location: hive, kind: 정수기 위, data: humidity
Value into InfluxDB: 45.5
2025-04-21 09:01:19 [MQTT Call: JavaClientExample] INFO  com.example.mqtt.MessageData - Data sent to InfluxDBService: data/s/nhnacademy/b/gyeongnam_campus/p/hive/d/24e124785c389010/n/정수기 위/e/humidity -> 45.5
2025-04-21 09:01:19 [MQTT Call: JavaClientExample] INFO  com.example.mqtt.MessageData - Topic: data/s/nhnacademy/b/gyeongnam_campus/p/hive/d/24e124785c389010/n/정수기 위/g/24e124fffef79304/e/lora
Message Data:
time: 1745193678907
value: 

2025-04-21 09:01:19 [MQTT Call: JavaClientExample] INFO  com.example.mqtt.InfluxDBService - Extracted tagkey -> location: hive, kind: 정수기 위, data: lora
Value into InfluxDB: 0.0
2025-04-21 09:01:19 [MQTT Call: JavaClientExample] INFO  com.example.mqtt.MessageData - Data sent to InfluxDBService: data/s/nhnacademy/b/gyeongnam_campus/p/hive/d/24e124785c389010/n/정수기 위/g/24e124fffef79304/e/lora -> 0.0
2025-04-21 09:01:19 [MQTT Call: JavaClientExample] INFO  com.example.mqtt.MessageData - Topic: data/s/nhnacademy/b/gyeongnam_campus/p/hive/d/24e124785c389010/n/정수기 위/g/24e124fffef5dccc/e/lora
Message Data:
time: 1745193678907
value: 

2025-04-21 09:01:19 [MQTT Call: JavaClientExample] INFO  com.example.mqtt.InfluxDBService - Extracted tagkey -> location: hive, kind: 정수기 위, data: lora
Value into InfluxDB: 0.0
2025-04-21 09:01:19 [MQTT Call: JavaClientExample] INFO  com.example.mqtt.MessageData - Data sent to InfluxDBService: data/s/nhnacademy/b/gyeongnam_campus/p/hive/d/24e124785c389010/n/정수기 위/g/24e124fffef5dccc/e/lora -> 0.0
2025-04-21 09:01:27 [MQTT Call: JavaClientExample] INFO  com.example.mqtt.MessageData - Topic: data/s/nhnacademy/b/gyeongnam_campus/p/server_room/d/24e124136d151368/n/입구/e/temperature
Message Data:
time: 1745193686530
value: 23.7

2025-04-21 09:01:27 [MQTT Call: JavaClientExample] INFO  com.example.mqtt.InfluxDBService - Extracted tagkey -> location: server_room, kind: 입구, data: temperature
Value into InfluxDB: 23.7
2025-04-21 09:01:27 [MQTT Call: JavaClientExample] INFO  com.example.mqtt.MessageData - Data sent to InfluxDBService: data/s/nhnacademy/b/gyeongnam_campus/p/server_room/d/24e124136d151368/n/입구/e/temperature -> 23.7
2025-04-21 09:01:28 [MQTT Call: JavaClientExample] INFO  com.example.mqtt.MessageData - Topic: data/s/nhnacademy/b/gyeongnam_campus/p/server_room/d/24e124136d151368/n/입구/e/humidity
Message Data:
time: 1745193686530
value: 48.5

2025-04-21 09:01:28 [MQTT Call: JavaClientExample] INFO  com.example.mqtt.InfluxDBService - Extracted tagkey -> location: server_room, kind: 입구, data: humidity
Value into InfluxDB: 48.5
2025-04-21 09:01:28 [MQTT Call: JavaClientExample] INFO  com.example.mqtt.MessageData - Data sent to InfluxDBService: data/s/nhnacademy/b/gyeongnam_campus/p/server_room/d/24e124136d151368/n/입구/e/humidity -> 48.5
2025-04-21 09:01:28 [MQTT Call: JavaClientExample] INFO  com.example.mqtt.MessageData - Topic: data/s/nhnacademy/b/gyeongnam_campus/p/server_room/d/24e124136d151368/n/입구/g/24e124fffef79304/e/lora
Message Data:
time: 1745193686530
value: 

2025-04-21 09:01:28 [MQTT Call: JavaClientExample] INFO  com.example.mqtt.InfluxDBService - Extracted tagkey -> location: server_room, kind: 입구, data: lora
Value into InfluxDB: 0.0
2025-04-21 09:01:28 [MQTT Call: JavaClientExample] INFO  com.example.mqtt.MessageData - Data sent to InfluxDBService: data/s/nhnacademy/b/gyeongnam_campus/p/server_room/d/24e124136d151368/n/입구/g/24e124fffef79304/e/lora -> 0.0
2025-04-21 09:01:28 [MQTT Call: JavaClientExample] INFO  com.example.mqtt.MessageData - Topic: data/s/nhnacademy/b/gyeongnam_campus/p/server_room/d/24e124136d151368/n/입구/g/24e124fffef5dccc/e/lora
Message Data:
time: 1745193686530
value: 

2025-04-21 09:01:28 [MQTT Call: JavaClientExample] INFO  com.example.mqtt.InfluxDBService - Extracted tagkey -> location: server_room, kind: 입구, data: lora
Value into InfluxDB: 0.0
2025-04-21 09:01:28 [MQTT Call: JavaClientExample] INFO  com.example.mqtt.MessageData - Data sent to InfluxDBService: data/s/nhnacademy/b/gyeongnam_campus/p/server_room/d/24e124136d151368/n/입구/g/24e124fffef5dccc/e/lora -> 0.0
2025-04-21 09:01:39 [MQTT Call: JavaClientExample] INFO  com.example.mqtt.MessageData - Topic: data/s/nhnacademy/b/gyeongnam_campus/p/hive/d/24e124126c452091/sp/farm/n/스마트팜/e/temperature
Message Data:
time: 1745193696032
value: 23.2

2025-04-21 09:01:39 [MQTT Call: JavaClientExample] INFO  com.example.mqtt.InfluxDBService - Extracted tagkey -> location: hive, kind: 스마트팜, data: temperature
Value into InfluxDB: 23.2
2025-04-21 09:01:39 [MQTT Call: JavaClientExample] INFO  com.example.mqtt.MessageData - Data sent to InfluxDBService: data/s/nhnacademy/b/gyeongnam_campus/p/hive/d/24e124126c452091/sp/farm/n/스마트팜/e/temperature -> 23.2
2025-04-21 09:01:39 [MQTT Call: JavaClientExample] INFO  com.example.mqtt.MessageData - Topic: data/s/nhnacademy/b/gyeongnam_campus/p/hive/d/24e124126c452091/sp/farm/n/스마트팜/g/24e124fffef79304/e/lora
Message Data:
time: 1745193696032
value: 

2025-04-21 09:01:39 [MQTT Call: JavaClientExample] INFO  com.example.mqtt.InfluxDBService - Extracted tagkey -> location: hive, kind: 스마트팜, data: lora
Value into InfluxDB: 0.0
2025-04-21 09:01:39 [MQTT Call: JavaClientExample] INFO  com.example.mqtt.MessageData - Data sent to InfluxDBService: data/s/nhnacademy/b/gyeongnam_campus/p/hive/d/24e124126c452091/sp/farm/n/스마트팜/g/24e124fffef79304/e/lora -> 0.0
2025-04-21 09:01:39 [MQTT Call: JavaClientExample] INFO  com.example.mqtt.MessageData - Topic: data/s/nhnacademy/b/gyeongnam_campus/p/hive/d/24e124126c452091/sp/farm/n/스마트팜/g/24e124fffef5dccc/e/lora
Message Data:
time: 1745193696032
value: 

2025-04-21 09:01:39 [MQTT Call: JavaClientExample] INFO  com.example.mqtt.InfluxDBService - Extracted tagkey -> location: hive, kind: 스마트팜, data: lora
Value into InfluxDB: 0.0
2025-04-21 09:01:39 [MQTT Call: JavaClientExample] INFO  com.example.mqtt.MessageData - Data sent to InfluxDBService: data/s/nhnacademy/b/gyeongnam_campus/p/hive/d/24e124126c452091/sp/farm/n/스마트팜/g/24e124fffef5dccc/e/lora -> 0.0
2025-04-21 09:01:45 [MQTT Call: JavaClientExample] INFO  com.example.mqtt.MessageData - Topic: data/s/nhnacademy/b/gyeongnam_campus/p/pair_room/d/24e124617d159573/n/2/e/occupancy
Message Data:
time: 1745193704604
value: 0

2025-04-21 09:01:45 [MQTT Call: JavaClientExample] INFO  com.example.mqtt.InfluxDBService - Extracted tagkey -> location: pair_room, kind: 2, data: occupancy
Value into InfluxDB: 0.0
2025-04-21 09:01:45 [MQTT Call: JavaClientExample] INFO  com.example.mqtt.MessageData - Data sent to InfluxDBService: data/s/nhnacademy/b/gyeongnam_campus/p/pair_room/d/24e124617d159573/n/2/e/occupancy -> 0.0
2025-04-21 09:01:46 [MQTT Call: JavaClientExample] INFO  com.example.mqtt.MessageData - Topic: data/s/nhnacademy/b/gyeongnam_campus/p/pair_room/d/24e124617d159573/n/2/e/battery
Message Data:
time: 1745193704604
value: 33

2025-04-21 09:01:46 [MQTT Call: JavaClientExample] INFO  com.example.mqtt.InfluxDBService - Extracted tagkey -> location: pair_room, kind: 2, data: battery
Value into InfluxDB: 33.0
2025-04-21 09:01:46 [MQTT Call: JavaClientExample] INFO  com.example.mqtt.MessageData - Data sent to InfluxDBService: data/s/nhnacademy/b/gyeongnam_campus/p/pair_room/d/24e124617d159573/n/2/e/battery -> 33.0
2025-04-21 09:01:46 [MQTT Call: JavaClientExample] INFO  com.example.mqtt.MessageData - Topic: data/s/nhnacademy/b/gyeongnam_campus/p/pair_room/d/24e124617d159573/n/2/e/distance
Message Data:
time: 1745193704604
value: 2235

2025-04-21 09:01:46 [MQTT Call: JavaClientExample] INFO  com.example.mqtt.InfluxDBService - Extracted tagkey -> location: pair_room, kind: 2, data: distance
Value into InfluxDB: 2235.0
2025-04-21 09:01:46 [MQTT Call: JavaClientExample] INFO  com.example.mqtt.MessageData - Data sent to InfluxDBService: data/s/nhnacademy/b/gyeongnam_campus/p/pair_room/d/24e124617d159573/n/2/e/distance -> 2235.0
2025-04-21 09:01:46 [MQTT Call: JavaClientExample] INFO  com.example.mqtt.MessageData - Topic: data/s/nhnacademy/b/gyeongnam_campus/p/pair_room/d/24e124617d159573/n/2/g/24e124fffef79304/e/lora
Message Data:
time: 1745193704604
value: 

2025-04-21 09:01:46 [MQTT Call: JavaClientExample] INFO  com.example.mqtt.InfluxDBService - Extracted tagkey -> location: pair_room, kind: 2, data: lora
Value into InfluxDB: 0.0
2025-04-21 09:01:46 [MQTT Call: JavaClientExample] INFO  com.example.mqtt.MessageData - Data sent to InfluxDBService: data/s/nhnacademy/b/gyeongnam_campus/p/pair_room/d/24e124617d159573/n/2/g/24e124fffef79304/e/lora -> 0.0
2025-04-21 09:01:46 [MQTT Call: JavaClientExample] INFO  com.example.mqtt.MessageData - Topic: data/s/nhnacademy/b/gyeongnam_campus/p/pair_room/d/24e124617d159573/n/2/g/24e124fffef5dccc/e/lora
Message Data:
time: 1745193704604
value: 

2025-04-21 09:01:46 [MQTT Call: JavaClientExample] INFO  com.example.mqtt.InfluxDBService - Extracted tagkey -> location: pair_room, kind: 2, data: lora
Value into InfluxDB: 0.0
2025-04-21 09:01:46 [MQTT Call: JavaClientExample] INFO  com.example.mqtt.MessageData - Data sent to InfluxDBService: data/s/nhnacademy/b/gyeongnam_campus/p/pair_room/d/24e124617d159573/n/2/g/24e124fffef5dccc/e/lora -> 0.0
2025-04-21 09:01:46 [MQTT Call: JavaClientExample] INFO  com.example.mqtt.MessageData - Topic: data/s/nhnacademy/b/gyeongnam_campus/p/campus/d/gem3500_1/n/캠퍼스_LL/e/voltage
Message Data:
time: 1745193706737
value: 382.14

2025-04-21 09:01:46 [MQTT Call: JavaClientExample] INFO  com.example.mqtt.InfluxDBService - Extracted tagkey -> location: campus, kind: 캠퍼스_LL, data: voltage
Value into InfluxDB: 382.14
2025-04-21 09:01:46 [MQTT Call: JavaClientExample] INFO  com.example.mqtt.MessageData - Data sent to InfluxDBService: data/s/nhnacademy/b/gyeongnam_campus/p/campus/d/gem3500_1/n/캠퍼스_LL/e/voltage -> 382.14
2025-04-21 09:01:46 [MQTT Call: JavaClientExample] INFO  com.example.mqtt.MessageData - Topic: data/s/nhnacademy/b/gyeongnam_campus/p/campus/d/gem3500_1/n/캠퍼스_LN/e/voltage
Message Data:
time: 1745193706737
value: 220.62

2025-04-21 09:01:46 [MQTT Call: JavaClientExample] INFO  com.example.mqtt.InfluxDBService - Extracted tagkey -> location: campus, kind: 캠퍼스_LN, data: voltage
Value into InfluxDB: 220.62
2025-04-21 09:01:46 [MQTT Call: JavaClientExample] INFO  com.example.mqtt.MessageData - Data sent to InfluxDBService: data/s/nhnacademy/b/gyeongnam_campus/p/campus/d/gem3500_1/n/캠퍼스_LN/e/voltage -> 220.62
2025-04-21 09:01:46 [MQTT Call: JavaClientExample] INFO  com.example.mqtt.MessageData - Topic: data/s/nhnacademy/b/gyeongnam_campus/p/campus/d/gem3500_1/n/캠퍼스1/e/power_meter
Message Data:
time: 1745193706839
type: 5
leakageCurrent: 0
current: 1976
activePower: 3639
reactivePower: -1577
tapparentPower: 4362
powerFactor: 83.43
currentUnbalance: 73.55
lines: 

2025-04-21 09:01:46 [MQTT Call: JavaClientExample] WARN  com.example.mqtt.MessageData - No 'value' field found in message, skipping InfluxDB write.
2025-04-21 09:01:46 [MQTT Call: JavaClientExample] INFO  com.example.mqtt.MessageData - Topic: data/s/nhnacademy/b/gyeongnam_campus/p/storage/d/24e124136d151547/n/입구/e/temperature
Message Data:
time: 1745193706581
value: -0.1

2025-04-21 09:01:46 [MQTT Call: JavaClientExample] INFO  com.example.mqtt.InfluxDBService - Extracted tagkey -> location: storage, kind: 입구, data: temperature
Value into InfluxDB: -0.1
2025-04-21 09:01:46 [MQTT Call: JavaClientExample] INFO  com.example.mqtt.MessageData - Data sent to InfluxDBService: data/s/nhnacademy/b/gyeongnam_campus/p/storage/d/24e124136d151547/n/입구/e/temperature -> -0.1
2025-04-21 09:01:46 [MQTT Call: JavaClientExample] INFO  com.example.mqtt.MessageData - Topic: data/s/nhnacademy/b/gyeongnam_campus/p/storage/d/24e124136d151547/n/입구/e/humidity
Message Data:
time: 1745193706581
value: 127.5

2025-04-21 09:01:46 [MQTT Call: JavaClientExample] INFO  com.example.mqtt.InfluxDBService - Extracted tagkey -> location: storage, kind: 입구, data: humidity
Value into InfluxDB: 127.5
2025-04-21 09:01:46 [MQTT Call: JavaClientExample] INFO  com.example.mqtt.MessageData - Data sent to InfluxDBService: data/s/nhnacademy/b/gyeongnam_campus/p/storage/d/24e124136d151547/n/입구/e/humidity -> 127.5
2025-04-21 09:01:46 [MQTT Call: JavaClientExample] INFO  com.example.mqtt.MessageData - Topic: data/s/nhnacademy/b/gyeongnam_campus/p/storage/d/24e124136d151547/n/입구/e/battery
Message Data:
time: 1745193706581
value: 1

2025-04-21 09:01:46 [MQTT Call: JavaClientExample] INFO  com.example.mqtt.InfluxDBService - Extracted tagkey -> location: storage, kind: 입구, data: battery
Value into InfluxDB: 1.0
2025-04-21 09:01:46 [MQTT Call: JavaClientExample] INFO  com.example.mqtt.MessageData - Data sent to InfluxDBService: data/s/nhnacademy/b/gyeongnam_campus/p/storage/d/24e124136d151547/n/입구/e/battery -> 1.0
2025-04-21 09:01:46 [MQTT Call: JavaClientExample] INFO  com.example.mqtt.MessageData - Topic: data/s/nhnacademy/b/gyeongnam_campus/p/storage/d/24e124136d151547/n/입구/g/24e124fffef5dccc/e/lora
Message Data:
time: 1745193706581
value: 

2025-04-21 09:01:46 [MQTT Call: JavaClientExample] INFO  com.example.mqtt.InfluxDBService - Extracted tagkey -> location: storage, kind: 입구, data: lora
Value into InfluxDB: 0.0
2025-04-21 09:01:46 [MQTT Call: JavaClientExample] INFO  com.example.mqtt.MessageData - Data sent to InfluxDBService: data/s/nhnacademy/b/gyeongnam_campus/p/storage/d/24e124136d151547/n/입구/g/24e124fffef5dccc/e/lora -> 0.0
2025-04-21 09:01:47 [MQTT Call: JavaClientExample] INFO  com.example.mqtt.MessageData - Topic: data/s/nhnacademy/b/gyeongnam_campus/p/storage/d/24e124136d151547/n/입구/e/temperature
Message Data:
time: 1745193706581
value: -0.1

2025-04-21 09:01:47 [MQTT Call: JavaClientExample] INFO  com.example.mqtt.InfluxDBService - Extracted tagkey -> location: storage, kind: 입구, data: temperature
Value into InfluxDB: -0.1
2025-04-21 09:01:47 [MQTT Call: JavaClientExample] INFO  com.example.mqtt.MessageData - Data sent to InfluxDBService: data/s/nhnacademy/b/gyeongnam_campus/p/storage/d/24e124136d151547/n/입구/e/temperature -> -0.1
2025-04-21 09:01:47 [MQTT Call: JavaClientExample] INFO  com.example.mqtt.MessageData - Topic: data/s/nhnacademy/b/gyeongnam_campus/p/storage/d/24e124136d151547/n/입구/e/humidity
Message Data:
time: 1745193706581
value: 127.5

2025-04-21 09:01:47 [MQTT Call: JavaClientExample] INFO  com.example.mqtt.InfluxDBService - Extracted tagkey -> location: storage, kind: 입구, data: humidity
Value into InfluxDB: 127.5
2025-04-21 09:01:47 [MQTT Call: JavaClientExample] INFO  com.example.mqtt.MessageData - Data sent to InfluxDBService: data/s/nhnacademy/b/gyeongnam_campus/p/storage/d/24e124136d151547/n/입구/e/humidity -> 127.5
2025-04-21 09:01:47 [MQTT Call: JavaClientExample] INFO  com.example.mqtt.MessageData - Topic: data/s/nhnacademy/b/gyeongnam_campus/p/storage/d/24e124136d151547/n/입구/e/battery
Message Data:
time: 1745193706581
value: 1

2025-04-21 09:01:47 [MQTT Call: JavaClientExample] INFO  com.example.mqtt.InfluxDBService - Extracted tagkey -> location: storage, kind: 입구, data: battery
Value into InfluxDB: 1.0
2025-04-21 09:01:47 [MQTT Call: JavaClientExample] INFO  com.example.mqtt.MessageData - Data sent to InfluxDBService: data/s/nhnacademy/b/gyeongnam_campus/p/storage/d/24e124136d151547/n/입구/e/battery -> 1.0
2025-04-21 09:01:47 [MQTT Call: JavaClientExample] INFO  com.example.mqtt.MessageData - Topic: data/s/nhnacademy/b/gyeongnam_campus/p/storage/d/24e124136d151547/n/입구/g/24e124fffef79304/e/lora
Message Data:
time: 1745193706581
value: 

2025-04-21 09:01:47 [MQTT Call: JavaClientExample] INFO  com.example.mqtt.InfluxDBService - Extracted tagkey -> location: storage, kind: 입구, data: lora
Value into InfluxDB: 0.0
2025-04-21 09:01:47 [MQTT Call: JavaClientExample] INFO  com.example.mqtt.MessageData - Data sent to InfluxDBService: data/s/nhnacademy/b/gyeongnam_campus/p/storage/d/24e124136d151547/n/입구/g/24e124fffef79304/e/lora -> 0.0
2025-04-21 09:01:47 [MQTT Call: JavaClientExample] INFO  com.example.mqtt.MessageData - Topic: data/s/nhnacademy/b/gyeongnam_campus/p/storage/d/24e124136d151547/n/입구/g/24e124fffef5dccc/e/lora
Message Data:
time: 1745193706581
value: 

2025-04-21 09:01:47 [MQTT Call: JavaClientExample] INFO  com.example.mqtt.InfluxDBService - Extracted tagkey -> location: storage, kind: 입구, data: lora
Value into InfluxDB: 0.0
2025-04-21 09:01:47 [MQTT Call: JavaClientExample] INFO  com.example.mqtt.MessageData - Data sent to InfluxDBService: data/s/nhnacademy/b/gyeongnam_campus/p/storage/d/24e124136d151547/n/입구/g/24e124fffef5dccc/e/lora -> 0.0
2025-04-21 09:01:47 [MQTT Call: JavaClientExample] INFO  com.example.mqtt.MessageData - Topic: data/s/nhnacademy/b/gyeongnam_campus/p/campus/d/gem3500_1/n/전등1/e/power_meter
Message Data:
time: 1745193706940
type: 3
leakageCurrent: 0
current: 694
activePower: 1308
reactivePower: -340
tapparentPower: 1529
powerFactor: 85.55
currentUnbalance: 0
lines: 

2025-04-21 09:01:47 [MQTT Call: JavaClientExample] WARN  com.example.mqtt.MessageData - No 'value' field found in message, skipping InfluxDB write.
2025-04-21 09:01:47 [MQTT Call: JavaClientExample] INFO  com.example.mqtt.MessageData - Topic: data/s/nhnacademy/b/gyeongnam_campus/p/campus/d/gem3500_1/n/전등2/e/power_meter
Message Data:
time: 1745193707043
type: 1
leakageCurrent: 0
current: 567
activePower: 1140
reactivePower: -290
tapparentPower: 1255
powerFactor: 90.82
currentUnbalance: 0
lines: 

2025-04-21 09:01:47 [MQTT Call: JavaClientExample] WARN  com.example.mqtt.MessageData - No 'value' field found in message, skipping InfluxDB write.
2025-04-21 09:01:47 [MQTT Call: JavaClientExample] INFO  com.example.mqtt.MessageData - Topic: data/s/nhnacademy/b/gyeongnam_campus/p/campus/d/gem3500_1/n/전등3/e/power_meter
Message Data:
time: 1745193707142
type: 2
leakageCurrent: 0
current: 0
activePower: 0
reactivePower: 0
tapparentPower: 0
powerFactor: 0
currentUnbalance: 0
lines: 

2025-04-21 09:01:47 [MQTT Call: JavaClientExample] WARN  com.example.mqtt.MessageData - No 'value' field found in message, skipping InfluxDB write.
2025-04-21 09:01:47 [MQTT Call: JavaClientExample] INFO  com.example.mqtt.MessageData - Topic: data/s/nhnacademy/b/gyeongnam_campus/p/campus/d/gem3500_1/n/강의실b_바닥/e/power_meter
Message Data:
time: 1745193707243
type: 3
leakageCurrent: 0
current: 118
activePower: 141
reactivePower: -170
tapparentPower: 256
powerFactor: 55.14
currentUnbalance: 0
lines: 

2025-04-21 09:01:47 [MQTT Call: JavaClientExample] WARN  com.example.mqtt.MessageData - No 'value' field found in message, skipping InfluxDB write.
2025-04-21 09:01:47 [MQTT Call: JavaClientExample] INFO  com.example.mqtt.MessageData - Topic: data/s/nhnacademy/b/gyeongnam_campus/p/campus/d/gem3500_1/n/강의실a_바닥1/e/power_meter
Message Data:
time: 1745193707344
type: 1
leakageCurrent: 0
current: 105
activePower: 81
reactivePower: -206
tapparentPower: 232
powerFactor: 35.05
currentUnbalance: 0
lines: 

2025-04-21 09:01:47 [MQTT Call: JavaClientExample] WARN  com.example.mqtt.MessageData - No 'value' field found in message, skipping InfluxDB write.
2025-04-21 09:01:47 [MQTT Call: JavaClientExample] INFO  com.example.mqtt.MessageData - Topic: data/s/nhnacademy/b/gyeongnam_campus/p/campus/d/gem3500_1/n/강의실a_바닥2/e/power_meter
Message Data:
time: 1745193707446
type: 2
leakageCurrent: 0
current: 84
activePower: 127
reactivePower: -122
tapparentPower: 192
powerFactor: 66.25
currentUnbalance: 0
lines: 

2025-04-21 09:01:47 [MQTT Call: JavaClientExample] WARN  com.example.mqtt.MessageData - No 'value' field found in message, skipping InfluxDB write.
2025-04-21 09:01:47 [MQTT Call: JavaClientExample] INFO  com.example.mqtt.MessageData - Topic: data/s/nhnacademy/b/gyeongnam_campus/p/campus/d/gem3500_1/n/프로젝터1/e/power_meter
Message Data:
time: 1745193707547
type: 3
leakageCurrent: 0
current: 71
activePower: 72
reactivePower: -129
tapparentPower: 158
powerFactor: 45.45
currentUnbalance: 0
lines: 

2025-04-21 09:01:47 [MQTT Call: JavaClientExample] WARN  com.example.mqtt.MessageData - No 'value' field found in message, skipping InfluxDB write.
2025-04-21 09:01:47 [MQTT Call: JavaClientExample] INFO  com.example.mqtt.MessageData - Topic: data/s/nhnacademy/b/gyeongnam_campus/p/campus/d/gem3500_1/n/프로젝터2/e/power_meter
Message Data:
time: 1745193707648
type: 1
leakageCurrent: 0
current: 27
activePower: 7
reactivePower: -57
tapparentPower: 60
powerFactor: 12
currentUnbalance: 0
lines: 

2025-04-21 09:01:47 [MQTT Call: JavaClientExample] WARN  com.example.mqtt.MessageData - No 'value' field found in message, skipping InfluxDB write.
2025-04-21 09:01:48 [MQTT Call: JavaClientExample] INFO  com.example.mqtt.MessageData - Topic: data/s/nhnacademy/b/gyeongnam_campus/p/campus/d/gem3500_1/n/회의실/e/power_meter
Message Data:
time: 1745193707750
type: 2
leakageCurrent: 0
current: 14
activePower: 7
reactivePower: -28
tapparentPower: 31
powerFactor: 23.07
currentUnbalance: 0
lines: 

2025-04-21 09:01:48 [MQTT Call: JavaClientExample] WARN  com.example.mqtt.MessageData - No 'value' field found in message, skipping InfluxDB write.
2025-04-21 09:01:48 [MQTT Call: JavaClientExample] INFO  com.example.mqtt.MessageData - Topic: data/s/nhnacademy/b/gyeongnam_campus/p/campus/d/gem3500_1/n/서버실/e/power_meter
Message Data:
time: 1745193707851
type: 3
leakageCurrent: 0
current: 196
activePower: 388
reactivePower: -117
tapparentPower: 437
powerFactor: 89.01
currentUnbalance: 0
lines: 

2025-04-21 09:01:48 [MQTT Call: JavaClientExample] WARN  com.example.mqtt.MessageData - No 'value' field found in message, skipping InfluxDB write.
2025-04-21 09:01:48 [MQTT Call: JavaClientExample] INFO  com.example.mqtt.MessageData - Topic: data/s/nhnacademy/b/gyeongnam_campus/p/campus/d/gem3500_1/n/간판/e/power_meter
Message Data:
time: 1745193707953
type: 1
leakageCurrent: 0
current: 0
activePower: 0
reactivePower: 0
tapparentPower: 0
powerFactor: 0
currentUnbalance: 0
lines: 

2025-04-21 09:01:48 [MQTT Call: JavaClientExample] WARN  com.example.mqtt.MessageData - No 'value' field found in message, skipping InfluxDB write.
2025-04-21 09:01:48 [MQTT Call: JavaClientExample] INFO  com.example.mqtt.MessageData - Topic: data/s/nhnacademy/b/gyeongnam_campus/p/campus/d/gem3500_1/n/페어룸/e/power_meter
Message Data:
time: 1745193708054
type: 2
leakageCurrent: 0
current: 0
activePower: 0
reactivePower: 0
tapparentPower: 0
powerFactor: 0
currentUnbalance: 0
lines: 

2025-04-21 09:01:48 [MQTT Call: JavaClientExample] WARN  com.example.mqtt.MessageData - No 'value' field found in message, skipping InfluxDB write.
2025-04-21 09:01:48 [MQTT Call: JavaClientExample] INFO  com.example.mqtt.MessageData - Topic: data/s/nhnacademy/b/gyeongnam_campus/p/campus/d/gem3500_1/n/사무실_전열1/e/power_meter
Message Data:
time: 1745193708155
type: 3
leakageCurrent: 0
current: 84
activePower: 105
reactivePower: -60
tapparentPower: 182
powerFactor: 57.89
currentUnbalance: 0
lines: 

2025-04-21 09:01:48 [MQTT Call: JavaClientExample] WARN  com.example.mqtt.MessageData - No 'value' field found in message, skipping InfluxDB write.
2025-04-21 09:01:48 [MQTT Call: JavaClientExample] INFO  com.example.mqtt.MessageData - Topic: data/s/nhnacademy/b/gyeongnam_campus/p/campus/d/gem3500_1/n/사무실_전열2/e/power_meter
Message Data:
time: 1745193708256
type: 3
leakageCurrent: 0
current: 26
activePower: 9
reactivePower: -55
tapparentPower: 57
powerFactor: 16.66
currentUnbalance: 0
lines: 

2025-04-21 09:01:48 [MQTT Call: JavaClientExample] WARN  com.example.mqtt.MessageData - No 'value' field found in message, skipping InfluxDB write.
2025-04-21 09:01:48 [MQTT Call: JavaClientExample] INFO  com.example.mqtt.MessageData - Topic: data/s/nhnacademy/b/gyeongnam_campus/p/campus/d/gem3500_1/n/사무실_복사기/e/power_meter
Message Data:
time: 1745193708356
type: 1
leakageCurrent: 0
current: 7
activePower: 7
reactivePower: 0
tapparentPower: 14
powerFactor: 50
currentUnbalance: 0
lines: 

2025-04-21 09:01:48 [MQTT Call: JavaClientExample] WARN  com.example.mqtt.MessageData - No 'value' field found in message, skipping InfluxDB write.
2025-04-21 09:01:48 [MQTT Call: JavaClientExample] INFO  com.example.mqtt.MessageData - Topic: data/s/nhnacademy/b/gyeongnam_campus/p/campus/d/gem3500_1/n/빌트인_전열/e/power_meter
Message Data:
time: 1745193708458
type: 2
leakageCurrent: 0
current: 5
activePower: 4
reactivePower: -4
tapparentPower: 12
powerFactor: 40
currentUnbalance: 0
lines: 

2025-04-21 09:01:48 [MQTT Call: JavaClientExample] WARN  com.example.mqtt.MessageData - No 'value' field found in message, skipping InfluxDB write.
2025-04-21 09:01:48 [MQTT Call: JavaClientExample] INFO  com.example.mqtt.MessageData - Topic: data/s/nhnacademy/b/gyeongnam_campus/p/campus/d/gem3500_1/n/사무실_전열3/e/power_meter
Message Data:
time: 1745193708561
type: 3
leakageCurrent: 0
current: 0
activePower: 0
reactivePower: 0
tapparentPower: 0
powerFactor: 0
currentUnbalance: 0
lines: 

2025-04-21 09:01:48 [MQTT Call: JavaClientExample] WARN  com.example.mqtt.MessageData - No 'value' field found in message, skipping InfluxDB write.
2025-04-21 09:01:48 [MQTT Call: JavaClientExample] INFO  com.example.mqtt.MessageData - Topic: data/s/nhnacademy/b/gyeongnam_campus/p/campus/d/gem3500_1/n/정수기/e/power_meter
Message Data:
time: 1745193708660
type: 1
leakageCurrent: 0
current: 70
activePower: 93
reactivePower: 124
tapparentPower: 153
powerFactor: 60.93
currentUnbalance: 0
lines: 

2025-04-21 09:01:48 [MQTT Call: JavaClientExample] WARN  com.example.mqtt.MessageData - No 'value' field found in message, skipping InfluxDB write.
2025-04-21 09:01:52 [MQTT Call: JavaClientExample] INFO  com.example.mqtt.MessageData - Topic: data/s/nhnacademy/b/gyeongnam_campus/p/campus/d/gem3500_1/n/하이브_전열/e/power_meter
Message Data:
time: 1745193708761
type: 2
leakageCurrent: 0
current: 65
activePower: 124
reactivePower: -48
tapparentPower: 144
powerFactor: 86.66
currentUnbalance: 0
lines: 

2025-04-21 09:01:52 [MQTT Call: JavaClientExample] WARN  com.example.mqtt.MessageData - No 'value' field found in message, skipping InfluxDB write.
2025-04-21 09:01:52 [MQTT Call: JavaClientExample] INFO  com.example.mqtt.MessageData - Topic: data/s/nhnacademy/b/gyeongnam_campus/p/campus/d/gem3500_1/n/바텐_전열/e/power_meter
Message Data:
time: 1745193708863
type: 3
leakageCurrent: 0
current: 0
activePower: 0
reactivePower: 0
tapparentPower: 0
powerFactor: 0
currentUnbalance: 0
lines: 

2025-04-21 09:01:52 [MQTT Call: JavaClientExample] WARN  com.example.mqtt.MessageData - No 'value' field found in message, skipping InfluxDB write.
2025-04-21 09:01:52 [MQTT Call: JavaClientExample] INFO  com.example.mqtt.MessageData - Topic: data/s/nhnacademy/b/gyeongnam_campus/p/campus/d/gem3500_1/n/S_P/e/power_meter
Message Data:
time: 1745193708968
type: 1
leakageCurrent: 0
current: 0
activePower: 0
reactivePower: 0
tapparentPower: 0
powerFactor: 0
currentUnbalance: 0
lines: 

2025-04-21 09:01:52 [MQTT Call: JavaClientExample] WARN  com.example.mqtt.MessageData - No 'value' field found in message, skipping InfluxDB write.
2025-04-21 09:01:52 [MQTT Call: JavaClientExample] INFO  com.example.mqtt.MessageData - Topic: data/s/nhnacademy/b/gyeongnam_campus/p/campus/d/gem3500_1/n/공조기/e/power_meter
Message Data:
time: 1745193709065
type: 2
leakageCurrent: 0
current: 16
activePower: 2
reactivePower: -36
tapparentPower: 38
powerFactor: 6.24
currentUnbalance: 0
lines: 

2025-04-21 09:01:52 [MQTT Call: JavaClientExample] WARN  com.example.mqtt.MessageData - No 'value' field found in message, skipping InfluxDB write.
2025-04-21 09:01:52 [MQTT Call: JavaClientExample] INFO  com.example.mqtt.MessageData - Topic: data/s/nhnacademy/b/gyeongnam_campus/p/campus/d/gem3500_1/n/AC/e/power_meter
Message Data:
time: 1745193709167
type: 3
leakageCurrent: 0
current: 16
activePower: 12
reactivePower: -26
tapparentPower: 36
powerFactor: 33.33
currentUnbalance: 0
lines: 

2025-04-21 09:01:52 [MQTT Call: JavaClientExample] WARN  com.example.mqtt.MessageData - No 'value' field found in message, skipping InfluxDB write.
2025-04-21 09:01:52 [MQTT Call: JavaClientExample] INFO  com.example.mqtt.MessageData - Topic: data/s/nhnacademy/b/gyeongnam_campus/p/class_a/d/24e124126d152969/n/왼쪽 뒤/e/humidity
Message Data:
time: 1745193712615
value: 52.5

2025-04-21 09:01:52 [MQTT Call: JavaClientExample] INFO  com.example.mqtt.InfluxDBService - Extracted tagkey -> location: class_a, kind: 왼쪽 뒤, data: humidity
Value into InfluxDB: 52.5
2025-04-21 09:01:52 [MQTT Call: JavaClientExample] INFO  com.example.mqtt.MessageData - Data sent to InfluxDBService: data/s/nhnacademy/b/gyeongnam_campus/p/class_a/d/24e124126d152969/n/왼쪽 뒤/e/humidity -> 52.5
2025-04-21 09:01:52 [MQTT Call: JavaClientExample] INFO  com.example.mqtt.MessageData - Topic: data/s/nhnacademy/b/gyeongnam_campus/p/class_a/d/24e124126d152969/n/왼쪽 뒤/e/pressure
Message Data:
time: 1745193712615
value: 1017

2025-04-21 09:01:52 [MQTT Call: JavaClientExample] INFO  com.example.mqtt.InfluxDBService - Extracted tagkey -> location: class_a, kind: 왼쪽 뒤, data: pressure
Value into InfluxDB: 1017.0
2025-04-21 09:01:52 [MQTT Call: JavaClientExample] INFO  com.example.mqtt.MessageData - Data sent to InfluxDBService: data/s/nhnacademy/b/gyeongnam_campus/p/class_a/d/24e124126d152969/n/왼쪽 뒤/e/pressure -> 1017.0
2025-04-21 09:01:52 [MQTT Call: JavaClientExample] INFO  com.example.mqtt.MessageData - Topic: data/s/nhnacademy/b/gyeongnam_campus/p/class_a/d/24e124126d152969/n/왼쪽 뒤/e/temperature
Message Data:
time: 1745193712615
value: 22.6

2025-04-21 09:01:52 [MQTT Call: JavaClientExample] INFO  com.example.mqtt.InfluxDBService - Extracted tagkey -> location: class_a, kind: 왼쪽 뒤, data: temperature
Value into InfluxDB: 22.6
2025-04-21 09:01:52 [MQTT Call: JavaClientExample] INFO  com.example.mqtt.MessageData - Data sent to InfluxDBService: data/s/nhnacademy/b/gyeongnam_campus/p/class_a/d/24e124126d152969/n/왼쪽 뒤/e/temperature -> 22.6
2025-04-21 09:01:52 [MQTT Call: JavaClientExample] INFO  com.example.mqtt.MessageData - Topic: data/s/nhnacademy/b/gyeongnam_campus/p/class_a/d/24e124126d152969/n/왼쪽 뒤/e/co2
Message Data:
time: 1745193712615
value: 555

2025-04-21 09:01:52 [MQTT Call: JavaClientExample] INFO  com.example.mqtt.InfluxDBService - Extracted tagkey -> location: class_a, kind: 왼쪽 뒤, data: co2
Value into InfluxDB: 555.0
2025-04-21 09:01:52 [MQTT Call: JavaClientExample] INFO  com.example.mqtt.MessageData - Data sent to InfluxDBService: data/s/nhnacademy/b/gyeongnam_campus/p/class_a/d/24e124126d152969/n/왼쪽 뒤/e/co2 -> 555.0
2025-04-21 09:01:52 [MQTT Call: JavaClientExample] INFO  com.example.mqtt.MessageData - Topic: data/s/nhnacademy/b/gyeongnam_campus/p/class_a/d/24e124126d152969/n/왼쪽 뒤/g/24e124fffef5dccc/e/lora
Message Data:
time: 1745193712615
value: 

2025-04-21 09:01:52 [MQTT Call: JavaClientExample] INFO  com.example.mqtt.InfluxDBService - Extracted tagkey -> location: class_a, kind: 왼쪽 뒤, data: lora
Value into InfluxDB: 0.0
2025-04-21 09:01:52 [MQTT Call: JavaClientExample] INFO  com.example.mqtt.MessageData - Data sent to InfluxDBService: data/s/nhnacademy/b/gyeongnam_campus/p/class_a/d/24e124126d152969/n/왼쪽 뒤/g/24e124fffef5dccc/e/lora -> 0.0
2025-04-21 09:01:52 [MQTT Call: JavaClientExample] INFO  com.example.mqtt.MessageData - Topic: data/s/nhnacademy/b/gyeongnam_campus/p/class_a/d/24e124126d152969/n/왼쪽 뒤/g/24e124fffef79304/e/lora
Message Data:
time: 1745193712615
value: 

2025-04-21 09:01:52 [MQTT Call: JavaClientExample] INFO  com.example.mqtt.InfluxDBService - Extracted tagkey -> location: class_a, kind: 왼쪽 뒤, data: lora
Value into InfluxDB: 0.0
2025-04-21 09:01:52 [MQTT Call: JavaClientExample] INFO  com.example.mqtt.MessageData - Data sent to InfluxDBService: data/s/nhnacademy/b/gyeongnam_campus/p/class_a/d/24e124126d152969/n/왼쪽 뒤/g/24e124fffef79304/e/lora -> 0.0
2025-04-21 09:01:52 [MQTT Call: JavaClientExample] INFO  com.example.mqtt.MessageData - Topic: data/s/nhnacademy/b/gyeongnam_campus/p/class_a/d/24e124126d152969/n/왼쪽 뒤/e/temperature
Message Data:
time: 1745193712615
value: 22.6

2025-04-21 09:01:52 [MQTT Call: JavaClientExample] INFO  com.example.mqtt.InfluxDBService - Extracted tagkey -> location: class_a, kind: 왼쪽 뒤, data: temperature
Value into InfluxDB: 22.6
2025-04-21 09:01:52 [MQTT Call: JavaClientExample] INFO  com.example.mqtt.MessageData - Data sent to InfluxDBService: data/s/nhnacademy/b/gyeongnam_campus/p/class_a/d/24e124126d152969/n/왼쪽 뒤/e/temperature -> 22.6
2025-04-21 09:01:52 [MQTT Call: JavaClientExample] INFO  com.example.mqtt.MessageData - Topic: data/s/nhnacademy/b/gyeongnam_campus/p/class_a/d/24e124126d152969/n/왼쪽 뒤/e/pressure
Message Data:
time: 1745193712615
value: 1017

2025-04-21 09:01:52 [MQTT Call: JavaClientExample] INFO  com.example.mqtt.InfluxDBService - Extracted tagkey -> location: class_a, kind: 왼쪽 뒤, data: pressure
Value into InfluxDB: 1017.0
2025-04-21 09:01:52 [MQTT Call: JavaClientExample] INFO  com.example.mqtt.MessageData - Data sent to InfluxDBService: data/s/nhnacademy/b/gyeongnam_campus/p/class_a/d/24e124126d152969/n/왼쪽 뒤/e/pressure -> 1017.0
2025-04-21 09:01:52 [MQTT Call: JavaClientExample] INFO  com.example.mqtt.MessageData - Topic: data/s/nhnacademy/b/gyeongnam_campus/p/class_a/d/24e124126d152969/n/왼쪽 뒤/e/co2
Message Data:
time: 1745193712615
value: 555

2025-04-21 09:01:52 [MQTT Call: JavaClientExample] INFO  com.example.mqtt.InfluxDBService - Extracted tagkey -> location: class_a, kind: 왼쪽 뒤, data: co2
Value into InfluxDB: 555.0
2025-04-21 09:01:52 [MQTT Call: JavaClientExample] INFO  com.example.mqtt.MessageData - Data sent to InfluxDBService: data/s/nhnacademy/b/gyeongnam_campus/p/class_a/d/24e124126d152969/n/왼쪽 뒤/e/co2 -> 555.0
2025-04-21 09:01:52 [MQTT Call: JavaClientExample] INFO  com.example.mqtt.MessageData - Topic: data/s/nhnacademy/b/gyeongnam_campus/p/class_a/d/24e124126d152969/n/왼쪽 뒤/e/humidity
Message Data:
time: 1745193712615
value: 52.5

2025-04-21 09:01:52 [MQTT Call: JavaClientExample] INFO  com.example.mqtt.InfluxDBService - Extracted tagkey -> location: class_a, kind: 왼쪽 뒤, data: humidity
Value into InfluxDB: 52.5
2025-04-21 09:01:52 [MQTT Call: JavaClientExample] INFO  com.example.mqtt.MessageData - Data sent to InfluxDBService: data/s/nhnacademy/b/gyeongnam_campus/p/class_a/d/24e124126d152969/n/왼쪽 뒤/e/humidity -> 52.5
2025-04-21 09:01:53 [MQTT Call: JavaClientExample] INFO  com.example.mqtt.MessageData - Topic: data/s/nhnacademy/b/gyeongnam_campus/p/class_a/d/24e124126d152969/n/왼쪽 뒤/g/24e124fffef79304/e/lora
Message Data:
time: 1745193712615
value: 

2025-04-21 09:01:53 [MQTT Call: JavaClientExample] INFO  com.example.mqtt.InfluxDBService - Extracted tagkey -> location: class_a, kind: 왼쪽 뒤, data: lora
Value into InfluxDB: 0.0
2025-04-21 09:01:53 [MQTT Call: JavaClientExample] INFO  com.example.mqtt.MessageData - Data sent to InfluxDBService: data/s/nhnacademy/b/gyeongnam_campus/p/class_a/d/24e124126d152969/n/왼쪽 뒤/g/24e124fffef79304/e/lora -> 0.0
2025-04-21 09:02:10 [MQTT Call: JavaClientExample] INFO  com.example.mqtt.MessageData - Topic: data/s/nhnacademy/b/gyeongnam_campus/p/office/d/24e124126d152919/n/보드/e/co2
Message Data:
time: 1745193729890
value: 591

2025-04-21 09:02:10 [MQTT Call: JavaClientExample] INFO  com.example.mqtt.InfluxDBService - Extracted tagkey -> location: office, kind: 보드, data: co2
Value into InfluxDB: 591.0
2025-04-21 09:02:10 [MQTT Call: JavaClientExample] INFO  com.example.mqtt.MessageData - Data sent to InfluxDBService: data/s/nhnacademy/b/gyeongnam_campus/p/office/d/24e124126d152919/n/보드/e/co2 -> 591.0
2025-04-21 09:02:10 [MQTT Call: JavaClientExample] INFO  com.example.mqtt.MessageData - Topic: data/s/nhnacademy/b/gyeongnam_campus/p/office/d/24e124126d152919/n/보드/e/pressure
Message Data:
time: 1745193729890
value: 1017

2025-04-21 09:02:10 [MQTT Call: JavaClientExample] INFO  com.example.mqtt.InfluxDBService - Extracted tagkey -> location: office, kind: 보드, data: pressure
Value into InfluxDB: 1017.0
2025-04-21 09:02:10 [MQTT Call: JavaClientExample] INFO  com.example.mqtt.MessageData - Data sent to InfluxDBService: data/s/nhnacademy/b/gyeongnam_campus/p/office/d/24e124126d152919/n/보드/e/pressure -> 1017.0
2025-04-21 09:02:10 [MQTT Call: JavaClientExample] INFO  com.example.mqtt.MessageData - Topic: data/s/nhnacademy/b/gyeongnam_campus/p/office/d/24e124126d152919/n/보드/e/temperature
Message Data:
time: 1745193729890
value: 23.4

2025-04-21 09:02:10 [MQTT Call: JavaClientExample] INFO  com.example.mqtt.InfluxDBService - Extracted tagkey -> location: office, kind: 보드, data: temperature
Value into InfluxDB: 23.4
2025-04-21 09:02:10 [MQTT Call: JavaClientExample] INFO  com.example.mqtt.MessageData - Data sent to InfluxDBService: data/s/nhnacademy/b/gyeongnam_campus/p/office/d/24e124126d152919/n/보드/e/temperature -> 23.4
2025-04-21 09:02:10 [MQTT Call: JavaClientExample] INFO  com.example.mqtt.MessageData - Topic: data/s/nhnacademy/b/gyeongnam_campus/p/office/d/24e124126d152919/n/보드/e/humidity
Message Data:
time: 1745193729890
value: 52

2025-04-21 09:02:10 [MQTT Call: JavaClientExample] INFO  com.example.mqtt.InfluxDBService - Extracted tagkey -> location: office, kind: 보드, data: humidity
Value into InfluxDB: 52.0
2025-04-21 09:02:10 [MQTT Call: JavaClientExample] INFO  com.example.mqtt.MessageData - Data sent to InfluxDBService: data/s/nhnacademy/b/gyeongnam_campus/p/office/d/24e124126d152919/n/보드/e/humidity -> 52.0
2025-04-21 09:02:10 [MQTT Call: JavaClientExample] INFO  com.example.mqtt.MessageData - Topic: data/s/nhnacademy/b/gyeongnam_campus/p/office/d/24e124126d152919/n/보드/g/24e124fffef79304/e/lora
Message Data:
time: 1745193729890
value: 

2025-04-21 09:02:10 [MQTT Call: JavaClientExample] INFO  com.example.mqtt.InfluxDBService - Extracted tagkey -> location: office, kind: 보드, data: lora
Value into InfluxDB: 0.0
2025-04-21 09:02:10 [MQTT Call: JavaClientExample] INFO  com.example.mqtt.MessageData - Data sent to InfluxDBService: data/s/nhnacademy/b/gyeongnam_campus/p/office/d/24e124126d152919/n/보드/g/24e124fffef79304/e/lora -> 0.0
2025-04-21 09:02:10 [MQTT Call: JavaClientExample] INFO  com.example.mqtt.MessageData - Topic: data/s/nhnacademy/b/gyeongnam_campus/p/office/d/24e124126d152919/n/보드/g/24e124fffef5dccc/e/lora
Message Data:
time: 1745193729890
value: 

2025-04-21 09:02:10 [MQTT Call: JavaClientExample] INFO  com.example.mqtt.InfluxDBService - Extracted tagkey -> location: office, kind: 보드, data: lora
Value into InfluxDB: 0.0
2025-04-21 09:02:10 [MQTT Call: JavaClientExample] INFO  com.example.mqtt.MessageData - Data sent to InfluxDBService: data/s/nhnacademy/b/gyeongnam_campus/p/office/d/24e124126d152919/n/보드/g/24e124fffef5dccc/e/lora -> 0.0
2025-04-21 09:02:10 [MQTT Call: JavaClientExample] INFO  com.example.mqtt.MessageData - Topic: data/s/nhnacademy/b/gyeongnam_campus/p/office/d/24e124126d152919/n/보드/e/temperature
Message Data:
time: 1745193729890
value: 23.4

2025-04-21 09:02:10 [MQTT Call: JavaClientExample] INFO  com.example.mqtt.InfluxDBService - Extracted tagkey -> location: office, kind: 보드, data: temperature
Value into InfluxDB: 23.4
2025-04-21 09:02:10 [MQTT Call: JavaClientExample] INFO  com.example.mqtt.MessageData - Data sent to InfluxDBService: data/s/nhnacademy/b/gyeongnam_campus/p/office/d/24e124126d152919/n/보드/e/temperature -> 23.4
2025-04-21 09:02:10 [MQTT Call: JavaClientExample] INFO  com.example.mqtt.MessageData - Topic: data/s/nhnacademy/b/gyeongnam_campus/p/office/d/24e124126d152919/n/보드/e/pressure
Message Data:
time: 1745193729890
value: 1017

2025-04-21 09:02:10 [MQTT Call: JavaClientExample] INFO  com.example.mqtt.InfluxDBService - Extracted tagkey -> location: office, kind: 보드, data: pressure
Value into InfluxDB: 1017.0
2025-04-21 09:02:10 [MQTT Call: JavaClientExample] INFO  com.example.mqtt.MessageData - Data sent to InfluxDBService: data/s/nhnacademy/b/gyeongnam_campus/p/office/d/24e124126d152919/n/보드/e/pressure -> 1017.0
2025-04-21 09:02:10 [MQTT Call: JavaClientExample] INFO  com.example.mqtt.MessageData - Topic: data/s/nhnacademy/b/gyeongnam_campus/p/office/d/24e124126d152919/n/보드/e/co2
Message Data:
time: 1745193729890
value: 591

2025-04-21 09:02:10 [MQTT Call: JavaClientExample] INFO  com.example.mqtt.InfluxDBService - Extracted tagkey -> location: office, kind: 보드, data: co2
Value into InfluxDB: 591.0
2025-04-21 09:02:10 [MQTT Call: JavaClientExample] INFO  com.example.mqtt.MessageData - Data sent to InfluxDBService: data/s/nhnacademy/b/gyeongnam_campus/p/office/d/24e124126d152919/n/보드/e/co2 -> 591.0
2025-04-21 09:02:10 [MQTT Call: JavaClientExample] INFO  com.example.mqtt.MessageData - Topic: data/s/nhnacademy/b/gyeongnam_campus/p/office/d/24e124126d152919/n/보드/e/humidity
Message Data:
time: 1745193729890
value: 52

2025-04-21 09:02:10 [MQTT Call: JavaClientExample] INFO  com.example.mqtt.InfluxDBService - Extracted tagkey -> location: office, kind: 보드, data: humidity
Value into InfluxDB: 52.0
2025-04-21 09:02:10 [MQTT Call: JavaClientExample] INFO  com.example.mqtt.MessageData - Data sent to InfluxDBService: data/s/nhnacademy/b/gyeongnam_campus/p/office/d/24e124126d152919/n/보드/e/humidity -> 52.0
2025-04-21 09:02:10 [MQTT Call: JavaClientExample] INFO  com.example.mqtt.MessageData - Topic: data/s/nhnacademy/b/gyeongnam_campus/p/office/d/24e124126d152919/n/보드/g/24e124fffef5dccc/e/lora
Message Data:
time: 1745193729890
value: 

2025-04-21 09:02:10 [MQTT Call: JavaClientExample] INFO  com.example.mqtt.InfluxDBService - Extracted tagkey -> location: office, kind: 보드, data: lora
Value into InfluxDB: 0.0
2025-04-21 09:02:10 [MQTT Call: JavaClientExample] INFO  com.example.mqtt.MessageData - Data sent to InfluxDBService: data/s/nhnacademy/b/gyeongnam_campus/p/office/d/24e124126d152919/n/보드/g/24e124fffef5dccc/e/lora -> 0.0
2025-04-21 09:02:16 [MQTT Call: JavaClientExample] INFO  com.example.mqtt.MessageData - Topic: data/s/nhnacademy/b/gyeongnam_campus/p/hive/d/24e124725d081175/sp/8인 책상/n/8인 책상/e/temperature
Message Data:
time: 1745193736061
value: 23.8

2025-04-21 09:02:16 [MQTT Call: JavaClientExample] INFO  com.example.mqtt.InfluxDBService - Extracted tagkey -> location: hive, kind: 8인 책상, data: temperature
Value into InfluxDB: 23.8
2025-04-21 09:02:16 [MQTT Call: JavaClientExample] INFO  com.example.mqtt.MessageData - Data sent to InfluxDBService: data/s/nhnacademy/b/gyeongnam_campus/p/hive/d/24e124725d081175/sp/8인 책상/n/8인 책상/e/temperature -> 23.8
2025-04-21 09:02:17 [MQTT Call: JavaClientExample] INFO  com.example.mqtt.MessageData - Topic: data/s/nhnacademy/b/gyeongnam_campus/p/hive/d/24e124725d081175/sp/8인 책상/n/8인 책상/e/co2
Message Data:
time: 1745193736061
value: 502

2025-04-21 09:02:17 [MQTT Call: JavaClientExample] INFO  com.example.mqtt.InfluxDBService - Extracted tagkey -> location: hive, kind: 8인 책상, data: co2
Value into InfluxDB: 502.0
2025-04-21 09:02:17 [MQTT Call: JavaClientExample] INFO  com.example.mqtt.MessageData - Data sent to InfluxDBService: data/s/nhnacademy/b/gyeongnam_campus/p/hive/d/24e124725d081175/sp/8인 책상/n/8인 책상/e/co2 -> 502.0
2025-04-21 09:02:17 [MQTT Call: JavaClientExample] INFO  com.example.mqtt.MessageData - Topic: data/s/nhnacademy/b/gyeongnam_campus/p/hive/d/24e124725d081175/sp/8인 책상/n/8인 책상/e/battery
Message Data:
time: 1745193736061
value: 77

2025-04-21 09:02:17 [MQTT Call: JavaClientExample] INFO  com.example.mqtt.InfluxDBService - Extracted tagkey -> location: hive, kind: 8인 책상, data: battery
Value into InfluxDB: 77.0
2025-04-21 09:02:17 [MQTT Call: JavaClientExample] INFO  com.example.mqtt.MessageData - Data sent to InfluxDBService: data/s/nhnacademy/b/gyeongnam_campus/p/hive/d/24e124725d081175/sp/8인 책상/n/8인 책상/e/battery -> 77.0
2025-04-21 09:02:17 [MQTT Call: JavaClientExample] INFO  com.example.mqtt.MessageData - Topic: data/s/nhnacademy/b/gyeongnam_campus/p/hive/d/24e124725d081175/sp/8인 책상/n/8인 책상/e/humidity
Message Data:
time: 1745193736061
value: 47.5

2025-04-21 09:02:17 [MQTT Call: JavaClientExample] INFO  com.example.mqtt.InfluxDBService - Extracted tagkey -> location: hive, kind: 8인 책상, data: humidity
Value into InfluxDB: 47.5
2025-04-21 09:02:17 [MQTT Call: JavaClientExample] INFO  com.example.mqtt.MessageData - Data sent to InfluxDBService: data/s/nhnacademy/b/gyeongnam_campus/p/hive/d/24e124725d081175/sp/8인 책상/n/8인 책상/e/humidity -> 47.5
2025-04-21 09:02:17 [MQTT Call: JavaClientExample] INFO  com.example.mqtt.MessageData - Topic: data/s/nhnacademy/b/gyeongnam_campus/p/hive/d/24e124725d081175/sp/8인 책상/n/8인 책상/g/24e124fffef5dccc/e/lora
Message Data:
time: 1745193736061
value: 

2025-04-21 09:02:17 [MQTT Call: JavaClientExample] INFO  com.example.mqtt.InfluxDBService - Extracted tagkey -> location: hive, kind: 8인 책상, data: lora
Value into InfluxDB: 0.0
2025-04-21 09:02:17 [MQTT Call: JavaClientExample] INFO  com.example.mqtt.MessageData - Data sent to InfluxDBService: data/s/nhnacademy/b/gyeongnam_campus/p/hive/d/24e124725d081175/sp/8인 책상/n/8인 책상/g/24e124fffef5dccc/e/lora -> 0.0
2025-04-21 09:02:17 [MQTT Call: JavaClientExample] INFO  com.example.mqtt.MessageData - Topic: data/s/nhnacademy/b/gyeongnam_campus/p/hive/d/24e124725d081175/sp/8인 책상/n/8인 책상/g/24e124fffef79304/e/lora
Message Data:
time: 1745193736061
value: 

2025-04-21 09:02:17 [MQTT Call: JavaClientExample] INFO  com.example.mqtt.InfluxDBService - Extracted tagkey -> location: hive, kind: 8인 책상, data: lora
Value into InfluxDB: 0.0
2025-04-21 09:02:17 [MQTT Call: JavaClientExample] INFO  com.example.mqtt.MessageData - Data sent to InfluxDBService: data/s/nhnacademy/b/gyeongnam_campus/p/hive/d/24e124725d081175/sp/8인 책상/n/8인 책상/g/24e124fffef79304/e/lora -> 0.0
2025-04-21 09:02:18 [MQTT Call: JavaClientExample] INFO  com.example.mqtt.MessageData - Topic: data/s/nhnacademy/b/gyeongnam_campus/p/class_a/d/24e124128c067999/sp/입구/n/입구/e/co2
Message Data:
time: 1745193737382
value: 551

2025-04-21 09:02:18 [MQTT Call: JavaClientExample] INFO  com.example.mqtt.InfluxDBService - Extracted tagkey -> location: class_a, kind: 입구, data: co2
Value into InfluxDB: 551.0
2025-04-21 09:02:18 [MQTT Call: JavaClientExample] INFO  com.example.mqtt.MessageData - Data sent to InfluxDBService: data/s/nhnacademy/b/gyeongnam_campus/p/class_a/d/24e124128c067999/sp/입구/n/입구/e/co2 -> 551.0
2025-04-21 09:02:18 [MQTT Call: JavaClientExample] INFO  com.example.mqtt.MessageData - Topic: data/s/nhnacademy/b/gyeongnam_campus/p/class_a/d/24e124128c067999/sp/입구/n/입구/e/temperature
Message Data:
time: 1745193737382
value: 23.6

2025-04-21 09:02:18 [MQTT Call: JavaClientExample] INFO  com.example.mqtt.InfluxDBService - Extracted tagkey -> location: class_a, kind: 입구, data: temperature
Value into InfluxDB: 23.6
2025-04-21 09:02:18 [MQTT Call: JavaClientExample] INFO  com.example.mqtt.MessageData - Data sent to InfluxDBService: data/s/nhnacademy/b/gyeongnam_campus/p/class_a/d/24e124128c067999/sp/입구/n/입구/e/temperature -> 23.6
2025-04-21 09:02:18 [MQTT Call: JavaClientExample] INFO  com.example.mqtt.MessageData - Topic: data/s/nhnacademy/b/gyeongnam_campus/p/class_a/d/24e124128c067999/sp/입구/n/입구/e/activity
Message Data:
time: 1745193737382
value: 13

2025-04-21 09:02:18 [MQTT Call: JavaClientExample] INFO  com.example.mqtt.InfluxDBService - Extracted tagkey -> location: class_a, kind: 입구, data: activity
Value into InfluxDB: 13.0
2025-04-21 09:02:18 [MQTT Call: JavaClientExample] INFO  com.example.mqtt.MessageData - Data sent to InfluxDBService: data/s/nhnacademy/b/gyeongnam_campus/p/class_a/d/24e124128c067999/sp/입구/n/입구/e/activity -> 13.0
2025-04-21 09:02:18 [MQTT Call: JavaClientExample] INFO  com.example.mqtt.MessageData - Topic: data/s/nhnacademy/b/gyeongnam_campus/p/class_a/d/24e124128c067999/sp/입구/n/입구/e/humidity
Message Data:
time: 1745193737382
value: 47

2025-04-21 09:02:18 [MQTT Call: JavaClientExample] INFO  com.example.mqtt.InfluxDBService - Extracted tagkey -> location: class_a, kind: 입구, data: humidity
Value into InfluxDB: 47.0
2025-04-21 09:02:18 [MQTT Call: JavaClientExample] INFO  com.example.mqtt.MessageData - Data sent to InfluxDBService: data/s/nhnacademy/b/gyeongnam_campus/p/class_a/d/24e124128c067999/sp/입구/n/입구/e/humidity -> 47.0
2025-04-21 09:02:18 [MQTT Call: JavaClientExample] INFO  com.example.mqtt.MessageData - Topic: data/s/nhnacademy/b/gyeongnam_campus/p/class_a/d/24e124128c067999/sp/입구/n/입구/e/pressure
Message Data:
time: 1745193737382
value: 1009.4

2025-04-21 09:02:18 [MQTT Call: JavaClientExample] INFO  com.example.mqtt.InfluxDBService - Extracted tagkey -> location: class_a, kind: 입구, data: pressure
Value into InfluxDB: 1009.4
2025-04-21 09:02:18 [MQTT Call: JavaClientExample] INFO  com.example.mqtt.MessageData - Data sent to InfluxDBService: data/s/nhnacademy/b/gyeongnam_campus/p/class_a/d/24e124128c067999/sp/입구/n/입구/e/pressure -> 1009.4
2025-04-21 09:02:18 [MQTT Call: JavaClientExample] INFO  com.example.mqtt.MessageData - Topic: data/s/nhnacademy/b/gyeongnam_campus/p/class_a/d/24e124128c067999/sp/입구/n/입구/e/infrared_and_visible
Message Data:
time: 1745193737382
value: 44

2025-04-21 09:02:18 [MQTT Call: JavaClientExample] INFO  com.example.mqtt.InfluxDBService - Extracted tagkey -> location: class_a, kind: 입구, data: infrared_and_visible
Value into InfluxDB: 44.0
2025-04-21 09:02:18 [MQTT Call: JavaClientExample] INFO  com.example.mqtt.MessageData - Data sent to InfluxDBService: data/s/nhnacademy/b/gyeongnam_campus/p/class_a/d/24e124128c067999/sp/입구/n/입구/e/infrared_and_visible -> 44.0
2025-04-21 09:02:18 [MQTT Call: JavaClientExample] INFO  com.example.mqtt.MessageData - Topic: data/s/nhnacademy/b/gyeongnam_campus/p/class_a/d/24e124128c067999/sp/입구/n/입구/e/infrared
Message Data:
time: 1745193737382
value: 7

2025-04-21 09:02:18 [MQTT Call: JavaClientExample] INFO  com.example.mqtt.InfluxDBService - Extracted tagkey -> location: class_a, kind: 입구, data: infrared
Value into InfluxDB: 7.0
2025-04-21 09:02:18 [MQTT Call: JavaClientExample] INFO  com.example.mqtt.MessageData - Data sent to InfluxDBService: data/s/nhnacademy/b/gyeongnam_campus/p/class_a/d/24e124128c067999/sp/입구/n/입구/e/infrared -> 7.0
2025-04-21 09:02:18 [MQTT Call: JavaClientExample] INFO  com.example.mqtt.MessageData - Topic: data/s/nhnacademy/b/gyeongnam_campus/p/class_a/d/24e124128c067999/sp/입구/n/입구/e/tvoc
Message Data:
time: 1745193737382
value: 308

2025-04-21 09:02:18 [MQTT Call: JavaClientExample] INFO  com.example.mqtt.InfluxDBService - Extracted tagkey -> location: class_a, kind: 입구, data: tvoc
Value into InfluxDB: 308.0
2025-04-21 09:02:18 [MQTT Call: JavaClientExample] INFO  com.example.mqtt.MessageData - Data sent to InfluxDBService: data/s/nhnacademy/b/gyeongnam_campus/p/class_a/d/24e124128c067999/sp/입구/n/입구/e/tvoc -> 308.0
2025-04-21 09:02:18 [MQTT Call: JavaClientExample] INFO  com.example.mqtt.MessageData - Topic: data/s/nhnacademy/b/gyeongnam_campus/p/class_a/d/24e124128c067999/sp/입구/n/입구/e/illumination
Message Data:
time: 1745193737382
value: 63

2025-04-21 09:02:18 [MQTT Call: JavaClientExample] INFO  com.example.mqtt.InfluxDBService - Extracted tagkey -> location: class_a, kind: 입구, data: illumination
Value into InfluxDB: 63.0
2025-04-21 09:02:18 [MQTT Call: JavaClientExample] INFO  com.example.mqtt.MessageData - Data sent to InfluxDBService: data/s/nhnacademy/b/gyeongnam_campus/p/class_a/d/24e124128c067999/sp/입구/n/입구/e/illumination -> 63.0
2025-04-21 09:02:18 [MQTT Call: JavaClientExample] INFO  com.example.mqtt.MessageData - Topic: data/s/nhnacademy/b/gyeongnam_campus/p/class_a/d/24e124128c067999/sp/입구/n/입구/g/24e124fffef79304/e/lora
Message Data:
time: 1745193737382
value: 

2025-04-21 09:02:18 [MQTT Call: JavaClientExample] INFO  com.example.mqtt.InfluxDBService - Extracted tagkey -> location: class_a, kind: 입구, data: lora
Value into InfluxDB: 0.0
2025-04-21 09:02:18 [MQTT Call: JavaClientExample] INFO  com.example.mqtt.MessageData - Data sent to InfluxDBService: data/s/nhnacademy/b/gyeongnam_campus/p/class_a/d/24e124128c067999/sp/입구/n/입구/g/24e124fffef79304/e/lora -> 0.0
2025-04-21 09:02:19 [MQTT Call: JavaClientExample] INFO  com.example.mqtt.MessageData - Topic: data/s/nhnacademy/b/gyeongnam_campus/p/class_a/d/24e124128c067999/sp/입구/n/입구/g/24e124fffef5dccc/e/lora
Message Data:
time: 1745193737382
value: 

2025-04-21 09:02:19 [MQTT Call: JavaClientExample] INFO  com.example.mqtt.InfluxDBService - Extracted tagkey -> location: class_a, kind: 입구, data: lora
Value into InfluxDB: 0.0
2025-04-21 09:02:19 [MQTT Call: JavaClientExample] INFO  com.example.mqtt.MessageData - Data sent to InfluxDBService: data/s/nhnacademy/b/gyeongnam_campus/p/class_a/d/24e124128c067999/sp/입구/n/입구/g/24e124fffef5dccc/e/lora -> 0.0
2025-04-21 09:02:19 [MQTT Call: JavaClientExample] INFO  com.example.mqtt.MessageData - Topic: data/s/nhnacademy/b/gyeongnam_campus/p/hive/d/24e124785c389010/n/정수기 위/e/humidity
Message Data:
time: 1745193738902
value: 45

2025-04-21 09:02:19 [MQTT Call: JavaClientExample] INFO  com.example.mqtt.InfluxDBService - Extracted tagkey -> location: hive, kind: 정수기 위, data: humidity
Value into InfluxDB: 45.0
2025-04-21 09:02:19 [MQTT Call: JavaClientExample] INFO  com.example.mqtt.MessageData - Data sent to InfluxDBService: data/s/nhnacademy/b/gyeongnam_campus/p/hive/d/24e124785c389010/n/정수기 위/e/humidity -> 45.0
2025-04-21 09:02:19 [MQTT Call: JavaClientExample] INFO  com.example.mqtt.MessageData - Topic: data/s/nhnacademy/b/gyeongnam_campus/p/hive/d/24e124785c389010/n/정수기 위/e/temperature
Message Data:
time: 1745193738902
value: 24.2

2025-04-21 09:02:19 [MQTT Call: JavaClientExample] INFO  com.example.mqtt.InfluxDBService - Extracted tagkey -> location: hive, kind: 정수기 위, data: temperature
Value into InfluxDB: 24.2
2025-04-21 09:02:19 [MQTT Call: JavaClientExample] INFO  com.example.mqtt.MessageData - Data sent to InfluxDBService: data/s/nhnacademy/b/gyeongnam_campus/p/hive/d/24e124785c389010/n/정수기 위/e/temperature -> 24.2
2025-04-21 09:02:19 [MQTT Call: JavaClientExample] INFO  com.example.mqtt.MessageData - Topic: data/s/nhnacademy/b/gyeongnam_campus/p/hive/d/24e124785c389010/n/정수기 위/e/battery
Message Data:
time: 1745193738902
value: 86

2025-04-21 09:02:19 [MQTT Call: JavaClientExample] INFO  com.example.mqtt.InfluxDBService - Extracted tagkey -> location: hive, kind: 정수기 위, data: battery
Value into InfluxDB: 86.0
2025-04-21 09:02:19 [MQTT Call: JavaClientExample] INFO  com.example.mqtt.MessageData - Data sent to InfluxDBService: data/s/nhnacademy/b/gyeongnam_campus/p/hive/d/24e124785c389010/n/정수기 위/e/battery -> 86.0
2025-04-21 09:02:19 [MQTT Call: JavaClientExample] INFO  com.example.mqtt.MessageData - Topic: data/s/nhnacademy/b/gyeongnam_campus/p/hive/d/24e124785c389010/n/정수기 위/g/24e124fffef5dccc/e/lora
Message Data:
time: 1745193738902
value: 

2025-04-21 09:02:19 [MQTT Call: JavaClientExample] INFO  com.example.mqtt.InfluxDBService - Extracted tagkey -> location: hive, kind: 정수기 위, data: lora
Value into InfluxDB: 0.0
2025-04-21 09:02:19 [MQTT Call: JavaClientExample] INFO  com.example.mqtt.MessageData - Data sent to InfluxDBService: data/s/nhnacademy/b/gyeongnam_campus/p/hive/d/24e124785c389010/n/정수기 위/g/24e124fffef5dccc/e/lora -> 0.0
2025-04-21 09:02:19 [MQTT Call: JavaClientExample] INFO  com.example.mqtt.MessageData - Topic: data/s/nhnacademy/b/gyeongnam_campus/p/hive/d/24e124785c389010/n/정수기 위/g/24e124fffef79304/e/lora
Message Data:
time: 1745193738902
value: 

2025-04-21 09:02:19 [MQTT Call: JavaClientExample] INFO  com.example.mqtt.InfluxDBService - Extracted tagkey -> location: hive, kind: 정수기 위, data: lora
Value into InfluxDB: 0.0
2025-04-21 09:02:19 [MQTT Call: JavaClientExample] INFO  com.example.mqtt.MessageData - Data sent to InfluxDBService: data/s/nhnacademy/b/gyeongnam_campus/p/hive/d/24e124785c389010/n/정수기 위/g/24e124fffef79304/e/lora -> 0.0
2025-04-21 09:02:19 [MQTT Call: JavaClientExample] INFO  com.example.mqtt.MessageData - Topic: data/s/nhnacademy/b/gyeongnam_campus/p/hive/d/24e124126d111937/sp/farm/n/스마트팜/e/illumination
Message Data:
time: 1745193739543
value: 320

2025-04-21 09:02:19 [MQTT Call: JavaClientExample] INFO  com.example.mqtt.InfluxDBService - Extracted tagkey -> location: hive, kind: 스마트팜, data: illumination
Value into InfluxDB: 320.0
2025-04-21 09:02:19 [MQTT Call: JavaClientExample] INFO  com.example.mqtt.MessageData - Data sent to InfluxDBService: data/s/nhnacademy/b/gyeongnam_campus/p/hive/d/24e124126d111937/sp/farm/n/스마트팜/e/illumination -> 320.0
2025-04-21 09:02:20 [MQTT Call: JavaClientExample] INFO  com.example.mqtt.MessageData - Topic: data/s/nhnacademy/b/gyeongnam_campus/p/hive/d/24e124126d111937/sp/farm/n/스마트팜/g/24e124fffef79304/e/lora
Message Data:
time: 1745193739543
value: 

2025-04-21 09:02:20 [MQTT Call: JavaClientExample] INFO  com.example.mqtt.InfluxDBService - Extracted tagkey -> location: hive, kind: 스마트팜, data: lora
Value into InfluxDB: 0.0
2025-04-21 09:02:20 [MQTT Call: JavaClientExample] INFO  com.example.mqtt.MessageData - Data sent to InfluxDBService: data/s/nhnacademy/b/gyeongnam_campus/p/hive/d/24e124126d111937/sp/farm/n/스마트팜/g/24e124fffef79304/e/lora -> 0.0
2025-04-21 09:02:20 [MQTT Call: JavaClientExample] INFO  com.example.mqtt.MessageData - Topic: data/s/nhnacademy/b/gyeongnam_campus/p/hive/d/24e124126d111937/sp/farm/n/스마트팜/e/illumination
Message Data:
time: 1745193739543
value: 320

2025-04-21 09:02:20 [MQTT Call: JavaClientExample] INFO  com.example.mqtt.InfluxDBService - Extracted tagkey -> location: hive, kind: 스마트팜, data: illumination
Value into InfluxDB: 320.0
2025-04-21 09:02:20 [MQTT Call: JavaClientExample] INFO  com.example.mqtt.MessageData - Data sent to InfluxDBService: data/s/nhnacademy/b/gyeongnam_campus/p/hive/d/24e124126d111937/sp/farm/n/스마트팜/e/illumination -> 320.0
2025-04-21 09:02:20 [MQTT Call: JavaClientExample] INFO  com.example.mqtt.MessageData - Topic: data/s/nhnacademy/b/gyeongnam_campus/p/hive/d/24e124126d111937/sp/farm/n/스마트팜/g/24e124fffef5dccc/e/lora
Message Data:
time: 1745193739543
value: 

2025-04-21 09:02:20 [MQTT Call: JavaClientExample] INFO  com.example.mqtt.InfluxDBService - Extracted tagkey -> location: hive, kind: 스마트팜, data: lora
Value into InfluxDB: 0.0
2025-04-21 09:02:20 [MQTT Call: JavaClientExample] INFO  com.example.mqtt.MessageData - Data sent to InfluxDBService: data/s/nhnacademy/b/gyeongnam_campus/p/hive/d/24e124126d111937/sp/farm/n/스마트팜/g/24e124fffef5dccc/e/lora -> 0.0
2025-04-21 09:02:20 [MQTT Call: JavaClientExample] INFO  com.example.mqtt.MessageData - Topic: data/s/nhnacademy/b/gyeongnam_campus/p/hive/d/24e124126d111937/sp/farm/n/스마트팜/g/24e124fffef79304/e/lora
Message Data:
time: 1745193739543
value: 

2025-04-21 09:02:20 [MQTT Call: JavaClientExample] INFO  com.example.mqtt.InfluxDBService - Extracted tagkey -> location: hive, kind: 스마트팜, data: lora
Value into InfluxDB: 0.0
2025-04-21 09:02:20 [MQTT Call: JavaClientExample] INFO  com.example.mqtt.MessageData - Data sent to InfluxDBService: data/s/nhnacademy/b/gyeongnam_campus/p/hive/d/24e124126d111937/sp/farm/n/스마트팜/g/24e124fffef79304/e/lora -> 0.0
2025-04-21 09:02:27 [MQTT Call: JavaClientExample] INFO  com.example.mqtt.MessageData - Topic: data/s/nhnacademy/b/gyeongnam_campus/p/server_room/d/24e124136d151368/n/입구/e/temperature
Message Data:
time: 1745193746510
value: 23.7

2025-04-21 09:02:27 [MQTT Call: JavaClientExample] INFO  com.example.mqtt.InfluxDBService - Extracted tagkey -> location: server_room, kind: 입구, data: temperature
Value into InfluxDB: 23.7
2025-04-21 09:02:27 [MQTT Call: JavaClientExample] INFO  com.example.mqtt.MessageData - Data sent to InfluxDBService: data/s/nhnacademy/b/gyeongnam_campus/p/server_room/d/24e124136d151368/n/입구/e/temperature -> 23.7
2025-04-21 09:02:28 [MQTT Call: JavaClientExample] INFO  com.example.mqtt.MessageData - Topic: data/s/nhnacademy/b/gyeongnam_campus/p/server_room/d/24e124136d151368/n/입구/e/humidity
Message Data:
time: 1745193746510
value: 48

2025-04-21 09:02:28 [MQTT Call: JavaClientExample] INFO  com.example.mqtt.InfluxDBService - Extracted tagkey -> location: server_room, kind: 입구, data: humidity
Value into InfluxDB: 48.0
2025-04-21 09:02:28 [MQTT Call: JavaClientExample] INFO  com.example.mqtt.MessageData - Data sent to InfluxDBService: data/s/nhnacademy/b/gyeongnam_campus/p/server_room/d/24e124136d151368/n/입구/e/humidity -> 48.0
2025-04-21 09:02:28 [MQTT Call: JavaClientExample] INFO  com.example.mqtt.MessageData - Topic: data/s/nhnacademy/b/gyeongnam_campus/p/server_room/d/24e124136d151368/n/입구/g/24e124fffef79304/e/lora
Message Data:
time: 1745193746510
value: 

2025-04-21 09:02:28 [MQTT Call: JavaClientExample] INFO  com.example.mqtt.InfluxDBService - Extracted tagkey -> location: server_room, kind: 입구, data: lora
Value into InfluxDB: 0.0
2025-04-21 09:02:28 [MQTT Call: JavaClientExample] INFO  com.example.mqtt.MessageData - Data sent to InfluxDBService: data/s/nhnacademy/b/gyeongnam_campus/p/server_room/d/24e124136d151368/n/입구/g/24e124fffef79304/e/lora -> 0.0
2025-04-21 09:02:28 [MQTT Call: JavaClientExample] INFO  com.example.mqtt.MessageData - Topic: data/s/nhnacademy/b/gyeongnam_campus/p/server_room/d/24e124136d151368/n/입구/g/24e124fffef5dccc/e/lora
Message Data:
time: 1745193746510
value: 

2025-04-21 09:02:28 [MQTT Call: JavaClientExample] INFO  com.example.mqtt.InfluxDBService - Extracted tagkey -> location: server_room, kind: 입구, data: lora
Value into InfluxDB: 0.0
2025-04-21 09:02:28 [MQTT Call: JavaClientExample] INFO  com.example.mqtt.MessageData - Data sent to InfluxDBService: data/s/nhnacademy/b/gyeongnam_campus/p/server_room/d/24e124136d151368/n/입구/g/24e124fffef5dccc/e/lora -> 0.0
2025-04-21 09:02:39 [MQTT Call: JavaClientExample] INFO  com.example.mqtt.MessageData - Topic: data/s/nhnacademy/b/gyeongnam_campus/p/hive/d/24e124126c452091/sp/farm/n/스마트팜/e/temperature
Message Data:
time: 1745193756684
value: 23.2

2025-04-21 09:02:39 [MQTT Call: JavaClientExample] INFO  com.example.mqtt.InfluxDBService - Extracted tagkey -> location: hive, kind: 스마트팜, data: temperature
Value into InfluxDB: 23.2
2025-04-21 09:02:39 [MQTT Call: JavaClientExample] INFO  com.example.mqtt.MessageData - Data sent to InfluxDBService: data/s/nhnacademy/b/gyeongnam_campus/p/hive/d/24e124126c452091/sp/farm/n/스마트팜/e/temperature -> 23.2
2025-04-21 09:02:39 [MQTT Call: JavaClientExample] INFO  com.example.mqtt.MessageData - Topic: data/s/nhnacademy/b/gyeongnam_campus/p/hive/d/24e124126c452091/sp/farm/n/스마트팜/g/24e124fffef79304/e/lora
Message Data:
time: 1745193756684
value: 

2025-04-21 09:02:39 [MQTT Call: JavaClientExample] INFO  com.example.mqtt.InfluxDBService - Extracted tagkey -> location: hive, kind: 스마트팜, data: lora
Value into InfluxDB: 0.0
2025-04-21 09:02:39 [MQTT Call: JavaClientExample] INFO  com.example.mqtt.MessageData - Data sent to InfluxDBService: data/s/nhnacademy/b/gyeongnam_campus/p/hive/d/24e124126c452091/sp/farm/n/스마트팜/g/24e124fffef79304/e/lora -> 0.0
2025-04-21 09:02:39 [MQTT Call: JavaClientExample] INFO  com.example.mqtt.MessageData - Topic: data/s/nhnacademy/b/gyeongnam_campus/p/hive/d/24e124126c452091/sp/farm/n/스마트팜/g/24e124fffef5dccc/e/lora
Message Data:
time: 1745193756684
value: 

2025-04-21 09:02:39 [MQTT Call: JavaClientExample] INFO  com.example.mqtt.InfluxDBService - Extracted tagkey -> location: hive, kind: 스마트팜, data: lora
Value into InfluxDB: 0.0
2025-04-21 09:02:39 [MQTT Call: JavaClientExample] INFO  com.example.mqtt.MessageData - Data sent to InfluxDBService: data/s/nhnacademy/b/gyeongnam_campus/p/hive/d/24e124126c452091/sp/farm/n/스마트팜/g/24e124fffef5dccc/e/lora -> 0.0
2025-04-21 09:02:46 [MQTT Call: JavaClientExample] INFO  com.example.mqtt.MessageData - Topic: data/s/nhnacademy/b/gyeongnam_campus/p/campus/d/gem3500_1/n/캠퍼스_LL/e/voltage
Message Data:
time: 1745193766741
value: 381.88

2025-04-21 09:02:46 [MQTT Call: JavaClientExample] INFO  com.example.mqtt.InfluxDBService - Extracted tagkey -> location: campus, kind: 캠퍼스_LL, data: voltage
Value into InfluxDB: 381.88
2025-04-21 09:02:46 [MQTT Call: JavaClientExample] INFO  com.example.mqtt.MessageData - Data sent to InfluxDBService: data/s/nhnacademy/b/gyeongnam_campus/p/campus/d/gem3500_1/n/캠퍼스_LL/e/voltage -> 381.88
2025-04-21 09:02:46 [MQTT Call: JavaClientExample] INFO  com.example.mqtt.MessageData - Topic: data/s/nhnacademy/b/gyeongnam_campus/p/campus/d/gem3500_1/n/캠퍼스_LN/e/voltage
Message Data:
time: 1745193766741
value: 220.48

2025-04-21 09:02:46 [MQTT Call: JavaClientExample] INFO  com.example.mqtt.InfluxDBService - Extracted tagkey -> location: campus, kind: 캠퍼스_LN, data: voltage
Value into InfluxDB: 220.48
2025-04-21 09:02:46 [MQTT Call: JavaClientExample] INFO  com.example.mqtt.MessageData - Data sent to InfluxDBService: data/s/nhnacademy/b/gyeongnam_campus/p/campus/d/gem3500_1/n/캠퍼스_LN/e/voltage -> 220.48
2025-04-21 09:02:46 [MQTT Call: JavaClientExample] INFO  com.example.mqtt.MessageData - Topic: data/s/nhnacademy/b/gyeongnam_campus/p/campus/d/gem3500_1/n/캠퍼스1/e/power_meter
Message Data:
time: 1745193766844
type: 5
leakageCurrent: 0
current: 2029
activePower: 3750
reactivePower: -1593
tapparentPower: 4474
powerFactor: 83.8
currentUnbalance: 73.6
lines: 

2025-04-21 09:02:46 [MQTT Call: JavaClientExample] WARN  com.example.mqtt.MessageData - No 'value' field found in message, skipping InfluxDB write.
2025-04-21 09:02:47 [MQTT Call: JavaClientExample] INFO  com.example.mqtt.MessageData - Topic: data/s/nhnacademy/b/gyeongnam_campus/p/storage/d/24e124136d151547/n/입구/e/temperature
Message Data:
time: 1745193766585
value: -0.1

2025-04-21 09:02:47 [MQTT Call: JavaClientExample] INFO  com.example.mqtt.InfluxDBService - Extracted tagkey -> location: storage, kind: 입구, data: temperature
Value into InfluxDB: -0.1
2025-04-21 09:02:47 [MQTT Call: JavaClientExample] INFO  com.example.mqtt.MessageData - Data sent to InfluxDBService: data/s/nhnacademy/b/gyeongnam_campus/p/storage/d/24e124136d151547/n/입구/e/temperature -> -0.1
2025-04-21 09:02:47 [MQTT Call: JavaClientExample] INFO  com.example.mqtt.MessageData - Topic: data/s/nhnacademy/b/gyeongnam_campus/p/storage/d/24e124136d151547/n/입구/e/humidity
Message Data:
time: 1745193766585
value: 127.5

2025-04-21 09:02:47 [MQTT Call: JavaClientExample] INFO  com.example.mqtt.InfluxDBService - Extracted tagkey -> location: storage, kind: 입구, data: humidity
Value into InfluxDB: 127.5
2025-04-21 09:02:47 [MQTT Call: JavaClientExample] INFO  com.example.mqtt.MessageData - Data sent to InfluxDBService: data/s/nhnacademy/b/gyeongnam_campus/p/storage/d/24e124136d151547/n/입구/e/humidity -> 127.5
2025-04-21 09:02:47 [MQTT Call: JavaClientExample] INFO  com.example.mqtt.MessageData - Topic: data/s/nhnacademy/b/gyeongnam_campus/p/storage/d/24e124136d151547/n/입구/e/battery
Message Data:
time: 1745193766585
value: 1

2025-04-21 09:02:47 [MQTT Call: JavaClientExample] INFO  com.example.mqtt.InfluxDBService - Extracted tagkey -> location: storage, kind: 입구, data: battery
Value into InfluxDB: 1.0
2025-04-21 09:02:47 [MQTT Call: JavaClientExample] INFO  com.example.mqtt.MessageData - Data sent to InfluxDBService: data/s/nhnacademy/b/gyeongnam_campus/p/storage/d/24e124136d151547/n/입구/e/battery -> 1.0
2025-04-21 09:02:47 [MQTT Call: JavaClientExample] INFO  com.example.mqtt.MessageData - Topic: data/s/nhnacademy/b/gyeongnam_campus/p/storage/d/24e124136d151547/n/입구/g/24e124fffef5dccc/e/lora
Message Data:
time: 1745193766585
value: 

2025-04-21 09:02:47 [MQTT Call: JavaClientExample] INFO  com.example.mqtt.InfluxDBService - Extracted tagkey -> location: storage, kind: 입구, data: lora
Value into InfluxDB: 0.0
2025-04-21 09:02:47 [MQTT Call: JavaClientExample] INFO  com.example.mqtt.MessageData - Data sent to InfluxDBService: data/s/nhnacademy/b/gyeongnam_campus/p/storage/d/24e124136d151547/n/입구/g/24e124fffef5dccc/e/lora -> 0.0
2025-04-21 09:02:47 [MQTT Call: JavaClientExample] INFO  com.example.mqtt.MessageData - Topic: data/s/nhnacademy/b/gyeongnam_campus/p/storage/d/24e124136d151547/n/입구/g/24e124fffef79304/e/lora
Message Data:
time: 1745193766585
value: 

2025-04-21 09:02:47 [MQTT Call: JavaClientExample] INFO  com.example.mqtt.InfluxDBService - Extracted tagkey -> location: storage, kind: 입구, data: lora
Value into InfluxDB: 0.0
2025-04-21 09:02:47 [MQTT Call: JavaClientExample] INFO  com.example.mqtt.MessageData - Data sent to InfluxDBService: data/s/nhnacademy/b/gyeongnam_campus/p/storage/d/24e124136d151547/n/입구/g/24e124fffef79304/e/lora -> 0.0
2025-04-21 09:02:47 [MQTT Call: JavaClientExample] INFO  com.example.mqtt.MessageData - Topic: data/s/nhnacademy/b/gyeongnam_campus/p/campus/d/gem3500_1/n/전등1/e/power_meter
Message Data:
time: 1745193766943
type: 3
leakageCurrent: 0
current: 694
activePower: 1305
reactivePower: -343
tapparentPower: 1526
powerFactor: 85.53
currentUnbalance: 0
lines: 

2025-04-21 09:02:47 [MQTT Call: JavaClientExample] WARN  com.example.mqtt.MessageData - No 'value' field found in message, skipping InfluxDB write.
2025-04-21 09:02:47 [MQTT Call: JavaClientExample] INFO  com.example.mqtt.MessageData - Topic: data/s/nhnacademy/b/gyeongnam_campus/p/campus/d/gem3500_1/n/전등2/e/power_meter
Message Data:
time: 1745193767044
type: 1
leakageCurrent: 0
current: 567
activePower: 1139
reactivePower: -290
tapparentPower: 1254
powerFactor: 90.82
currentUnbalance: 0
lines: 

2025-04-21 09:02:47 [MQTT Call: JavaClientExample] WARN  com.example.mqtt.MessageData - No 'value' field found in message, skipping InfluxDB write.
2025-04-21 09:02:47 [MQTT Call: JavaClientExample] INFO  com.example.mqtt.MessageData - Topic: data/s/nhnacademy/b/gyeongnam_campus/p/campus/d/gem3500_1/n/전등3/e/power_meter
Message Data:
time: 1745193767145
type: 2
leakageCurrent: 0
current: 0
activePower: 0
reactivePower: 0
tapparentPower: 0
powerFactor: 0
currentUnbalance: 0
lines: 

2025-04-21 09:02:47 [MQTT Call: JavaClientExample] WARN  com.example.mqtt.MessageData - No 'value' field found in message, skipping InfluxDB write.
2025-04-21 09:02:47 [MQTT Call: JavaClientExample] INFO  com.example.mqtt.MessageData - Topic: data/s/nhnacademy/b/gyeongnam_campus/p/campus/d/gem3500_1/n/강의실b_바닥/e/power_meter
Message Data:
time: 1745193767246
type: 3
leakageCurrent: 0
current: 119
activePower: 148
reactivePower: -170
tapparentPower: 259
powerFactor: 57.4
currentUnbalance: 0
lines: 

2025-04-21 09:02:47 [MQTT Call: JavaClientExample] WARN  com.example.mqtt.MessageData - No 'value' field found in message, skipping InfluxDB write.
2025-04-21 09:02:47 [MQTT Call: JavaClientExample] INFO  com.example.mqtt.MessageData - Topic: data/s/nhnacademy/b/gyeongnam_campus/p/campus/d/gem3500_1/n/강의실a_바닥1/e/power_meter
Message Data:
time: 1745193767349
type: 1
leakageCurrent: 0
current: 105
activePower: 83
reactivePower: -206
tapparentPower: 230
powerFactor: 36.45
currentUnbalance: 0
lines: 

2025-04-21 09:02:47 [MQTT Call: JavaClientExample] WARN  com.example.mqtt.MessageData - No 'value' field found in message, skipping InfluxDB write.
2025-04-21 09:02:47 [MQTT Call: JavaClientExample] INFO  com.example.mqtt.MessageData - Topic: data/s/nhnacademy/b/gyeongnam_campus/p/campus/d/gem3500_1/n/강의실a_바닥2/e/power_meter
Message Data:
time: 1745193767448
type: 2
leakageCurrent: 0
current: 86
activePower: 134
reactivePower: -124
tapparentPower: 196
powerFactor: 68.29
currentUnbalance: 0
lines: 

2025-04-21 09:02:47 [MQTT Call: JavaClientExample] WARN  com.example.mqtt.MessageData - No 'value' field found in message, skipping InfluxDB write.
2025-04-21 09:02:48 [MQTT Call: JavaClientExample] INFO  com.example.mqtt.MessageData - Topic: data/s/nhnacademy/b/gyeongnam_campus/p/campus/d/gem3500_1/n/프로젝터1/e/power_meter
Message Data:
time: 1745193767551
type: 3
leakageCurrent: 0
current: 71
activePower: 69
reactivePower: -127
tapparentPower: 158
powerFactor: 43.93
currentUnbalance: 0
lines: 

2025-04-21 09:02:48 [MQTT Call: JavaClientExample] WARN  com.example.mqtt.MessageData - No 'value' field found in message, skipping InfluxDB write.
2025-04-21 09:02:48 [MQTT Call: JavaClientExample] INFO  com.example.mqtt.MessageData - Topic: data/s/nhnacademy/b/gyeongnam_campus/p/campus/d/gem3500_1/n/프로젝터2/e/power_meter
Message Data:
time: 1745193767651
type: 1
leakageCurrent: 0
current: 61
activePower: 103
reactivePower: -74
tapparentPower: 134
powerFactor: 76.78
currentUnbalance: 0
lines: 

2025-04-21 09:02:48 [MQTT Call: JavaClientExample] WARN  com.example.mqtt.MessageData - No 'value' field found in message, skipping InfluxDB write.
2025-04-21 09:02:48 [MQTT Call: JavaClientExample] INFO  com.example.mqtt.MessageData - Topic: data/s/nhnacademy/b/gyeongnam_campus/p/campus/d/gem3500_1/n/회의실/e/power_meter
Message Data:
time: 1745193767752
type: 2
leakageCurrent: 0
current: 14
activePower: 4
reactivePower: -28
tapparentPower: 33
powerFactor: 14.28
currentUnbalance: 0
lines: 

2025-04-21 09:02:48 [MQTT Call: JavaClientExample] WARN  com.example.mqtt.MessageData - No 'value' field found in message, skipping InfluxDB write.
2025-04-21 09:02:48 [MQTT Call: JavaClientExample] INFO  com.example.mqtt.MessageData - Topic: data/s/nhnacademy/b/gyeongnam_campus/p/campus/d/gem3500_1/n/서버실/e/power_meter
Message Data:
time: 1745193767855
type: 3
leakageCurrent: 0
current: 210
activePower: 388
reactivePower: -115
tapparentPower: 436
powerFactor: 89.01
currentUnbalance: 0
lines: 

2025-04-21 09:02:48 [MQTT Call: JavaClientExample] WARN  com.example.mqtt.MessageData - No 'value' field found in message, skipping InfluxDB write.
2025-04-21 09:02:48 [MQTT Call: JavaClientExample] INFO  com.example.mqtt.MessageData - Topic: data/s/nhnacademy/b/gyeongnam_campus/p/campus/d/gem3500_1/n/간판/e/power_meter
Message Data:
time: 1745193767955
type: 1
leakageCurrent: 0
current: 0
activePower: 0
reactivePower: 0
tapparentPower: 0
powerFactor: 0
currentUnbalance: 0
lines: 

2025-04-21 09:02:48 [MQTT Call: JavaClientExample] WARN  com.example.mqtt.MessageData - No 'value' field found in message, skipping InfluxDB write.
2025-04-21 09:02:48 [MQTT Call: JavaClientExample] INFO  com.example.mqtt.MessageData - Topic: data/s/nhnacademy/b/gyeongnam_campus/p/campus/d/gem3500_1/n/페어룸/e/power_meter
Message Data:
time: 1745193768059
type: 2
leakageCurrent: 0
current: 0
activePower: 0
reactivePower: 0
tapparentPower: 0
powerFactor: 0
currentUnbalance: 0
lines: 

2025-04-21 09:02:48 [MQTT Call: JavaClientExample] WARN  com.example.mqtt.MessageData - No 'value' field found in message, skipping InfluxDB write.
2025-04-21 09:02:48 [MQTT Call: JavaClientExample] INFO  com.example.mqtt.MessageData - Topic: data/s/nhnacademy/b/gyeongnam_campus/p/campus/d/gem3500_1/n/사무실_전열1/e/power_meter
Message Data:
time: 1745193768159
type: 3
leakageCurrent: 0
current: 86
activePower: 105
reactivePower: -57
tapparentPower: 184
powerFactor: 57.14
currentUnbalance: 0
lines: 

2025-04-21 09:02:48 [MQTT Call: JavaClientExample] WARN  com.example.mqtt.MessageData - No 'value' field found in message, skipping InfluxDB write.
2025-04-21 09:02:48 [MQTT Call: JavaClientExample] INFO  com.example.mqtt.MessageData - Topic: data/s/nhnacademy/b/gyeongnam_campus/p/campus/d/gem3500_1/n/사무실_전열2/e/power_meter
Message Data:
time: 1745193768262
type: 3
leakageCurrent: 0
current: 26
activePower: 7
reactivePower: -55
tapparentPower: 57
powerFactor: 12.5
currentUnbalance: 0
lines: 

2025-04-21 09:02:48 [MQTT Call: JavaClientExample] WARN  com.example.mqtt.MessageData - No 'value' field found in message, skipping InfluxDB write.
2025-04-21 09:02:49 [MQTT Call: JavaClientExample] INFO  com.example.mqtt.MessageData - Topic: data/s/nhnacademy/b/gyeongnam_campus/p/campus/d/gem3500_1/n/사무실_복사기/e/power_meter
Message Data:
time: 1745193768361
type: 1
leakageCurrent: 0
current: 7
activePower: 7
reactivePower: 0
tapparentPower: 14
powerFactor: 50
currentUnbalance: 0
lines: 

2025-04-21 09:02:49 [MQTT Call: JavaClientExample] WARN  com.example.mqtt.MessageData - No 'value' field found in message, skipping InfluxDB write.
2025-04-21 09:02:49 [MQTT Call: JavaClientExample] INFO  com.example.mqtt.MessageData - Topic: data/s/nhnacademy/b/gyeongnam_campus/p/campus/d/gem3500_1/n/빌트인_전열/e/power_meter
Message Data:
time: 1745193768463
type: 2
leakageCurrent: 0
current: 5
activePower: 4
reactivePower: -7
tapparentPower: 14
powerFactor: 33.33
currentUnbalance: 0
lines: 

2025-04-21 09:02:49 [MQTT Call: JavaClientExample] WARN  com.example.mqtt.MessageData - No 'value' field found in message, skipping InfluxDB write.
2025-04-21 09:02:49 [MQTT Call: JavaClientExample] INFO  com.example.mqtt.MessageData - Topic: data/s/nhnacademy/b/gyeongnam_campus/p/campus/d/gem3500_1/n/사무실_전열3/e/power_meter
Message Data:
time: 1745193768566
type: 3
leakageCurrent: 0
current: 0
activePower: 0
reactivePower: 0
tapparentPower: 0
powerFactor: 0
currentUnbalance: 0
lines: 

2025-04-21 09:02:49 [MQTT Call: JavaClientExample] WARN  com.example.mqtt.MessageData - No 'value' field found in message, skipping InfluxDB write.
2025-04-21 09:02:49 [MQTT Call: JavaClientExample] INFO  com.example.mqtt.MessageData - Topic: data/s/nhnacademy/b/gyeongnam_campus/p/campus/d/gem3500_1/n/정수기/e/power_meter
Message Data:
time: 1745193768666
type: 1
leakageCurrent: 0
current: 70
activePower: 93
reactivePower: 124
tapparentPower: 155
powerFactor: 60
currentUnbalance: 0
lines: 

2025-04-21 09:02:49 [MQTT Call: JavaClientExample] WARN  com.example.mqtt.MessageData - No 'value' field found in message, skipping InfluxDB write.
2025-04-21 09:02:49 [MQTT Call: JavaClientExample] INFO  com.example.mqtt.MessageData - Topic: data/s/nhnacademy/b/gyeongnam_campus/p/campus/d/gem3500_1/n/하이브_전열/e/power_meter
Message Data:
time: 1745193768767
type: 2
leakageCurrent: 0
current: 64
activePower: 124
reactivePower: -47
tapparentPower: 143
powerFactor: 86.66
currentUnbalance: 0
lines: 

2025-04-21 09:02:49 [MQTT Call: JavaClientExample] WARN  com.example.mqtt.MessageData - No 'value' field found in message, skipping InfluxDB write.
2025-04-21 09:02:49 [MQTT Call: JavaClientExample] INFO  com.example.mqtt.MessageData - Topic: data/s/nhnacademy/b/gyeongnam_campus/p/campus/d/gem3500_1/n/바텐_전열/e/power_meter
Message Data:
time: 1745193768867
type: 3
leakageCurrent: 0
current: 0
activePower: 0
reactivePower: 0
tapparentPower: 0
powerFactor: 0
currentUnbalance: 0
lines: 

2025-04-21 09:02:49 [MQTT Call: JavaClientExample] WARN  com.example.mqtt.MessageData - No 'value' field found in message, skipping InfluxDB write.
2025-04-21 09:02:49 [MQTT Call: JavaClientExample] INFO  com.example.mqtt.MessageData - Topic: data/s/nhnacademy/b/gyeongnam_campus/p/campus/d/gem3500_1/n/S_P/e/power_meter
Message Data:
time: 1745193768968
type: 1
leakageCurrent: 0
current: 0
activePower: 0
reactivePower: 0
tapparentPower: 0
powerFactor: 0
currentUnbalance: 0
lines: 

2025-04-21 09:02:49 [MQTT Call: JavaClientExample] WARN  com.example.mqtt.MessageData - No 'value' field found in message, skipping InfluxDB write.
2025-04-21 09:02:49 [MQTT Call: JavaClientExample] INFO  com.example.mqtt.MessageData - Topic: data/s/nhnacademy/b/gyeongnam_campus/p/campus/d/gem3500_1/n/공조기/e/power_meter
Message Data:
time: 1745193769070
type: 2
leakageCurrent: 0
current: 16
activePower: 2
reactivePower: -35
tapparentPower: 38
powerFactor: 6.24
currentUnbalance: 0
lines: 

2025-04-21 09:02:49 [MQTT Call: JavaClientExample] WARN  com.example.mqtt.MessageData - No 'value' field found in message, skipping InfluxDB write.
2025-04-21 09:02:49 [MQTT Call: JavaClientExample] INFO  com.example.mqtt.MessageData - Topic: data/s/nhnacademy/b/gyeongnam_campus/p/campus/d/gem3500_1/n/AC/e/power_meter
Message Data:
time: 1745193769171
type: 3
leakageCurrent: 0
current: 16
activePower: 14
reactivePower: -23
tapparentPower: 35
powerFactor: 40
currentUnbalance: 0
lines: 

2025-04-21 09:02:49 [MQTT Call: JavaClientExample] WARN  com.example.mqtt.MessageData - No 'value' field found in message, skipping InfluxDB write.
2025-04-21 09:02:51 [MQTT Call: JavaClientExample] INFO  com.example.mqtt.MessageData - Topic: data/s/nhnacademy/b/gyeongnam_campus/p/pair_room/d/24e124617d159573/n/2/e/distance
Message Data:
time: 1745193769598
value: 2232

2025-04-21 09:02:51 [MQTT Call: JavaClientExample] INFO  com.example.mqtt.InfluxDBService - Extracted tagkey -> location: pair_room, kind: 2, data: distance
Value into InfluxDB: 2232.0
2025-04-21 09:02:51 [MQTT Call: JavaClientExample] INFO  com.example.mqtt.MessageData - Data sent to InfluxDBService: data/s/nhnacademy/b/gyeongnam_campus/p/pair_room/d/24e124617d159573/n/2/e/distance -> 2232.0
2025-04-21 09:02:51 [MQTT Call: JavaClientExample] INFO  com.example.mqtt.MessageData - Topic: data/s/nhnacademy/b/gyeongnam_campus/p/pair_room/d/24e124617d159573/n/2/e/occupancy
Message Data:
time: 1745193769598
value: 0

2025-04-21 09:02:51 [MQTT Call: JavaClientExample] INFO  com.example.mqtt.InfluxDBService - Extracted tagkey -> location: pair_room, kind: 2, data: occupancy
Value into InfluxDB: 0.0
2025-04-21 09:02:51 [MQTT Call: JavaClientExample] INFO  com.example.mqtt.MessageData - Data sent to InfluxDBService: data/s/nhnacademy/b/gyeongnam_campus/p/pair_room/d/24e124617d159573/n/2/e/occupancy -> 0.0
2025-04-21 09:02:51 [MQTT Call: JavaClientExample] INFO  com.example.mqtt.MessageData - Topic: data/s/nhnacademy/b/gyeongnam_campus/p/pair_room/d/24e124617d159573/n/2/e/battery
Message Data:
time: 1745193769598
value: 33

2025-04-21 09:02:51 [MQTT Call: JavaClientExample] INFO  com.example.mqtt.InfluxDBService - Extracted tagkey -> location: pair_room, kind: 2, data: battery
Value into InfluxDB: 33.0
2025-04-21 09:02:51 [MQTT Call: JavaClientExample] INFO  com.example.mqtt.MessageData - Data sent to InfluxDBService: data/s/nhnacademy/b/gyeongnam_campus/p/pair_room/d/24e124617d159573/n/2/e/battery -> 33.0
2025-04-21 09:02:51 [MQTT Call: JavaClientExample] INFO  com.example.mqtt.MessageData - Topic: data/s/nhnacademy/b/gyeongnam_campus/p/pair_room/d/24e124617d159573/n/2/g/24e124fffef79304/e/lora
Message Data:
time: 1745193769598
value: 

2025-04-21 09:02:51 [MQTT Call: JavaClientExample] INFO  com.example.mqtt.InfluxDBService - Extracted tagkey -> location: pair_room, kind: 2, data: lora
Value into InfluxDB: 0.0
2025-04-21 09:02:51 [MQTT Call: JavaClientExample] INFO  com.example.mqtt.MessageData - Data sent to InfluxDBService: data/s/nhnacademy/b/gyeongnam_campus/p/pair_room/d/24e124617d159573/n/2/g/24e124fffef79304/e/lora -> 0.0
2025-04-21 09:02:51 [MQTT Call: JavaClientExample] INFO  com.example.mqtt.MessageData - Topic: data/s/nhnacademy/b/gyeongnam_campus/p/pair_room/d/24e124617d159573/n/2/g/24e124fffef5dccc/e/lora
Message Data:
time: 1745193769598
value: 

2025-04-21 09:02:51 [MQTT Call: JavaClientExample] INFO  com.example.mqtt.InfluxDBService - Extracted tagkey -> location: pair_room, kind: 2, data: lora
Value into InfluxDB: 0.0
2025-04-21 09:02:51 [MQTT Call: JavaClientExample] INFO  com.example.mqtt.MessageData - Data sent to InfluxDBService: data/s/nhnacademy/b/gyeongnam_campus/p/pair_room/d/24e124617d159573/n/2/g/24e124fffef5dccc/e/lora -> 0.0
2025-04-21 09:03:17 [MQTT Call: JavaClientExample] INFO  com.example.mqtt.MessageData - Topic: data/s/nhnacademy/b/gyeongnam_campus/p/hive/d/24e124725d081175/sp/8인 책상/n/8인 책상/e/temperature
Message Data:
time: 1745193794418
value: 23.8

2025-04-21 09:03:17 [MQTT Call: JavaClientExample] INFO  com.example.mqtt.InfluxDBService - Extracted tagkey -> location: hive, kind: 8인 책상, data: temperature
Value into InfluxDB: 23.8
2025-04-21 09:03:17 [MQTT Call: JavaClientExample] INFO  com.example.mqtt.MessageData - Data sent to InfluxDBService: data/s/nhnacademy/b/gyeongnam_campus/p/hive/d/24e124725d081175/sp/8인 책상/n/8인 책상/e/temperature -> 23.8
2025-04-21 09:03:17 [MQTT Call: JavaClientExample] INFO  com.example.mqtt.MessageData - Topic: data/s/nhnacademy/b/gyeongnam_campus/p/hive/d/24e124725d081175/sp/8인 책상/n/8인 책상/e/battery
Message Data:
time: 1745193794418
value: 77

2025-04-21 09:03:17 [MQTT Call: JavaClientExample] INFO  com.example.mqtt.InfluxDBService - Extracted tagkey -> location: hive, kind: 8인 책상, data: battery
Value into InfluxDB: 77.0
2025-04-21 09:03:17 [MQTT Call: JavaClientExample] INFO  com.example.mqtt.MessageData - Data sent to InfluxDBService: data/s/nhnacademy/b/gyeongnam_campus/p/hive/d/24e124725d081175/sp/8인 책상/n/8인 책상/e/battery -> 77.0
2025-04-21 09:03:17 [MQTT Call: JavaClientExample] INFO  com.example.mqtt.MessageData - Topic: data/s/nhnacademy/b/gyeongnam_campus/p/hive/d/24e124725d081175/sp/8인 책상/n/8인 책상/e/humidity
Message Data:
time: 1745193794418
value: 47

2025-04-21 09:03:17 [MQTT Call: JavaClientExample] INFO  com.example.mqtt.InfluxDBService - Extracted tagkey -> location: hive, kind: 8인 책상, data: humidity
Value into InfluxDB: 47.0
2025-04-21 09:03:17 [MQTT Call: JavaClientExample] INFO  com.example.mqtt.MessageData - Data sent to InfluxDBService: data/s/nhnacademy/b/gyeongnam_campus/p/hive/d/24e124725d081175/sp/8인 책상/n/8인 책상/e/humidity -> 47.0
2025-04-21 09:03:17 [MQTT Call: JavaClientExample] INFO  com.example.mqtt.MessageData - Topic: data/s/nhnacademy/b/gyeongnam_campus/p/hive/d/24e124725d081175/sp/8인 책상/n/8인 책상/e/co2
Message Data:
time: 1745193794418
value: 508

2025-04-21 09:03:17 [MQTT Call: JavaClientExample] INFO  com.example.mqtt.InfluxDBService - Extracted tagkey -> location: hive, kind: 8인 책상, data: co2
Value into InfluxDB: 508.0
2025-04-21 09:03:17 [MQTT Call: JavaClientExample] INFO  com.example.mqtt.MessageData - Data sent to InfluxDBService: data/s/nhnacademy/b/gyeongnam_campus/p/hive/d/24e124725d081175/sp/8인 책상/n/8인 책상/e/co2 -> 508.0
2025-04-21 09:03:17 [MQTT Call: JavaClientExample] INFO  com.example.mqtt.MessageData - Topic: data/s/nhnacademy/b/gyeongnam_campus/p/hive/d/24e124725d081175/sp/8인 책상/n/8인 책상/g/24e124fffef5dccc/e/lora
Message Data:
time: 1745193794418
value: 

2025-04-21 09:03:17 [MQTT Call: JavaClientExample] INFO  com.example.mqtt.InfluxDBService - Extracted tagkey -> location: hive, kind: 8인 책상, data: lora
Value into InfluxDB: 0.0
2025-04-21 09:03:17 [MQTT Call: JavaClientExample] INFO  com.example.mqtt.MessageData - Data sent to InfluxDBService: data/s/nhnacademy/b/gyeongnam_campus/p/hive/d/24e124725d081175/sp/8인 책상/n/8인 책상/g/24e124fffef5dccc/e/lora -> 0.0
2025-04-21 09:03:17 [MQTT Call: JavaClientExample] INFO  com.example.mqtt.MessageData - Topic: data/s/nhnacademy/b/gyeongnam_campus/p/hive/d/24e124725d081175/sp/8인 책상/n/8인 책상/g/24e124fffef79304/e/lora
Message Data:
time: 1745193794418
value: 

2025-04-21 09:03:17 [MQTT Call: JavaClientExample] INFO  com.example.mqtt.InfluxDBService - Extracted tagkey -> location: hive, kind: 8인 책상, data: lora
Value into InfluxDB: 0.0
2025-04-21 09:03:17 [MQTT Call: JavaClientExample] INFO  com.example.mqtt.MessageData - Data sent to InfluxDBService: data/s/nhnacademy/b/gyeongnam_campus/p/hive/d/24e124725d081175/sp/8인 책상/n/8인 책상/g/24e124fffef79304/e/lora -> 0.0
2025-04-21 09:03:19 [MQTT Call: JavaClientExample] INFO  com.example.mqtt.MessageData - Topic: data/s/nhnacademy/b/gyeongnam_campus/p/class_a/d/24e124128c067999/sp/입구/n/입구/e/infrared_and_visible
Message Data:
time: 1745193797370
value: 45

2025-04-21 09:03:19 [MQTT Call: JavaClientExample] INFO  com.example.mqtt.InfluxDBService - Extracted tagkey -> location: class_a, kind: 입구, data: infrared_and_visible
Value into InfluxDB: 45.0
2025-04-21 09:03:19 [MQTT Call: JavaClientExample] INFO  com.example.mqtt.MessageData - Data sent to InfluxDBService: data/s/nhnacademy/b/gyeongnam_campus/p/class_a/d/24e124128c067999/sp/입구/n/입구/e/infrared_and_visible -> 45.0
2025-04-21 09:03:19 [MQTT Call: JavaClientExample] INFO  com.example.mqtt.MessageData - Topic: data/s/nhnacademy/b/gyeongnam_campus/p/class_a/d/24e124128c067999/sp/입구/n/입구/e/tvoc
Message Data:
time: 1745193797370
value: 305

2025-04-21 09:03:19 [MQTT Call: JavaClientExample] INFO  com.example.mqtt.InfluxDBService - Extracted tagkey -> location: class_a, kind: 입구, data: tvoc
Value into InfluxDB: 305.0
2025-04-21 09:03:19 [MQTT Call: JavaClientExample] INFO  com.example.mqtt.MessageData - Data sent to InfluxDBService: data/s/nhnacademy/b/gyeongnam_campus/p/class_a/d/24e124128c067999/sp/입구/n/입구/e/tvoc -> 305.0
2025-04-21 09:03:19 [MQTT Call: JavaClientExample] INFO  com.example.mqtt.MessageData - Topic: data/s/nhnacademy/b/gyeongnam_campus/p/class_a/d/24e124128c067999/sp/입구/n/입구/e/humidity
Message Data:
time: 1745193797370
value: 47

2025-04-21 09:03:19 [MQTT Call: JavaClientExample] INFO  com.example.mqtt.InfluxDBService - Extracted tagkey -> location: class_a, kind: 입구, data: humidity
Value into InfluxDB: 47.0
2025-04-21 09:03:19 [MQTT Call: JavaClientExample] INFO  com.example.mqtt.MessageData - Data sent to InfluxDBService: data/s/nhnacademy/b/gyeongnam_campus/p/class_a/d/24e124128c067999/sp/입구/n/입구/e/humidity -> 47.0
2025-04-21 09:03:19 [MQTT Call: JavaClientExample] INFO  com.example.mqtt.MessageData - Topic: data/s/nhnacademy/b/gyeongnam_campus/p/class_a/d/24e124128c067999/sp/입구/n/입구/e/pressure
Message Data:
time: 1745193797370
value: 1009.4

2025-04-21 09:03:19 [MQTT Call: JavaClientExample] INFO  com.example.mqtt.InfluxDBService - Extracted tagkey -> location: class_a, kind: 입구, data: pressure
Value into InfluxDB: 1009.4
2025-04-21 09:03:19 [MQTT Call: JavaClientExample] INFO  com.example.mqtt.MessageData - Data sent to InfluxDBService: data/s/nhnacademy/b/gyeongnam_campus/p/class_a/d/24e124128c067999/sp/입구/n/입구/e/pressure -> 1009.4
2025-04-21 09:03:19 [MQTT Call: JavaClientExample] INFO  com.example.mqtt.MessageData - Topic: data/s/nhnacademy/b/gyeongnam_campus/p/class_a/d/24e124128c067999/sp/입구/n/입구/e/temperature
Message Data:
time: 1745193797370
value: 23.6

2025-04-21 09:03:19 [MQTT Call: JavaClientExample] INFO  com.example.mqtt.InfluxDBService - Extracted tagkey -> location: class_a, kind: 입구, data: temperature
Value into InfluxDB: 23.6
2025-04-21 09:03:19 [MQTT Call: JavaClientExample] INFO  com.example.mqtt.MessageData - Data sent to InfluxDBService: data/s/nhnacademy/b/gyeongnam_campus/p/class_a/d/24e124128c067999/sp/입구/n/입구/e/temperature -> 23.6
2025-04-21 09:03:19 [MQTT Call: JavaClientExample] INFO  com.example.mqtt.MessageData - Topic: data/s/nhnacademy/b/gyeongnam_campus/p/class_a/d/24e124128c067999/sp/입구/n/입구/e/illumination
Message Data:
time: 1745193797370
value: 65

2025-04-21 09:03:19 [MQTT Call: JavaClientExample] INFO  com.example.mqtt.InfluxDBService - Extracted tagkey -> location: class_a, kind: 입구, data: illumination
Value into InfluxDB: 65.0
2025-04-21 09:03:19 [MQTT Call: JavaClientExample] INFO  com.example.mqtt.MessageData - Data sent to InfluxDBService: data/s/nhnacademy/b/gyeongnam_campus/p/class_a/d/24e124128c067999/sp/입구/n/입구/e/illumination -> 65.0
2025-04-21 09:03:19 [MQTT Call: JavaClientExample] INFO  com.example.mqtt.MessageData - Topic: data/s/nhnacademy/b/gyeongnam_campus/p/class_a/d/24e124128c067999/sp/입구/n/입구/e/infrared
Message Data:
time: 1745193797370
value: 7

2025-04-21 09:03:19 [MQTT Call: JavaClientExample] INFO  com.example.mqtt.InfluxDBService - Extracted tagkey -> location: class_a, kind: 입구, data: infrared
Value into InfluxDB: 7.0
2025-04-21 09:03:19 [MQTT Call: JavaClientExample] INFO  com.example.mqtt.MessageData - Data sent to InfluxDBService: data/s/nhnacademy/b/gyeongnam_campus/p/class_a/d/24e124128c067999/sp/입구/n/입구/e/infrared -> 7.0
2025-04-21 09:03:19 [MQTT Call: JavaClientExample] INFO  com.example.mqtt.MessageData - Topic: data/s/nhnacademy/b/gyeongnam_campus/p/class_a/d/24e124128c067999/sp/입구/n/입구/e/co2
Message Data:
time: 1745193797370
value: 551

2025-04-21 09:03:19 [MQTT Call: JavaClientExample] INFO  com.example.mqtt.InfluxDBService - Extracted tagkey -> location: class_a, kind: 입구, data: co2
Value into InfluxDB: 551.0
2025-04-21 09:03:19 [MQTT Call: JavaClientExample] INFO  com.example.mqtt.MessageData - Data sent to InfluxDBService: data/s/nhnacademy/b/gyeongnam_campus/p/class_a/d/24e124128c067999/sp/입구/n/입구/e/co2 -> 551.0
2025-04-21 09:03:19 [MQTT Call: JavaClientExample] INFO  com.example.mqtt.MessageData - Topic: data/s/nhnacademy/b/gyeongnam_campus/p/class_a/d/24e124128c067999/sp/입구/n/입구/e/activity
Message Data:
time: 1745193797370
value: 0

2025-04-21 09:03:19 [MQTT Call: JavaClientExample] INFO  com.example.mqtt.InfluxDBService - Extracted tagkey -> location: class_a, kind: 입구, data: activity
Value into InfluxDB: 0.0
2025-04-21 09:03:19 [MQTT Call: JavaClientExample] INFO  com.example.mqtt.MessageData - Data sent to InfluxDBService: data/s/nhnacademy/b/gyeongnam_campus/p/class_a/d/24e124128c067999/sp/입구/n/입구/e/activity -> 0.0
2025-04-21 09:03:19 [MQTT Call: JavaClientExample] INFO  com.example.mqtt.MessageData - Topic: data/s/nhnacademy/b/gyeongnam_campus/p/class_a/d/24e124128c067999/sp/입구/n/입구/g/24e124fffef5dccc/e/lora
Message Data:
time: 1745193797370
value: 

2025-04-21 09:03:19 [MQTT Call: JavaClientExample] INFO  com.example.mqtt.InfluxDBService - Extracted tagkey -> location: class_a, kind: 입구, data: lora
Value into InfluxDB: 0.0
2025-04-21 09:03:19 [MQTT Call: JavaClientExample] INFO  com.example.mqtt.MessageData - Data sent to InfluxDBService: data/s/nhnacademy/b/gyeongnam_campus/p/class_a/d/24e124128c067999/sp/입구/n/입구/g/24e124fffef5dccc/e/lora -> 0.0
2025-04-21 09:03:19 [MQTT Call: JavaClientExample] INFO  com.example.mqtt.MessageData - Topic: data/s/nhnacademy/b/gyeongnam_campus/p/class_a/d/24e124128c067999/sp/입구/n/입구/g/24e124fffef79304/e/lora
Message Data:
time: 1745193797370
value: 

2025-04-21 09:03:19 [MQTT Call: JavaClientExample] INFO  com.example.mqtt.InfluxDBService - Extracted tagkey -> location: class_a, kind: 입구, data: lora
Value into InfluxDB: 0.0
2025-04-21 09:03:19 [MQTT Call: JavaClientExample] INFO  com.example.mqtt.MessageData - Data sent to InfluxDBService: data/s/nhnacademy/b/gyeongnam_campus/p/class_a/d/24e124128c067999/sp/입구/n/입구/g/24e124fffef79304/e/lora -> 0.0
2025-04-21 09:03:19 [MQTT Call: JavaClientExample] INFO  com.example.mqtt.MessageData - Topic: data/s/nhnacademy/b/gyeongnam_campus/p/hive/d/24e124785c389010/n/정수기 위/e/battery
Message Data:
time: 1745193798899
value: 86

2025-04-21 09:03:19 [MQTT Call: JavaClientExample] INFO  com.example.mqtt.InfluxDBService - Extracted tagkey -> location: hive, kind: 정수기 위, data: battery
Value into InfluxDB: 86.0
2025-04-21 09:03:19 [MQTT Call: JavaClientExample] INFO  com.example.mqtt.MessageData - Data sent to InfluxDBService: data/s/nhnacademy/b/gyeongnam_campus/p/hive/d/24e124785c389010/n/정수기 위/e/battery -> 86.0
2025-04-21 09:03:19 [MQTT Call: JavaClientExample] INFO  com.example.mqtt.MessageData - Topic: data/s/nhnacademy/b/gyeongnam_campus/p/hive/d/24e124785c389010/n/정수기 위/e/humidity
Message Data:
time: 1745193798899
value: 45

2025-04-21 09:03:19 [MQTT Call: JavaClientExample] INFO  com.example.mqtt.InfluxDBService - Extracted tagkey -> location: hive, kind: 정수기 위, data: humidity
Value into InfluxDB: 45.0
2025-04-21 09:03:19 [MQTT Call: JavaClientExample] INFO  com.example.mqtt.MessageData - Data sent to InfluxDBService: data/s/nhnacademy/b/gyeongnam_campus/p/hive/d/24e124785c389010/n/정수기 위/e/humidity -> 45.0
2025-04-21 09:03:19 [MQTT Call: JavaClientExample] INFO  com.example.mqtt.MessageData - Topic: data/s/nhnacademy/b/gyeongnam_campus/p/hive/d/24e124785c389010/n/정수기 위/e/temperature
Message Data:
time: 1745193798899
value: 24.2

2025-04-21 09:03:19 [MQTT Call: JavaClientExample] INFO  com.example.mqtt.InfluxDBService - Extracted tagkey -> location: hive, kind: 정수기 위, data: temperature
Value into InfluxDB: 24.2
2025-04-21 09:03:19 [MQTT Call: JavaClientExample] INFO  com.example.mqtt.MessageData - Data sent to InfluxDBService: data/s/nhnacademy/b/gyeongnam_campus/p/hive/d/24e124785c389010/n/정수기 위/e/temperature -> 24.2
2025-04-21 09:03:19 [MQTT Call: JavaClientExample] INFO  com.example.mqtt.MessageData - Topic: data/s/nhnacademy/b/gyeongnam_campus/p/hive/d/24e124785c389010/n/정수기 위/g/24e124fffef5dccc/e/lora
Message Data:
time: 1745193798899
value: 

2025-04-21 09:03:19 [MQTT Call: JavaClientExample] INFO  com.example.mqtt.InfluxDBService - Extracted tagkey -> location: hive, kind: 정수기 위, data: lora
Value into InfluxDB: 0.0
2025-04-21 09:03:19 [MQTT Call: JavaClientExample] INFO  com.example.mqtt.MessageData - Data sent to InfluxDBService: data/s/nhnacademy/b/gyeongnam_campus/p/hive/d/24e124785c389010/n/정수기 위/g/24e124fffef5dccc/e/lora -> 0.0
2025-04-21 09:03:19 [MQTT Call: JavaClientExample] INFO  com.example.mqtt.MessageData - Topic: data/s/nhnacademy/b/gyeongnam_campus/p/hive/d/24e124785c389010/n/정수기 위/g/24e124fffef79304/e/lora
Message Data:
time: 1745193798899
value: 

2025-04-21 09:03:19 [MQTT Call: JavaClientExample] INFO  com.example.mqtt.InfluxDBService - Extracted tagkey -> location: hive, kind: 정수기 위, data: lora
Value into InfluxDB: 0.0
2025-04-21 09:03:19 [MQTT Call: JavaClientExample] INFO  com.example.mqtt.MessageData - Data sent to InfluxDBService: data/s/nhnacademy/b/gyeongnam_campus/p/hive/d/24e124785c389010/n/정수기 위/g/24e124fffef79304/e/lora -> 0.0
2025-04-21 09:03:23 [MQTT Call: JavaClientExample] INFO  com.example.mqtt.MessageData - Topic: data/s/nhnacademy/b/gyeongnam_campus/p/hive/d/24e124126d111937/sp/farm/n/스마트팜/e/illumination
Message Data:
time: 1745193801079
value: 320

2025-04-21 09:03:23 [MQTT Call: JavaClientExample] INFO  com.example.mqtt.InfluxDBService - Extracted tagkey -> location: hive, kind: 스마트팜, data: illumination
Value into InfluxDB: 320.0
2025-04-21 09:03:23 [MQTT Call: JavaClientExample] INFO  com.example.mqtt.MessageData - Data sent to InfluxDBService: data/s/nhnacademy/b/gyeongnam_campus/p/hive/d/24e124126d111937/sp/farm/n/스마트팜/e/illumination -> 320.0
2025-04-21 09:03:23 [MQTT Call: JavaClientExample] INFO  com.example.mqtt.MessageData - Topic: data/s/nhnacademy/b/gyeongnam_campus/p/hive/d/24e124126d111937/sp/farm/n/스마트팜/g/24e124fffef79304/e/lora
Message Data:
time: 1745193801079
value: 

2025-04-21 09:03:23 [MQTT Call: JavaClientExample] INFO  com.example.mqtt.InfluxDBService - Extracted tagkey -> location: hive, kind: 스마트팜, data: lora
Value into InfluxDB: 0.0
2025-04-21 09:03:23 [MQTT Call: JavaClientExample] INFO  com.example.mqtt.MessageData - Data sent to InfluxDBService: data/s/nhnacademy/b/gyeongnam_campus/p/hive/d/24e124126d111937/sp/farm/n/스마트팜/g/24e124fffef79304/e/lora -> 0.0
2025-04-21 09:03:28 [MQTT Call: JavaClientExample] INFO  com.example.mqtt.MessageData - Topic: data/s/nhnacademy/b/gyeongnam_campus/p/server_room/d/24e124136d151368/n/입구/e/temperature
Message Data:
time: 1745193806502
value: 23.9

2025-04-21 09:03:28 [MQTT Call: JavaClientExample] INFO  com.example.mqtt.InfluxDBService - Extracted tagkey -> location: server_room, kind: 입구, data: temperature
Value into InfluxDB: 23.9
2025-04-21 09:03:28 [MQTT Call: JavaClientExample] INFO  com.example.mqtt.MessageData - Data sent to InfluxDBService: data/s/nhnacademy/b/gyeongnam_campus/p/server_room/d/24e124136d151368/n/입구/e/temperature -> 23.9
2025-04-21 09:03:32 [MQTT Call: JavaClientExample] INFO  com.example.mqtt.MessageData - Topic: data/s/nhnacademy/b/gyeongnam_campus/p/server_room/d/24e124136d151368/n/입구/e/humidity
Message Data:
time: 1745193806502
value: 48

2025-04-21 09:03:32 [MQTT Call: JavaClientExample] INFO  com.example.mqtt.InfluxDBService - Extracted tagkey -> location: server_room, kind: 입구, data: humidity
Value into InfluxDB: 48.0
2025-04-21 09:03:32 [MQTT Call: JavaClientExample] INFO  com.example.mqtt.MessageData - Data sent to InfluxDBService: data/s/nhnacademy/b/gyeongnam_campus/p/server_room/d/24e124136d151368/n/입구/e/humidity -> 48.0
2025-04-21 09:03:32 [MQTT Call: JavaClientExample] INFO  com.example.mqtt.MessageData - Topic: data/s/nhnacademy/b/gyeongnam_campus/p/server_room/d/24e124136d151368/n/입구/g/24e124fffef79304/e/lora
Message Data:
time: 1745193806502
value: 

2025-04-21 09:03:32 [MQTT Call: JavaClientExample] INFO  com.example.mqtt.InfluxDBService - Extracted tagkey -> location: server_room, kind: 입구, data: lora
Value into InfluxDB: 0.0
2025-04-21 09:03:32 [MQTT Call: JavaClientExample] INFO  com.example.mqtt.MessageData - Data sent to InfluxDBService: data/s/nhnacademy/b/gyeongnam_campus/p/server_room/d/24e124136d151368/n/입구/g/24e124fffef79304/e/lora -> 0.0
2025-04-21 09:03:32 [MQTT Call: JavaClientExample] INFO  com.example.mqtt.MessageData - Topic: data/s/nhnacademy/b/gyeongnam_campus/p/server_room/d/24e124136d151368/n/입구/g/24e124fffef5dccc/e/lora
Message Data:
time: 1745193806502
value: 

2025-04-21 09:03:32 [MQTT Call: JavaClientExample] INFO  com.example.mqtt.InfluxDBService - Extracted tagkey -> location: server_room, kind: 입구, data: lora
Value into InfluxDB: 0.0
2025-04-21 09:03:32 [MQTT Call: JavaClientExample] INFO  com.example.mqtt.MessageData - Data sent to InfluxDBService: data/s/nhnacademy/b/gyeongnam_campus/p/server_room/d/24e124136d151368/n/입구/g/24e124fffef5dccc/e/lora -> 0.0
2025-04-21 09:03:38 [MQTT Call: JavaClientExample] INFO  com.example.mqtt.MessageData - Topic: data/s/nhnacademy/b/gyeongnam_campus/p/hive/d/24e124126c452091/sp/farm/n/스마트팜/e/temperature
Message Data:
time: 1745193817333
value: 23.2

2025-04-21 09:03:38 [MQTT Call: JavaClientExample] INFO  com.example.mqtt.InfluxDBService - Extracted tagkey -> location: hive, kind: 스마트팜, data: temperature
Value into InfluxDB: 23.2
2025-04-21 09:03:38 [MQTT Call: JavaClientExample] INFO  com.example.mqtt.MessageData - Data sent to InfluxDBService: data/s/nhnacademy/b/gyeongnam_campus/p/hive/d/24e124126c452091/sp/farm/n/스마트팜/e/temperature -> 23.2
2025-04-21 09:03:39 [MQTT Call: JavaClientExample] INFO  com.example.mqtt.MessageData - Topic: data/s/nhnacademy/b/gyeongnam_campus/p/hive/d/24e124126c452091/sp/farm/n/스마트팜/g/24e124fffef5dccc/e/lora
Message Data:
time: 1745193817333
value: 

2025-04-21 09:03:39 [MQTT Call: JavaClientExample] INFO  com.example.mqtt.InfluxDBService - Extracted tagkey -> location: hive, kind: 스마트팜, data: lora
Value into InfluxDB: 0.0
2025-04-21 09:03:39 [MQTT Call: JavaClientExample] INFO  com.example.mqtt.MessageData - Data sent to InfluxDBService: data/s/nhnacademy/b/gyeongnam_campus/p/hive/d/24e124126c452091/sp/farm/n/스마트팜/g/24e124fffef5dccc/e/lora -> 0.0
2025-04-21 09:03:39 [MQTT Call: JavaClientExample] INFO  com.example.mqtt.MessageData - Topic: data/s/nhnacademy/b/gyeongnam_campus/p/hive/d/24e124126c452091/sp/farm/n/스마트팜/g/24e124fffef79304/e/lora
Message Data:
time: 1745193817333
value: 

2025-04-21 09:03:39 [MQTT Call: JavaClientExample] INFO  com.example.mqtt.InfluxDBService - Extracted tagkey -> location: hive, kind: 스마트팜, data: lora
Value into InfluxDB: 0.0
2025-04-21 09:03:39 [MQTT Call: JavaClientExample] INFO  com.example.mqtt.MessageData - Data sent to InfluxDBService: data/s/nhnacademy/b/gyeongnam_campus/p/hive/d/24e124126c452091/sp/farm/n/스마트팜/g/24e124fffef79304/e/lora -> 0.0
2025-04-21 09:03:46 [MQTT Call: JavaClientExample] INFO  com.example.mqtt.MessageData - Topic: data/s/nhnacademy/b/gyeongnam_campus/p/campus/d/gem3500_1/n/캠퍼스_LL/e/voltage
Message Data:
time: 1745193826741
value: 380.15

2025-04-21 09:03:46 [MQTT Call: JavaClientExample] INFO  com.example.mqtt.InfluxDBService - Extracted tagkey -> location: campus, kind: 캠퍼스_LL, data: voltage
Value into InfluxDB: 380.15
2025-04-21 09:03:46 [MQTT Call: JavaClientExample] INFO  com.example.mqtt.MessageData - Data sent to InfluxDBService: data/s/nhnacademy/b/gyeongnam_campus/p/campus/d/gem3500_1/n/캠퍼스_LL/e/voltage -> 380.15
2025-04-21 09:03:46 [MQTT Call: JavaClientExample] INFO  com.example.mqtt.MessageData - Topic: data/s/nhnacademy/b/gyeongnam_campus/p/campus/d/gem3500_1/n/캠퍼스_LN/e/voltage
Message Data:
time: 1745193826741
value: 219.48

2025-04-21 09:03:46 [MQTT Call: JavaClientExample] INFO  com.example.mqtt.InfluxDBService - Extracted tagkey -> location: campus, kind: 캠퍼스_LN, data: voltage
Value into InfluxDB: 219.48
2025-04-21 09:03:46 [MQTT Call: JavaClientExample] INFO  com.example.mqtt.MessageData - Data sent to InfluxDBService: data/s/nhnacademy/b/gyeongnam_campus/p/campus/d/gem3500_1/n/캠퍼스_LN/e/voltage -> 219.48
2025-04-21 09:03:46 [MQTT Call: JavaClientExample] INFO  com.example.mqtt.MessageData - Topic: data/s/nhnacademy/b/gyeongnam_campus/p/campus/d/gem3500_1/n/캠퍼스1/e/power_meter
Message Data:
time: 1745193826843
type: 5
leakageCurrent: 0
current: 2018
activePower: 3729
reactivePower: -1587
tapparentPower: 4445
powerFactor: 83.9
currentUnbalance: 73.86
lines: 

2025-04-21 09:03:46 [MQTT Call: JavaClientExample] WARN  com.example.mqtt.MessageData - No 'value' field found in message, skipping InfluxDB write.
2025-04-21 09:03:46 [MQTT Call: JavaClientExample] INFO  com.example.mqtt.MessageData - Topic: data/s/nhnacademy/b/gyeongnam_campus/p/storage/d/24e124136d151547/n/입구/e/battery
Message Data:
time: 1745193826583
value: 1

2025-04-21 09:03:46 [MQTT Call: JavaClientExample] INFO  com.example.mqtt.InfluxDBService - Extracted tagkey -> location: storage, kind: 입구, data: battery
Value into InfluxDB: 1.0
2025-04-21 09:03:46 [MQTT Call: JavaClientExample] INFO  com.example.mqtt.MessageData - Data sent to InfluxDBService: data/s/nhnacademy/b/gyeongnam_campus/p/storage/d/24e124136d151547/n/입구/e/battery -> 1.0
2025-04-21 09:03:46 [MQTT Call: JavaClientExample] INFO  com.example.mqtt.MessageData - Topic: data/s/nhnacademy/b/gyeongnam_campus/p/storage/d/24e124136d151547/n/입구/e/humidity
Message Data:
time: 1745193826583
value: 127.5

2025-04-21 09:03:46 [MQTT Call: JavaClientExample] INFO  com.example.mqtt.InfluxDBService - Extracted tagkey -> location: storage, kind: 입구, data: humidity
Value into InfluxDB: 127.5
2025-04-21 09:03:46 [MQTT Call: JavaClientExample] INFO  com.example.mqtt.MessageData - Data sent to InfluxDBService: data/s/nhnacademy/b/gyeongnam_campus/p/storage/d/24e124136d151547/n/입구/e/humidity -> 127.5
2025-04-21 09:03:46 [MQTT Call: JavaClientExample] INFO  com.example.mqtt.MessageData - Topic: data/s/nhnacademy/b/gyeongnam_campus/p/storage/d/24e124136d151547/n/입구/e/temperature
Message Data:
time: 1745193826583
value: -0.1

2025-04-21 09:03:46 [MQTT Call: JavaClientExample] INFO  com.example.mqtt.InfluxDBService - Extracted tagkey -> location: storage, kind: 입구, data: temperature
Value into InfluxDB: -0.1
2025-04-21 09:03:46 [MQTT Call: JavaClientExample] INFO  com.example.mqtt.MessageData - Data sent to InfluxDBService: data/s/nhnacademy/b/gyeongnam_campus/p/storage/d/24e124136d151547/n/입구/e/temperature -> -0.1
2025-04-21 09:03:46 [MQTT Call: JavaClientExample] INFO  com.example.mqtt.MessageData - Topic: data/s/nhnacademy/b/gyeongnam_campus/p/storage/d/24e124136d151547/n/입구/g/24e124fffef5dccc/e/lora
Message Data:
time: 1745193826583
value: 

2025-04-21 09:03:46 [MQTT Call: JavaClientExample] INFO  com.example.mqtt.InfluxDBService - Extracted tagkey -> location: storage, kind: 입구, data: lora
Value into InfluxDB: 0.0
2025-04-21 09:03:46 [MQTT Call: JavaClientExample] INFO  com.example.mqtt.MessageData - Data sent to InfluxDBService: data/s/nhnacademy/b/gyeongnam_campus/p/storage/d/24e124136d151547/n/입구/g/24e124fffef5dccc/e/lora -> 0.0
2025-04-21 09:03:46 [MQTT Call: JavaClientExample] INFO  com.example.mqtt.MessageData - Topic: data/s/nhnacademy/b/gyeongnam_campus/p/storage/d/24e124136d151547/n/입구/e/temperature
Message Data:
time: 1745193826584
value: -0.1

2025-04-21 09:03:46 [MQTT Call: JavaClientExample] INFO  com.example.mqtt.InfluxDBService - Extracted tagkey -> location: storage, kind: 입구, data: temperature
Value into InfluxDB: -0.1
2025-04-21 09:03:46 [MQTT Call: JavaClientExample] INFO  com.example.mqtt.MessageData - Data sent to InfluxDBService: data/s/nhnacademy/b/gyeongnam_campus/p/storage/d/24e124136d151547/n/입구/e/temperature -> -0.1
2025-04-21 09:03:46 [MQTT Call: JavaClientExample] INFO  com.example.mqtt.MessageData - Topic: data/s/nhnacademy/b/gyeongnam_campus/p/storage/d/24e124136d151547/n/입구/e/humidity
Message Data:
time: 1745193826584
value: 127.5

2025-04-21 09:03:46 [MQTT Call: JavaClientExample] INFO  com.example.mqtt.InfluxDBService - Extracted tagkey -> location: storage, kind: 입구, data: humidity
Value into InfluxDB: 127.5
2025-04-21 09:03:46 [MQTT Call: JavaClientExample] INFO  com.example.mqtt.MessageData - Data sent to InfluxDBService: data/s/nhnacademy/b/gyeongnam_campus/p/storage/d/24e124136d151547/n/입구/e/humidity -> 127.5
2025-04-21 09:03:46 [MQTT Call: JavaClientExample] INFO  com.example.mqtt.MessageData - Topic: data/s/nhnacademy/b/gyeongnam_campus/p/storage/d/24e124136d151547/n/입구/e/battery
Message Data:
time: 1745193826584
value: 1

2025-04-21 09:03:46 [MQTT Call: JavaClientExample] INFO  com.example.mqtt.InfluxDBService - Extracted tagkey -> location: storage, kind: 입구, data: battery
Value into InfluxDB: 1.0
2025-04-21 09:03:46 [MQTT Call: JavaClientExample] INFO  com.example.mqtt.MessageData - Data sent to InfluxDBService: data/s/nhnacademy/b/gyeongnam_campus/p/storage/d/24e124136d151547/n/입구/e/battery -> 1.0
2025-04-21 09:03:46 [MQTT Call: JavaClientExample] INFO  com.example.mqtt.MessageData - Topic: data/s/nhnacademy/b/gyeongnam_campus/p/storage/d/24e124136d151547/n/입구/g/24e124fffef79304/e/lora
Message Data:
time: 1745193826584
value: 

2025-04-21 09:03:46 [MQTT Call: JavaClientExample] INFO  com.example.mqtt.InfluxDBService - Extracted tagkey -> location: storage, kind: 입구, data: lora
Value into InfluxDB: 0.0
2025-04-21 09:03:46 [MQTT Call: JavaClientExample] INFO  com.example.mqtt.MessageData - Data sent to InfluxDBService: data/s/nhnacademy/b/gyeongnam_campus/p/storage/d/24e124136d151547/n/입구/g/24e124fffef79304/e/lora -> 0.0
2025-04-21 09:03:46 [MQTT Call: JavaClientExample] INFO  com.example.mqtt.MessageData - Topic: data/s/nhnacademy/b/gyeongnam_campus/p/storage/d/24e124136d151547/n/입구/g/24e124fffef5dccc/e/lora
Message Data:
time: 1745193826584
value: 

2025-04-21 09:03:46 [MQTT Call: JavaClientExample] INFO  com.example.mqtt.InfluxDBService - Extracted tagkey -> location: storage, kind: 입구, data: lora
Value into InfluxDB: 0.0
2025-04-21 09:03:46 [MQTT Call: JavaClientExample] INFO  com.example.mqtt.MessageData - Data sent to InfluxDBService: data/s/nhnacademy/b/gyeongnam_campus/p/storage/d/24e124136d151547/n/입구/g/24e124fffef5dccc/e/lora -> 0.0
2025-04-21 09:03:46 [MQTT Call: JavaClientExample] INFO  com.example.mqtt.MessageData - Topic: data/s/nhnacademy/b/gyeongnam_campus/p/campus/d/gem3500_1/n/전등1/e/power_meter
Message Data:
time: 1745193826945
type: 3
leakageCurrent: 0
current: 696
activePower: 1308
reactivePower: -338
tapparentPower: 1524
powerFactor: 85.82
currentUnbalance: 0
lines: 

2025-04-21 09:03:46 [MQTT Call: JavaClientExample] WARN  com.example.mqtt.MessageData - No 'value' field found in message, skipping InfluxDB write.
2025-04-21 09:03:47 [MQTT Call: JavaClientExample] INFO  com.example.mqtt.MessageData - Topic: data/s/nhnacademy/b/gyeongnam_campus/p/campus/d/gem3500_1/n/전등2/e/power_meter
Message Data:
time: 1745193827047
type: 1
leakageCurrent: 0
current: 568
activePower: 1140
reactivePower: -285
tapparentPower: 1253
powerFactor: 90.99
currentUnbalance: 0
lines: 

2025-04-21 09:03:47 [MQTT Call: JavaClientExample] WARN  com.example.mqtt.MessageData - No 'value' field found in message, skipping InfluxDB write.
2025-04-21 09:03:47 [MQTT Call: JavaClientExample] INFO  com.example.mqtt.MessageData - Topic: data/s/nhnacademy/b/gyeongnam_campus/p/campus/d/gem3500_1/n/전등3/e/power_meter
Message Data:
time: 1745193827148
type: 2
leakageCurrent: 0
current: 0
activePower: 0
reactivePower: 0
tapparentPower: 0
powerFactor: 0
currentUnbalance: 0
lines: 

2025-04-21 09:03:47 [MQTT Call: JavaClientExample] WARN  com.example.mqtt.MessageData - No 'value' field found in message, skipping InfluxDB write.
2025-04-21 09:03:47 [MQTT Call: JavaClientExample] INFO  com.example.mqtt.MessageData - Topic: data/s/nhnacademy/b/gyeongnam_campus/p/campus/d/gem3500_1/n/강의실b_바닥/e/power_meter
Message Data:
time: 1745193827248
type: 3
leakageCurrent: 0
current: 114
activePower: 139
reactivePower: -168
tapparentPower: 254
powerFactor: 54.71
currentUnbalance: 0
lines: 

2025-04-21 09:03:47 [MQTT Call: JavaClientExample] WARN  com.example.mqtt.MessageData - No 'value' field found in message, skipping InfluxDB write.
2025-04-21 09:03:47 [MQTT Call: JavaClientExample] INFO  com.example.mqtt.MessageData - Topic: data/s/nhnacademy/b/gyeongnam_campus/p/campus/d/gem3500_1/n/강의실a_바닥1/e/power_meter
Message Data:
time: 1745193827351
type: 1
leakageCurrent: 0
current: 104
activePower: 84
reactivePower: -206
tapparentPower: 230
powerFactor: 36.45
currentUnbalance: 0
lines: 

2025-04-21 09:03:47 [MQTT Call: JavaClientExample] WARN  com.example.mqtt.MessageData - No 'value' field found in message, skipping InfluxDB write.
2025-04-21 09:03:47 [MQTT Call: JavaClientExample] INFO  com.example.mqtt.MessageData - Topic: data/s/nhnacademy/b/gyeongnam_campus/p/campus/d/gem3500_1/n/강의실a_바닥2/e/power_meter
Message Data:
time: 1745193827450
type: 2
leakageCurrent: 0
current: 85
activePower: 127
reactivePower: -124
tapparentPower: 192
powerFactor: 66.24
currentUnbalance: 0
lines: 

2025-04-21 09:03:47 [MQTT Call: JavaClientExample] WARN  com.example.mqtt.MessageData - No 'value' field found in message, skipping InfluxDB write.
2025-04-21 09:03:47 [MQTT Call: JavaClientExample] INFO  com.example.mqtt.MessageData - Topic: data/s/nhnacademy/b/gyeongnam_campus/p/campus/d/gem3500_1/n/프로젝터1/e/power_meter
Message Data:
time: 1745193827551
type: 3
leakageCurrent: 0
current: 71
activePower: 69
reactivePower: -129
tapparentPower: 156
powerFactor: 44.61
currentUnbalance: 0
lines: 

2025-04-21 09:03:47 [MQTT Call: JavaClientExample] WARN  com.example.mqtt.MessageData - No 'value' field found in message, skipping InfluxDB write.
2025-04-21 09:03:48 [MQTT Call: JavaClientExample] INFO  com.example.mqtt.MessageData - Topic: data/s/nhnacademy/b/gyeongnam_campus/p/campus/d/gem3500_1/n/프로젝터2/e/power_meter
Message Data:
time: 1745193827657
type: 1
leakageCurrent: 0
current: 57
activePower: 93
reactivePower: -74
tapparentPower: 129
powerFactor: 72.22
currentUnbalance: 0
lines: 

2025-04-21 09:03:48 [MQTT Call: JavaClientExample] WARN  com.example.mqtt.MessageData - No 'value' field found in message, skipping InfluxDB write.
2025-04-21 09:03:48 [MQTT Call: JavaClientExample] INFO  com.example.mqtt.MessageData - Topic: data/s/nhnacademy/b/gyeongnam_campus/p/campus/d/gem3500_1/n/회의실/e/power_meter
Message Data:
time: 1745193827755
type: 2
leakageCurrent: 0
current: 14
activePower: 4
reactivePower: -28
tapparentPower: 33
powerFactor: 14.28
currentUnbalance: 0
lines: 

2025-04-21 09:03:48 [MQTT Call: JavaClientExample] WARN  com.example.mqtt.MessageData - No 'value' field found in message, skipping InfluxDB write.
2025-04-21 09:03:48 [MQTT Call: JavaClientExample] INFO  com.example.mqtt.MessageData - Topic: data/s/nhnacademy/b/gyeongnam_campus/p/campus/d/gem3500_1/n/서버실/e/power_meter
Message Data:
time: 1745193827855
type: 3
leakageCurrent: 0
current: 199
activePower: 391
reactivePower: -112
tapparentPower: 437
powerFactor: 89.56
currentUnbalance: 0
lines: 

2025-04-21 09:03:48 [MQTT Call: JavaClientExample] WARN  com.example.mqtt.MessageData - No 'value' field found in message, skipping InfluxDB write.
2025-04-21 09:03:48 [MQTT Call: JavaClientExample] INFO  com.example.mqtt.MessageData - Topic: data/s/nhnacademy/b/gyeongnam_campus/p/campus/d/gem3500_1/n/간판/e/power_meter
Message Data:
time: 1745193827956
type: 1
leakageCurrent: 0
current: 0
activePower: 0
reactivePower: 0
tapparentPower: 0
powerFactor: 0
currentUnbalance: 0
lines: 

2025-04-21 09:03:48 [MQTT Call: JavaClientExample] WARN  com.example.mqtt.MessageData - No 'value' field found in message, skipping InfluxDB write.
2025-04-21 09:03:48 [MQTT Call: JavaClientExample] INFO  com.example.mqtt.MessageData - Topic: data/s/nhnacademy/b/gyeongnam_campus/p/campus/d/gem3500_1/n/페어룸/e/power_meter
Message Data:
time: 1745193828060
type: 2
leakageCurrent: 0
current: 0
activePower: 0
reactivePower: 0
tapparentPower: 0
powerFactor: 0
currentUnbalance: 0
lines: 

2025-04-21 09:03:48 [MQTT Call: JavaClientExample] WARN  com.example.mqtt.MessageData - No 'value' field found in message, skipping InfluxDB write.
2025-04-21 09:03:48 [MQTT Call: JavaClientExample] INFO  com.example.mqtt.MessageData - Topic: data/s/nhnacademy/b/gyeongnam_campus/p/campus/d/gem3500_1/n/사무실_전열1/e/power_meter
Message Data:
time: 1745193828159
type: 3
leakageCurrent: 0
current: 84
activePower: 105
reactivePower: -57
tapparentPower: 180
powerFactor: 58.66
currentUnbalance: 0
lines: 

2025-04-21 09:03:48 [MQTT Call: JavaClientExample] WARN  com.example.mqtt.MessageData - No 'value' field found in message, skipping InfluxDB write.
2025-04-21 09:03:48 [MQTT Call: JavaClientExample] INFO  com.example.mqtt.MessageData - Topic: data/s/nhnacademy/b/gyeongnam_campus/p/campus/d/gem3500_1/n/사무실_전열2/e/power_meter
Message Data:
time: 1745193828261
type: 3
leakageCurrent: 0
current: 26
activePower: 7
reactivePower: -52
tapparentPower: 55
powerFactor: 13.04
currentUnbalance: 0
lines: 

2025-04-21 09:03:48 [MQTT Call: JavaClientExample] WARN  com.example.mqtt.MessageData - No 'value' field found in message, skipping InfluxDB write.
2025-04-21 09:03:48 [MQTT Call: JavaClientExample] INFO  com.example.mqtt.MessageData - Topic: data/s/nhnacademy/b/gyeongnam_campus/p/campus/d/gem3500_1/n/사무실_복사기/e/power_meter
Message Data:
time: 1745193828361
type: 1
leakageCurrent: 0
current: 6
activePower: 7
reactivePower: 0
tapparentPower: 14
powerFactor: 50
currentUnbalance: 0
lines: 

2025-04-21 09:03:48 [MQTT Call: JavaClientExample] WARN  com.example.mqtt.MessageData - No 'value' field found in message, skipping InfluxDB write.
2025-04-21 09:03:48 [MQTT Call: JavaClientExample] INFO  com.example.mqtt.MessageData - Topic: data/s/nhnacademy/b/gyeongnam_campus/p/campus/d/gem3500_1/n/빌트인_전열/e/power_meter
Message Data:
time: 1745193828464
type: 2
leakageCurrent: 0
current: 5
activePower: 4
reactivePower: -7
tapparentPower: 12
powerFactor: 39.99
currentUnbalance: 0
lines: 

2025-04-21 09:03:48 [MQTT Call: JavaClientExample] WARN  com.example.mqtt.MessageData - No 'value' field found in message, skipping InfluxDB write.
2025-04-21 09:03:48 [MQTT Call: JavaClientExample] INFO  com.example.mqtt.MessageData - Topic: data/s/nhnacademy/b/gyeongnam_campus/p/campus/d/gem3500_1/n/사무실_전열3/e/power_meter
Message Data:
time: 1745193828563
type: 3
leakageCurrent: 0
current: 0
activePower: 0
reactivePower: 0
tapparentPower: 0
powerFactor: 0
currentUnbalance: 0
lines: 

2025-04-21 09:03:48 [MQTT Call: JavaClientExample] WARN  com.example.mqtt.MessageData - No 'value' field found in message, skipping InfluxDB write.
2025-04-21 09:03:49 [MQTT Call: JavaClientExample] INFO  com.example.mqtt.MessageData - Topic: data/s/nhnacademy/b/gyeongnam_campus/p/campus/d/gem3500_1/n/정수기/e/power_meter
Message Data:
time: 1745193828666
type: 1
leakageCurrent: 0
current: 70
activePower: 93
reactivePower: 122
tapparentPower: 156
powerFactor: 59.99
currentUnbalance: 0
lines: 

2025-04-21 09:03:49 [MQTT Call: JavaClientExample] WARN  com.example.mqtt.MessageData - No 'value' field found in message, skipping InfluxDB write.
2025-04-21 09:03:49 [MQTT Call: JavaClientExample] INFO  com.example.mqtt.MessageData - Topic: data/s/nhnacademy/b/gyeongnam_campus/p/campus/d/gem3500_1/n/하이브_전열/e/power_meter
Message Data:
time: 1745193828766
type: 2
leakageCurrent: 0
current: 65
activePower: 124
reactivePower: -45
tapparentPower: 144
powerFactor: 86.66
currentUnbalance: 0
lines: 

2025-04-21 09:03:49 [MQTT Call: JavaClientExample] WARN  com.example.mqtt.MessageData - No 'value' field found in message, skipping InfluxDB write.
2025-04-21 09:03:49 [MQTT Call: JavaClientExample] INFO  com.example.mqtt.MessageData - Topic: data/s/nhnacademy/b/gyeongnam_campus/p/campus/d/gem3500_1/n/바텐_전열/e/power_meter
Message Data:
time: 1745193828868
type: 3
leakageCurrent: 0
current: 0
activePower: 0
reactivePower: 0
tapparentPower: 0
powerFactor: 0
currentUnbalance: 0
lines: 

2025-04-21 09:03:49 [MQTT Call: JavaClientExample] WARN  com.example.mqtt.MessageData - No 'value' field found in message, skipping InfluxDB write.
2025-04-21 09:03:49 [MQTT Call: JavaClientExample] INFO  com.example.mqtt.MessageData - Topic: data/s/nhnacademy/b/gyeongnam_campus/p/campus/d/gem3500_1/n/S_P/e/power_meter
Message Data:
time: 1745193828968
type: 1
leakageCurrent: 0
current: 0
activePower: 0
reactivePower: 0
tapparentPower: 0
powerFactor: 0
currentUnbalance: 0
lines: 

2025-04-21 09:03:49 [MQTT Call: JavaClientExample] WARN  com.example.mqtt.MessageData - No 'value' field found in message, skipping InfluxDB write.
2025-04-21 09:03:49 [MQTT Call: JavaClientExample] INFO  com.example.mqtt.MessageData - Topic: data/s/nhnacademy/b/gyeongnam_campus/p/campus/d/gem3500_1/n/공조기/e/power_meter
Message Data:
time: 1745193829068
type: 2
leakageCurrent: 0
current: 16
activePower: 2
reactivePower: -33
tapparentPower: 36
powerFactor: 6.66
currentUnbalance: 0
lines: 

2025-04-21 09:03:49 [MQTT Call: JavaClientExample] WARN  com.example.mqtt.MessageData - No 'value' field found in message, skipping InfluxDB write.
2025-04-21 09:03:49 [MQTT Call: JavaClientExample] INFO  com.example.mqtt.MessageData - Topic: data/s/nhnacademy/b/gyeongnam_campus/p/campus/d/gem3500_1/n/AC/e/power_meter
Message Data:
time: 1745193829169
type: 3
leakageCurrent: 0
current: 16
activePower: 12
reactivePower: -24
tapparentPower: 36
powerFactor: 33.33
currentUnbalance: 0
lines: 

2025-04-21 09:03:49 [MQTT Call: JavaClientExample] WARN  com.example.mqtt.MessageData - No 'value' field found in message, skipping InfluxDB write.
2025-04-21 09:03:54 [MQTT Call: JavaClientExample] INFO  com.example.mqtt.MessageData - Topic: data/s/nhnacademy/b/gyeongnam_campus/p/class_a/d/24e124126d152969/n/왼쪽 뒤/e/co2
Message Data:
time: 1745193834366
value: 608

2025-04-21 09:03:54 [MQTT Call: JavaClientExample] INFO  com.example.mqtt.InfluxDBService - Extracted tagkey -> location: class_a, kind: 왼쪽 뒤, data: co2
Value into InfluxDB: 608.0
2025-04-21 09:03:54 [MQTT Call: JavaClientExample] INFO  com.example.mqtt.MessageData - Data sent to InfluxDBService: data/s/nhnacademy/b/gyeongnam_campus/p/class_a/d/24e124126d152969/n/왼쪽 뒤/e/co2 -> 608.0
2025-04-21 09:03:55 [MQTT Call: JavaClientExample] INFO  com.example.mqtt.MessageData - Topic: data/s/nhnacademy/b/gyeongnam_campus/p/class_a/d/24e124126d152969/n/왼쪽 뒤/e/pressure
Message Data:
time: 1745193834366
value: 1017.1

2025-04-21 09:03:55 [MQTT Call: JavaClientExample] INFO  com.example.mqtt.InfluxDBService - Extracted tagkey -> location: class_a, kind: 왼쪽 뒤, data: pressure
Value into InfluxDB: 1017.1
2025-04-21 09:03:55 [MQTT Call: JavaClientExample] INFO  com.example.mqtt.MessageData - Data sent to InfluxDBService: data/s/nhnacademy/b/gyeongnam_campus/p/class_a/d/24e124126d152969/n/왼쪽 뒤/e/pressure -> 1017.1
2025-04-21 09:03:55 [MQTT Call: JavaClientExample] INFO  com.example.mqtt.MessageData - Topic: data/s/nhnacademy/b/gyeongnam_campus/p/class_a/d/24e124126d152969/n/왼쪽 뒤/e/temperature
Message Data:
time: 1745193834366
value: 22.6

2025-04-21 09:03:55 [MQTT Call: JavaClientExample] INFO  com.example.mqtt.InfluxDBService - Extracted tagkey -> location: class_a, kind: 왼쪽 뒤, data: temperature
Value into InfluxDB: 22.6
2025-04-21 09:03:55 [MQTT Call: JavaClientExample] INFO  com.example.mqtt.MessageData - Data sent to InfluxDBService: data/s/nhnacademy/b/gyeongnam_campus/p/class_a/d/24e124126d152969/n/왼쪽 뒤/e/temperature -> 22.6
2025-04-21 09:03:55 [MQTT Call: JavaClientExample] INFO  com.example.mqtt.MessageData - Topic: data/s/nhnacademy/b/gyeongnam_campus/p/class_a/d/24e124126d152969/n/왼쪽 뒤/e/humidity
Message Data:
time: 1745193834366
value: 52.5

2025-04-21 09:03:55 [MQTT Call: JavaClientExample] INFO  com.example.mqtt.InfluxDBService - Extracted tagkey -> location: class_a, kind: 왼쪽 뒤, data: humidity
Value into InfluxDB: 52.5
2025-04-21 09:03:55 [MQTT Call: JavaClientExample] INFO  com.example.mqtt.MessageData - Data sent to InfluxDBService: data/s/nhnacademy/b/gyeongnam_campus/p/class_a/d/24e124126d152969/n/왼쪽 뒤/e/humidity -> 52.5
2025-04-21 09:03:55 [MQTT Call: JavaClientExample] INFO  com.example.mqtt.MessageData - Topic: data/s/nhnacademy/b/gyeongnam_campus/p/class_a/d/24e124126d152969/n/왼쪽 뒤/g/24e124fffef5dccc/e/lora
Message Data:
time: 1745193834366
value: 

2025-04-21 09:03:55 [MQTT Call: JavaClientExample] INFO  com.example.mqtt.InfluxDBService - Extracted tagkey -> location: class_a, kind: 왼쪽 뒤, data: lora
Value into InfluxDB: 0.0
2025-04-21 09:03:55 [MQTT Call: JavaClientExample] INFO  com.example.mqtt.MessageData - Data sent to InfluxDBService: data/s/nhnacademy/b/gyeongnam_campus/p/class_a/d/24e124126d152969/n/왼쪽 뒤/g/24e124fffef5dccc/e/lora -> 0.0
2025-04-21 09:03:55 [MQTT Call: JavaClientExample] INFO  com.example.mqtt.MessageData - Topic: data/s/nhnacademy/b/gyeongnam_campus/p/class_a/d/24e124126d152969/n/왼쪽 뒤/g/24e124fffef79304/e/lora
Message Data:
time: 1745193834366
value: 

2025-04-21 09:03:55 [MQTT Call: JavaClientExample] INFO  com.example.mqtt.InfluxDBService - Extracted tagkey -> location: class_a, kind: 왼쪽 뒤, data: lora
Value into InfluxDB: 0.0
2025-04-21 09:03:55 [MQTT Call: JavaClientExample] INFO  com.example.mqtt.MessageData - Data sent to InfluxDBService: data/s/nhnacademy/b/gyeongnam_campus/p/class_a/d/24e124126d152969/n/왼쪽 뒤/g/24e124fffef79304/e/lora -> 0.0
2025-04-21 09:03:55 [MQTT Call: JavaClientExample] INFO  com.example.mqtt.MessageData - Topic: data/s/nhnacademy/b/gyeongnam_campus/p/pair_room/d/24e124617d159573/n/2/e/distance
Message Data:
time: 1745193834631
value: 2236

2025-04-21 09:03:55 [MQTT Call: JavaClientExample] INFO  com.example.mqtt.InfluxDBService - Extracted tagkey -> location: pair_room, kind: 2, data: distance
Value into InfluxDB: 2236.0
2025-04-21 09:03:55 [MQTT Call: JavaClientExample] INFO  com.example.mqtt.MessageData - Data sent to InfluxDBService: data/s/nhnacademy/b/gyeongnam_campus/p/pair_room/d/24e124617d159573/n/2/e/distance -> 2236.0
2025-04-21 09:03:55 [MQTT Call: JavaClientExample] INFO  com.example.mqtt.MessageData - Topic: data/s/nhnacademy/b/gyeongnam_campus/p/pair_room/d/24e124617d159573/n/2/e/occupancy
Message Data:
time: 1745193834631
value: 0

2025-04-21 09:03:55 [MQTT Call: JavaClientExample] INFO  com.example.mqtt.InfluxDBService - Extracted tagkey -> location: pair_room, kind: 2, data: occupancy
Value into InfluxDB: 0.0
2025-04-21 09:03:55 [MQTT Call: JavaClientExample] INFO  com.example.mqtt.MessageData - Data sent to InfluxDBService: data/s/nhnacademy/b/gyeongnam_campus/p/pair_room/d/24e124617d159573/n/2/e/occupancy -> 0.0
2025-04-21 09:03:55 [MQTT Call: JavaClientExample] INFO  com.example.mqtt.MessageData - Topic: data/s/nhnacademy/b/gyeongnam_campus/p/pair_room/d/24e124617d159573/n/2/e/battery
Message Data:
time: 1745193834631
value: 33

2025-04-21 09:03:55 [MQTT Call: JavaClientExample] INFO  com.example.mqtt.InfluxDBService - Extracted tagkey -> location: pair_room, kind: 2, data: battery
Value into InfluxDB: 33.0
2025-04-21 09:03:55 [MQTT Call: JavaClientExample] INFO  com.example.mqtt.MessageData - Data sent to InfluxDBService: data/s/nhnacademy/b/gyeongnam_campus/p/pair_room/d/24e124617d159573/n/2/e/battery -> 33.0
2025-04-21 09:03:55 [MQTT Call: JavaClientExample] INFO  com.example.mqtt.MessageData - Topic: data/s/nhnacademy/b/gyeongnam_campus/p/pair_room/d/24e124617d159573/n/2/g/24e124fffef5dccc/e/lora
Message Data:
time: 1745193834631
value: 

2025-04-21 09:03:55 [MQTT Call: JavaClientExample] INFO  com.example.mqtt.InfluxDBService - Extracted tagkey -> location: pair_room, kind: 2, data: lora
Value into InfluxDB: 0.0
2025-04-21 09:03:55 [MQTT Call: JavaClientExample] INFO  com.example.mqtt.MessageData - Data sent to InfluxDBService: data/s/nhnacademy/b/gyeongnam_campus/p/pair_room/d/24e124617d159573/n/2/g/24e124fffef5dccc/e/lora -> 0.0
2025-04-21 09:03:55 [MQTT Call: JavaClientExample] INFO  com.example.mqtt.MessageData - Topic: data/s/nhnacademy/b/gyeongnam_campus/p/pair_room/d/24e124617d159573/n/2/g/24e124fffef79304/e/lora
Message Data:
time: 1745193834631
value: 

2025-04-21 09:03:55 [MQTT Call: JavaClientExample] INFO  com.example.mqtt.InfluxDBService - Extracted tagkey -> location: pair_room, kind: 2, data: lora
Value into InfluxDB: 0.0
2025-04-21 09:03:55 [MQTT Call: JavaClientExample] INFO  com.example.mqtt.MessageData - Data sent to InfluxDBService: data/s/nhnacademy/b/gyeongnam_campus/p/pair_room/d/24e124617d159573/n/2/g/24e124fffef79304/e/lora -> 0.0
2025-04-21 09:04:12 [MQTT Call: JavaClientExample] INFO  com.example.mqtt.MessageData - Topic: data/s/nhnacademy/b/gyeongnam_campus/p/office/d/24e124126d152919/n/보드/e/humidity
Message Data:
time: 1745193851685
value: 52

2025-04-21 09:04:12 [MQTT Call: JavaClientExample] INFO  com.example.mqtt.InfluxDBService - Extracted tagkey -> location: office, kind: 보드, data: humidity
Value into InfluxDB: 52.0
2025-04-21 09:04:12 [MQTT Call: JavaClientExample] INFO  com.example.mqtt.MessageData - Data sent to InfluxDBService: data/s/nhnacademy/b/gyeongnam_campus/p/office/d/24e124126d152919/n/보드/e/humidity -> 52.0
2025-04-21 09:04:13 [MQTT Call: JavaClientExample] INFO  com.example.mqtt.MessageData - Topic: data/s/nhnacademy/b/gyeongnam_campus/p/office/d/24e124126d152919/n/보드/e/co2
Message Data:
time: 1745193851685
value: 594

2025-04-21 09:04:13 [MQTT Call: JavaClientExample] INFO  com.example.mqtt.InfluxDBService - Extracted tagkey -> location: office, kind: 보드, data: co2
Value into InfluxDB: 594.0
2025-04-21 09:04:13 [MQTT Call: JavaClientExample] INFO  com.example.mqtt.MessageData - Data sent to InfluxDBService: data/s/nhnacademy/b/gyeongnam_campus/p/office/d/24e124126d152919/n/보드/e/co2 -> 594.0
2025-04-21 09:04:13 [MQTT Call: JavaClientExample] INFO  com.example.mqtt.MessageData - Topic: data/s/nhnacademy/b/gyeongnam_campus/p/office/d/24e124126d152919/n/보드/e/pressure
Message Data:
time: 1745193851685
value: 1017

2025-04-21 09:04:13 [MQTT Call: JavaClientExample] INFO  com.example.mqtt.InfluxDBService - Extracted tagkey -> location: office, kind: 보드, data: pressure
Value into InfluxDB: 1017.0
2025-04-21 09:04:13 [MQTT Call: JavaClientExample] INFO  com.example.mqtt.MessageData - Data sent to InfluxDBService: data/s/nhnacademy/b/gyeongnam_campus/p/office/d/24e124126d152919/n/보드/e/pressure -> 1017.0
2025-04-21 09:04:13 [MQTT Call: JavaClientExample] INFO  com.example.mqtt.MessageData - Topic: data/s/nhnacademy/b/gyeongnam_campus/p/office/d/24e124126d152919/n/보드/e/temperature
Message Data:
time: 1745193851685
value: 23.6

2025-04-21 09:04:13 [MQTT Call: JavaClientExample] INFO  com.example.mqtt.InfluxDBService - Extracted tagkey -> location: office, kind: 보드, data: temperature
Value into InfluxDB: 23.6
2025-04-21 09:04:13 [MQTT Call: JavaClientExample] INFO  com.example.mqtt.MessageData - Data sent to InfluxDBService: data/s/nhnacademy/b/gyeongnam_campus/p/office/d/24e124126d152919/n/보드/e/temperature -> 23.6
2025-04-21 09:04:13 [MQTT Call: JavaClientExample] INFO  com.example.mqtt.MessageData - Topic: data/s/nhnacademy/b/gyeongnam_campus/p/office/d/24e124126d152919/n/보드/g/24e124fffef79304/e/lora
Message Data:
time: 1745193851685
value: 

2025-04-21 09:04:13 [MQTT Call: JavaClientExample] INFO  com.example.mqtt.InfluxDBService - Extracted tagkey -> location: office, kind: 보드, data: lora
Value into InfluxDB: 0.0
2025-04-21 09:04:13 [MQTT Call: JavaClientExample] INFO  com.example.mqtt.MessageData - Data sent to InfluxDBService: data/s/nhnacademy/b/gyeongnam_campus/p/office/d/24e124126d152919/n/보드/g/24e124fffef79304/e/lora -> 0.0
2025-04-21 09:04:13 [MQTT Call: JavaClientExample] INFO  com.example.mqtt.MessageData - Topic: data/s/nhnacademy/b/gyeongnam_campus/p/office/d/24e124126d152919/n/보드/g/24e124fffef5dccc/e/lora
Message Data:
time: 1745193851685
value: 

2025-04-21 09:04:13 [MQTT Call: JavaClientExample] INFO  com.example.mqtt.InfluxDBService - Extracted tagkey -> location: office, kind: 보드, data: lora
Value into InfluxDB: 0.0
2025-04-21 09:04:13 [MQTT Call: JavaClientExample] INFO  com.example.mqtt.MessageData - Data sent to InfluxDBService: data/s/nhnacademy/b/gyeongnam_campus/p/office/d/24e124126d152919/n/보드/g/24e124fffef5dccc/e/lora -> 0.0
2025-04-21 09:04:16 [MQTT Call: JavaClientExample] INFO  com.example.mqtt.MessageData - Topic: data/s/nhnacademy/b/gyeongnam_campus/p/hive/d/24e124725d081175/sp/8인 책상/n/8인 책상/e/humidity
Message Data:
time: 1745193855080
value: 47.5

2025-04-21 09:04:16 [MQTT Call: JavaClientExample] INFO  com.example.mqtt.InfluxDBService - Extracted tagkey -> location: hive, kind: 8인 책상, data: humidity
Value into InfluxDB: 47.5
2025-04-21 09:04:16 [MQTT Call: JavaClientExample] INFO  com.example.mqtt.MessageData - Data sent to InfluxDBService: data/s/nhnacademy/b/gyeongnam_campus/p/hive/d/24e124725d081175/sp/8인 책상/n/8인 책상/e/humidity -> 47.5
2025-04-21 09:04:16 [MQTT Call: JavaClientExample] INFO  com.example.mqtt.MessageData - Topic: data/s/nhnacademy/b/gyeongnam_campus/p/hive/d/24e124725d081175/sp/8인 책상/n/8인 책상/e/co2
Message Data:
time: 1745193855080
value: 508

2025-04-21 09:04:16 [MQTT Call: JavaClientExample] INFO  com.example.mqtt.InfluxDBService - Extracted tagkey -> location: hive, kind: 8인 책상, data: co2
Value into InfluxDB: 508.0
2025-04-21 09:04:16 [MQTT Call: JavaClientExample] INFO  com.example.mqtt.MessageData - Data sent to InfluxDBService: data/s/nhnacademy/b/gyeongnam_campus/p/hive/d/24e124725d081175/sp/8인 책상/n/8인 책상/e/co2 -> 508.0
2025-04-21 09:04:16 [MQTT Call: JavaClientExample] INFO  com.example.mqtt.MessageData - Topic: data/s/nhnacademy/b/gyeongnam_campus/p/hive/d/24e124725d081175/sp/8인 책상/n/8인 책상/e/temperature
Message Data:
time: 1745193855080
value: 23.8

2025-04-21 09:04:16 [MQTT Call: JavaClientExample] INFO  com.example.mqtt.InfluxDBService - Extracted tagkey -> location: hive, kind: 8인 책상, data: temperature
Value into InfluxDB: 23.8
2025-04-21 09:04:16 [MQTT Call: JavaClientExample] INFO  com.example.mqtt.MessageData - Data sent to InfluxDBService: data/s/nhnacademy/b/gyeongnam_campus/p/hive/d/24e124725d081175/sp/8인 책상/n/8인 책상/e/temperature -> 23.8
2025-04-21 09:04:16 [MQTT Call: JavaClientExample] INFO  com.example.mqtt.MessageData - Topic: data/s/nhnacademy/b/gyeongnam_campus/p/hive/d/24e124725d081175/sp/8인 책상/n/8인 책상/e/battery
Message Data:
time: 1745193855080
value: 77

2025-04-21 09:04:16 [MQTT Call: JavaClientExample] INFO  com.example.mqtt.InfluxDBService - Extracted tagkey -> location: hive, kind: 8인 책상, data: battery
Value into InfluxDB: 77.0
2025-04-21 09:04:16 [MQTT Call: JavaClientExample] INFO  com.example.mqtt.MessageData - Data sent to InfluxDBService: data/s/nhnacademy/b/gyeongnam_campus/p/hive/d/24e124725d081175/sp/8인 책상/n/8인 책상/e/battery -> 77.0
2025-04-21 09:04:16 [MQTT Call: JavaClientExample] INFO  com.example.mqtt.MessageData - Topic: data/s/nhnacademy/b/gyeongnam_campus/p/hive/d/24e124725d081175/sp/8인 책상/n/8인 책상/g/24e124fffef5dccc/e/lora
Message Data:
time: 1745193855080
value: 

2025-04-21 09:04:16 [MQTT Call: JavaClientExample] INFO  com.example.mqtt.InfluxDBService - Extracted tagkey -> location: hive, kind: 8인 책상, data: lora
Value into InfluxDB: 0.0
2025-04-21 09:04:16 [MQTT Call: JavaClientExample] INFO  com.example.mqtt.MessageData - Data sent to InfluxDBService: data/s/nhnacademy/b/gyeongnam_campus/p/hive/d/24e124725d081175/sp/8인 책상/n/8인 책상/g/24e124fffef5dccc/e/lora -> 0.0
2025-04-21 09:04:16 [MQTT Call: JavaClientExample] INFO  com.example.mqtt.MessageData - Topic: data/s/nhnacademy/b/gyeongnam_campus/p/hive/d/24e124725d081175/sp/8인 책상/n/8인 책상/g/24e124fffef79304/e/lora
Message Data:
time: 1745193855080
value: 

2025-04-21 09:04:16 [MQTT Call: JavaClientExample] INFO  com.example.mqtt.InfluxDBService - Extracted tagkey -> location: hive, kind: 8인 책상, data: lora
Value into InfluxDB: 0.0
2025-04-21 09:04:16 [MQTT Call: JavaClientExample] INFO  com.example.mqtt.MessageData - Data sent to InfluxDBService: data/s/nhnacademy/b/gyeongnam_campus/p/hive/d/24e124725d081175/sp/8인 책상/n/8인 책상/g/24e124fffef79304/e/lora -> 0.0
2025-04-21 09:04:17 [MQTT Call: JavaClientExample] INFO  com.example.mqtt.MessageData - Topic: data/s/nhnacademy/b/gyeongnam_campus/p/class_a/d/24e124128c067999/sp/입구/n/입구/e/illumination
Message Data:
time: 1745193857333
value: 65

2025-04-21 09:04:17 [MQTT Call: JavaClientExample] INFO  com.example.mqtt.InfluxDBService - Extracted tagkey -> location: class_a, kind: 입구, data: illumination
Value into InfluxDB: 65.0
2025-04-21 09:04:17 [MQTT Call: JavaClientExample] INFO  com.example.mqtt.MessageData - Data sent to InfluxDBService: data/s/nhnacademy/b/gyeongnam_campus/p/class_a/d/24e124128c067999/sp/입구/n/입구/e/illumination -> 65.0
2025-04-21 09:04:17 [MQTT Call: JavaClientExample] INFO  com.example.mqtt.MessageData - Topic: data/s/nhnacademy/b/gyeongnam_campus/p/class_a/d/24e124128c067999/sp/입구/n/입구/e/humidity
Message Data:
time: 1745193857333
value: 47

2025-04-21 09:04:17 [MQTT Call: JavaClientExample] INFO  com.example.mqtt.InfluxDBService - Extracted tagkey -> location: class_a, kind: 입구, data: humidity
Value into InfluxDB: 47.0
2025-04-21 09:04:17 [MQTT Call: JavaClientExample] INFO  com.example.mqtt.MessageData - Data sent to InfluxDBService: data/s/nhnacademy/b/gyeongnam_campus/p/class_a/d/24e124128c067999/sp/입구/n/입구/e/humidity -> 47.0
2025-04-21 09:04:17 [MQTT Call: JavaClientExample] INFO  com.example.mqtt.MessageData - Topic: data/s/nhnacademy/b/gyeongnam_campus/p/class_a/d/24e124128c067999/sp/입구/n/입구/e/infrared_and_visible
Message Data:
time: 1745193857333
value: 45

2025-04-21 09:04:17 [MQTT Call: JavaClientExample] INFO  com.example.mqtt.InfluxDBService - Extracted tagkey -> location: class_a, kind: 입구, data: infrared_and_visible
Value into InfluxDB: 45.0
2025-04-21 09:04:17 [MQTT Call: JavaClientExample] INFO  com.example.mqtt.MessageData - Data sent to InfluxDBService: data/s/nhnacademy/b/gyeongnam_campus/p/class_a/d/24e124128c067999/sp/입구/n/입구/e/infrared_and_visible -> 45.0
2025-04-21 09:04:17 [MQTT Call: JavaClientExample] INFO  com.example.mqtt.MessageData - Topic: data/s/nhnacademy/b/gyeongnam_campus/p/class_a/d/24e124128c067999/sp/입구/n/입구/e/activity
Message Data:
time: 1745193857333
value: 0

2025-04-21 09:04:17 [MQTT Call: JavaClientExample] INFO  com.example.mqtt.InfluxDBService - Extracted tagkey -> location: class_a, kind: 입구, data: activity
Value into InfluxDB: 0.0
2025-04-21 09:04:17 [MQTT Call: JavaClientExample] INFO  com.example.mqtt.MessageData - Data sent to InfluxDBService: data/s/nhnacademy/b/gyeongnam_campus/p/class_a/d/24e124128c067999/sp/입구/n/입구/e/activity -> 0.0
2025-04-21 09:04:17 [MQTT Call: JavaClientExample] INFO  com.example.mqtt.MessageData - Topic: data/s/nhnacademy/b/gyeongnam_campus/p/class_a/d/24e124128c067999/sp/입구/n/입구/e/co2
Message Data:
time: 1745193857333
value: 574

2025-04-21 09:04:17 [MQTT Call: JavaClientExample] INFO  com.example.mqtt.InfluxDBService - Extracted tagkey -> location: class_a, kind: 입구, data: co2
Value into InfluxDB: 574.0
2025-04-21 09:04:17 [MQTT Call: JavaClientExample] INFO  com.example.mqtt.MessageData - Data sent to InfluxDBService: data/s/nhnacademy/b/gyeongnam_campus/p/class_a/d/24e124128c067999/sp/입구/n/입구/e/co2 -> 574.0
2025-04-21 09:04:17 [MQTT Call: JavaClientExample] INFO  com.example.mqtt.MessageData - Topic: data/s/nhnacademy/b/gyeongnam_campus/p/class_a/d/24e124128c067999/sp/입구/n/입구/e/tvoc
Message Data:
time: 1745193857333
value: 311

2025-04-21 09:04:17 [MQTT Call: JavaClientExample] INFO  com.example.mqtt.InfluxDBService - Extracted tagkey -> location: class_a, kind: 입구, data: tvoc
Value into InfluxDB: 311.0
2025-04-21 09:04:17 [MQTT Call: JavaClientExample] INFO  com.example.mqtt.MessageData - Data sent to InfluxDBService: data/s/nhnacademy/b/gyeongnam_campus/p/class_a/d/24e124128c067999/sp/입구/n/입구/e/tvoc -> 311.0
2025-04-21 09:04:17 [MQTT Call: JavaClientExample] INFO  com.example.mqtt.MessageData - Topic: data/s/nhnacademy/b/gyeongnam_campus/p/class_a/d/24e124128c067999/sp/입구/n/입구/e/infrared
Message Data:
time: 1745193857333
value: 7

2025-04-21 09:04:17 [MQTT Call: JavaClientExample] INFO  com.example.mqtt.InfluxDBService - Extracted tagkey -> location: class_a, kind: 입구, data: infrared
Value into InfluxDB: 7.0
2025-04-21 09:04:17 [MQTT Call: JavaClientExample] INFO  com.example.mqtt.MessageData - Data sent to InfluxDBService: data/s/nhnacademy/b/gyeongnam_campus/p/class_a/d/24e124128c067999/sp/입구/n/입구/e/infrared -> 7.0
2025-04-21 09:04:17 [MQTT Call: JavaClientExample] INFO  com.example.mqtt.MessageData - Topic: data/s/nhnacademy/b/gyeongnam_campus/p/class_a/d/24e124128c067999/sp/입구/n/입구/e/pressure
Message Data:
time: 1745193857333
value: 1009.4

2025-04-21 09:04:17 [MQTT Call: JavaClientExample] INFO  com.example.mqtt.InfluxDBService - Extracted tagkey -> location: class_a, kind: 입구, data: pressure
Value into InfluxDB: 1009.4
2025-04-21 09:04:17 [MQTT Call: JavaClientExample] INFO  com.example.mqtt.MessageData - Data sent to InfluxDBService: data/s/nhnacademy/b/gyeongnam_campus/p/class_a/d/24e124128c067999/sp/입구/n/입구/e/pressure -> 1009.4
2025-04-21 09:04:17 [MQTT Call: JavaClientExample] INFO  com.example.mqtt.MessageData - Topic: data/s/nhnacademy/b/gyeongnam_campus/p/class_a/d/24e124128c067999/sp/입구/n/입구/e/temperature
Message Data:
time: 1745193857333
value: 23.7

2025-04-21 09:04:17 [MQTT Call: JavaClientExample] INFO  com.example.mqtt.InfluxDBService - Extracted tagkey -> location: class_a, kind: 입구, data: temperature
Value into InfluxDB: 23.7
2025-04-21 09:04:17 [MQTT Call: JavaClientExample] INFO  com.example.mqtt.MessageData - Data sent to InfluxDBService: data/s/nhnacademy/b/gyeongnam_campus/p/class_a/d/24e124128c067999/sp/입구/n/입구/e/temperature -> 23.7
2025-04-21 09:04:17 [MQTT Call: JavaClientExample] INFO  com.example.mqtt.MessageData - Topic: data/s/nhnacademy/b/gyeongnam_campus/p/class_a/d/24e124128c067999/sp/입구/n/입구/g/24e124fffef5dccc/e/lora
Message Data:
time: 1745193857333
value: 

2025-04-21 09:04:17 [MQTT Call: JavaClientExample] INFO  com.example.mqtt.InfluxDBService - Extracted tagkey -> location: class_a, kind: 입구, data: lora
Value into InfluxDB: 0.0
2025-04-21 09:04:17 [MQTT Call: JavaClientExample] INFO  com.example.mqtt.MessageData - Data sent to InfluxDBService: data/s/nhnacademy/b/gyeongnam_campus/p/class_a/d/24e124128c067999/sp/입구/n/입구/g/24e124fffef5dccc/e/lora -> 0.0
2025-04-21 09:04:17 [MQTT Call: JavaClientExample] INFO  com.example.mqtt.MessageData - Topic: data/s/nhnacademy/b/gyeongnam_campus/p/class_a/d/24e124128c067999/sp/입구/n/입구/g/24e124fffef79304/e/lora
Message Data:
time: 1745193857333
value: 

2025-04-21 09:04:17 [MQTT Call: JavaClientExample] INFO  com.example.mqtt.InfluxDBService - Extracted tagkey -> location: class_a, kind: 입구, data: lora
Value into InfluxDB: 0.0
2025-04-21 09:04:17 [MQTT Call: JavaClientExample] INFO  com.example.mqtt.MessageData - Data sent to InfluxDBService: data/s/nhnacademy/b/gyeongnam_campus/p/class_a/d/24e124128c067999/sp/입구/n/입구/g/24e124fffef79304/e/lora -> 0.0
2025-04-21 09:04:19 [MQTT Call: JavaClientExample] INFO  com.example.mqtt.MessageData - Topic: data/s/nhnacademy/b/gyeongnam_campus/p/hive/d/24e124785c389010/n/정수기 위/e/battery
Message Data:
time: 1745193858899
value: 86

2025-04-21 09:04:19 [MQTT Call: JavaClientExample] INFO  com.example.mqtt.InfluxDBService - Extracted tagkey -> location: hive, kind: 정수기 위, data: battery
Value into InfluxDB: 86.0
2025-04-21 09:04:19 [MQTT Call: JavaClientExample] INFO  com.example.mqtt.MessageData - Data sent to InfluxDBService: data/s/nhnacademy/b/gyeongnam_campus/p/hive/d/24e124785c389010/n/정수기 위/e/battery -> 86.0
2025-04-21 09:04:19 [MQTT Call: JavaClientExample] INFO  com.example.mqtt.MessageData - Topic: data/s/nhnacademy/b/gyeongnam_campus/p/hive/d/24e124785c389010/n/정수기 위/e/temperature
Message Data:
time: 1745193858899
value: 24.3

2025-04-21 09:04:19 [MQTT Call: JavaClientExample] INFO  com.example.mqtt.InfluxDBService - Extracted tagkey -> location: hive, kind: 정수기 위, data: temperature
Value into InfluxDB: 24.3
2025-04-21 09:04:19 [MQTT Call: JavaClientExample] INFO  com.example.mqtt.MessageData - Data sent to InfluxDBService: data/s/nhnacademy/b/gyeongnam_campus/p/hive/d/24e124785c389010/n/정수기 위/e/temperature -> 24.3
2025-04-21 09:04:19 [MQTT Call: JavaClientExample] INFO  com.example.mqtt.MessageData - Topic: data/s/nhnacademy/b/gyeongnam_campus/p/hive/d/24e124785c389010/n/정수기 위/e/humidity
Message Data:
time: 1745193858899
value: 45

2025-04-21 09:04:19 [MQTT Call: JavaClientExample] INFO  com.example.mqtt.InfluxDBService - Extracted tagkey -> location: hive, kind: 정수기 위, data: humidity
Value into InfluxDB: 45.0
2025-04-21 09:04:19 [MQTT Call: JavaClientExample] INFO  com.example.mqtt.MessageData - Data sent to InfluxDBService: data/s/nhnacademy/b/gyeongnam_campus/p/hive/d/24e124785c389010/n/정수기 위/e/humidity -> 45.0
2025-04-21 09:04:19 [MQTT Call: JavaClientExample] INFO  com.example.mqtt.MessageData - Topic: data/s/nhnacademy/b/gyeongnam_campus/p/hive/d/24e124785c389010/n/정수기 위/g/24e124fffef5dccc/e/lora
Message Data:
time: 1745193858899
value: 

2025-04-21 09:04:19 [MQTT Call: JavaClientExample] INFO  com.example.mqtt.InfluxDBService - Extracted tagkey -> location: hive, kind: 정수기 위, data: lora
Value into InfluxDB: 0.0
2025-04-21 09:04:19 [MQTT Call: JavaClientExample] INFO  com.example.mqtt.MessageData - Data sent to InfluxDBService: data/s/nhnacademy/b/gyeongnam_campus/p/hive/d/24e124785c389010/n/정수기 위/g/24e124fffef5dccc/e/lora -> 0.0
2025-04-21 09:04:19 [MQTT Call: JavaClientExample] INFO  com.example.mqtt.MessageData - Topic: data/s/nhnacademy/b/gyeongnam_campus/p/hive/d/24e124785c389010/n/정수기 위/g/24e124fffef79304/e/lora
Message Data:
time: 1745193858899
value: 

2025-04-21 09:04:19 [MQTT Call: JavaClientExample] INFO  com.example.mqtt.InfluxDBService - Extracted tagkey -> location: hive, kind: 정수기 위, data: lora
Value into InfluxDB: 0.0
2025-04-21 09:04:19 [MQTT Call: JavaClientExample] INFO  com.example.mqtt.MessageData - Data sent to InfluxDBService: data/s/nhnacademy/b/gyeongnam_campus/p/hive/d/24e124785c389010/n/정수기 위/g/24e124fffef79304/e/lora -> 0.0
2025-04-21 09:04:23 [MQTT Call: JavaClientExample] INFO  com.example.mqtt.MessageData - Topic: data/s/nhnacademy/b/gyeongnam_campus/p/hive/d/24e124126d111937/sp/farm/n/스마트팜/e/illumination
Message Data:
time: 1745193862612
value: 320

2025-04-21 09:04:23 [MQTT Call: JavaClientExample] INFO  com.example.mqtt.InfluxDBService - Extracted tagkey -> location: hive, kind: 스마트팜, data: illumination
Value into InfluxDB: 320.0
2025-04-21 09:04:23 [MQTT Call: JavaClientExample] INFO  com.example.mqtt.MessageData - Data sent to InfluxDBService: data/s/nhnacademy/b/gyeongnam_campus/p/hive/d/24e124126d111937/sp/farm/n/스마트팜/e/illumination -> 320.0
2025-04-21 09:04:26 [MQTT Call: JavaClientExample] INFO  com.example.mqtt.MessageData - Topic: data/s/nhnacademy/b/gyeongnam_campus/p/hive/d/24e124126d111937/sp/farm/n/스마트팜/g/24e124fffef79304/e/lora
Message Data:
time: 1745193862612
value: 

2025-04-21 09:04:26 [MQTT Call: JavaClientExample] INFO  com.example.mqtt.InfluxDBService - Extracted tagkey -> location: hive, kind: 스마트팜, data: lora
Value into InfluxDB: 0.0
2025-04-21 09:04:26 [MQTT Call: JavaClientExample] INFO  com.example.mqtt.MessageData - Data sent to InfluxDBService: data/s/nhnacademy/b/gyeongnam_campus/p/hive/d/24e124126d111937/sp/farm/n/스마트팜/g/24e124fffef79304/e/lora -> 0.0
2025-04-21 09:04:26 [MQTT Call: JavaClientExample] INFO  com.example.mqtt.MessageData - Topic: data/s/nhnacademy/b/gyeongnam_campus/p/hive/d/24e124126d111937/sp/farm/n/스마트팜/g/24e124fffef5dccc/e/lora
Message Data:
time: 1745193862612
value: 

2025-04-21 09:04:26 [MQTT Call: JavaClientExample] INFO  com.example.mqtt.InfluxDBService - Extracted tagkey -> location: hive, kind: 스마트팜, data: lora
Value into InfluxDB: 0.0
2025-04-21 09:04:26 [MQTT Call: JavaClientExample] INFO  com.example.mqtt.MessageData - Data sent to InfluxDBService: data/s/nhnacademy/b/gyeongnam_campus/p/hive/d/24e124126d111937/sp/farm/n/스마트팜/g/24e124fffef5dccc/e/lora -> 0.0
2025-04-21 09:04:32 [MQTT Call: JavaClientExample] INFO  com.example.mqtt.MessageData - Topic: data/s/nhnacademy/b/gyeongnam_campus/p/server_room/d/24e124136d151368/n/입구/e/humidity
Message Data:
time: 1745193866506
value: 47.5

2025-04-21 09:04:32 [MQTT Call: JavaClientExample] INFO  com.example.mqtt.InfluxDBService - Extracted tagkey -> location: server_room, kind: 입구, data: humidity
Value into InfluxDB: 47.5
2025-04-21 09:04:32 [MQTT Call: JavaClientExample] INFO  com.example.mqtt.MessageData - Data sent to InfluxDBService: data/s/nhnacademy/b/gyeongnam_campus/p/server_room/d/24e124136d151368/n/입구/e/humidity -> 47.5
2025-04-21 09:04:32 [MQTT Call: JavaClientExample] INFO  com.example.mqtt.MessageData - Topic: data/s/nhnacademy/b/gyeongnam_campus/p/server_room/d/24e124136d151368/n/입구/e/temperature
Message Data:
time: 1745193866506
value: 23.9

2025-04-21 09:04:32 [MQTT Call: JavaClientExample] INFO  com.example.mqtt.InfluxDBService - Extracted tagkey -> location: server_room, kind: 입구, data: temperature
Value into InfluxDB: 23.9
2025-04-21 09:04:32 [MQTT Call: JavaClientExample] INFO  com.example.mqtt.MessageData - Data sent to InfluxDBService: data/s/nhnacademy/b/gyeongnam_campus/p/server_room/d/24e124136d151368/n/입구/e/temperature -> 23.9
2025-04-21 09:04:32 [MQTT Call: JavaClientExample] INFO  com.example.mqtt.MessageData - Topic: data/s/nhnacademy/b/gyeongnam_campus/p/server_room/d/24e124136d151368/n/입구/g/24e124fffef5dccc/e/lora
Message Data:
time: 1745193866506
value: 

2025-04-21 09:04:32 [MQTT Call: JavaClientExample] INFO  com.example.mqtt.InfluxDBService - Extracted tagkey -> location: server_room, kind: 입구, data: lora
Value into InfluxDB: 0.0
2025-04-21 09:04:32 [MQTT Call: JavaClientExample] INFO  com.example.mqtt.MessageData - Data sent to InfluxDBService: data/s/nhnacademy/b/gyeongnam_campus/p/server_room/d/24e124136d151368/n/입구/g/24e124fffef5dccc/e/lora -> 0.0
2025-04-21 09:04:32 [MQTT Call: JavaClientExample] INFO  com.example.mqtt.MessageData - Topic: data/s/nhnacademy/b/gyeongnam_campus/p/server_room/d/24e124136d151368/n/입구/g/24e124fffef79304/e/lora
Message Data:
time: 1745193866506
value: 

2025-04-21 09:04:32 [MQTT Call: JavaClientExample] INFO  com.example.mqtt.InfluxDBService - Extracted tagkey -> location: server_room, kind: 입구, data: lora
Value into InfluxDB: 0.0
2025-04-21 09:04:32 [MQTT Call: JavaClientExample] INFO  com.example.mqtt.MessageData - Data sent to InfluxDBService: data/s/nhnacademy/b/gyeongnam_campus/p/server_room/d/24e124136d151368/n/입구/g/24e124fffef79304/e/lora -> 0.0
2025-04-21 09:04:38 [MQTT Call: JavaClientExample] INFO  com.example.mqtt.MessageData - Topic: data/s/nhnacademy/b/gyeongnam_campus/p/hive/d/24e124126c452091/sp/farm/n/스마트팜/e/temperature
Message Data:
time: 1745193877993
value: 23.2

2025-04-21 09:04:38 [MQTT Call: JavaClientExample] INFO  com.example.mqtt.InfluxDBService - Extracted tagkey -> location: hive, kind: 스마트팜, data: temperature
Value into InfluxDB: 23.2
2025-04-21 09:04:38 [MQTT Call: JavaClientExample] INFO  com.example.mqtt.MessageData - Data sent to InfluxDBService: data/s/nhnacademy/b/gyeongnam_campus/p/hive/d/24e124126c452091/sp/farm/n/스마트팜/e/temperature -> 23.2
2025-04-21 09:04:38 [MQTT Call: JavaClientExample] INFO  com.example.mqtt.MessageData - Topic: data/s/nhnacademy/b/gyeongnam_campus/p/hive/d/24e124126c452091/sp/farm/n/스마트팜/g/24e124fffef79304/e/lora
Message Data:
time: 1745193877993
value: 

2025-04-21 09:04:38 [MQTT Call: JavaClientExample] INFO  com.example.mqtt.InfluxDBService - Extracted tagkey -> location: hive, kind: 스마트팜, data: lora
Value into InfluxDB: 0.0
2025-04-21 09:04:38 [MQTT Call: JavaClientExample] INFO  com.example.mqtt.MessageData - Data sent to InfluxDBService: data/s/nhnacademy/b/gyeongnam_campus/p/hive/d/24e124126c452091/sp/farm/n/스마트팜/g/24e124fffef79304/e/lora -> 0.0
2025-04-21 09:04:38 [MQTT Call: JavaClientExample] INFO  com.example.mqtt.MessageData - Topic: data/s/nhnacademy/b/gyeongnam_campus/p/hive/d/24e124126c452091/sp/farm/n/스마트팜/g/24e124fffef5dccc/e/lora
Message Data:
time: 1745193877993
value: 

2025-04-21 09:04:38 [MQTT Call: JavaClientExample] INFO  com.example.mqtt.InfluxDBService - Extracted tagkey -> location: hive, kind: 스마트팜, data: lora
Value into InfluxDB: 0.0
2025-04-21 09:04:38 [MQTT Call: JavaClientExample] INFO  com.example.mqtt.MessageData - Data sent to InfluxDBService: data/s/nhnacademy/b/gyeongnam_campus/p/hive/d/24e124126c452091/sp/farm/n/스마트팜/g/24e124fffef5dccc/e/lora -> 0.0
2025-04-21 09:04:46 [MQTT Call: JavaClientExample] INFO  com.example.mqtt.MessageData - Topic: data/s/nhnacademy/b/gyeongnam_campus/p/campus/d/gem3500_1/n/캠퍼스_LL/e/voltage
Message Data:
time: 1745193886743
value: 381.46

2025-04-21 09:04:46 [MQTT Call: JavaClientExample] INFO  com.example.mqtt.InfluxDBService - Extracted tagkey -> location: campus, kind: 캠퍼스_LL, data: voltage
Value into InfluxDB: 381.46
2025-04-21 09:04:46 [MQTT Call: JavaClientExample] INFO  com.example.mqtt.MessageData - Data sent to InfluxDBService: data/s/nhnacademy/b/gyeongnam_campus/p/campus/d/gem3500_1/n/캠퍼스_LL/e/voltage -> 381.46
2025-04-21 09:04:46 [MQTT Call: JavaClientExample] INFO  com.example.mqtt.MessageData - Topic: data/s/nhnacademy/b/gyeongnam_campus/p/campus/d/gem3500_1/n/캠퍼스_LN/e/voltage
Message Data:
time: 1745193886743
value: 220.24

2025-04-21 09:04:46 [MQTT Call: JavaClientExample] INFO  com.example.mqtt.InfluxDBService - Extracted tagkey -> location: campus, kind: 캠퍼스_LN, data: voltage
Value into InfluxDB: 220.24
2025-04-21 09:04:46 [MQTT Call: JavaClientExample] INFO  com.example.mqtt.MessageData - Data sent to InfluxDBService: data/s/nhnacademy/b/gyeongnam_campus/p/campus/d/gem3500_1/n/캠퍼스_LN/e/voltage -> 220.24
2025-04-21 09:04:46 [MQTT Call: JavaClientExample] INFO  com.example.mqtt.MessageData - Topic: data/s/nhnacademy/b/gyeongnam_campus/p/campus/d/gem3500_1/n/캠퍼스1/e/power_meter
Message Data:
time: 1745193886846
type: 5
leakageCurrent: 0
current: 2024
activePower: 3736
reactivePower: -1583
tapparentPower: 4454
powerFactor: 83.89
currentUnbalance: 73.05
lines: 

2025-04-21 09:04:46 [MQTT Call: JavaClientExample] WARN  com.example.mqtt.MessageData - No 'value' field found in message, skipping InfluxDB write.
2025-04-21 09:04:47 [MQTT Call: JavaClientExample] INFO  com.example.mqtt.MessageData - Topic: data/s/nhnacademy/b/gyeongnam_campus/p/storage/d/24e124136d151547/n/입구/e/battery
Message Data:
time: 1745193886579
value: 1

2025-04-21 09:04:47 [MQTT Call: JavaClientExample] INFO  com.example.mqtt.InfluxDBService - Extracted tagkey -> location: storage, kind: 입구, data: battery
Value into InfluxDB: 1.0
2025-04-21 09:04:47 [MQTT Call: JavaClientExample] INFO  com.example.mqtt.MessageData - Data sent to InfluxDBService: data/s/nhnacademy/b/gyeongnam_campus/p/storage/d/24e124136d151547/n/입구/e/battery -> 1.0
2025-04-21 09:04:47 [MQTT Call: JavaClientExample] INFO  com.example.mqtt.MessageData - Topic: data/s/nhnacademy/b/gyeongnam_campus/p/storage/d/24e124136d151547/n/입구/e/temperature
Message Data:
time: 1745193886579
value: -0.1

2025-04-21 09:04:47 [MQTT Call: JavaClientExample] INFO  com.example.mqtt.InfluxDBService - Extracted tagkey -> location: storage, kind: 입구, data: temperature
Value into InfluxDB: -0.1
2025-04-21 09:04:47 [MQTT Call: JavaClientExample] INFO  com.example.mqtt.MessageData - Data sent to InfluxDBService: data/s/nhnacademy/b/gyeongnam_campus/p/storage/d/24e124136d151547/n/입구/e/temperature -> -0.1
2025-04-21 09:04:47 [MQTT Call: JavaClientExample] INFO  com.example.mqtt.MessageData - Topic: data/s/nhnacademy/b/gyeongnam_campus/p/storage/d/24e124136d151547/n/입구/e/humidity
Message Data:
time: 1745193886579
value: 127.5

2025-04-21 09:04:47 [MQTT Call: JavaClientExample] INFO  com.example.mqtt.InfluxDBService - Extracted tagkey -> location: storage, kind: 입구, data: humidity
Value into InfluxDB: 127.5
2025-04-21 09:04:47 [MQTT Call: JavaClientExample] INFO  com.example.mqtt.MessageData - Data sent to InfluxDBService: data/s/nhnacademy/b/gyeongnam_campus/p/storage/d/24e124136d151547/n/입구/e/humidity -> 127.5
2025-04-21 09:04:47 [MQTT Call: JavaClientExample] INFO  com.example.mqtt.MessageData - Topic: data/s/nhnacademy/b/gyeongnam_campus/p/storage/d/24e124136d151547/n/입구/g/24e124fffef79304/e/lora
Message Data:
time: 1745193886579
value: 

2025-04-21 09:04:47 [MQTT Call: JavaClientExample] INFO  com.example.mqtt.InfluxDBService - Extracted tagkey -> location: storage, kind: 입구, data: lora
Value into InfluxDB: 0.0
2025-04-21 09:04:47 [MQTT Call: JavaClientExample] INFO  com.example.mqtt.MessageData - Data sent to InfluxDBService: data/s/nhnacademy/b/gyeongnam_campus/p/storage/d/24e124136d151547/n/입구/g/24e124fffef79304/e/lora -> 0.0
2025-04-21 09:04:47 [MQTT Call: JavaClientExample] INFO  com.example.mqtt.MessageData - Topic: data/s/nhnacademy/b/gyeongnam_campus/p/storage/d/24e124136d151547/n/입구/g/24e124fffef5dccc/e/lora
Message Data:
time: 1745193886579
value: 

2025-04-21 09:04:47 [MQTT Call: JavaClientExample] INFO  com.example.mqtt.InfluxDBService - Extracted tagkey -> location: storage, kind: 입구, data: lora
Value into InfluxDB: 0.0
2025-04-21 09:04:47 [MQTT Call: JavaClientExample] INFO  com.example.mqtt.MessageData - Data sent to InfluxDBService: data/s/nhnacademy/b/gyeongnam_campus/p/storage/d/24e124136d151547/n/입구/g/24e124fffef5dccc/e/lora -> 0.0
2025-04-21 09:04:47 [MQTT Call: JavaClientExample] INFO  com.example.mqtt.MessageData - Topic: data/s/nhnacademy/b/gyeongnam_campus/p/campus/d/gem3500_1/n/전등1/e/power_meter
Message Data:
time: 1745193886947
type: 3
leakageCurrent: 0
current: 693
activePower: 1305
reactivePower: -338
tapparentPower: 1526
powerFactor: 85.53
currentUnbalance: 0
lines: 

2025-04-21 09:04:47 [MQTT Call: JavaClientExample] WARN  com.example.mqtt.MessageData - No 'value' field found in message, skipping InfluxDB write.
2025-04-21 09:04:47 [MQTT Call: JavaClientExample] INFO  com.example.mqtt.MessageData - Topic: data/s/nhnacademy/b/gyeongnam_campus/p/campus/d/gem3500_1/n/전등2/e/power_meter
Message Data:
time: 1745193887048
type: 1
leakageCurrent: 0
current: 567
activePower: 1144
reactivePower: -288
tapparentPower: 1252
powerFactor: 91.37
currentUnbalance: 0
lines: 

2025-04-21 09:04:47 [MQTT Call: JavaClientExample] WARN  com.example.mqtt.MessageData - No 'value' field found in message, skipping InfluxDB write.
2025-04-21 09:04:47 [MQTT Call: JavaClientExample] INFO  com.example.mqtt.MessageData - Topic: data/s/nhnacademy/b/gyeongnam_campus/p/campus/d/gem3500_1/n/전등3/e/power_meter
Message Data:
time: 1745193887149
type: 2
leakageCurrent: 0
current: 0
activePower: 0
reactivePower: 0
tapparentPower: 0
powerFactor: 0
currentUnbalance: 0
lines: 

2025-04-21 09:04:47 [MQTT Call: JavaClientExample] WARN  com.example.mqtt.MessageData - No 'value' field found in message, skipping InfluxDB write.
2025-04-21 09:04:47 [MQTT Call: JavaClientExample] INFO  com.example.mqtt.MessageData - Topic: data/s/nhnacademy/b/gyeongnam_campus/p/campus/d/gem3500_1/n/강의실b_바닥/e/power_meter
Message Data:
time: 1745193887253
type: 3
leakageCurrent: 0
current: 116
activePower: 144
reactivePower: -167
tapparentPower: 254
powerFactor: 56.6
currentUnbalance: 0
lines: 

2025-04-21 09:04:47 [MQTT Call: JavaClientExample] WARN  com.example.mqtt.MessageData - No 'value' field found in message, skipping InfluxDB write.
2025-04-21 09:04:47 [MQTT Call: JavaClientExample] INFO  com.example.mqtt.MessageData - Topic: data/s/nhnacademy/b/gyeongnam_campus/p/campus/d/gem3500_1/n/강의실a_바닥1/e/power_meter
Message Data:
time: 1745193887353
type: 1
leakageCurrent: 0
current: 104
activePower: 83
reactivePower: -203
tapparentPower: 232
powerFactor: 36.08
currentUnbalance: 0
lines: 

2025-04-21 09:04:47 [MQTT Call: JavaClientExample] WARN  com.example.mqtt.MessageData - No 'value' field found in message, skipping InfluxDB write.
2025-04-21 09:04:47 [MQTT Call: JavaClientExample] INFO  com.example.mqtt.MessageData - Topic: data/s/nhnacademy/b/gyeongnam_campus/p/campus/d/gem3500_1/n/강의실a_바닥2/e/power_meter
Message Data:
time: 1745193887454
type: 2
leakageCurrent: 0
current: 91
activePower: 131
reactivePower: -122
tapparentPower: 194
powerFactor: 67.9
currentUnbalance: 0
lines: 

2025-04-21 09:04:47 [MQTT Call: JavaClientExample] WARN  com.example.mqtt.MessageData - No 'value' field found in message, skipping InfluxDB write.
2025-04-21 09:04:47 [MQTT Call: JavaClientExample] INFO  com.example.mqtt.MessageData - Topic: data/s/nhnacademy/b/gyeongnam_campus/p/campus/d/gem3500_1/n/프로젝터1/e/power_meter
Message Data:
time: 1745193887557
type: 3
leakageCurrent: 0
current: 71
activePower: 71
reactivePower: -127
tapparentPower: 158
powerFactor: 45.45
currentUnbalance: 0
lines: 

2025-04-21 09:04:47 [MQTT Call: JavaClientExample] WARN  com.example.mqtt.MessageData - No 'value' field found in message, skipping InfluxDB write.
2025-04-21 09:04:48 [MQTT Call: JavaClientExample] INFO  com.example.mqtt.MessageData - Topic: data/s/nhnacademy/b/gyeongnam_campus/p/campus/d/gem3500_1/n/프로젝터2/e/power_meter
Message Data:
time: 1745193887657
type: 1
leakageCurrent: 0
current: 55
activePower: 88
reactivePower: -74
tapparentPower: 122
powerFactor: 72.54
currentUnbalance: 0
lines: 

2025-04-21 09:04:48 [MQTT Call: JavaClientExample] WARN  com.example.mqtt.MessageData - No 'value' field found in message, skipping InfluxDB write.
2025-04-21 09:04:48 [MQTT Call: JavaClientExample] INFO  com.example.mqtt.MessageData - Topic: data/s/nhnacademy/b/gyeongnam_campus/p/campus/d/gem3500_1/n/회의실/e/power_meter
Message Data:
time: 1745193887757
type: 2
leakageCurrent: 0
current: 14
activePower: 4
reactivePower: -28
tapparentPower: 31
powerFactor: 15.38
currentUnbalance: 0
lines: 

2025-04-21 09:04:48 [MQTT Call: JavaClientExample] WARN  com.example.mqtt.MessageData - No 'value' field found in message, skipping InfluxDB write.
2025-04-21 09:04:48 [MQTT Call: JavaClientExample] INFO  com.example.mqtt.MessageData - Topic: data/s/nhnacademy/b/gyeongnam_campus/p/campus/d/gem3500_1/n/서버실/e/power_meter
Message Data:
time: 1745193887858
type: 3
leakageCurrent: 0
current: 196
activePower: 388
reactivePower: -112
tapparentPower: 436
powerFactor: 89.01
currentUnbalance: 0
lines: 

2025-04-21 09:04:48 [MQTT Call: JavaClientExample] WARN  com.example.mqtt.MessageData - No 'value' field found in message, skipping InfluxDB write.
2025-04-21 09:04:48 [MQTT Call: JavaClientExample] INFO  com.example.mqtt.MessageData - Topic: data/s/nhnacademy/b/gyeongnam_campus/p/campus/d/gem3500_1/n/간판/e/power_meter
Message Data:
time: 1745193887961
type: 1
leakageCurrent: 0
current: 0
activePower: 0
reactivePower: 0
tapparentPower: 0
powerFactor: 0
currentUnbalance: 0
lines: 

2025-04-21 09:04:48 [MQTT Call: JavaClientExample] WARN  com.example.mqtt.MessageData - No 'value' field found in message, skipping InfluxDB write.
2025-04-21 09:04:48 [MQTT Call: JavaClientExample] INFO  com.example.mqtt.MessageData - Topic: data/s/nhnacademy/b/gyeongnam_campus/p/campus/d/gem3500_1/n/페어룸/e/power_meter
Message Data:
time: 1745193888061
type: 2
leakageCurrent: 0
current: 0
activePower: 0
reactivePower: 0
tapparentPower: 0
powerFactor: 0
currentUnbalance: 0
lines: 

2025-04-21 09:04:48 [MQTT Call: JavaClientExample] WARN  com.example.mqtt.MessageData - No 'value' field found in message, skipping InfluxDB write.
2025-04-21 09:04:48 [MQTT Call: JavaClientExample] INFO  com.example.mqtt.MessageData - Topic: data/s/nhnacademy/b/gyeongnam_campus/p/campus/d/gem3500_1/n/사무실_전열1/e/power_meter
Message Data:
time: 1745193888163
type: 3
leakageCurrent: 0
current: 83
activePower: 103
reactivePower: -57
tapparentPower: 177
powerFactor: 58.1
currentUnbalance: 0
lines: 

2025-04-21 09:04:48 [MQTT Call: JavaClientExample] WARN  com.example.mqtt.MessageData - No 'value' field found in message, skipping InfluxDB write.
2025-04-21 09:04:48 [MQTT Call: JavaClientExample] INFO  com.example.mqtt.MessageData - Topic: data/s/nhnacademy/b/gyeongnam_campus/p/campus/d/gem3500_1/n/사무실_전열2/e/power_meter
Message Data:
time: 1745193888264
type: 3
leakageCurrent: 0
current: 26
activePower: 7
reactivePower: -55
tapparentPower: 57
powerFactor: 12.5
currentUnbalance: 0
lines: 

2025-04-21 09:04:48 [MQTT Call: JavaClientExample] WARN  com.example.mqtt.MessageData - No 'value' field found in message, skipping InfluxDB write.
2025-04-21 09:04:49 [MQTT Call: JavaClientExample] INFO  com.example.mqtt.MessageData - Topic: data/s/nhnacademy/b/gyeongnam_campus/p/campus/d/gem3500_1/n/사무실_복사기/e/power_meter
Message Data:
time: 1745193888365
type: 1
leakageCurrent: 0
current: 7
activePower: 7
reactivePower: 0
tapparentPower: 16
powerFactor: 42.85
currentUnbalance: 0
lines: 

2025-04-21 09:04:49 [MQTT Call: JavaClientExample] WARN  com.example.mqtt.MessageData - No 'value' field found in message, skipping InfluxDB write.
2025-04-21 09:04:49 [MQTT Call: JavaClientExample] INFO  com.example.mqtt.MessageData - Topic: data/s/nhnacademy/b/gyeongnam_campus/p/campus/d/gem3500_1/n/빌트인_전열/e/power_meter
Message Data:
time: 1745193888466
type: 2
leakageCurrent: 0
current: 5
activePower: 4
reactivePower: -4
tapparentPower: 11
powerFactor: 39.99
currentUnbalance: 0
lines: 

2025-04-21 09:04:49 [MQTT Call: JavaClientExample] WARN  com.example.mqtt.MessageData - No 'value' field found in message, skipping InfluxDB write.
2025-04-21 09:04:49 [MQTT Call: JavaClientExample] INFO  com.example.mqtt.MessageData - Topic: data/s/nhnacademy/b/gyeongnam_campus/p/campus/d/gem3500_1/n/사무실_전열3/e/power_meter
Message Data:
time: 1745193888566
type: 3
leakageCurrent: 0
current: 0
activePower: 0
reactivePower: 0
tapparentPower: 0
powerFactor: 0
currentUnbalance: 0
lines: 

2025-04-21 09:04:49 [MQTT Call: JavaClientExample] WARN  com.example.mqtt.MessageData - No 'value' field found in message, skipping InfluxDB write.
2025-04-21 09:04:49 [MQTT Call: JavaClientExample] INFO  com.example.mqtt.MessageData - Topic: data/s/nhnacademy/b/gyeongnam_campus/p/campus/d/gem3500_1/n/정수기/e/power_meter
Message Data:
time: 1745193888666
type: 1
leakageCurrent: 0
current: 72
activePower: 100
reactivePower: 122
tapparentPower: 160
powerFactor: 62.68
currentUnbalance: 0
lines: 

2025-04-21 09:04:49 [MQTT Call: JavaClientExample] WARN  com.example.mqtt.MessageData - No 'value' field found in message, skipping InfluxDB write.
2025-04-21 09:04:49 [MQTT Call: JavaClientExample] INFO  com.example.mqtt.MessageData - Topic: data/s/nhnacademy/b/gyeongnam_campus/p/campus/d/gem3500_1/n/하이브_전열/e/power_meter
Message Data:
time: 1745193888767
type: 2
leakageCurrent: 0
current: 64
activePower: 124
reactivePower: -45
tapparentPower: 143
powerFactor: 86.66
currentUnbalance: 0
lines: 

2025-04-21 09:04:49 [MQTT Call: JavaClientExample] WARN  com.example.mqtt.MessageData - No 'value' field found in message, skipping InfluxDB write.
2025-04-21 09:04:49 [MQTT Call: JavaClientExample] INFO  com.example.mqtt.MessageData - Topic: data/s/nhnacademy/b/gyeongnam_campus/p/campus/d/gem3500_1/n/바텐_전열/e/power_meter
Message Data:
time: 1745193888870
type: 3
leakageCurrent: 0
current: 0
activePower: 0
reactivePower: 0
tapparentPower: 0
powerFactor: 0
currentUnbalance: 0
lines: 

2025-04-21 09:04:49 [MQTT Call: JavaClientExample] WARN  com.example.mqtt.MessageData - No 'value' field found in message, skipping InfluxDB write.
2025-04-21 09:04:49 [MQTT Call: JavaClientExample] INFO  com.example.mqtt.MessageData - Topic: data/s/nhnacademy/b/gyeongnam_campus/p/campus/d/gem3500_1/n/S_P/e/power_meter
Message Data:
time: 1745193888973
type: 1
leakageCurrent: 0
current: 0
activePower: 0
reactivePower: 0
tapparentPower: 0
powerFactor: 0
currentUnbalance: 0
lines: 

2025-04-21 09:04:49 [MQTT Call: JavaClientExample] WARN  com.example.mqtt.MessageData - No 'value' field found in message, skipping InfluxDB write.
2025-04-21 09:04:49 [MQTT Call: JavaClientExample] INFO  com.example.mqtt.MessageData - Topic: data/s/nhnacademy/b/gyeongnam_campus/p/campus/d/gem3500_1/n/공조기/e/power_meter
Message Data:
time: 1745193889072
type: 2
leakageCurrent: 0
current: 16
activePower: 2
reactivePower: -33
tapparentPower: 35
powerFactor: 6.66
currentUnbalance: 0
lines: 

2025-04-21 09:04:49 [MQTT Call: JavaClientExample] WARN  com.example.mqtt.MessageData - No 'value' field found in message, skipping InfluxDB write.
2025-04-21 09:04:49 [MQTT Call: JavaClientExample] INFO  com.example.mqtt.MessageData - Topic: data/s/nhnacademy/b/gyeongnam_campus/p/campus/d/gem3500_1/n/AC/e/power_meter
Message Data:
time: 1745193889174
type: 3
leakageCurrent: 0
current: 16
activePower: 11
reactivePower: -23
tapparentPower: 35
powerFactor: 33.33
currentUnbalance: 0
lines: 

2025-04-21 09:04:49 [MQTT Call: JavaClientExample] WARN  com.example.mqtt.MessageData - No 'value' field found in message, skipping InfluxDB write.
2025-04-21 09:04:53 [MQTT Call: JavaClientExample] INFO  com.example.mqtt.MessageData - Topic: data/s/nhnacademy/b/gyeongnam_campus/p/undefined/d/24e124141d223697/n/출입문/e/battery_level
Message Data:
time: 1745193891137
value: 37

2025-04-21 09:04:53 [MQTT Call: JavaClientExample] INFO  com.example.mqtt.InfluxDBService - Extracted tagkey -> location: undefined, kind: 출입문, data: battery_level
Value into InfluxDB: 37.0
2025-04-21 09:04:53 [MQTT Call: JavaClientExample] INFO  com.example.mqtt.MessageData - Data sent to InfluxDBService: data/s/nhnacademy/b/gyeongnam_campus/p/undefined/d/24e124141d223697/n/출입문/e/battery_level -> 37.0
2025-04-21 09:04:53 [MQTT Call: JavaClientExample] INFO  com.example.mqtt.MessageData - Topic: data/s/nhnacademy/b/gyeongnam_campus/p/undefined/d/24e124141d223697/n/출입문/e/di
Message Data:
time: 1745193891137
value: 

2025-04-21 09:04:53 [MQTT Call: JavaClientExample] INFO  com.example.mqtt.InfluxDBService - Extracted tagkey -> location: undefined, kind: 출입문, data: di
Value into InfluxDB: 0.0
2025-04-21 09:04:53 [MQTT Call: JavaClientExample] INFO  com.example.mqtt.MessageData - Data sent to InfluxDBService: data/s/nhnacademy/b/gyeongnam_campus/p/undefined/d/24e124141d223697/n/출입문/e/di -> 0.0
2025-04-21 09:04:53 [MQTT Call: JavaClientExample] INFO  com.example.mqtt.MessageData - Topic: data/s/nhnacademy/b/gyeongnam_campus/p/undefined/d/24e124141d223697/n/출입문/g/24e124fffef5dccc/e/lora
Message Data:
time: 1745193891137
value: 

2025-04-21 09:04:53 [MQTT Call: JavaClientExample] INFO  com.example.mqtt.InfluxDBService - Extracted tagkey -> location: undefined, kind: 출입문, data: lora
Value into InfluxDB: 0.0
2025-04-21 09:04:53 [MQTT Call: JavaClientExample] INFO  com.example.mqtt.MessageData - Data sent to InfluxDBService: data/s/nhnacademy/b/gyeongnam_campus/p/undefined/d/24e124141d223697/n/출입문/g/24e124fffef5dccc/e/lora -> 0.0
2025-04-21 09:04:53 [MQTT Call: JavaClientExample] INFO  com.example.mqtt.MessageData - Topic: data/s/nhnacademy/b/gyeongnam_campus/p/undefined/d/24e124141d223697/n/출입문/g/24e124fffef79304/e/lora
Message Data:
time: 1745193891137
value: 

2025-04-21 09:04:53 [MQTT Call: JavaClientExample] INFO  com.example.mqtt.InfluxDBService - Extracted tagkey -> location: undefined, kind: 출입문, data: lora
Value into InfluxDB: 0.0
2025-04-21 09:04:53 [MQTT Call: JavaClientExample] INFO  com.example.mqtt.MessageData - Data sent to InfluxDBService: data/s/nhnacademy/b/gyeongnam_campus/p/undefined/d/24e124141d223697/n/출입문/g/24e124fffef79304/e/lora -> 0.0
2025-04-21 09:05:00 [MQTT Call: JavaClientExample] INFO  com.example.mqtt.MessageData - Topic: data/s/nhnacademy/b/gyeongnam_campus/p/pair_room/d/24e124617d159573/n/2/e/battery
Message Data:
time: 1745193899572
value: 33

2025-04-21 09:05:00 [MQTT Call: JavaClientExample] INFO  com.example.mqtt.InfluxDBService - Extracted tagkey -> location: pair_room, kind: 2, data: battery
Value into InfluxDB: 33.0
2025-04-21 09:05:00 [MQTT Call: JavaClientExample] INFO  com.example.mqtt.MessageData - Data sent to InfluxDBService: data/s/nhnacademy/b/gyeongnam_campus/p/pair_room/d/24e124617d159573/n/2/e/battery -> 33.0
2025-04-21 09:05:01 [MQTT Call: JavaClientExample] INFO  com.example.mqtt.MessageData - Topic: data/s/nhnacademy/b/gyeongnam_campus/p/pair_room/d/24e124617d159573/n/2/e/occupancy
Message Data:
time: 1745193899572
value: 0

2025-04-21 09:05:01 [MQTT Call: JavaClientExample] INFO  com.example.mqtt.InfluxDBService - Extracted tagkey -> location: pair_room, kind: 2, data: occupancy
Value into InfluxDB: 0.0
2025-04-21 09:05:01 [MQTT Call: JavaClientExample] INFO  com.example.mqtt.MessageData - Data sent to InfluxDBService: data/s/nhnacademy/b/gyeongnam_campus/p/pair_room/d/24e124617d159573/n/2/e/occupancy -> 0.0
2025-04-21 09:05:01 [MQTT Call: JavaClientExample] INFO  com.example.mqtt.MessageData - Topic: data/s/nhnacademy/b/gyeongnam_campus/p/pair_room/d/24e124617d159573/n/2/e/distance
Message Data:
time: 1745193899572
value: 2234

2025-04-21 09:05:01 [MQTT Call: JavaClientExample] INFO  com.example.mqtt.InfluxDBService - Extracted tagkey -> location: pair_room, kind: 2, data: distance
Value into InfluxDB: 2234.0
2025-04-21 09:05:01 [MQTT Call: JavaClientExample] INFO  com.example.mqtt.MessageData - Data sent to InfluxDBService: data/s/nhnacademy/b/gyeongnam_campus/p/pair_room/d/24e124617d159573/n/2/e/distance -> 2234.0
2025-04-21 09:05:01 [MQTT Call: JavaClientExample] INFO  com.example.mqtt.MessageData - Topic: data/s/nhnacademy/b/gyeongnam_campus/p/pair_room/d/24e124617d159573/n/2/g/24e124fffef5dccc/e/lora
Message Data:
time: 1745193899572
value: 

2025-04-21 09:05:01 [MQTT Call: JavaClientExample] INFO  com.example.mqtt.InfluxDBService - Extracted tagkey -> location: pair_room, kind: 2, data: lora
Value into InfluxDB: 0.0
2025-04-21 09:05:01 [MQTT Call: JavaClientExample] INFO  com.example.mqtt.MessageData - Data sent to InfluxDBService: data/s/nhnacademy/b/gyeongnam_campus/p/pair_room/d/24e124617d159573/n/2/g/24e124fffef5dccc/e/lora -> 0.0
2025-04-21 09:05:01 [MQTT Call: JavaClientExample] INFO  com.example.mqtt.MessageData - Topic: data/s/nhnacademy/b/gyeongnam_campus/p/pair_room/d/24e124617d159573/n/2/g/24e124fffef79304/e/lora
Message Data:
time: 1745193899572
value: 

2025-04-21 09:05:01 [MQTT Call: JavaClientExample] INFO  com.example.mqtt.InfluxDBService - Extracted tagkey -> location: pair_room, kind: 2, data: lora
Value into InfluxDB: 0.0
2025-04-21 09:05:01 [MQTT Call: JavaClientExample] INFO  com.example.mqtt.MessageData - Data sent to InfluxDBService: data/s/nhnacademy/b/gyeongnam_campus/p/pair_room/d/24e124617d159573/n/2/g/24e124fffef79304/e/lora -> 0.0
2025-04-21 09:05:16 [MQTT Call: JavaClientExample] INFO  com.example.mqtt.MessageData - Topic: data/s/nhnacademy/b/gyeongnam_campus/p/hive/d/24e124725d081175/sp/8인 책상/n/8인 책상/e/humidity
Message Data:
time: 1745193915499
value: 47.5

2025-04-21 09:05:16 [MQTT Call: JavaClientExample] INFO  com.example.mqtt.InfluxDBService - Extracted tagkey -> location: hive, kind: 8인 책상, data: humidity
Value into InfluxDB: 47.5
2025-04-21 09:05:16 [MQTT Call: JavaClientExample] INFO  com.example.mqtt.MessageData - Data sent to InfluxDBService: data/s/nhnacademy/b/gyeongnam_campus/p/hive/d/24e124725d081175/sp/8인 책상/n/8인 책상/e/humidity -> 47.5
2025-04-21 09:05:17 [MQTT Call: JavaClientExample] INFO  com.example.mqtt.MessageData - Topic: data/s/nhnacademy/b/gyeongnam_campus/p/hive/d/24e124725d081175/sp/8인 책상/n/8인 책상/e/battery
Message Data:
time: 1745193915499
value: 77

2025-04-21 09:05:17 [MQTT Call: JavaClientExample] INFO  com.example.mqtt.InfluxDBService - Extracted tagkey -> location: hive, kind: 8인 책상, data: battery
Value into InfluxDB: 77.0
2025-04-21 09:05:17 [MQTT Call: JavaClientExample] INFO  com.example.mqtt.MessageData - Data sent to InfluxDBService: data/s/nhnacademy/b/gyeongnam_campus/p/hive/d/24e124725d081175/sp/8인 책상/n/8인 책상/e/battery -> 77.0
2025-04-21 09:05:17 [MQTT Call: JavaClientExample] INFO  com.example.mqtt.MessageData - Topic: data/s/nhnacademy/b/gyeongnam_campus/p/hive/d/24e124725d081175/sp/8인 책상/n/8인 책상/e/co2
Message Data:
time: 1745193915499
value: 511

2025-04-21 09:05:17 [MQTT Call: JavaClientExample] INFO  com.example.mqtt.InfluxDBService - Extracted tagkey -> location: hive, kind: 8인 책상, data: co2
Value into InfluxDB: 511.0
2025-04-21 09:05:17 [MQTT Call: JavaClientExample] INFO  com.example.mqtt.MessageData - Data sent to InfluxDBService: data/s/nhnacademy/b/gyeongnam_campus/p/hive/d/24e124725d081175/sp/8인 책상/n/8인 책상/e/co2 -> 511.0
2025-04-21 09:05:17 [MQTT Call: JavaClientExample] INFO  com.example.mqtt.MessageData - Topic: data/s/nhnacademy/b/gyeongnam_campus/p/hive/d/24e124725d081175/sp/8인 책상/n/8인 책상/e/temperature
Message Data:
time: 1745193915499
value: 23.8

2025-04-21 09:05:17 [MQTT Call: JavaClientExample] INFO  com.example.mqtt.InfluxDBService - Extracted tagkey -> location: hive, kind: 8인 책상, data: temperature
Value into InfluxDB: 23.8
2025-04-21 09:05:17 [MQTT Call: JavaClientExample] INFO  com.example.mqtt.MessageData - Data sent to InfluxDBService: data/s/nhnacademy/b/gyeongnam_campus/p/hive/d/24e124725d081175/sp/8인 책상/n/8인 책상/e/temperature -> 23.8
2025-04-21 09:05:17 [MQTT Call: JavaClientExample] INFO  com.example.mqtt.MessageData - Topic: data/s/nhnacademy/b/gyeongnam_campus/p/hive/d/24e124725d081175/sp/8인 책상/n/8인 책상/g/24e124fffef79304/e/lora
Message Data:
time: 1745193915499
value: 

2025-04-21 09:05:17 [MQTT Call: JavaClientExample] INFO  com.example.mqtt.InfluxDBService - Extracted tagkey -> location: hive, kind: 8인 책상, data: lora
Value into InfluxDB: 0.0
2025-04-21 09:05:17 [MQTT Call: JavaClientExample] INFO  com.example.mqtt.MessageData - Data sent to InfluxDBService: data/s/nhnacademy/b/gyeongnam_campus/p/hive/d/24e124725d081175/sp/8인 책상/n/8인 책상/g/24e124fffef79304/e/lora -> 0.0
2025-04-21 09:05:17 [MQTT Call: JavaClientExample] INFO  com.example.mqtt.MessageData - Topic: data/s/nhnacademy/b/gyeongnam_campus/p/hive/d/24e124725d081175/sp/8인 책상/n/8인 책상/g/24e124fffef5dccc/e/lora
Message Data:
time: 1745193915499
value: 

2025-04-21 09:05:17 [MQTT Call: JavaClientExample] INFO  com.example.mqtt.InfluxDBService - Extracted tagkey -> location: hive, kind: 8인 책상, data: lora
Value into InfluxDB: 0.0
2025-04-21 09:05:17 [MQTT Call: JavaClientExample] INFO  com.example.mqtt.MessageData - Data sent to InfluxDBService: data/s/nhnacademy/b/gyeongnam_campus/p/hive/d/24e124725d081175/sp/8인 책상/n/8인 책상/g/24e124fffef5dccc/e/lora -> 0.0
2025-04-21 09:05:19 [MQTT Call: JavaClientExample] INFO  com.example.mqtt.MessageData - Topic: data/s/nhnacademy/b/gyeongnam_campus/p/class_a/d/24e124128c067999/sp/입구/n/입구/e/humidity
Message Data:
time: 1745193917305
value: 47

2025-04-21 09:05:19 [MQTT Call: JavaClientExample] INFO  com.example.mqtt.InfluxDBService - Extracted tagkey -> location: class_a, kind: 입구, data: humidity
Value into InfluxDB: 47.0
2025-04-21 09:05:19 [MQTT Call: JavaClientExample] INFO  com.example.mqtt.MessageData - Data sent to InfluxDBService: data/s/nhnacademy/b/gyeongnam_campus/p/class_a/d/24e124128c067999/sp/입구/n/입구/e/humidity -> 47.0
2025-04-21 09:05:19 [MQTT Call: JavaClientExample] INFO  com.example.mqtt.MessageData - Topic: data/s/nhnacademy/b/gyeongnam_campus/p/class_a/d/24e124128c067999/sp/입구/n/입구/e/activity
Message Data:
time: 1745193917305
value: 21

2025-04-21 09:05:19 [MQTT Call: JavaClientExample] INFO  com.example.mqtt.InfluxDBService - Extracted tagkey -> location: class_a, kind: 입구, data: activity
Value into InfluxDB: 21.0
2025-04-21 09:05:19 [MQTT Call: JavaClientExample] INFO  com.example.mqtt.MessageData - Data sent to InfluxDBService: data/s/nhnacademy/b/gyeongnam_campus/p/class_a/d/24e124128c067999/sp/입구/n/입구/e/activity -> 21.0
2025-04-21 09:05:19 [MQTT Call: JavaClientExample] INFO  com.example.mqtt.MessageData - Topic: data/s/nhnacademy/b/gyeongnam_campus/p/class_a/d/24e124128c067999/sp/입구/n/입구/e/temperature
Message Data:
time: 1745193917305
value: 23.6

2025-04-21 09:05:19 [MQTT Call: JavaClientExample] INFO  com.example.mqtt.InfluxDBService - Extracted tagkey -> location: class_a, kind: 입구, data: temperature
Value into InfluxDB: 23.6
2025-04-21 09:05:19 [MQTT Call: JavaClientExample] INFO  com.example.mqtt.MessageData - Data sent to InfluxDBService: data/s/nhnacademy/b/gyeongnam_campus/p/class_a/d/24e124128c067999/sp/입구/n/입구/e/temperature -> 23.6
2025-04-21 09:05:19 [MQTT Call: JavaClientExample] INFO  com.example.mqtt.MessageData - Topic: data/s/nhnacademy/b/gyeongnam_campus/p/class_a/d/24e124128c067999/sp/입구/n/입구/e/infrared_and_visible
Message Data:
time: 1745193917305
value: 35

2025-04-21 09:05:19 [MQTT Call: JavaClientExample] INFO  com.example.mqtt.InfluxDBService - Extracted tagkey -> location: class_a, kind: 입구, data: infrared_and_visible
Value into InfluxDB: 35.0
2025-04-21 09:05:19 [MQTT Call: JavaClientExample] INFO  com.example.mqtt.MessageData - Data sent to InfluxDBService: data/s/nhnacademy/b/gyeongnam_campus/p/class_a/d/24e124128c067999/sp/입구/n/입구/e/infrared_and_visible -> 35.0
2025-04-21 09:05:19 [MQTT Call: JavaClientExample] INFO  com.example.mqtt.MessageData - Topic: data/s/nhnacademy/b/gyeongnam_campus/p/class_a/d/24e124128c067999/sp/입구/n/입구/e/pressure
Message Data:
time: 1745193917305
value: 1009.4

2025-04-21 09:05:19 [MQTT Call: JavaClientExample] INFO  com.example.mqtt.InfluxDBService - Extracted tagkey -> location: class_a, kind: 입구, data: pressure
Value into InfluxDB: 1009.4
2025-04-21 09:05:19 [MQTT Call: JavaClientExample] INFO  com.example.mqtt.MessageData - Data sent to InfluxDBService: data/s/nhnacademy/b/gyeongnam_campus/p/class_a/d/24e124128c067999/sp/입구/n/입구/e/pressure -> 1009.4
2025-04-21 09:05:19 [MQTT Call: JavaClientExample] INFO  com.example.mqtt.MessageData - Topic: data/s/nhnacademy/b/gyeongnam_campus/p/class_a/d/24e124128c067999/sp/입구/n/입구/e/illumination
Message Data:
time: 1745193917305
value: 48

2025-04-21 09:05:19 [MQTT Call: JavaClientExample] INFO  com.example.mqtt.InfluxDBService - Extracted tagkey -> location: class_a, kind: 입구, data: illumination
Value into InfluxDB: 48.0
2025-04-21 09:05:19 [MQTT Call: JavaClientExample] INFO  com.example.mqtt.MessageData - Data sent to InfluxDBService: data/s/nhnacademy/b/gyeongnam_campus/p/class_a/d/24e124128c067999/sp/입구/n/입구/e/illumination -> 48.0
2025-04-21 09:05:19 [MQTT Call: JavaClientExample] INFO  com.example.mqtt.MessageData - Topic: data/s/nhnacademy/b/gyeongnam_campus/p/class_a/d/24e124128c067999/sp/입구/n/입구/e/infrared
Message Data:
time: 1745193917305
value: 6

2025-04-21 09:05:19 [MQTT Call: JavaClientExample] INFO  com.example.mqtt.InfluxDBService - Extracted tagkey -> location: class_a, kind: 입구, data: infrared
Value into InfluxDB: 6.0
2025-04-21 09:05:19 [MQTT Call: JavaClientExample] INFO  com.example.mqtt.MessageData - Data sent to InfluxDBService: data/s/nhnacademy/b/gyeongnam_campus/p/class_a/d/24e124128c067999/sp/입구/n/입구/e/infrared -> 6.0
2025-04-21 09:05:19 [MQTT Call: JavaClientExample] INFO  com.example.mqtt.MessageData - Topic: data/s/nhnacademy/b/gyeongnam_campus/p/class_a/d/24e124128c067999/sp/입구/n/입구/e/tvoc
Message Data:
time: 1745193917305
value: 308

2025-04-21 09:05:19 [MQTT Call: JavaClientExample] INFO  com.example.mqtt.InfluxDBService - Extracted tagkey -> location: class_a, kind: 입구, data: tvoc
Value into InfluxDB: 308.0
2025-04-21 09:05:19 [MQTT Call: JavaClientExample] INFO  com.example.mqtt.MessageData - Data sent to InfluxDBService: data/s/nhnacademy/b/gyeongnam_campus/p/class_a/d/24e124128c067999/sp/입구/n/입구/e/tvoc -> 308.0
2025-04-21 09:05:19 [MQTT Call: JavaClientExample] INFO  com.example.mqtt.MessageData - Topic: data/s/nhnacademy/b/gyeongnam_campus/p/class_a/d/24e124128c067999/sp/입구/n/입구/e/co2
Message Data:
time: 1745193917305
value: 574

2025-04-21 09:05:19 [MQTT Call: JavaClientExample] INFO  com.example.mqtt.InfluxDBService - Extracted tagkey -> location: class_a, kind: 입구, data: co2
Value into InfluxDB: 574.0
2025-04-21 09:05:19 [MQTT Call: JavaClientExample] INFO  com.example.mqtt.MessageData - Data sent to InfluxDBService: data/s/nhnacademy/b/gyeongnam_campus/p/class_a/d/24e124128c067999/sp/입구/n/입구/e/co2 -> 574.0
2025-04-21 09:05:19 [MQTT Call: JavaClientExample] INFO  com.example.mqtt.MessageData - Topic: data/s/nhnacademy/b/gyeongnam_campus/p/class_a/d/24e124128c067999/sp/입구/n/입구/g/24e124fffef79304/e/lora
Message Data:
time: 1745193917305
value: 

2025-04-21 09:05:19 [MQTT Call: JavaClientExample] INFO  com.example.mqtt.InfluxDBService - Extracted tagkey -> location: class_a, kind: 입구, data: lora
Value into InfluxDB: 0.0
2025-04-21 09:05:19 [MQTT Call: JavaClientExample] INFO  com.example.mqtt.MessageData - Data sent to InfluxDBService: data/s/nhnacademy/b/gyeongnam_campus/p/class_a/d/24e124128c067999/sp/입구/n/입구/g/24e124fffef79304/e/lora -> 0.0
2025-04-21 09:05:19 [MQTT Call: JavaClientExample] INFO  com.example.mqtt.MessageData - Topic: data/s/nhnacademy/b/gyeongnam_campus/p/class_a/d/24e124128c067999/sp/입구/n/입구/g/24e124fffef5dccc/e/lora
Message Data:
time: 1745193917305
value: 

2025-04-21 09:05:19 [MQTT Call: JavaClientExample] INFO  com.example.mqtt.InfluxDBService - Extracted tagkey -> location: class_a, kind: 입구, data: lora
Value into InfluxDB: 0.0
2025-04-21 09:05:19 [MQTT Call: JavaClientExample] INFO  com.example.mqtt.MessageData - Data sent to InfluxDBService: data/s/nhnacademy/b/gyeongnam_campus/p/class_a/d/24e124128c067999/sp/입구/n/입구/g/24e124fffef5dccc/e/lora -> 0.0
2025-04-21 09:05:19 [MQTT Call: JavaClientExample] INFO  com.example.mqtt.MessageData - Topic: data/s/nhnacademy/b/gyeongnam_campus/p/hive/d/24e124785c389010/n/정수기 위/e/humidity
Message Data:
time: 1745193918911
value: 45.5

2025-04-21 09:05:19 [MQTT Call: JavaClientExample] INFO  com.example.mqtt.InfluxDBService - Extracted tagkey -> location: hive, kind: 정수기 위, data: humidity
Value into InfluxDB: 45.5
2025-04-21 09:05:19 [MQTT Call: JavaClientExample] INFO  com.example.mqtt.MessageData - Data sent to InfluxDBService: data/s/nhnacademy/b/gyeongnam_campus/p/hive/d/24e124785c389010/n/정수기 위/e/humidity -> 45.5
2025-04-21 09:05:19 [MQTT Call: JavaClientExample] INFO  com.example.mqtt.MessageData - Topic: data/s/nhnacademy/b/gyeongnam_campus/p/hive/d/24e124785c389010/n/정수기 위/e/temperature
Message Data:
time: 1745193918911
value: 24.3

2025-04-21 09:05:19 [MQTT Call: JavaClientExample] INFO  com.example.mqtt.InfluxDBService - Extracted tagkey -> location: hive, kind: 정수기 위, data: temperature
Value into InfluxDB: 24.3
2025-04-21 09:05:19 [MQTT Call: JavaClientExample] INFO  com.example.mqtt.MessageData - Data sent to InfluxDBService: data/s/nhnacademy/b/gyeongnam_campus/p/hive/d/24e124785c389010/n/정수기 위/e/temperature -> 24.3
2025-04-21 09:05:19 [MQTT Call: JavaClientExample] INFO  com.example.mqtt.MessageData - Topic: data/s/nhnacademy/b/gyeongnam_campus/p/hive/d/24e124785c389010/n/정수기 위/e/battery
Message Data:
time: 1745193918911
value: 86

2025-04-21 09:05:19 [MQTT Call: JavaClientExample] INFO  com.example.mqtt.InfluxDBService - Extracted tagkey -> location: hive, kind: 정수기 위, data: battery
Value into InfluxDB: 86.0
2025-04-21 09:05:19 [MQTT Call: JavaClientExample] INFO  com.example.mqtt.MessageData - Data sent to InfluxDBService: data/s/nhnacademy/b/gyeongnam_campus/p/hive/d/24e124785c389010/n/정수기 위/e/battery -> 86.0
2025-04-21 09:05:19 [MQTT Call: JavaClientExample] INFO  com.example.mqtt.MessageData - Topic: data/s/nhnacademy/b/gyeongnam_campus/p/hive/d/24e124785c389010/n/정수기 위/g/24e124fffef79304/e/lora
Message Data:
time: 1745193918911
value: 

2025-04-21 09:05:19 [MQTT Call: JavaClientExample] INFO  com.example.mqtt.InfluxDBService - Extracted tagkey -> location: hive, kind: 정수기 위, data: lora
Value into InfluxDB: 0.0
2025-04-21 09:05:19 [MQTT Call: JavaClientExample] INFO  com.example.mqtt.MessageData - Data sent to InfluxDBService: data/s/nhnacademy/b/gyeongnam_campus/p/hive/d/24e124785c389010/n/정수기 위/g/24e124fffef79304/e/lora -> 0.0
2025-04-21 09:05:19 [MQTT Call: JavaClientExample] INFO  com.example.mqtt.MessageData - Topic: data/s/nhnacademy/b/gyeongnam_campus/p/hive/d/24e124785c389010/n/정수기 위/g/24e124fffef5dccc/e/lora
Message Data:
time: 1745193918911
value: 

2025-04-21 09:05:19 [MQTT Call: JavaClientExample] INFO  com.example.mqtt.InfluxDBService - Extracted tagkey -> location: hive, kind: 정수기 위, data: lora
Value into InfluxDB: 0.0
2025-04-21 09:05:19 [MQTT Call: JavaClientExample] INFO  com.example.mqtt.MessageData - Data sent to InfluxDBService: data/s/nhnacademy/b/gyeongnam_campus/p/hive/d/24e124785c389010/n/정수기 위/g/24e124fffef5dccc/e/lora -> 0.0
2025-04-21 09:05:25 [MQTT Call: JavaClientExample] INFO  com.example.mqtt.MessageData - Topic: data/s/nhnacademy/b/gyeongnam_campus/p/hive/d/24e124126d111937/sp/farm/n/스마트팜/e/illumination
Message Data:
time: 1745193924136
value: 320

2025-04-21 09:05:25 [MQTT Call: JavaClientExample] INFO  com.example.mqtt.InfluxDBService - Extracted tagkey -> location: hive, kind: 스마트팜, data: illumination
Value into InfluxDB: 320.0
2025-04-21 09:05:25 [MQTT Call: JavaClientExample] INFO  com.example.mqtt.MessageData - Data sent to InfluxDBService: data/s/nhnacademy/b/gyeongnam_campus/p/hive/d/24e124126d111937/sp/farm/n/스마트팜/e/illumination -> 320.0
2025-04-21 09:05:26 [MQTT Call: JavaClientExample] INFO  com.example.mqtt.MessageData - Topic: data/s/nhnacademy/b/gyeongnam_campus/p/hive/d/24e124126d111937/sp/farm/n/스마트팜/g/24e124fffef79304/e/lora
Message Data:
time: 1745193924136
value: 

2025-04-21 09:05:26 [MQTT Call: JavaClientExample] INFO  com.example.mqtt.InfluxDBService - Extracted tagkey -> location: hive, kind: 스마트팜, data: lora
Value into InfluxDB: 0.0
2025-04-21 09:05:26 [MQTT Call: JavaClientExample] INFO  com.example.mqtt.MessageData - Data sent to InfluxDBService: data/s/nhnacademy/b/gyeongnam_campus/p/hive/d/24e124126d111937/sp/farm/n/스마트팜/g/24e124fffef79304/e/lora -> 0.0
2025-04-21 09:05:26 [MQTT Call: JavaClientExample] INFO  com.example.mqtt.MessageData - Topic: data/s/nhnacademy/b/gyeongnam_campus/p/hive/d/24e124126d111937/sp/farm/n/스마트팜/g/24e124fffef5dccc/e/lora
Message Data:
time: 1745193924136
value: 

2025-04-21 09:05:26 [MQTT Call: JavaClientExample] INFO  com.example.mqtt.InfluxDBService - Extracted tagkey -> location: hive, kind: 스마트팜, data: lora
Value into InfluxDB: 0.0
2025-04-21 09:05:26 [MQTT Call: JavaClientExample] INFO  com.example.mqtt.MessageData - Data sent to InfluxDBService: data/s/nhnacademy/b/gyeongnam_campus/p/hive/d/24e124126d111937/sp/farm/n/스마트팜/g/24e124fffef5dccc/e/lora -> 0.0
2025-04-21 09:05:27 [MQTT Call: JavaClientExample] INFO  com.example.mqtt.MessageData - Topic: data/s/nhnacademy/b/gyeongnam_campus/p/server_room/d/24e124136d151368/n/입구/e/temperature
Message Data:
time: 1745193926527
value: 24

2025-04-21 09:05:27 [MQTT Call: JavaClientExample] INFO  com.example.mqtt.InfluxDBService - Extracted tagkey -> location: server_room, kind: 입구, data: temperature
Value into InfluxDB: 24.0
2025-04-21 09:05:27 [MQTT Call: JavaClientExample] INFO  com.example.mqtt.MessageData - Data sent to InfluxDBService: data/s/nhnacademy/b/gyeongnam_campus/p/server_room/d/24e124136d151368/n/입구/e/temperature -> 24.0
2025-04-21 09:05:27 [MQTT Call: JavaClientExample] INFO  com.example.mqtt.MessageData - Topic: data/s/nhnacademy/b/gyeongnam_campus/p/server_room/d/24e124136d151368/n/입구/e/humidity
Message Data:
time: 1745193926527
value: 47.5

2025-04-21 09:05:27 [MQTT Call: JavaClientExample] INFO  com.example.mqtt.InfluxDBService - Extracted tagkey -> location: server_room, kind: 입구, data: humidity
Value into InfluxDB: 47.5
2025-04-21 09:05:27 [MQTT Call: JavaClientExample] INFO  com.example.mqtt.MessageData - Data sent to InfluxDBService: data/s/nhnacademy/b/gyeongnam_campus/p/server_room/d/24e124136d151368/n/입구/e/humidity -> 47.5
2025-04-21 09:05:27 [MQTT Call: JavaClientExample] INFO  com.example.mqtt.MessageData - Topic: data/s/nhnacademy/b/gyeongnam_campus/p/server_room/d/24e124136d151368/n/입구/g/24e124fffef79304/e/lora
Message Data:
time: 1745193926527
value: 

2025-04-21 09:05:27 [MQTT Call: JavaClientExample] INFO  com.example.mqtt.InfluxDBService - Extracted tagkey -> location: server_room, kind: 입구, data: lora
Value into InfluxDB: 0.0
2025-04-21 09:05:27 [MQTT Call: JavaClientExample] INFO  com.example.mqtt.MessageData - Data sent to InfluxDBService: data/s/nhnacademy/b/gyeongnam_campus/p/server_room/d/24e124136d151368/n/입구/g/24e124fffef79304/e/lora -> 0.0
2025-04-21 09:05:27 [MQTT Call: JavaClientExample] INFO  com.example.mqtt.MessageData - Topic: data/s/nhnacademy/b/gyeongnam_campus/p/server_room/d/24e124136d151368/n/입구/g/24e124fffef5dccc/e/lora
Message Data:
time: 1745193926527
value: 

2025-04-21 09:05:27 [MQTT Call: JavaClientExample] INFO  com.example.mqtt.InfluxDBService - Extracted tagkey -> location: server_room, kind: 입구, data: lora
Value into InfluxDB: 0.0
2025-04-21 09:05:27 [MQTT Call: JavaClientExample] INFO  com.example.mqtt.MessageData - Data sent to InfluxDBService: data/s/nhnacademy/b/gyeongnam_campus/p/server_room/d/24e124136d151368/n/입구/g/24e124fffef5dccc/e/lora -> 0.0
2025-04-21 09:05:41 [MQTT Call: JavaClientExample] INFO  com.example.mqtt.MessageData - Topic: data/s/nhnacademy/b/gyeongnam_campus/p/hive/d/24e124126c452091/sp/farm/n/스마트팜/e/temperature
Message Data:
time: 1745193938634
value: 23.2

2025-04-21 09:05:41 [MQTT Call: JavaClientExample] INFO  com.example.mqtt.InfluxDBService - Extracted tagkey -> location: hive, kind: 스마트팜, data: temperature
Value into InfluxDB: 23.2
2025-04-21 09:05:41 [MQTT Call: JavaClientExample] INFO  com.example.mqtt.MessageData - Data sent to InfluxDBService: data/s/nhnacademy/b/gyeongnam_campus/p/hive/d/24e124126c452091/sp/farm/n/스마트팜/e/temperature -> 23.2
2025-04-21 09:05:41 [MQTT Call: JavaClientExample] INFO  com.example.mqtt.MessageData - Topic: data/s/nhnacademy/b/gyeongnam_campus/p/hive/d/24e124126c452091/sp/farm/n/스마트팜/g/24e124fffef5dccc/e/lora
Message Data:
time: 1745193938634
value: 

2025-04-21 09:05:41 [MQTT Call: JavaClientExample] INFO  com.example.mqtt.InfluxDBService - Extracted tagkey -> location: hive, kind: 스마트팜, data: lora
Value into InfluxDB: 0.0
2025-04-21 09:05:41 [MQTT Call: JavaClientExample] INFO  com.example.mqtt.MessageData - Data sent to InfluxDBService: data/s/nhnacademy/b/gyeongnam_campus/p/hive/d/24e124126c452091/sp/farm/n/스마트팜/g/24e124fffef5dccc/e/lora -> 0.0
2025-04-21 09:05:41 [MQTT Call: JavaClientExample] INFO  com.example.mqtt.MessageData - Topic: data/s/nhnacademy/b/gyeongnam_campus/p/hive/d/24e124126c452091/sp/farm/n/스마트팜/g/24e124fffef79304/e/lora
Message Data:
time: 1745193938634
value: 

2025-04-21 09:05:41 [MQTT Call: JavaClientExample] INFO  com.example.mqtt.InfluxDBService - Extracted tagkey -> location: hive, kind: 스마트팜, data: lora
Value into InfluxDB: 0.0
2025-04-21 09:05:41 [MQTT Call: JavaClientExample] INFO  com.example.mqtt.MessageData - Data sent to InfluxDBService: data/s/nhnacademy/b/gyeongnam_campus/p/hive/d/24e124126c452091/sp/farm/n/스마트팜/g/24e124fffef79304/e/lora -> 0.0
2025-04-21 09:05:46 [MQTT Call: JavaClientExample] INFO  com.example.mqtt.MessageData - Topic: data/s/nhnacademy/b/gyeongnam_campus/p/campus/d/gem3500_1/n/캠퍼스_LL/e/voltage
Message Data:
time: 1745193946746
value: 380.85

2025-04-21 09:05:46 [MQTT Call: JavaClientExample] INFO  com.example.mqtt.InfluxDBService - Extracted tagkey -> location: campus, kind: 캠퍼스_LL, data: voltage
Value into InfluxDB: 380.85
2025-04-21 09:05:46 [MQTT Call: JavaClientExample] INFO  com.example.mqtt.MessageData - Data sent to InfluxDBService: data/s/nhnacademy/b/gyeongnam_campus/p/campus/d/gem3500_1/n/캠퍼스_LL/e/voltage -> 380.85
2025-04-21 09:05:46 [MQTT Call: JavaClientExample] INFO  com.example.mqtt.MessageData - Topic: data/s/nhnacademy/b/gyeongnam_campus/p/campus/d/gem3500_1/n/캠퍼스_LN/e/voltage
Message Data:
time: 1745193946746
value: 219.88

2025-04-21 09:05:46 [MQTT Call: JavaClientExample] INFO  com.example.mqtt.InfluxDBService - Extracted tagkey -> location: campus, kind: 캠퍼스_LN, data: voltage
Value into InfluxDB: 219.88
2025-04-21 09:05:46 [MQTT Call: JavaClientExample] INFO  com.example.mqtt.MessageData - Data sent to InfluxDBService: data/s/nhnacademy/b/gyeongnam_campus/p/campus/d/gem3500_1/n/캠퍼스_LN/e/voltage -> 219.88
2025-04-21 09:05:46 [MQTT Call: JavaClientExample] INFO  com.example.mqtt.MessageData - Topic: data/s/nhnacademy/b/gyeongnam_campus/p/campus/d/gem3500_1/n/캠퍼스1/e/power_meter
Message Data:
time: 1745193946845
type: 5
leakageCurrent: 0
current: 2014
activePower: 3710
reactivePower: -1586
tapparentPower: 4419
powerFactor: 83.97
currentUnbalance: 73.33
lines: 

2025-04-21 09:05:46 [MQTT Call: JavaClientExample] WARN  com.example.mqtt.MessageData - No 'value' field found in message, skipping InfluxDB write.
2025-04-21 09:05:47 [MQTT Call: JavaClientExample] INFO  com.example.mqtt.MessageData - Topic: data/s/nhnacademy/b/gyeongnam_campus/p/storage/d/24e124136d151547/n/입구/e/humidity
Message Data:
time: 1745193946577
value: 127.5

2025-04-21 09:05:47 [MQTT Call: JavaClientExample] INFO  com.example.mqtt.InfluxDBService - Extracted tagkey -> location: storage, kind: 입구, data: humidity
Value into InfluxDB: 127.5
2025-04-21 09:05:47 [MQTT Call: JavaClientExample] INFO  com.example.mqtt.MessageData - Data sent to InfluxDBService: data/s/nhnacademy/b/gyeongnam_campus/p/storage/d/24e124136d151547/n/입구/e/humidity -> 127.5
2025-04-21 09:05:47 [MQTT Call: JavaClientExample] INFO  com.example.mqtt.MessageData - Topic: data/s/nhnacademy/b/gyeongnam_campus/p/storage/d/24e124136d151547/n/입구/e/battery
Message Data:
time: 1745193946577
value: 1

2025-04-21 09:05:47 [MQTT Call: JavaClientExample] INFO  com.example.mqtt.InfluxDBService - Extracted tagkey -> location: storage, kind: 입구, data: battery
Value into InfluxDB: 1.0
2025-04-21 09:05:47 [MQTT Call: JavaClientExample] INFO  com.example.mqtt.MessageData - Data sent to InfluxDBService: data/s/nhnacademy/b/gyeongnam_campus/p/storage/d/24e124136d151547/n/입구/e/battery -> 1.0
2025-04-21 09:05:47 [MQTT Call: JavaClientExample] INFO  com.example.mqtt.MessageData - Topic: data/s/nhnacademy/b/gyeongnam_campus/p/storage/d/24e124136d151547/n/입구/e/temperature
Message Data:
time: 1745193946577
value: -0.1

2025-04-21 09:05:47 [MQTT Call: JavaClientExample] INFO  com.example.mqtt.InfluxDBService - Extracted tagkey -> location: storage, kind: 입구, data: temperature
Value into InfluxDB: -0.1
2025-04-21 09:05:47 [MQTT Call: JavaClientExample] INFO  com.example.mqtt.MessageData - Data sent to InfluxDBService: data/s/nhnacademy/b/gyeongnam_campus/p/storage/d/24e124136d151547/n/입구/e/temperature -> -0.1
2025-04-21 09:05:47 [MQTT Call: JavaClientExample] INFO  com.example.mqtt.MessageData - Topic: data/s/nhnacademy/b/gyeongnam_campus/p/storage/d/24e124136d151547/n/입구/g/24e124fffef79304/e/lora
Message Data:
time: 1745193946577
value: 

2025-04-21 09:05:47 [MQTT Call: JavaClientExample] INFO  com.example.mqtt.InfluxDBService - Extracted tagkey -> location: storage, kind: 입구, data: lora
Value into InfluxDB: 0.0
2025-04-21 09:05:47 [MQTT Call: JavaClientExample] INFO  com.example.mqtt.MessageData - Data sent to InfluxDBService: data/s/nhnacademy/b/gyeongnam_campus/p/storage/d/24e124136d151547/n/입구/g/24e124fffef79304/e/lora -> 0.0
2025-04-21 09:05:47 [MQTT Call: JavaClientExample] INFO  com.example.mqtt.MessageData - Topic: data/s/nhnacademy/b/gyeongnam_campus/p/storage/d/24e124136d151547/n/입구/g/24e124fffef5dccc/e/lora
Message Data:
time: 1745193946577
value: 

2025-04-21 09:05:47 [MQTT Call: JavaClientExample] INFO  com.example.mqtt.InfluxDBService - Extracted tagkey -> location: storage, kind: 입구, data: lora
Value into InfluxDB: 0.0
2025-04-21 09:05:47 [MQTT Call: JavaClientExample] INFO  com.example.mqtt.MessageData - Data sent to InfluxDBService: data/s/nhnacademy/b/gyeongnam_campus/p/storage/d/24e124136d151547/n/입구/g/24e124fffef5dccc/e/lora -> 0.0
2025-04-21 09:05:48 [MQTT Call: JavaClientExample] INFO  com.example.mqtt.MessageData - Topic: data/s/nhnacademy/b/gyeongnam_campus/p/campus/d/gem3500_1/n/전등1/e/power_meter
Message Data:
time: 1745193946946
type: 3
leakageCurrent: 0
current: 694
activePower: 1308
reactivePower: -338
tapparentPower: 1526
powerFactor: 85.69
currentUnbalance: 0
lines: 

2025-04-21 09:05:48 [MQTT Call: JavaClientExample] WARN  com.example.mqtt.MessageData - No 'value' field found in message, skipping InfluxDB write.
2025-04-21 09:05:48 [MQTT Call: JavaClientExample] INFO  com.example.mqtt.MessageData - Topic: data/s/nhnacademy/b/gyeongnam_campus/p/campus/d/gem3500_1/n/전등2/e/power_meter
Message Data:
time: 1745193947047
type: 1
leakageCurrent: 0
current: 567
activePower: 1140
reactivePower: -288
tapparentPower: 1252
powerFactor: 90.99
currentUnbalance: 0
lines: 

2025-04-21 09:05:48 [MQTT Call: JavaClientExample] WARN  com.example.mqtt.MessageData - No 'value' field found in message, skipping InfluxDB write.
2025-04-21 09:05:48 [MQTT Call: JavaClientExample] INFO  com.example.mqtt.MessageData - Topic: data/s/nhnacademy/b/gyeongnam_campus/p/campus/d/gem3500_1/n/전등3/e/power_meter
Message Data:
time: 1745193947149
type: 2
leakageCurrent: 0
current: 0
activePower: 0
reactivePower: 0
tapparentPower: 0
powerFactor: 0
currentUnbalance: 0
lines: 

2025-04-21 09:05:48 [MQTT Call: JavaClientExample] WARN  com.example.mqtt.MessageData - No 'value' field found in message, skipping InfluxDB write.
2025-04-21 09:05:48 [MQTT Call: JavaClientExample] INFO  com.example.mqtt.MessageData - Topic: data/s/nhnacademy/b/gyeongnam_campus/p/campus/d/gem3500_1/n/강의실b_바닥/e/power_meter
Message Data:
time: 1745193947249
type: 3
leakageCurrent: 0
current: 115
activePower: 124
reactivePower: -165
tapparentPower: 235
powerFactor: 53.06
currentUnbalance: 0
lines: 

2025-04-21 09:05:48 [MQTT Call: JavaClientExample] WARN  com.example.mqtt.MessageData - No 'value' field found in message, skipping InfluxDB write.
2025-04-21 09:05:48 [MQTT Call: JavaClientExample] INFO  com.example.mqtt.MessageData - Topic: data/s/nhnacademy/b/gyeongnam_campus/p/campus/d/gem3500_1/n/강의실a_바닥1/e/power_meter
Message Data:
time: 1745193947349
type: 1
leakageCurrent: 0
current: 105
activePower: 81
reactivePower: -206
tapparentPower: 230
powerFactor: 35.41
currentUnbalance: 0
lines: 

2025-04-21 09:05:48 [MQTT Call: JavaClientExample] WARN  com.example.mqtt.MessageData - No 'value' field found in message, skipping InfluxDB write.
2025-04-21 09:05:48 [MQTT Call: JavaClientExample] INFO  com.example.mqtt.MessageData - Topic: data/s/nhnacademy/b/gyeongnam_campus/p/campus/d/gem3500_1/n/강의실a_바닥2/e/power_meter
Message Data:
time: 1745193947450
type: 2
leakageCurrent: 0
current: 87
activePower: 132
reactivePower: -122
tapparentPower: 194
powerFactor: 67.9
currentUnbalance: 0
lines: 

2025-04-21 09:05:48 [MQTT Call: JavaClientExample] WARN  com.example.mqtt.MessageData - No 'value' field found in message, skipping InfluxDB write.
2025-04-21 09:05:48 [MQTT Call: JavaClientExample] INFO  com.example.mqtt.MessageData - Topic: data/s/nhnacademy/b/gyeongnam_campus/p/campus/d/gem3500_1/n/프로젝터1/e/power_meter
Message Data:
time: 1745193947554
type: 3
leakageCurrent: 0
current: 71
activePower: 69
reactivePower: -129
tapparentPower: 158
powerFactor: 43.93
currentUnbalance: 0
lines: 

2025-04-21 09:05:48 [MQTT Call: JavaClientExample] WARN  com.example.mqtt.MessageData - No 'value' field found in message, skipping InfluxDB write.
2025-04-21 09:05:48 [MQTT Call: JavaClientExample] INFO  com.example.mqtt.MessageData - Topic: data/s/nhnacademy/b/gyeongnam_campus/p/campus/d/gem3500_1/n/프로젝터2/e/power_meter
Message Data:
time: 1745193947654
type: 1
leakageCurrent: 0
current: 55
activePower: 88
reactivePower: -74
tapparentPower: 122
powerFactor: 72.54
currentUnbalance: 0
lines: 

2025-04-21 09:05:48 [MQTT Call: JavaClientExample] WARN  com.example.mqtt.MessageData - No 'value' field found in message, skipping InfluxDB write.
2025-04-21 09:05:48 [MQTT Call: JavaClientExample] INFO  com.example.mqtt.MessageData - Topic: data/s/nhnacademy/b/gyeongnam_campus/p/campus/d/gem3500_1/n/회의실/e/power_meter
Message Data:
time: 1745193947755
type: 2
leakageCurrent: 0
current: 14
activePower: 4
reactivePower: -28
tapparentPower: 31
powerFactor: 15.38
currentUnbalance: 0
lines: 

2025-04-21 09:05:48 [MQTT Call: JavaClientExample] WARN  com.example.mqtt.MessageData - No 'value' field found in message, skipping InfluxDB write.
2025-04-21 09:05:48 [MQTT Call: JavaClientExample] INFO  com.example.mqtt.MessageData - Topic: data/s/nhnacademy/b/gyeongnam_campus/p/campus/d/gem3500_1/n/서버실/e/power_meter
Message Data:
time: 1745193947856
type: 3
leakageCurrent: 0
current: 196
activePower: 391
reactivePower: -115
tapparentPower: 436
powerFactor: 89.56
currentUnbalance: 0
lines: 

2025-04-21 09:05:48 [MQTT Call: JavaClientExample] WARN  com.example.mqtt.MessageData - No 'value' field found in message, skipping InfluxDB write.
2025-04-21 09:05:48 [MQTT Call: JavaClientExample] INFO  com.example.mqtt.MessageData - Topic: data/s/nhnacademy/b/gyeongnam_campus/p/campus/d/gem3500_1/n/간판/e/power_meter
Message Data:
time: 1745193947956
type: 1
leakageCurrent: 0
current: 0
activePower: 0
reactivePower: 0
tapparentPower: 0
powerFactor: 0
currentUnbalance: 0
lines: 

2025-04-21 09:05:48 [MQTT Call: JavaClientExample] WARN  com.example.mqtt.MessageData - No 'value' field found in message, skipping InfluxDB write.
2025-04-21 09:05:48 [MQTT Call: JavaClientExample] INFO  com.example.mqtt.MessageData - Topic: data/s/nhnacademy/b/gyeongnam_campus/p/campus/d/gem3500_1/n/페어룸/e/power_meter
Message Data:
time: 1745193948058
type: 2
leakageCurrent: 0
current: 0
activePower: 0
reactivePower: 0
tapparentPower: 0
powerFactor: 0
currentUnbalance: 0
lines: 

2025-04-21 09:05:48 [MQTT Call: JavaClientExample] WARN  com.example.mqtt.MessageData - No 'value' field found in message, skipping InfluxDB write.
2025-04-21 09:05:49 [MQTT Call: JavaClientExample] INFO  com.example.mqtt.MessageData - Topic: data/s/nhnacademy/b/gyeongnam_campus/p/campus/d/gem3500_1/n/사무실_전열1/e/power_meter
Message Data:
time: 1745193948160
type: 3
leakageCurrent: 0
current: 84
activePower: 100
reactivePower: -57
tapparentPower: 180
powerFactor: 56
currentUnbalance: 0
lines: 

2025-04-21 09:05:49 [MQTT Call: JavaClientExample] WARN  com.example.mqtt.MessageData - No 'value' field found in message, skipping InfluxDB write.
2025-04-21 09:05:49 [MQTT Call: JavaClientExample] INFO  com.example.mqtt.MessageData - Topic: data/s/nhnacademy/b/gyeongnam_campus/p/campus/d/gem3500_1/n/사무실_전열2/e/power_meter
Message Data:
time: 1745193948261
type: 3
leakageCurrent: 0
current: 26
activePower: 9
reactivePower: -55
tapparentPower: 57
powerFactor: 16.66
currentUnbalance: 0
lines: 

2025-04-21 09:05:49 [MQTT Call: JavaClientExample] WARN  com.example.mqtt.MessageData - No 'value' field found in message, skipping InfluxDB write.
2025-04-21 09:05:49 [MQTT Call: JavaClientExample] INFO  com.example.mqtt.MessageData - Topic: data/s/nhnacademy/b/gyeongnam_campus/p/campus/d/gem3500_1/n/사무실_복사기/e/power_meter
Message Data:
time: 1745193948363
type: 1
leakageCurrent: 0
current: 7
activePower: 7
reactivePower: 0
tapparentPower: 14
powerFactor: 50
currentUnbalance: 0
lines: 

2025-04-21 09:05:49 [MQTT Call: JavaClientExample] WARN  com.example.mqtt.MessageData - No 'value' field found in message, skipping InfluxDB write.
2025-04-21 09:05:49 [MQTT Call: JavaClientExample] INFO  com.example.mqtt.MessageData - Topic: data/s/nhnacademy/b/gyeongnam_campus/p/campus/d/gem3500_1/n/빌트인_전열/e/power_meter
Message Data:
time: 1745193948464
type: 2
leakageCurrent: 0
current: 5
activePower: 2
reactivePower: -7
tapparentPower: 12
powerFactor: 20
currentUnbalance: 0
lines: 

2025-04-21 09:05:49 [MQTT Call: JavaClientExample] WARN  com.example.mqtt.MessageData - No 'value' field found in message, skipping InfluxDB write.
2025-04-21 09:05:49 [MQTT Call: JavaClientExample] INFO  com.example.mqtt.MessageData - Topic: data/s/nhnacademy/b/gyeongnam_campus/p/campus/d/gem3500_1/n/사무실_전열3/e/power_meter
Message Data:
time: 1745193948564
type: 3
leakageCurrent: 0
current: 0
activePower: 0
reactivePower: 0
tapparentPower: 0
powerFactor: 0
currentUnbalance: 0
lines: 

2025-04-21 09:05:49 [MQTT Call: JavaClientExample] WARN  com.example.mqtt.MessageData - No 'value' field found in message, skipping InfluxDB write.
2025-04-21 09:05:49 [MQTT Call: JavaClientExample] INFO  com.example.mqtt.MessageData - Topic: data/s/nhnacademy/b/gyeongnam_campus/p/campus/d/gem3500_1/n/정수기/e/power_meter
Message Data:
time: 1745193948667
type: 1
leakageCurrent: 0
current: 70
activePower: 93
reactivePower: 122
tapparentPower: 156
powerFactor: 60
currentUnbalance: 0
lines: 

2025-04-21 09:05:49 [MQTT Call: JavaClientExample] WARN  com.example.mqtt.MessageData - No 'value' field found in message, skipping InfluxDB write.
2025-04-21 09:05:49 [MQTT Call: JavaClientExample] INFO  com.example.mqtt.MessageData - Topic: data/s/nhnacademy/b/gyeongnam_campus/p/campus/d/gem3500_1/n/하이브_전열/e/power_meter
Message Data:
time: 1745193948767
type: 2
leakageCurrent: 0
current: 65
activePower: 122
reactivePower: -48
tapparentPower: 141
powerFactor: 86.44
currentUnbalance: 0
lines: 

2025-04-21 09:05:49 [MQTT Call: JavaClientExample] WARN  com.example.mqtt.MessageData - No 'value' field found in message, skipping InfluxDB write.
2025-04-21 09:05:49 [MQTT Call: JavaClientExample] INFO  com.example.mqtt.MessageData - Topic: data/s/nhnacademy/b/gyeongnam_campus/p/campus/d/gem3500_1/n/바텐_전열/e/power_meter
Message Data:
time: 1745193948868
type: 3
leakageCurrent: 0
current: 0
activePower: 0
reactivePower: 0
tapparentPower: 0
powerFactor: 0
currentUnbalance: 0
lines: 

2025-04-21 09:05:49 [MQTT Call: JavaClientExample] WARN  com.example.mqtt.MessageData - No 'value' field found in message, skipping InfluxDB write.
2025-04-21 09:05:49 [MQTT Call: JavaClientExample] INFO  com.example.mqtt.MessageData - Topic: data/s/nhnacademy/b/gyeongnam_campus/p/campus/d/gem3500_1/n/S_P/e/power_meter
Message Data:
time: 1745193948968
type: 1
leakageCurrent: 0
current: 0
activePower: 0
reactivePower: 0
tapparentPower: 0
powerFactor: 0
currentUnbalance: 0
lines: 

2025-04-21 09:05:49 [MQTT Call: JavaClientExample] WARN  com.example.mqtt.MessageData - No 'value' field found in message, skipping InfluxDB write.
2025-04-21 09:05:49 [MQTT Call: JavaClientExample] INFO  com.example.mqtt.MessageData - Topic: data/s/nhnacademy/b/gyeongnam_campus/p/campus/d/gem3500_1/n/공조기/e/power_meter
Message Data:
time: 1745193949071
type: 2
leakageCurrent: 0
current: 16
activePower: 2
reactivePower: -33
tapparentPower: 36
powerFactor: 6.66
currentUnbalance: 0
lines: 

2025-04-21 09:05:49 [MQTT Call: JavaClientExample] WARN  com.example.mqtt.MessageData - No 'value' field found in message, skipping InfluxDB write.
2025-04-21 09:05:53 [MQTT Call: JavaClientExample] INFO  com.example.mqtt.MessageData - Topic: data/s/nhnacademy/b/gyeongnam_campus/p/campus/d/gem3500_1/n/AC/e/power_meter
Message Data:
time: 1745193949170
type: 3
leakageCurrent: 0
current: 16
activePower: 14
reactivePower: -24
tapparentPower: 36
powerFactor: 40
currentUnbalance: 0
lines: 

2025-04-21 09:05:53 [MQTT Call: JavaClientExample] WARN  com.example.mqtt.MessageData - No 'value' field found in message, skipping InfluxDB write.
2025-04-21 09:06:03 [MQTT Call: JavaClientExample] INFO  com.example.mqtt.MessageData - Topic: data/s/nhnacademy/b/gyeongnam_campus/p/class_a/d/24e124126d152969/n/왼쪽 뒤/e/pressure
Message Data:
time: 1745193956172
value: 1017.1

2025-04-21 09:06:03 [MQTT Call: JavaClientExample] INFO  com.example.mqtt.InfluxDBService - Extracted tagkey -> location: class_a, kind: 왼쪽 뒤, data: pressure
Value into InfluxDB: 1017.1
2025-04-21 09:06:03 [MQTT Call: JavaClientExample] INFO  com.example.mqtt.MessageData - Data sent to InfluxDBService: data/s/nhnacademy/b/gyeongnam_campus/p/class_a/d/24e124126d152969/n/왼쪽 뒤/e/pressure -> 1017.1
2025-04-21 09:06:03 [MQTT Call: JavaClientExample] INFO  com.example.mqtt.MessageData - Topic: data/s/nhnacademy/b/gyeongnam_campus/p/class_a/d/24e124126d152969/n/왼쪽 뒤/e/co2
Message Data:
time: 1745193956172
value: 620

2025-04-21 09:06:03 [MQTT Call: JavaClientExample] INFO  com.example.mqtt.InfluxDBService - Extracted tagkey -> location: class_a, kind: 왼쪽 뒤, data: co2
Value into InfluxDB: 620.0
2025-04-21 09:06:03 [MQTT Call: JavaClientExample] INFO  com.example.mqtt.MessageData - Data sent to InfluxDBService: data/s/nhnacademy/b/gyeongnam_campus/p/class_a/d/24e124126d152969/n/왼쪽 뒤/e/co2 -> 620.0
2025-04-21 09:06:03 [MQTT Call: JavaClientExample] INFO  com.example.mqtt.MessageData - Topic: data/s/nhnacademy/b/gyeongnam_campus/p/class_a/d/24e124126d152969/n/왼쪽 뒤/e/temperature
Message Data:
time: 1745193956172
value: 22.6

2025-04-21 09:06:03 [MQTT Call: JavaClientExample] INFO  com.example.mqtt.InfluxDBService - Extracted tagkey -> location: class_a, kind: 왼쪽 뒤, data: temperature
Value into InfluxDB: 22.6
2025-04-21 09:06:03 [MQTT Call: JavaClientExample] INFO  com.example.mqtt.MessageData - Data sent to InfluxDBService: data/s/nhnacademy/b/gyeongnam_campus/p/class_a/d/24e124126d152969/n/왼쪽 뒤/e/temperature -> 22.6
2025-04-21 09:06:03 [MQTT Call: JavaClientExample] INFO  com.example.mqtt.MessageData - Topic: data/s/nhnacademy/b/gyeongnam_campus/p/class_a/d/24e124126d152969/n/왼쪽 뒤/e/humidity
Message Data:
time: 1745193956172
value: 53

2025-04-21 09:06:03 [MQTT Call: JavaClientExample] INFO  com.example.mqtt.InfluxDBService - Extracted tagkey -> location: class_a, kind: 왼쪽 뒤, data: humidity
Value into InfluxDB: 53.0
2025-04-21 09:06:03 [MQTT Call: JavaClientExample] INFO  com.example.mqtt.MessageData - Data sent to InfluxDBService: data/s/nhnacademy/b/gyeongnam_campus/p/class_a/d/24e124126d152969/n/왼쪽 뒤/e/humidity -> 53.0
2025-04-21 09:06:03 [MQTT Call: JavaClientExample] INFO  com.example.mqtt.MessageData - Topic: data/s/nhnacademy/b/gyeongnam_campus/p/class_a/d/24e124126d152969/n/왼쪽 뒤/g/24e124fffef79304/e/lora
Message Data:
time: 1745193956172
value: 

2025-04-21 09:06:03 [MQTT Call: JavaClientExample] INFO  com.example.mqtt.InfluxDBService - Extracted tagkey -> location: class_a, kind: 왼쪽 뒤, data: lora
Value into InfluxDB: 0.0
2025-04-21 09:06:03 [MQTT Call: JavaClientExample] INFO  com.example.mqtt.MessageData - Data sent to InfluxDBService: data/s/nhnacademy/b/gyeongnam_campus/p/class_a/d/24e124126d152969/n/왼쪽 뒤/g/24e124fffef79304/e/lora -> 0.0
2025-04-21 09:06:03 [MQTT Call: JavaClientExample] INFO  com.example.mqtt.MessageData - Topic: data/s/nhnacademy/b/gyeongnam_campus/p/class_a/d/24e124126d152969/n/왼쪽 뒤/g/24e124fffef5dccc/e/lora
Message Data:
time: 1745193956172
value: 

2025-04-21 09:06:03 [MQTT Call: JavaClientExample] INFO  com.example.mqtt.InfluxDBService - Extracted tagkey -> location: class_a, kind: 왼쪽 뒤, data: lora
Value into InfluxDB: 0.0
2025-04-21 09:06:03 [MQTT Call: JavaClientExample] INFO  com.example.mqtt.MessageData - Data sent to InfluxDBService: data/s/nhnacademy/b/gyeongnam_campus/p/class_a/d/24e124126d152969/n/왼쪽 뒤/g/24e124fffef5dccc/e/lora -> 0.0
2025-04-21 09:06:05 [MQTT Call: JavaClientExample] INFO  com.example.mqtt.MessageData - Topic: data/s/nhnacademy/b/gyeongnam_campus/p/pair_room/d/24e124617d159573/n/2/e/distance
Message Data:
time: 1745193964598
value: 2236

2025-04-21 09:06:05 [MQTT Call: JavaClientExample] INFO  com.example.mqtt.InfluxDBService - Extracted tagkey -> location: pair_room, kind: 2, data: distance
Value into InfluxDB: 2236.0
2025-04-21 09:06:05 [MQTT Call: JavaClientExample] INFO  com.example.mqtt.MessageData - Data sent to InfluxDBService: data/s/nhnacademy/b/gyeongnam_campus/p/pair_room/d/24e124617d159573/n/2/e/distance -> 2236.0
2025-04-21 09:06:08 [MQTT Call: JavaClientExample] INFO  com.example.mqtt.MessageData - Topic: data/s/nhnacademy/b/gyeongnam_campus/p/pair_room/d/24e124617d159573/n/2/e/battery
Message Data:
time: 1745193964598
value: 33

2025-04-21 09:06:08 [MQTT Call: JavaClientExample] INFO  com.example.mqtt.InfluxDBService - Extracted tagkey -> location: pair_room, kind: 2, data: battery
Value into InfluxDB: 33.0
2025-04-21 09:06:08 [MQTT Call: JavaClientExample] INFO  com.example.mqtt.MessageData - Data sent to InfluxDBService: data/s/nhnacademy/b/gyeongnam_campus/p/pair_room/d/24e124617d159573/n/2/e/battery -> 33.0
2025-04-21 09:06:08 [MQTT Call: JavaClientExample] INFO  com.example.mqtt.MessageData - Topic: data/s/nhnacademy/b/gyeongnam_campus/p/pair_room/d/24e124617d159573/n/2/e/occupancy
Message Data:
time: 1745193964598
value: 0

2025-04-21 09:06:08 [MQTT Call: JavaClientExample] INFO  com.example.mqtt.InfluxDBService - Extracted tagkey -> location: pair_room, kind: 2, data: occupancy
Value into InfluxDB: 0.0
2025-04-21 09:06:08 [MQTT Call: JavaClientExample] INFO  com.example.mqtt.MessageData - Data sent to InfluxDBService: data/s/nhnacademy/b/gyeongnam_campus/p/pair_room/d/24e124617d159573/n/2/e/occupancy -> 0.0
2025-04-21 09:06:08 [MQTT Call: JavaClientExample] INFO  com.example.mqtt.MessageData - Topic: data/s/nhnacademy/b/gyeongnam_campus/p/pair_room/d/24e124617d159573/n/2/g/24e124fffef79304/e/lora
Message Data:
time: 1745193964598
value: 

2025-04-21 09:06:08 [MQTT Call: JavaClientExample] INFO  com.example.mqtt.InfluxDBService - Extracted tagkey -> location: pair_room, kind: 2, data: lora
Value into InfluxDB: 0.0
2025-04-21 09:06:08 [MQTT Call: JavaClientExample] INFO  com.example.mqtt.MessageData - Data sent to InfluxDBService: data/s/nhnacademy/b/gyeongnam_campus/p/pair_room/d/24e124617d159573/n/2/g/24e124fffef79304/e/lora -> 0.0
2025-04-21 09:06:08 [MQTT Call: JavaClientExample] INFO  com.example.mqtt.MessageData - Topic: data/s/nhnacademy/b/gyeongnam_campus/p/pair_room/d/24e124617d159573/n/2/g/24e124fffef5dccc/e/lora
Message Data:
time: 1745193964598
value: 

2025-04-21 09:06:08 [MQTT Call: JavaClientExample] INFO  com.example.mqtt.InfluxDBService - Extracted tagkey -> location: pair_room, kind: 2, data: lora
Value into InfluxDB: 0.0
2025-04-21 09:06:08 [MQTT Call: JavaClientExample] INFO  com.example.mqtt.MessageData - Data sent to InfluxDBService: data/s/nhnacademy/b/gyeongnam_campus/p/pair_room/d/24e124617d159573/n/2/g/24e124fffef5dccc/e/lora -> 0.0
2025-04-21 09:06:13 [MQTT Call: JavaClientExample] INFO  com.example.mqtt.MessageData - Topic: data/s/nhnacademy/b/gyeongnam_campus/p/hive/d/24e124725d081175/sp/8인 책상/n/8인 책상/e/battery
Message Data:
time: 1745193973111
value: 77

2025-04-21 09:06:13 [MQTT Call: JavaClientExample] INFO  com.example.mqtt.InfluxDBService - Extracted tagkey -> location: hive, kind: 8인 책상, data: battery
Value into InfluxDB: 77.0
2025-04-21 09:06:13 [MQTT Call: JavaClientExample] INFO  com.example.mqtt.MessageData - Data sent to InfluxDBService: data/s/nhnacademy/b/gyeongnam_campus/p/hive/d/24e124725d081175/sp/8인 책상/n/8인 책상/e/battery -> 77.0
2025-04-21 09:06:14 [MQTT Call: JavaClientExample] INFO  com.example.mqtt.MessageData - Topic: data/s/nhnacademy/b/gyeongnam_campus/p/hive/d/24e124725d081175/sp/8인 책상/n/8인 책상/e/temperature
Message Data:
time: 1745193973111
value: 23.9

2025-04-21 09:06:14 [MQTT Call: JavaClientExample] INFO  com.example.mqtt.InfluxDBService - Extracted tagkey -> location: hive, kind: 8인 책상, data: temperature
Value into InfluxDB: 23.9
2025-04-21 09:06:14 [MQTT Call: JavaClientExample] INFO  com.example.mqtt.MessageData - Data sent to InfluxDBService: data/s/nhnacademy/b/gyeongnam_campus/p/hive/d/24e124725d081175/sp/8인 책상/n/8인 책상/e/temperature -> 23.9
2025-04-21 09:06:14 [MQTT Call: JavaClientExample] INFO  com.example.mqtt.MessageData - Topic: data/s/nhnacademy/b/gyeongnam_campus/p/hive/d/24e124725d081175/sp/8인 책상/n/8인 책상/e/co2
Message Data:
time: 1745193973111
value: 511

2025-04-21 09:06:14 [MQTT Call: JavaClientExample] INFO  com.example.mqtt.InfluxDBService - Extracted tagkey -> location: hive, kind: 8인 책상, data: co2
Value into InfluxDB: 511.0
2025-04-21 09:06:14 [MQTT Call: JavaClientExample] INFO  com.example.mqtt.MessageData - Data sent to InfluxDBService: data/s/nhnacademy/b/gyeongnam_campus/p/hive/d/24e124725d081175/sp/8인 책상/n/8인 책상/e/co2 -> 511.0
2025-04-21 09:06:14 [MQTT Call: JavaClientExample] INFO  com.example.mqtt.MessageData - Topic: data/s/nhnacademy/b/gyeongnam_campus/p/hive/d/24e124725d081175/sp/8인 책상/n/8인 책상/e/humidity
Message Data:
time: 1745193973111
value: 47

2025-04-21 09:06:14 [MQTT Call: JavaClientExample] INFO  com.example.mqtt.InfluxDBService - Extracted tagkey -> location: hive, kind: 8인 책상, data: humidity
Value into InfluxDB: 47.0
2025-04-21 09:06:14 [MQTT Call: JavaClientExample] INFO  com.example.mqtt.MessageData - Data sent to InfluxDBService: data/s/nhnacademy/b/gyeongnam_campus/p/hive/d/24e124725d081175/sp/8인 책상/n/8인 책상/e/humidity -> 47.0
2025-04-21 09:06:14 [MQTT Call: JavaClientExample] INFO  com.example.mqtt.MessageData - Topic: data/s/nhnacademy/b/gyeongnam_campus/p/hive/d/24e124725d081175/sp/8인 책상/n/8인 책상/g/24e124fffef79304/e/lora
Message Data:
time: 1745193973111
value: 

2025-04-21 09:06:14 [MQTT Call: JavaClientExample] INFO  com.example.mqtt.InfluxDBService - Extracted tagkey -> location: hive, kind: 8인 책상, data: lora
Value into InfluxDB: 0.0
2025-04-21 09:06:14 [MQTT Call: JavaClientExample] INFO  com.example.mqtt.MessageData - Data sent to InfluxDBService: data/s/nhnacademy/b/gyeongnam_campus/p/hive/d/24e124725d081175/sp/8인 책상/n/8인 책상/g/24e124fffef79304/e/lora -> 0.0
2025-04-21 09:06:15 [MQTT Call: JavaClientExample] INFO  com.example.mqtt.MessageData - Topic: data/s/nhnacademy/b/gyeongnam_campus/p/office/d/24e124126d152919/n/보드/e/co2
Message Data:
time: 1745193973485
value: 598

2025-04-21 09:06:15 [MQTT Call: JavaClientExample] INFO  com.example.mqtt.InfluxDBService - Extracted tagkey -> location: office, kind: 보드, data: co2
Value into InfluxDB: 598.0
2025-04-21 09:06:15 [MQTT Call: JavaClientExample] INFO  com.example.mqtt.MessageData - Data sent to InfluxDBService: data/s/nhnacademy/b/gyeongnam_campus/p/office/d/24e124126d152919/n/보드/e/co2 -> 598.0
2025-04-21 09:06:15 [MQTT Call: JavaClientExample] INFO  com.example.mqtt.MessageData - Topic: data/s/nhnacademy/b/gyeongnam_campus/p/office/d/24e124126d152919/n/보드/e/humidity
Message Data:
time: 1745193973485
value: 52

2025-04-21 09:06:15 [MQTT Call: JavaClientExample] INFO  com.example.mqtt.InfluxDBService - Extracted tagkey -> location: office, kind: 보드, data: humidity
Value into InfluxDB: 52.0
2025-04-21 09:06:15 [MQTT Call: JavaClientExample] INFO  com.example.mqtt.MessageData - Data sent to InfluxDBService: data/s/nhnacademy/b/gyeongnam_campus/p/office/d/24e124126d152919/n/보드/e/humidity -> 52.0
2025-04-21 09:06:15 [MQTT Call: JavaClientExample] INFO  com.example.mqtt.MessageData - Topic: data/s/nhnacademy/b/gyeongnam_campus/p/office/d/24e124126d152919/n/보드/e/pressure
Message Data:
time: 1745193973485
value: 1017.1

2025-04-21 09:06:15 [MQTT Call: JavaClientExample] INFO  com.example.mqtt.InfluxDBService - Extracted tagkey -> location: office, kind: 보드, data: pressure
Value into InfluxDB: 1017.1
2025-04-21 09:06:15 [MQTT Call: JavaClientExample] INFO  com.example.mqtt.MessageData - Data sent to InfluxDBService: data/s/nhnacademy/b/gyeongnam_campus/p/office/d/24e124126d152919/n/보드/e/pressure -> 1017.1
2025-04-21 09:06:15 [MQTT Call: JavaClientExample] INFO  com.example.mqtt.MessageData - Topic: data/s/nhnacademy/b/gyeongnam_campus/p/office/d/24e124126d152919/n/보드/e/temperature
Message Data:
time: 1745193973485
value: 23.5

2025-04-21 09:06:15 [MQTT Call: JavaClientExample] INFO  com.example.mqtt.InfluxDBService - Extracted tagkey -> location: office, kind: 보드, data: temperature
Value into InfluxDB: 23.5
2025-04-21 09:06:15 [MQTT Call: JavaClientExample] INFO  com.example.mqtt.MessageData - Data sent to InfluxDBService: data/s/nhnacademy/b/gyeongnam_campus/p/office/d/24e124126d152919/n/보드/e/temperature -> 23.5
2025-04-21 09:06:15 [MQTT Call: JavaClientExample] INFO  com.example.mqtt.MessageData - Topic: data/s/nhnacademy/b/gyeongnam_campus/p/office/d/24e124126d152919/n/보드/g/24e124fffef79304/e/lora
Message Data:
time: 1745193973485
value: 

2025-04-21 09:06:15 [MQTT Call: JavaClientExample] INFO  com.example.mqtt.InfluxDBService - Extracted tagkey -> location: office, kind: 보드, data: lora
Value into InfluxDB: 0.0
2025-04-21 09:06:15 [MQTT Call: JavaClientExample] INFO  com.example.mqtt.MessageData - Data sent to InfluxDBService: data/s/nhnacademy/b/gyeongnam_campus/p/office/d/24e124126d152919/n/보드/g/24e124fffef79304/e/lora -> 0.0
2025-04-21 09:06:15 [MQTT Call: JavaClientExample] INFO  com.example.mqtt.MessageData - Topic: data/s/nhnacademy/b/gyeongnam_campus/p/office/d/24e124126d152919/n/보드/g/24e124fffef5dccc/e/lora
Message Data:
time: 1745193973485
value: 

2025-04-21 09:06:15 [MQTT Call: JavaClientExample] INFO  com.example.mqtt.InfluxDBService - Extracted tagkey -> location: office, kind: 보드, data: lora
Value into InfluxDB: 0.0
2025-04-21 09:06:15 [MQTT Call: JavaClientExample] INFO  com.example.mqtt.MessageData - Data sent to InfluxDBService: data/s/nhnacademy/b/gyeongnam_campus/p/office/d/24e124126d152919/n/보드/g/24e124fffef5dccc/e/lora -> 0.0
2025-04-21 09:06:19 [MQTT Call: JavaClientExample] INFO  com.example.mqtt.MessageData - Topic: data/s/nhnacademy/b/gyeongnam_campus/p/class_a/d/24e124128c067999/sp/입구/n/입구/e/humidity
Message Data:
time: 1745193977275
value: 47

2025-04-21 09:06:19 [MQTT Call: JavaClientExample] INFO  com.example.mqtt.InfluxDBService - Extracted tagkey -> location: class_a, kind: 입구, data: humidity
Value into InfluxDB: 47.0
2025-04-21 09:06:19 [MQTT Call: JavaClientExample] INFO  com.example.mqtt.MessageData - Data sent to InfluxDBService: data/s/nhnacademy/b/gyeongnam_campus/p/class_a/d/24e124128c067999/sp/입구/n/입구/e/humidity -> 47.0
2025-04-21 09:06:19 [MQTT Call: JavaClientExample] INFO  com.example.mqtt.MessageData - Topic: data/s/nhnacademy/b/gyeongnam_campus/p/class_a/d/24e124128c067999/sp/입구/n/입구/e/pressure
Message Data:
time: 1745193977275
value: 1009.4

2025-04-21 09:06:19 [MQTT Call: JavaClientExample] INFO  com.example.mqtt.InfluxDBService - Extracted tagkey -> location: class_a, kind: 입구, data: pressure
Value into InfluxDB: 1009.4
2025-04-21 09:06:19 [MQTT Call: JavaClientExample] INFO  com.example.mqtt.MessageData - Data sent to InfluxDBService: data/s/nhnacademy/b/gyeongnam_campus/p/class_a/d/24e124128c067999/sp/입구/n/입구/e/pressure -> 1009.4
2025-04-21 09:06:19 [MQTT Call: JavaClientExample] INFO  com.example.mqtt.MessageData - Topic: data/s/nhnacademy/b/gyeongnam_campus/p/class_a/d/24e124128c067999/sp/입구/n/입구/e/infrared
Message Data:
time: 1745193977275
value: 7

2025-04-21 09:06:19 [MQTT Call: JavaClientExample] INFO  com.example.mqtt.InfluxDBService - Extracted tagkey -> location: class_a, kind: 입구, data: infrared
Value into InfluxDB: 7.0
2025-04-21 09:06:19 [MQTT Call: JavaClientExample] INFO  com.example.mqtt.MessageData - Data sent to InfluxDBService: data/s/nhnacademy/b/gyeongnam_campus/p/class_a/d/24e124128c067999/sp/입구/n/입구/e/infrared -> 7.0
2025-04-21 09:06:19 [MQTT Call: JavaClientExample] INFO  com.example.mqtt.MessageData - Topic: data/s/nhnacademy/b/gyeongnam_campus/p/class_a/d/24e124128c067999/sp/입구/n/입구/e/infrared_and_visible
Message Data:
time: 1745193977275
value: 45

2025-04-21 09:06:19 [MQTT Call: JavaClientExample] INFO  com.example.mqtt.InfluxDBService - Extracted tagkey -> location: class_a, kind: 입구, data: infrared_and_visible
Value into InfluxDB: 45.0
2025-04-21 09:06:19 [MQTT Call: JavaClientExample] INFO  com.example.mqtt.MessageData - Data sent to InfluxDBService: data/s/nhnacademy/b/gyeongnam_campus/p/class_a/d/24e124128c067999/sp/입구/n/입구/e/infrared_and_visible -> 45.0
2025-04-21 09:06:19 [MQTT Call: JavaClientExample] INFO  com.example.mqtt.MessageData - Topic: data/s/nhnacademy/b/gyeongnam_campus/p/class_a/d/24e124128c067999/sp/입구/n/입구/e/activity
Message Data:
time: 1745193977275
value: 12

2025-04-21 09:06:19 [MQTT Call: JavaClientExample] INFO  com.example.mqtt.InfluxDBService - Extracted tagkey -> location: class_a, kind: 입구, data: activity
Value into InfluxDB: 12.0
2025-04-21 09:06:19 [MQTT Call: JavaClientExample] INFO  com.example.mqtt.MessageData - Data sent to InfluxDBService: data/s/nhnacademy/b/gyeongnam_campus/p/class_a/d/24e124128c067999/sp/입구/n/입구/e/activity -> 12.0
2025-04-21 09:06:19 [MQTT Call: JavaClientExample] INFO  com.example.mqtt.MessageData - Topic: data/s/nhnacademy/b/gyeongnam_campus/p/class_a/d/24e124128c067999/sp/입구/n/입구/e/co2
Message Data:
time: 1745193977275
value: 585

2025-04-21 09:06:19 [MQTT Call: JavaClientExample] INFO  com.example.mqtt.InfluxDBService - Extracted tagkey -> location: class_a, kind: 입구, data: co2
Value into InfluxDB: 585.0
2025-04-21 09:06:19 [MQTT Call: JavaClientExample] INFO  com.example.mqtt.MessageData - Data sent to InfluxDBService: data/s/nhnacademy/b/gyeongnam_campus/p/class_a/d/24e124128c067999/sp/입구/n/입구/e/co2 -> 585.0
2025-04-21 09:06:19 [MQTT Call: JavaClientExample] INFO  com.example.mqtt.MessageData - Topic: data/s/nhnacademy/b/gyeongnam_campus/p/class_a/d/24e124128c067999/sp/입구/n/입구/e/temperature
Message Data:
time: 1745193977275
value: 23.6

2025-04-21 09:06:19 [MQTT Call: JavaClientExample] INFO  com.example.mqtt.InfluxDBService - Extracted tagkey -> location: class_a, kind: 입구, data: temperature
Value into InfluxDB: 23.6
2025-04-21 09:06:19 [MQTT Call: JavaClientExample] INFO  com.example.mqtt.MessageData - Data sent to InfluxDBService: data/s/nhnacademy/b/gyeongnam_campus/p/class_a/d/24e124128c067999/sp/입구/n/입구/e/temperature -> 23.6
2025-04-21 09:06:19 [MQTT Call: JavaClientExample] INFO  com.example.mqtt.MessageData - Topic: data/s/nhnacademy/b/gyeongnam_campus/p/class_a/d/24e124128c067999/sp/입구/n/입구/e/illumination
Message Data:
time: 1745193977275
value: 65

2025-04-21 09:06:19 [MQTT Call: JavaClientExample] INFO  com.example.mqtt.InfluxDBService - Extracted tagkey -> location: class_a, kind: 입구, data: illumination
Value into InfluxDB: 65.0
2025-04-21 09:06:19 [MQTT Call: JavaClientExample] INFO  com.example.mqtt.MessageData - Data sent to InfluxDBService: data/s/nhnacademy/b/gyeongnam_campus/p/class_a/d/24e124128c067999/sp/입구/n/입구/e/illumination -> 65.0
2025-04-21 09:06:19 [MQTT Call: JavaClientExample] INFO  com.example.mqtt.MessageData - Topic: data/s/nhnacademy/b/gyeongnam_campus/p/class_a/d/24e124128c067999/sp/입구/n/입구/e/tvoc
Message Data:
time: 1745193977275
value: 302

2025-04-21 09:06:19 [MQTT Call: JavaClientExample] INFO  com.example.mqtt.InfluxDBService - Extracted tagkey -> location: class_a, kind: 입구, data: tvoc
Value into InfluxDB: 302.0
2025-04-21 09:06:19 [MQTT Call: JavaClientExample] INFO  com.example.mqtt.MessageData - Data sent to InfluxDBService: data/s/nhnacademy/b/gyeongnam_campus/p/class_a/d/24e124128c067999/sp/입구/n/입구/e/tvoc -> 302.0
2025-04-21 09:06:19 [MQTT Call: JavaClientExample] INFO  com.example.mqtt.MessageData - Topic: data/s/nhnacademy/b/gyeongnam_campus/p/class_a/d/24e124128c067999/sp/입구/n/입구/g/24e124fffef79304/e/lora
Message Data:
time: 1745193977275
value: 

2025-04-21 09:06:19 [MQTT Call: JavaClientExample] INFO  com.example.mqtt.InfluxDBService - Extracted tagkey -> location: class_a, kind: 입구, data: lora
Value into InfluxDB: 0.0
2025-04-21 09:06:19 [MQTT Call: JavaClientExample] INFO  com.example.mqtt.MessageData - Data sent to InfluxDBService: data/s/nhnacademy/b/gyeongnam_campus/p/class_a/d/24e124128c067999/sp/입구/n/입구/g/24e124fffef79304/e/lora -> 0.0
2025-04-21 09:06:19 [MQTT Call: JavaClientExample] INFO  com.example.mqtt.MessageData - Topic: data/s/nhnacademy/b/gyeongnam_campus/p/class_a/d/24e124128c067999/sp/입구/n/입구/g/24e124fffef5dccc/e/lora
Message Data:
time: 1745193977275
value: 

2025-04-21 09:06:19 [MQTT Call: JavaClientExample] INFO  com.example.mqtt.InfluxDBService - Extracted tagkey -> location: class_a, kind: 입구, data: lora
Value into InfluxDB: 0.0
2025-04-21 09:06:19 [MQTT Call: JavaClientExample] INFO  com.example.mqtt.MessageData - Data sent to InfluxDBService: data/s/nhnacademy/b/gyeongnam_campus/p/class_a/d/24e124128c067999/sp/입구/n/입구/g/24e124fffef5dccc/e/lora -> 0.0
2025-04-21 09:06:19 [MQTT Call: JavaClientExample] INFO  com.example.mqtt.MessageData - Topic: data/s/nhnacademy/b/gyeongnam_campus/p/hive/d/24e124785c389010/n/정수기 위/e/temperature
Message Data:
time: 1745193978948
value: 24.3

2025-04-21 09:06:19 [MQTT Call: JavaClientExample] INFO  com.example.mqtt.InfluxDBService - Extracted tagkey -> location: hive, kind: 정수기 위, data: temperature
Value into InfluxDB: 24.3
2025-04-21 09:06:19 [MQTT Call: JavaClientExample] INFO  com.example.mqtt.MessageData - Data sent to InfluxDBService: data/s/nhnacademy/b/gyeongnam_campus/p/hive/d/24e124785c389010/n/정수기 위/e/temperature -> 24.3
2025-04-21 09:06:19 [MQTT Call: JavaClientExample] INFO  com.example.mqtt.MessageData - Topic: data/s/nhnacademy/b/gyeongnam_campus/p/hive/d/24e124785c389010/n/정수기 위/e/battery
Message Data:
time: 1745193978948
value: 86

2025-04-21 09:06:19 [MQTT Call: JavaClientExample] INFO  com.example.mqtt.InfluxDBService - Extracted tagkey -> location: hive, kind: 정수기 위, data: battery
Value into InfluxDB: 86.0
2025-04-21 09:06:19 [MQTT Call: JavaClientExample] INFO  com.example.mqtt.MessageData - Data sent to InfluxDBService: data/s/nhnacademy/b/gyeongnam_campus/p/hive/d/24e124785c389010/n/정수기 위/e/battery -> 86.0
2025-04-21 09:06:19 [MQTT Call: JavaClientExample] INFO  com.example.mqtt.MessageData - Topic: data/s/nhnacademy/b/gyeongnam_campus/p/hive/d/24e124785c389010/n/정수기 위/e/humidity
Message Data:
time: 1745193978948
value: 45

2025-04-21 09:06:19 [MQTT Call: JavaClientExample] INFO  com.example.mqtt.InfluxDBService - Extracted tagkey -> location: hive, kind: 정수기 위, data: humidity
Value into InfluxDB: 45.0
2025-04-21 09:06:19 [MQTT Call: JavaClientExample] INFO  com.example.mqtt.MessageData - Data sent to InfluxDBService: data/s/nhnacademy/b/gyeongnam_campus/p/hive/d/24e124785c389010/n/정수기 위/e/humidity -> 45.0
2025-04-21 09:06:19 [MQTT Call: JavaClientExample] INFO  com.example.mqtt.MessageData - Topic: data/s/nhnacademy/b/gyeongnam_campus/p/hive/d/24e124785c389010/n/정수기 위/g/24e124fffef5dccc/e/lora
Message Data:
time: 1745193978948
value: 

2025-04-21 09:06:19 [MQTT Call: JavaClientExample] INFO  com.example.mqtt.InfluxDBService - Extracted tagkey -> location: hive, kind: 정수기 위, data: lora
Value into InfluxDB: 0.0
2025-04-21 09:06:19 [MQTT Call: JavaClientExample] INFO  com.example.mqtt.MessageData - Data sent to InfluxDBService: data/s/nhnacademy/b/gyeongnam_campus/p/hive/d/24e124785c389010/n/정수기 위/g/24e124fffef5dccc/e/lora -> 0.0
2025-04-21 09:06:19 [MQTT Call: JavaClientExample] INFO  com.example.mqtt.MessageData - Topic: data/s/nhnacademy/b/gyeongnam_campus/p/hive/d/24e124785c389010/n/정수기 위/g/24e124fffef79304/e/lora
Message Data:
time: 1745193978948
value: 

2025-04-21 09:06:19 [MQTT Call: JavaClientExample] INFO  com.example.mqtt.InfluxDBService - Extracted tagkey -> location: hive, kind: 정수기 위, data: lora
Value into InfluxDB: 0.0
2025-04-21 09:06:19 [MQTT Call: JavaClientExample] INFO  com.example.mqtt.MessageData - Data sent to InfluxDBService: data/s/nhnacademy/b/gyeongnam_campus/p/hive/d/24e124785c389010/n/정수기 위/g/24e124fffef79304/e/lora -> 0.0
2025-04-21 09:06:26 [MQTT Call: JavaClientExample] INFO  com.example.mqtt.MessageData - Topic: data/s/nhnacademy/b/gyeongnam_campus/p/hive/d/24e124126d111937/sp/farm/n/스마트팜/e/illumination
Message Data:
time: 1745193985671
value: 320

2025-04-21 09:06:26 [MQTT Call: JavaClientExample] INFO  com.example.mqtt.InfluxDBService - Extracted tagkey -> location: hive, kind: 스마트팜, data: illumination
Value into InfluxDB: 320.0
2025-04-21 09:06:26 [MQTT Call: JavaClientExample] INFO  com.example.mqtt.MessageData - Data sent to InfluxDBService: data/s/nhnacademy/b/gyeongnam_campus/p/hive/d/24e124126d111937/sp/farm/n/스마트팜/e/illumination -> 320.0
2025-04-21 09:06:27 [MQTT Call: JavaClientExample] INFO  com.example.mqtt.MessageData - Topic: data/s/nhnacademy/b/gyeongnam_campus/p/hive/d/24e124126d111937/sp/farm/n/스마트팜/g/24e124fffef79304/e/lora
Message Data:
time: 1745193985671
value: 

2025-04-21 09:06:27 [MQTT Call: JavaClientExample] INFO  com.example.mqtt.InfluxDBService - Extracted tagkey -> location: hive, kind: 스마트팜, data: lora
Value into InfluxDB: 0.0
2025-04-21 09:06:27 [MQTT Call: JavaClientExample] INFO  com.example.mqtt.MessageData - Data sent to InfluxDBService: data/s/nhnacademy/b/gyeongnam_campus/p/hive/d/24e124126d111937/sp/farm/n/스마트팜/g/24e124fffef79304/e/lora -> 0.0
2025-04-21 09:06:27 [MQTT Call: JavaClientExample] INFO  com.example.mqtt.MessageData - Topic: data/s/nhnacademy/b/gyeongnam_campus/p/hive/d/24e124126d111937/sp/farm/n/스마트팜/g/24e124fffef5dccc/e/lora
Message Data:
time: 1745193985671
value: 

2025-04-21 09:06:27 [MQTT Call: JavaClientExample] INFO  com.example.mqtt.InfluxDBService - Extracted tagkey -> location: hive, kind: 스마트팜, data: lora
Value into InfluxDB: 0.0
2025-04-21 09:06:27 [MQTT Call: JavaClientExample] INFO  com.example.mqtt.MessageData - Data sent to InfluxDBService: data/s/nhnacademy/b/gyeongnam_campus/p/hive/d/24e124126d111937/sp/farm/n/스마트팜/g/24e124fffef5dccc/e/lora -> 0.0
2025-04-21 09:06:28 [MQTT Call: JavaClientExample] INFO  com.example.mqtt.MessageData - Topic: data/s/nhnacademy/b/gyeongnam_campus/p/server_room/d/24e124136d151368/n/입구/e/humidity
Message Data:
time: 1745193986501
value: 47.5

2025-04-21 09:06:28 [MQTT Call: JavaClientExample] INFO  com.example.mqtt.InfluxDBService - Extracted tagkey -> location: server_room, kind: 입구, data: humidity
Value into InfluxDB: 47.5
2025-04-21 09:06:28 [MQTT Call: JavaClientExample] INFO  com.example.mqtt.MessageData - Data sent to InfluxDBService: data/s/nhnacademy/b/gyeongnam_campus/p/server_room/d/24e124136d151368/n/입구/e/humidity -> 47.5
2025-04-21 09:06:28 [MQTT Call: JavaClientExample] INFO  com.example.mqtt.MessageData - Topic: data/s/nhnacademy/b/gyeongnam_campus/p/server_room/d/24e124136d151368/n/입구/e/temperature
Message Data:
time: 1745193986501
value: 24.1

2025-04-21 09:06:28 [MQTT Call: JavaClientExample] INFO  com.example.mqtt.InfluxDBService - Extracted tagkey -> location: server_room, kind: 입구, data: temperature
Value into InfluxDB: 24.1
2025-04-21 09:06:28 [MQTT Call: JavaClientExample] INFO  com.example.mqtt.MessageData - Data sent to InfluxDBService: data/s/nhnacademy/b/gyeongnam_campus/p/server_room/d/24e124136d151368/n/입구/e/temperature -> 24.1
2025-04-21 09:06:28 [MQTT Call: JavaClientExample] INFO  com.example.mqtt.MessageData - Topic: data/s/nhnacademy/b/gyeongnam_campus/p/server_room/d/24e124136d151368/n/입구/g/24e124fffef79304/e/lora
Message Data:
time: 1745193986501
value: 

2025-04-21 09:06:28 [MQTT Call: JavaClientExample] INFO  com.example.mqtt.InfluxDBService - Extracted tagkey -> location: server_room, kind: 입구, data: lora
Value into InfluxDB: 0.0
2025-04-21 09:06:28 [MQTT Call: JavaClientExample] INFO  com.example.mqtt.MessageData - Data sent to InfluxDBService: data/s/nhnacademy/b/gyeongnam_campus/p/server_room/d/24e124136d151368/n/입구/g/24e124fffef79304/e/lora -> 0.0
2025-04-21 09:06:28 [MQTT Call: JavaClientExample] INFO  com.example.mqtt.MessageData - Topic: data/s/nhnacademy/b/gyeongnam_campus/p/server_room/d/24e124136d151368/n/입구/g/24e124fffef5dccc/e/lora
Message Data:
time: 1745193986501
value: 

2025-04-21 09:06:28 [MQTT Call: JavaClientExample] INFO  com.example.mqtt.InfluxDBService - Extracted tagkey -> location: server_room, kind: 입구, data: lora
Value into InfluxDB: 0.0
2025-04-21 09:06:28 [MQTT Call: JavaClientExample] INFO  com.example.mqtt.MessageData - Data sent to InfluxDBService: data/s/nhnacademy/b/gyeongnam_campus/p/server_room/d/24e124136d151368/n/입구/g/24e124fffef5dccc/e/lora -> 0.0
2025-04-21 09:06:40 [MQTT Call: JavaClientExample] INFO  com.example.mqtt.MessageData - Topic: data/s/nhnacademy/b/gyeongnam_campus/p/hive/d/24e124126c452091/sp/farm/n/스마트팜/e/temperature
Message Data:
time: 1745193999286
value: 23.2

2025-04-21 09:06:40 [MQTT Call: JavaClientExample] INFO  com.example.mqtt.InfluxDBService - Extracted tagkey -> location: hive, kind: 스마트팜, data: temperature
Value into InfluxDB: 23.2
2025-04-21 09:06:40 [MQTT Call: JavaClientExample] INFO  com.example.mqtt.MessageData - Data sent to InfluxDBService: data/s/nhnacademy/b/gyeongnam_campus/p/hive/d/24e124126c452091/sp/farm/n/스마트팜/e/temperature -> 23.2
2025-04-21 09:06:42 [MQTT Call: JavaClientExample] INFO  com.example.mqtt.MessageData - Topic: data/s/nhnacademy/b/gyeongnam_campus/p/hive/d/24e124126c452091/sp/farm/n/스마트팜/g/24e124fffef79304/e/lora
Message Data:
time: 1745193999286
value: 

2025-04-21 09:06:42 [MQTT Call: JavaClientExample] INFO  com.example.mqtt.InfluxDBService - Extracted tagkey -> location: hive, kind: 스마트팜, data: lora
Value into InfluxDB: 0.0
2025-04-21 09:06:42 [MQTT Call: JavaClientExample] INFO  com.example.mqtt.MessageData - Data sent to InfluxDBService: data/s/nhnacademy/b/gyeongnam_campus/p/hive/d/24e124126c452091/sp/farm/n/스마트팜/g/24e124fffef79304/e/lora -> 0.0
2025-04-21 09:06:42 [MQTT Call: JavaClientExample] INFO  com.example.mqtt.MessageData - Topic: data/s/nhnacademy/b/gyeongnam_campus/p/hive/d/24e124126c452091/sp/farm/n/스마트팜/g/24e124fffef5dccc/e/lora
Message Data:
time: 1745193999286
value: 

2025-04-21 09:06:42 [MQTT Call: JavaClientExample] INFO  com.example.mqtt.InfluxDBService - Extracted tagkey -> location: hive, kind: 스마트팜, data: lora
Value into InfluxDB: 0.0
2025-04-21 09:06:42 [MQTT Call: JavaClientExample] INFO  com.example.mqtt.MessageData - Data sent to InfluxDBService: data/s/nhnacademy/b/gyeongnam_campus/p/hive/d/24e124126c452091/sp/farm/n/스마트팜/g/24e124fffef5dccc/e/lora -> 0.0
2025-04-21 09:06:46 [MQTT Call: JavaClientExample] INFO  com.example.mqtt.MessageData - Topic: data/s/nhnacademy/b/gyeongnam_campus/p/campus/d/gem3500_1/n/캠퍼스_LL/e/voltage
Message Data:
time: 1745194006744
value: 381.13

2025-04-21 09:06:46 [MQTT Call: JavaClientExample] INFO  com.example.mqtt.InfluxDBService - Extracted tagkey -> location: campus, kind: 캠퍼스_LL, data: voltage
Value into InfluxDB: 381.13
2025-04-21 09:06:46 [MQTT Call: JavaClientExample] INFO  com.example.mqtt.MessageData - Data sent to InfluxDBService: data/s/nhnacademy/b/gyeongnam_campus/p/campus/d/gem3500_1/n/캠퍼스_LL/e/voltage -> 381.13
2025-04-21 09:06:46 [MQTT Call: JavaClientExample] INFO  com.example.mqtt.MessageData - Topic: data/s/nhnacademy/b/gyeongnam_campus/p/campus/d/gem3500_1/n/캠퍼스_LN/e/voltage
Message Data:
time: 1745194006744
value: 220.04

2025-04-21 09:06:46 [MQTT Call: JavaClientExample] INFO  com.example.mqtt.InfluxDBService - Extracted tagkey -> location: campus, kind: 캠퍼스_LN, data: voltage
Value into InfluxDB: 220.04
2025-04-21 09:06:46 [MQTT Call: JavaClientExample] INFO  com.example.mqtt.MessageData - Data sent to InfluxDBService: data/s/nhnacademy/b/gyeongnam_campus/p/campus/d/gem3500_1/n/캠퍼스_LN/e/voltage -> 220.04
2025-04-21 09:06:46 [MQTT Call: JavaClientExample] INFO  com.example.mqtt.MessageData - Topic: data/s/nhnacademy/b/gyeongnam_campus/p/campus/d/gem3500_1/n/캠퍼스1/e/power_meter
Message Data:
time: 1745194006848
type: 5
leakageCurrent: 0
current: 2054
activePower: 3813
reactivePower: -1616
tapparentPower: 4536
powerFactor: 84.06
currentUnbalance: 71.98
lines: 

2025-04-21 09:06:46 [MQTT Call: JavaClientExample] WARN  com.example.mqtt.MessageData - No 'value' field found in message, skipping InfluxDB write.
2025-04-21 09:06:47 [MQTT Call: JavaClientExample] INFO  com.example.mqtt.MessageData - Topic: data/s/nhnacademy/b/gyeongnam_campus/p/storage/d/24e124136d151547/n/입구/e/humidity
Message Data:
time: 1745194006576
value: 127.5

2025-04-21 09:06:47 [MQTT Call: JavaClientExample] INFO  com.example.mqtt.InfluxDBService - Extracted tagkey -> location: storage, kind: 입구, data: humidity
Value into InfluxDB: 127.5
2025-04-21 09:06:47 [MQTT Call: JavaClientExample] INFO  com.example.mqtt.MessageData - Data sent to InfluxDBService: data/s/nhnacademy/b/gyeongnam_campus/p/storage/d/24e124136d151547/n/입구/e/humidity -> 127.5
2025-04-21 09:06:47 [MQTT Call: JavaClientExample] INFO  com.example.mqtt.MessageData - Topic: data/s/nhnacademy/b/gyeongnam_campus/p/storage/d/24e124136d151547/n/입구/e/temperature
Message Data:
time: 1745194006576
value: -0.1

2025-04-21 09:06:47 [MQTT Call: JavaClientExample] INFO  com.example.mqtt.InfluxDBService - Extracted tagkey -> location: storage, kind: 입구, data: temperature
Value into InfluxDB: -0.1
2025-04-21 09:06:47 [MQTT Call: JavaClientExample] INFO  com.example.mqtt.MessageData - Data sent to InfluxDBService: data/s/nhnacademy/b/gyeongnam_campus/p/storage/d/24e124136d151547/n/입구/e/temperature -> -0.1
2025-04-21 09:06:47 [MQTT Call: JavaClientExample] INFO  com.example.mqtt.MessageData - Topic: data/s/nhnacademy/b/gyeongnam_campus/p/storage/d/24e124136d151547/n/입구/e/battery
Message Data:
time: 1745194006576
value: 1

2025-04-21 09:06:47 [MQTT Call: JavaClientExample] INFO  com.example.mqtt.InfluxDBService - Extracted tagkey -> location: storage, kind: 입구, data: battery
Value into InfluxDB: 1.0
2025-04-21 09:06:47 [MQTT Call: JavaClientExample] INFO  com.example.mqtt.MessageData - Data sent to InfluxDBService: data/s/nhnacademy/b/gyeongnam_campus/p/storage/d/24e124136d151547/n/입구/e/battery -> 1.0
2025-04-21 09:06:47 [MQTT Call: JavaClientExample] INFO  com.example.mqtt.MessageData - Topic: data/s/nhnacademy/b/gyeongnam_campus/p/storage/d/24e124136d151547/n/입구/g/24e124fffef79304/e/lora
Message Data:
time: 1745194006576
value: 

2025-04-21 09:06:47 [MQTT Call: JavaClientExample] INFO  com.example.mqtt.InfluxDBService - Extracted tagkey -> location: storage, kind: 입구, data: lora
Value into InfluxDB: 0.0
2025-04-21 09:06:47 [MQTT Call: JavaClientExample] INFO  com.example.mqtt.MessageData - Data sent to InfluxDBService: data/s/nhnacademy/b/gyeongnam_campus/p/storage/d/24e124136d151547/n/입구/g/24e124fffef79304/e/lora -> 0.0
2025-04-21 09:06:47 [MQTT Call: JavaClientExample] INFO  com.example.mqtt.MessageData - Topic: data/s/nhnacademy/b/gyeongnam_campus/p/storage/d/24e124136d151547/n/입구/g/24e124fffef5dccc/e/lora
Message Data:
time: 1745194006576
value: 

2025-04-21 09:06:47 [MQTT Call: JavaClientExample] INFO  com.example.mqtt.InfluxDBService - Extracted tagkey -> location: storage, kind: 입구, data: lora
Value into InfluxDB: 0.0
2025-04-21 09:06:47 [MQTT Call: JavaClientExample] INFO  com.example.mqtt.MessageData - Data sent to InfluxDBService: data/s/nhnacademy/b/gyeongnam_campus/p/storage/d/24e124136d151547/n/입구/g/24e124fffef5dccc/e/lora -> 0.0
2025-04-21 09:06:47 [MQTT Call: JavaClientExample] INFO  com.example.mqtt.MessageData - Topic: data/s/nhnacademy/b/gyeongnam_campus/p/campus/d/gem3500_1/n/전등1/e/power_meter
Message Data:
time: 1745194006948
type: 3
leakageCurrent: 0
current: 694
activePower: 1306
reactivePower: -340
tapparentPower: 1524
powerFactor: 85.66
currentUnbalance: 0
lines: 

2025-04-21 09:06:47 [MQTT Call: JavaClientExample] WARN  com.example.mqtt.MessageData - No 'value' field found in message, skipping InfluxDB write.
2025-04-21 09:06:47 [MQTT Call: JavaClientExample] INFO  com.example.mqtt.MessageData - Topic: data/s/nhnacademy/b/gyeongnam_campus/p/campus/d/gem3500_1/n/전등2/e/power_meter
Message Data:
time: 1745194007049
type: 1
leakageCurrent: 0
current: 568
activePower: 1138
reactivePower: -288
tapparentPower: 1255
powerFactor: 90.63
currentUnbalance: 0
lines: 

2025-04-21 09:06:47 [MQTT Call: JavaClientExample] WARN  com.example.mqtt.MessageData - No 'value' field found in message, skipping InfluxDB write.
2025-04-21 09:06:47 [MQTT Call: JavaClientExample] INFO  com.example.mqtt.MessageData - Topic: data/s/nhnacademy/b/gyeongnam_campus/p/campus/d/gem3500_1/n/전등3/e/power_meter
Message Data:
time: 1745194007150
type: 2
leakageCurrent: 0
current: 0
activePower: 0
reactivePower: 0
tapparentPower: 0
powerFactor: 0
currentUnbalance: 0
lines: 

2025-04-21 09:06:47 [MQTT Call: JavaClientExample] WARN  com.example.mqtt.MessageData - No 'value' field found in message, skipping InfluxDB write.
2025-04-21 09:06:47 [MQTT Call: JavaClientExample] INFO  com.example.mqtt.MessageData - Topic: data/s/nhnacademy/b/gyeongnam_campus/p/campus/d/gem3500_1/n/강의실b_바닥/e/power_meter
Message Data:
time: 1745194007250
type: 3
leakageCurrent: 0
current: 134
activePower: 187
reactivePower: -180
tapparentPower: 297
powerFactor: 62.9
currentUnbalance: 0
lines: 

2025-04-21 09:06:47 [MQTT Call: JavaClientExample] WARN  com.example.mqtt.MessageData - No 'value' field found in message, skipping InfluxDB write.
2025-04-21 09:06:47 [MQTT Call: JavaClientExample] INFO  com.example.mqtt.MessageData - Topic: data/s/nhnacademy/b/gyeongnam_campus/p/campus/d/gem3500_1/n/강의실a_바닥1/e/power_meter
Message Data:
time: 1745194007353
type: 1
leakageCurrent: 0
current: 105
activePower: 84
reactivePower: -206
tapparentPower: 230
powerFactor: 36.45
currentUnbalance: 0
lines: 

2025-04-21 09:06:47 [MQTT Call: JavaClientExample] WARN  com.example.mqtt.MessageData - No 'value' field found in message, skipping InfluxDB write.
2025-04-21 09:06:47 [MQTT Call: JavaClientExample] INFO  com.example.mqtt.MessageData - Topic: data/s/nhnacademy/b/gyeongnam_campus/p/campus/d/gem3500_1/n/강의실a_바닥2/e/power_meter
Message Data:
time: 1745194007455
type: 2
leakageCurrent: 0
current: 103
activePower: 163
reactivePower: -136
tapparentPower: 228
powerFactor: 71.57
currentUnbalance: 0
lines: 

2025-04-21 09:06:47 [MQTT Call: JavaClientExample] WARN  com.example.mqtt.MessageData - No 'value' field found in message, skipping InfluxDB write.
2025-04-21 09:06:47 [MQTT Call: JavaClientExample] INFO  com.example.mqtt.MessageData - Topic: data/s/nhnacademy/b/gyeongnam_campus/p/campus/d/gem3500_1/n/프로젝터1/e/power_meter
Message Data:
time: 1745194007554
type: 3
leakageCurrent: 0
current: 71
activePower: 69
reactivePower: -129
tapparentPower: 156
powerFactor: 44.61
currentUnbalance: 0
lines: 

2025-04-21 09:06:47 [MQTT Call: JavaClientExample] WARN  com.example.mqtt.MessageData - No 'value' field found in message, skipping InfluxDB write.
2025-04-21 09:06:47 [MQTT Call: JavaClientExample] INFO  com.example.mqtt.MessageData - Topic: data/s/nhnacademy/b/gyeongnam_campus/p/campus/d/gem3500_1/n/프로젝터2/e/power_meter
Message Data:
time: 1745194007655
type: 1
leakageCurrent: 0
current: 55
activePower: 88
reactivePower: -76
tapparentPower: 122
powerFactor: 72.54
currentUnbalance: 0
lines: 

2025-04-21 09:06:47 [MQTT Call: JavaClientExample] WARN  com.example.mqtt.MessageData - No 'value' field found in message, skipping InfluxDB write.
2025-04-21 09:06:48 [MQTT Call: JavaClientExample] INFO  com.example.mqtt.MessageData - Topic: data/s/nhnacademy/b/gyeongnam_campus/p/campus/d/gem3500_1/n/회의실/e/power_meter
Message Data:
time: 1745194007757
type: 2
leakageCurrent: 0
current: 14
activePower: 4
reactivePower: -28
tapparentPower: 33
powerFactor: 14.28
currentUnbalance: 0
lines: 

2025-04-21 09:06:48 [MQTT Call: JavaClientExample] WARN  com.example.mqtt.MessageData - No 'value' field found in message, skipping InfluxDB write.
2025-04-21 09:06:48 [MQTT Call: JavaClientExample] INFO  com.example.mqtt.MessageData - Topic: data/s/nhnacademy/b/gyeongnam_campus/p/campus/d/gem3500_1/n/서버실/e/power_meter
Message Data:
time: 1745194007858
type: 3
leakageCurrent: 0
current: 199
activePower: 389
reactivePower: -115
tapparentPower: 437
powerFactor: 89.01
currentUnbalance: 0
lines: 

2025-04-21 09:06:48 [MQTT Call: JavaClientExample] WARN  com.example.mqtt.MessageData - No 'value' field found in message, skipping InfluxDB write.
2025-04-21 09:06:48 [MQTT Call: JavaClientExample] INFO  com.example.mqtt.MessageData - Topic: data/s/nhnacademy/b/gyeongnam_campus/p/campus/d/gem3500_1/n/간판/e/power_meter
Message Data:
time: 1745194007959
type: 1
leakageCurrent: 0
current: 0
activePower: 0
reactivePower: 0
tapparentPower: 0
powerFactor: 0
currentUnbalance: 0
lines: 

2025-04-21 09:06:48 [MQTT Call: JavaClientExample] WARN  com.example.mqtt.MessageData - No 'value' field found in message, skipping InfluxDB write.
2025-04-21 09:06:48 [MQTT Call: JavaClientExample] INFO  com.example.mqtt.MessageData - Topic: data/s/nhnacademy/b/gyeongnam_campus/p/campus/d/gem3500_1/n/페어룸/e/power_meter
Message Data:
time: 1745194008063
type: 2
leakageCurrent: 0
current: 0
activePower: 0
reactivePower: 0
tapparentPower: 0
powerFactor: 0
currentUnbalance: 0
lines: 

2025-04-21 09:06:48 [MQTT Call: JavaClientExample] WARN  com.example.mqtt.MessageData - No 'value' field found in message, skipping InfluxDB write.
2025-04-21 09:06:48 [MQTT Call: JavaClientExample] INFO  com.example.mqtt.MessageData - Topic: data/s/nhnacademy/b/gyeongnam_campus/p/campus/d/gem3500_1/n/사무실_전열1/e/power_meter
Message Data:
time: 1745194008164
type: 3
leakageCurrent: 0
current: 84
activePower: 100
reactivePower: -57
tapparentPower: 180
powerFactor: 56
currentUnbalance: 0
lines: 

2025-04-21 09:06:48 [MQTT Call: JavaClientExample] WARN  com.example.mqtt.MessageData - No 'value' field found in message, skipping InfluxDB write.
2025-04-21 09:06:49 [MQTT Call: JavaClientExample] INFO  com.example.mqtt.MessageData - Topic: data/s/nhnacademy/b/gyeongnam_campus/p/campus/d/gem3500_1/n/사무실_전열2/e/power_meter
Message Data:
time: 1745194008265
type: 3
leakageCurrent: 0
current: 26
activePower: 7
reactivePower: -52
tapparentPower: 57
powerFactor: 12.5
currentUnbalance: 0
lines: 

2025-04-21 09:06:49 [MQTT Call: JavaClientExample] WARN  com.example.mqtt.MessageData - No 'value' field found in message, skipping InfluxDB write.
2025-04-21 09:06:49 [MQTT Call: JavaClientExample] INFO  com.example.mqtt.MessageData - Topic: data/s/nhnacademy/b/gyeongnam_campus/p/campus/d/gem3500_1/n/사무실_복사기/e/power_meter
Message Data:
time: 1745194008365
type: 1
leakageCurrent: 0
current: 7
activePower: 7
reactivePower: -2
tapparentPower: 16
powerFactor: 42.85
currentUnbalance: 0
lines: 

2025-04-21 09:06:49 [MQTT Call: JavaClientExample] WARN  com.example.mqtt.MessageData - No 'value' field found in message, skipping InfluxDB write.
2025-04-21 09:06:49 [MQTT Call: JavaClientExample] INFO  com.example.mqtt.MessageData - Topic: data/s/nhnacademy/b/gyeongnam_campus/p/campus/d/gem3500_1/n/빌트인_전열/e/power_meter
Message Data:
time: 1745194008466
type: 2
leakageCurrent: 0
current: 5
activePower: 4
reactivePower: -7
tapparentPower: 12
powerFactor: 39.99
currentUnbalance: 0
lines: 

2025-04-21 09:06:49 [MQTT Call: JavaClientExample] WARN  com.example.mqtt.MessageData - No 'value' field found in message, skipping InfluxDB write.
2025-04-21 09:06:49 [MQTT Call: JavaClientExample] INFO  com.example.mqtt.MessageData - Topic: data/s/nhnacademy/b/gyeongnam_campus/p/campus/d/gem3500_1/n/사무실_전열3/e/power_meter
Message Data:
time: 1745194008568
type: 3
leakageCurrent: 0
current: 0
activePower: 0
reactivePower: 0
tapparentPower: 0
powerFactor: 0
currentUnbalance: 0
lines: 

2025-04-21 09:06:49 [MQTT Call: JavaClientExample] WARN  com.example.mqtt.MessageData - No 'value' field found in message, skipping InfluxDB write.
2025-04-21 09:06:49 [MQTT Call: JavaClientExample] INFO  com.example.mqtt.MessageData - Topic: data/s/nhnacademy/b/gyeongnam_campus/p/campus/d/gem3500_1/n/정수기/e/power_meter
Message Data:
time: 1745194008668
type: 1
leakageCurrent: 0
current: 71
activePower: 100
reactivePower: 120
tapparentPower: 160
powerFactor: 62.68
currentUnbalance: 0
lines: 

2025-04-21 09:06:49 [MQTT Call: JavaClientExample] WARN  com.example.mqtt.MessageData - No 'value' field found in message, skipping InfluxDB write.
2025-04-21 09:06:49 [MQTT Call: JavaClientExample] INFO  com.example.mqtt.MessageData - Topic: data/s/nhnacademy/b/gyeongnam_campus/p/campus/d/gem3500_1/n/하이브_전열/e/power_meter
Message Data:
time: 1745194008768
type: 2
leakageCurrent: 0
current: 65
activePower: 124
reactivePower: -48
tapparentPower: 144
powerFactor: 86.66
currentUnbalance: 0
lines: 

2025-04-21 09:06:49 [MQTT Call: JavaClientExample] WARN  com.example.mqtt.MessageData - No 'value' field found in message, skipping InfluxDB write.
2025-04-21 09:06:49 [MQTT Call: JavaClientExample] INFO  com.example.mqtt.MessageData - Topic: data/s/nhnacademy/b/gyeongnam_campus/p/campus/d/gem3500_1/n/바텐_전열/e/power_meter
Message Data:
time: 1745194008870
type: 3
leakageCurrent: 0
current: 0
activePower: 0
reactivePower: 0
tapparentPower: 0
powerFactor: 0
currentUnbalance: 0
lines: 

2025-04-21 09:06:49 [MQTT Call: JavaClientExample] WARN  com.example.mqtt.MessageData - No 'value' field found in message, skipping InfluxDB write.
2025-04-21 09:06:49 [MQTT Call: JavaClientExample] INFO  com.example.mqtt.MessageData - Topic: data/s/nhnacademy/b/gyeongnam_campus/p/campus/d/gem3500_1/n/S_P/e/power_meter
Message Data:
time: 1745194008972
type: 1
leakageCurrent: 0
current: 0
activePower: 0
reactivePower: 0
tapparentPower: 0
powerFactor: 0
currentUnbalance: 0
lines: 

2025-04-21 09:06:49 [MQTT Call: JavaClientExample] WARN  com.example.mqtt.MessageData - No 'value' field found in message, skipping InfluxDB write.
2025-04-21 09:06:49 [MQTT Call: JavaClientExample] INFO  com.example.mqtt.MessageData - Topic: data/s/nhnacademy/b/gyeongnam_campus/p/campus/d/gem3500_1/n/공조기/e/power_meter
Message Data:
time: 1745194009071
type: 2
leakageCurrent: 0
current: 16
activePower: 2
reactivePower: -33
tapparentPower: 33
powerFactor: 7.14
currentUnbalance: 0
lines: 

2025-04-21 09:06:49 [MQTT Call: JavaClientExample] WARN  com.example.mqtt.MessageData - No 'value' field found in message, skipping InfluxDB write.
2025-04-21 09:06:49 [MQTT Call: JavaClientExample] INFO  com.example.mqtt.MessageData - Topic: data/s/nhnacademy/b/gyeongnam_campus/p/campus/d/gem3500_1/n/AC/e/power_meter
Message Data:
time: 1745194009173
type: 3
leakageCurrent: 0
current: 16
activePower: 12
reactivePower: -24
tapparentPower: 36
powerFactor: 33.33
currentUnbalance: 0
lines: 

2025-04-21 09:06:49 [MQTT Call: JavaClientExample] WARN  com.example.mqtt.MessageData - No 'value' field found in message, skipping InfluxDB write.
2025-04-21 09:06:52 [MQTT Call: JavaClientExample] INFO  com.example.mqtt.MessageData - Topic: data/s/nhnacademy/b/gyeongnam_campus/p/pair_room/d/24e124136d151485/n/안쪽 분리벽/e/temperature
Message Data:
time: 1745194010756
value: 22.9

2025-04-21 09:06:52 [MQTT Call: JavaClientExample] INFO  com.example.mqtt.InfluxDBService - Extracted tagkey -> location: pair_room, kind: 안쪽 분리벽, data: temperature
Value into InfluxDB: 22.9
2025-04-21 09:06:52 [MQTT Call: JavaClientExample] INFO  com.example.mqtt.MessageData - Data sent to InfluxDBService: data/s/nhnacademy/b/gyeongnam_campus/p/pair_room/d/24e124136d151485/n/안쪽 분리벽/e/temperature -> 22.9
2025-04-21 09:06:53 [MQTT Call: JavaClientExample] INFO  com.example.mqtt.MessageData - Topic: data/s/nhnacademy/b/gyeongnam_campus/p/pair_room/d/24e124136d151485/n/안쪽 분리벽/e/humidity
Message Data:
time: 1745194010756
value: 47

2025-04-21 09:06:53 [MQTT Call: JavaClientExample] INFO  com.example.mqtt.InfluxDBService - Extracted tagkey -> location: pair_room, kind: 안쪽 분리벽, data: humidity
Value into InfluxDB: 47.0
2025-04-21 09:06:53 [MQTT Call: JavaClientExample] INFO  com.example.mqtt.MessageData - Data sent to InfluxDBService: data/s/nhnacademy/b/gyeongnam_campus/p/pair_room/d/24e124136d151485/n/안쪽 분리벽/e/humidity -> 47.0
2025-04-21 09:06:53 [MQTT Call: JavaClientExample] INFO  com.example.mqtt.MessageData - Topic: data/s/nhnacademy/b/gyeongnam_campus/p/pair_room/d/24e124136d151485/n/안쪽 분리벽/g/24e124fffef5dccc/e/lora
Message Data:
time: 1745194010756
value: 

2025-04-21 09:06:53 [MQTT Call: JavaClientExample] INFO  com.example.mqtt.InfluxDBService - Extracted tagkey -> location: pair_room, kind: 안쪽 분리벽, data: lora
Value into InfluxDB: 0.0
2025-04-21 09:06:53 [MQTT Call: JavaClientExample] INFO  com.example.mqtt.MessageData - Data sent to InfluxDBService: data/s/nhnacademy/b/gyeongnam_campus/p/pair_room/d/24e124136d151485/n/안쪽 분리벽/g/24e124fffef5dccc/e/lora -> 0.0
2025-04-21 09:06:53 [MQTT Call: JavaClientExample] INFO  com.example.mqtt.MessageData - Topic: data/s/nhnacademy/b/gyeongnam_campus/p/pair_room/d/24e124136d151485/n/안쪽 분리벽/g/24e124fffef79304/e/lora
Message Data:
time: 1745194010756
value: 

2025-04-21 09:06:53 [MQTT Call: JavaClientExample] INFO  com.example.mqtt.InfluxDBService - Extracted tagkey -> location: pair_room, kind: 안쪽 분리벽, data: lora
Value into InfluxDB: 0.0
2025-04-21 09:06:53 [MQTT Call: JavaClientExample] INFO  com.example.mqtt.MessageData - Data sent to InfluxDBService: data/s/nhnacademy/b/gyeongnam_campus/p/pair_room/d/24e124136d151485/n/안쪽 분리벽/g/24e124fffef79304/e/lora -> 0.0
2025-04-21 09:07:10 [MQTT Call: JavaClientExample] INFO  com.example.mqtt.MessageData - Topic: data/s/nhnacademy/b/gyeongnam_campus/p/pair_room/d/24e124617d159573/n/2/e/battery
Message Data:
time: 1745194029604
value: 33

2025-04-21 09:07:10 [MQTT Call: JavaClientExample] INFO  com.example.mqtt.InfluxDBService - Extracted tagkey -> location: pair_room, kind: 2, data: battery
Value into InfluxDB: 33.0
2025-04-21 09:07:10 [MQTT Call: JavaClientExample] INFO  com.example.mqtt.MessageData - Data sent to InfluxDBService: data/s/nhnacademy/b/gyeongnam_campus/p/pair_room/d/24e124617d159573/n/2/e/battery -> 33.0
2025-04-21 09:07:10 [MQTT Call: JavaClientExample] INFO  com.example.mqtt.MessageData - Topic: data/s/nhnacademy/b/gyeongnam_campus/p/pair_room/d/24e124617d159573/n/2/e/distance
Message Data:
time: 1745194029604
value: 2233

2025-04-21 09:07:10 [MQTT Call: JavaClientExample] INFO  com.example.mqtt.InfluxDBService - Extracted tagkey -> location: pair_room, kind: 2, data: distance
Value into InfluxDB: 2233.0
2025-04-21 09:07:10 [MQTT Call: JavaClientExample] INFO  com.example.mqtt.MessageData - Data sent to InfluxDBService: data/s/nhnacademy/b/gyeongnam_campus/p/pair_room/d/24e124617d159573/n/2/e/distance -> 2233.0
2025-04-21 09:07:10 [MQTT Call: JavaClientExample] INFO  com.example.mqtt.MessageData - Topic: data/s/nhnacademy/b/gyeongnam_campus/p/pair_room/d/24e124617d159573/n/2/e/occupancy
Message Data:
time: 1745194029604
value: 0

2025-04-21 09:07:10 [MQTT Call: JavaClientExample] INFO  com.example.mqtt.InfluxDBService - Extracted tagkey -> location: pair_room, kind: 2, data: occupancy
Value into InfluxDB: 0.0
2025-04-21 09:07:10 [MQTT Call: JavaClientExample] INFO  com.example.mqtt.MessageData - Data sent to InfluxDBService: data/s/nhnacademy/b/gyeongnam_campus/p/pair_room/d/24e124617d159573/n/2/e/occupancy -> 0.0
2025-04-21 09:07:10 [MQTT Call: JavaClientExample] INFO  com.example.mqtt.MessageData - Topic: data/s/nhnacademy/b/gyeongnam_campus/p/pair_room/d/24e124617d159573/n/2/g/24e124fffef79304/e/lora
Message Data:
time: 1745194029604
value: 

2025-04-21 09:07:10 [MQTT Call: JavaClientExample] INFO  com.example.mqtt.InfluxDBService - Extracted tagkey -> location: pair_room, kind: 2, data: lora
Value into InfluxDB: 0.0
2025-04-21 09:07:10 [MQTT Call: JavaClientExample] INFO  com.example.mqtt.MessageData - Data sent to InfluxDBService: data/s/nhnacademy/b/gyeongnam_campus/p/pair_room/d/24e124617d159573/n/2/g/24e124fffef79304/e/lora -> 0.0
2025-04-21 09:07:10 [MQTT Call: JavaClientExample] INFO  com.example.mqtt.MessageData - Topic: data/s/nhnacademy/b/gyeongnam_campus/p/pair_room/d/24e124617d159573/n/2/g/24e124fffef5dccc/e/lora
Message Data:
time: 1745194029604
value: 

2025-04-21 09:07:10 [MQTT Call: JavaClientExample] INFO  com.example.mqtt.InfluxDBService - Extracted tagkey -> location: pair_room, kind: 2, data: lora
Value into InfluxDB: 0.0
2025-04-21 09:07:10 [MQTT Call: JavaClientExample] INFO  com.example.mqtt.MessageData - Data sent to InfluxDBService: data/s/nhnacademy/b/gyeongnam_campus/p/pair_room/d/24e124617d159573/n/2/g/24e124fffef5dccc/e/lora -> 0.0
2025-04-21 09:07:16 [MQTT Call: JavaClientExample] INFO  com.example.mqtt.MessageData - Topic: data/s/nhnacademy/b/gyeongnam_campus/p/hive/d/24e124725d081175/sp/8인 책상/n/8인 책상/e/co2
Message Data:
time: 1745194033787
value: 521

2025-04-21 09:07:16 [MQTT Call: JavaClientExample] INFO  com.example.mqtt.InfluxDBService - Extracted tagkey -> location: hive, kind: 8인 책상, data: co2
Value into InfluxDB: 521.0
2025-04-21 09:07:16 [MQTT Call: JavaClientExample] INFO  com.example.mqtt.MessageData - Data sent to InfluxDBService: data/s/nhnacademy/b/gyeongnam_campus/p/hive/d/24e124725d081175/sp/8인 책상/n/8인 책상/e/co2 -> 521.0
2025-04-21 09:07:16 [MQTT Call: JavaClientExample] INFO  com.example.mqtt.MessageData - Topic: data/s/nhnacademy/b/gyeongnam_campus/p/hive/d/24e124725d081175/sp/8인 책상/n/8인 책상/e/battery
Message Data:
time: 1745194033787
value: 77

2025-04-21 09:07:16 [MQTT Call: JavaClientExample] INFO  com.example.mqtt.InfluxDBService - Extracted tagkey -> location: hive, kind: 8인 책상, data: battery
Value into InfluxDB: 77.0
2025-04-21 09:07:16 [MQTT Call: JavaClientExample] INFO  com.example.mqtt.MessageData - Data sent to InfluxDBService: data/s/nhnacademy/b/gyeongnam_campus/p/hive/d/24e124725d081175/sp/8인 책상/n/8인 책상/e/battery -> 77.0
2025-04-21 09:07:16 [MQTT Call: JavaClientExample] INFO  com.example.mqtt.MessageData - Topic: data/s/nhnacademy/b/gyeongnam_campus/p/hive/d/24e124725d081175/sp/8인 책상/n/8인 책상/e/temperature
Message Data:
time: 1745194033787
value: 23.9

2025-04-21 09:07:16 [MQTT Call: JavaClientExample] INFO  com.example.mqtt.InfluxDBService - Extracted tagkey -> location: hive, kind: 8인 책상, data: temperature
Value into InfluxDB: 23.9
2025-04-21 09:07:16 [MQTT Call: JavaClientExample] INFO  com.example.mqtt.MessageData - Data sent to InfluxDBService: data/s/nhnacademy/b/gyeongnam_campus/p/hive/d/24e124725d081175/sp/8인 책상/n/8인 책상/e/temperature -> 23.9
2025-04-21 09:07:16 [MQTT Call: JavaClientExample] INFO  com.example.mqtt.MessageData - Topic: data/s/nhnacademy/b/gyeongnam_campus/p/hive/d/24e124725d081175/sp/8인 책상/n/8인 책상/e/humidity
Message Data:
time: 1745194033787
value: 47

2025-04-21 09:07:16 [MQTT Call: JavaClientExample] INFO  com.example.mqtt.InfluxDBService - Extracted tagkey -> location: hive, kind: 8인 책상, data: humidity
Value into InfluxDB: 47.0
2025-04-21 09:07:16 [MQTT Call: JavaClientExample] INFO  com.example.mqtt.MessageData - Data sent to InfluxDBService: data/s/nhnacademy/b/gyeongnam_campus/p/hive/d/24e124725d081175/sp/8인 책상/n/8인 책상/e/humidity -> 47.0
2025-04-21 09:07:16 [MQTT Call: JavaClientExample] INFO  com.example.mqtt.MessageData - Topic: data/s/nhnacademy/b/gyeongnam_campus/p/hive/d/24e124725d081175/sp/8인 책상/n/8인 책상/g/24e124fffef79304/e/lora
Message Data:
time: 1745194033787
value: 

2025-04-21 09:07:16 [MQTT Call: JavaClientExample] INFO  com.example.mqtt.InfluxDBService - Extracted tagkey -> location: hive, kind: 8인 책상, data: lora
Value into InfluxDB: 0.0
2025-04-21 09:07:16 [MQTT Call: JavaClientExample] INFO  com.example.mqtt.MessageData - Data sent to InfluxDBService: data/s/nhnacademy/b/gyeongnam_campus/p/hive/d/24e124725d081175/sp/8인 책상/n/8인 책상/g/24e124fffef79304/e/lora -> 0.0
2025-04-21 09:07:16 [MQTT Call: JavaClientExample] INFO  com.example.mqtt.MessageData - Topic: data/s/nhnacademy/b/gyeongnam_campus/p/hive/d/24e124725d081175/sp/8인 책상/n/8인 책상/g/24e124fffef5dccc/e/lora
Message Data:
time: 1745194033787
value: 

2025-04-21 09:07:16 [MQTT Call: JavaClientExample] INFO  com.example.mqtt.InfluxDBService - Extracted tagkey -> location: hive, kind: 8인 책상, data: lora
Value into InfluxDB: 0.0
2025-04-21 09:07:16 [MQTT Call: JavaClientExample] INFO  com.example.mqtt.MessageData - Data sent to InfluxDBService: data/s/nhnacademy/b/gyeongnam_campus/p/hive/d/24e124725d081175/sp/8인 책상/n/8인 책상/g/24e124fffef5dccc/e/lora -> 0.0
2025-04-21 09:07:18 [MQTT Call: JavaClientExample] INFO  com.example.mqtt.MessageData - Topic: data/s/nhnacademy/b/gyeongnam_campus/p/class_a/d/24e124128c067999/sp/입구/n/입구/e/infrared
Message Data:
time: 1745194037254
value: 7

2025-04-21 09:07:18 [MQTT Call: JavaClientExample] INFO  com.example.mqtt.InfluxDBService - Extracted tagkey -> location: class_a, kind: 입구, data: infrared
Value into InfluxDB: 7.0
2025-04-21 09:07:18 [MQTT Call: JavaClientExample] INFO  com.example.mqtt.MessageData - Data sent to InfluxDBService: data/s/nhnacademy/b/gyeongnam_campus/p/class_a/d/24e124128c067999/sp/입구/n/입구/e/infrared -> 7.0
2025-04-21 09:07:18 [MQTT Call: JavaClientExample] INFO  com.example.mqtt.MessageData - Topic: data/s/nhnacademy/b/gyeongnam_campus/p/class_a/d/24e124128c067999/sp/입구/n/입구/e/illumination
Message Data:
time: 1745194037254
value: 65

2025-04-21 09:07:18 [MQTT Call: JavaClientExample] INFO  com.example.mqtt.InfluxDBService - Extracted tagkey -> location: class_a, kind: 입구, data: illumination
Value into InfluxDB: 65.0
2025-04-21 09:07:18 [MQTT Call: JavaClientExample] INFO  com.example.mqtt.MessageData - Data sent to InfluxDBService: data/s/nhnacademy/b/gyeongnam_campus/p/class_a/d/24e124128c067999/sp/입구/n/입구/e/illumination -> 65.0
2025-04-21 09:07:18 [MQTT Call: JavaClientExample] INFO  com.example.mqtt.MessageData - Topic: data/s/nhnacademy/b/gyeongnam_campus/p/class_a/d/24e124128c067999/sp/입구/n/입구/e/tvoc
Message Data:
time: 1745194037254
value: 304

2025-04-21 09:07:18 [MQTT Call: JavaClientExample] INFO  com.example.mqtt.InfluxDBService - Extracted tagkey -> location: class_a, kind: 입구, data: tvoc
Value into InfluxDB: 304.0
2025-04-21 09:07:18 [MQTT Call: JavaClientExample] INFO  com.example.mqtt.MessageData - Data sent to InfluxDBService: data/s/nhnacademy/b/gyeongnam_campus/p/class_a/d/24e124128c067999/sp/입구/n/입구/e/tvoc -> 304.0
2025-04-21 09:07:18 [MQTT Call: JavaClientExample] INFO  com.example.mqtt.MessageData - Topic: data/s/nhnacademy/b/gyeongnam_campus/p/class_a/d/24e124128c067999/sp/입구/n/입구/e/humidity
Message Data:
time: 1745194037254
value: 47

2025-04-21 09:07:18 [MQTT Call: JavaClientExample] INFO  com.example.mqtt.InfluxDBService - Extracted tagkey -> location: class_a, kind: 입구, data: humidity
Value into InfluxDB: 47.0
2025-04-21 09:07:18 [MQTT Call: JavaClientExample] INFO  com.example.mqtt.MessageData - Data sent to InfluxDBService: data/s/nhnacademy/b/gyeongnam_campus/p/class_a/d/24e124128c067999/sp/입구/n/입구/e/humidity -> 47.0
2025-04-21 09:07:18 [MQTT Call: JavaClientExample] INFO  com.example.mqtt.MessageData - Topic: data/s/nhnacademy/b/gyeongnam_campus/p/class_a/d/24e124128c067999/sp/입구/n/입구/e/temperature
Message Data:
time: 1745194037254
value: 23.6

2025-04-21 09:07:18 [MQTT Call: JavaClientExample] INFO  com.example.mqtt.InfluxDBService - Extracted tagkey -> location: class_a, kind: 입구, data: temperature
Value into InfluxDB: 23.6
2025-04-21 09:07:18 [MQTT Call: JavaClientExample] INFO  com.example.mqtt.MessageData - Data sent to InfluxDBService: data/s/nhnacademy/b/gyeongnam_campus/p/class_a/d/24e124128c067999/sp/입구/n/입구/e/temperature -> 23.6
2025-04-21 09:07:18 [MQTT Call: JavaClientExample] INFO  com.example.mqtt.MessageData - Topic: data/s/nhnacademy/b/gyeongnam_campus/p/class_a/d/24e124128c067999/sp/입구/n/입구/e/infrared_and_visible
Message Data:
time: 1745194037254
value: 45

2025-04-21 09:07:18 [MQTT Call: JavaClientExample] INFO  com.example.mqtt.InfluxDBService - Extracted tagkey -> location: class_a, kind: 입구, data: infrared_and_visible
Value into InfluxDB: 45.0
2025-04-21 09:07:18 [MQTT Call: JavaClientExample] INFO  com.example.mqtt.MessageData - Data sent to InfluxDBService: data/s/nhnacademy/b/gyeongnam_campus/p/class_a/d/24e124128c067999/sp/입구/n/입구/e/infrared_and_visible -> 45.0
2025-04-21 09:07:18 [MQTT Call: JavaClientExample] INFO  com.example.mqtt.MessageData - Topic: data/s/nhnacademy/b/gyeongnam_campus/p/class_a/d/24e124128c067999/sp/입구/n/입구/e/activity
Message Data:
time: 1745194037254
value: 23

2025-04-21 09:07:18 [MQTT Call: JavaClientExample] INFO  com.example.mqtt.InfluxDBService - Extracted tagkey -> location: class_a, kind: 입구, data: activity
Value into InfluxDB: 23.0
2025-04-21 09:07:18 [MQTT Call: JavaClientExample] INFO  com.example.mqtt.MessageData - Data sent to InfluxDBService: data/s/nhnacademy/b/gyeongnam_campus/p/class_a/d/24e124128c067999/sp/입구/n/입구/e/activity -> 23.0
2025-04-21 09:07:18 [MQTT Call: JavaClientExample] INFO  com.example.mqtt.MessageData - Topic: data/s/nhnacademy/b/gyeongnam_campus/p/class_a/d/24e124128c067999/sp/입구/n/입구/e/pressure
Message Data:
time: 1745194037254
value: 1009.4

2025-04-21 09:07:18 [MQTT Call: JavaClientExample] INFO  com.example.mqtt.InfluxDBService - Extracted tagkey -> location: class_a, kind: 입구, data: pressure
Value into InfluxDB: 1009.4
2025-04-21 09:07:18 [MQTT Call: JavaClientExample] INFO  com.example.mqtt.MessageData - Data sent to InfluxDBService: data/s/nhnacademy/b/gyeongnam_campus/p/class_a/d/24e124128c067999/sp/입구/n/입구/e/pressure -> 1009.4
2025-04-21 09:07:18 [MQTT Call: JavaClientExample] INFO  com.example.mqtt.MessageData - Topic: data/s/nhnacademy/b/gyeongnam_campus/p/class_a/d/24e124128c067999/sp/입구/n/입구/e/co2
Message Data:
time: 1745194037254
value: 585

2025-04-21 09:07:18 [MQTT Call: JavaClientExample] INFO  com.example.mqtt.InfluxDBService - Extracted tagkey -> location: class_a, kind: 입구, data: co2
Value into InfluxDB: 585.0
2025-04-21 09:07:18 [MQTT Call: JavaClientExample] INFO  com.example.mqtt.MessageData - Data sent to InfluxDBService: data/s/nhnacademy/b/gyeongnam_campus/p/class_a/d/24e124128c067999/sp/입구/n/입구/e/co2 -> 585.0
2025-04-21 09:07:18 [MQTT Call: JavaClientExample] INFO  com.example.mqtt.MessageData - Topic: data/s/nhnacademy/b/gyeongnam_campus/p/class_a/d/24e124128c067999/sp/입구/n/입구/g/24e124fffef5dccc/e/lora
Message Data:
time: 1745194037254
value: 

2025-04-21 09:07:18 [MQTT Call: JavaClientExample] INFO  com.example.mqtt.InfluxDBService - Extracted tagkey -> location: class_a, kind: 입구, data: lora
Value into InfluxDB: 0.0
2025-04-21 09:07:18 [MQTT Call: JavaClientExample] INFO  com.example.mqtt.MessageData - Data sent to InfluxDBService: data/s/nhnacademy/b/gyeongnam_campus/p/class_a/d/24e124128c067999/sp/입구/n/입구/g/24e124fffef5dccc/e/lora -> 0.0
2025-04-21 09:07:19 [MQTT Call: JavaClientExample] INFO  com.example.mqtt.MessageData - Topic: data/s/nhnacademy/b/gyeongnam_campus/p/class_a/d/24e124128c067999/sp/입구/n/입구/g/24e124fffef79304/e/lora
Message Data:
time: 1745194037254
value: 

2025-04-21 09:07:19 [MQTT Call: JavaClientExample] INFO  com.example.mqtt.InfluxDBService - Extracted tagkey -> location: class_a, kind: 입구, data: lora
Value into InfluxDB: 0.0
2025-04-21 09:07:19 [MQTT Call: JavaClientExample] INFO  com.example.mqtt.MessageData - Data sent to InfluxDBService: data/s/nhnacademy/b/gyeongnam_campus/p/class_a/d/24e124128c067999/sp/입구/n/입구/g/24e124fffef79304/e/lora -> 0.0
2025-04-21 09:07:19 [MQTT Call: JavaClientExample] INFO  com.example.mqtt.MessageData - Topic: data/s/nhnacademy/b/gyeongnam_campus/p/office/d/24e124126c457594/n/냉장고 내부/e/temperature
Message Data:
time: 1745194037952
value: 4.6

2025-04-21 09:07:19 [MQTT Call: JavaClientExample] INFO  com.example.mqtt.InfluxDBService - Extracted tagkey -> location: office, kind: 냉장고 내부, data: temperature
Value into InfluxDB: 4.6
2025-04-21 09:07:19 [MQTT Call: JavaClientExample] INFO  com.example.mqtt.MessageData - Data sent to InfluxDBService: data/s/nhnacademy/b/gyeongnam_campus/p/office/d/24e124126c457594/n/냉장고 내부/e/temperature -> 4.6
2025-04-21 09:07:19 [MQTT Call: JavaClientExample] INFO  com.example.mqtt.MessageData - Topic: data/s/nhnacademy/b/gyeongnam_campus/p/office/d/24e124126c457594/n/냉장고 내부/g/24e124fffef79304/e/lora
Message Data:
time: 1745194037952
value: 

2025-04-21 09:07:19 [MQTT Call: JavaClientExample] INFO  com.example.mqtt.InfluxDBService - Extracted tagkey -> location: office, kind: 냉장고 내부, data: lora
Value into InfluxDB: 0.0
2025-04-21 09:07:19 [MQTT Call: JavaClientExample] INFO  com.example.mqtt.MessageData - Data sent to InfluxDBService: data/s/nhnacademy/b/gyeongnam_campus/p/office/d/24e124126c457594/n/냉장고 내부/g/24e124fffef79304/e/lora -> 0.0
2025-04-21 09:07:19 [MQTT Call: JavaClientExample] INFO  com.example.mqtt.MessageData - Topic: data/s/nhnacademy/b/gyeongnam_campus/p/office/d/24e124126c457594/n/냉장고 내부/g/24e124fffef5dccc/e/lora
Message Data:
time: 1745194037952
value: 

2025-04-21 09:07:19 [MQTT Call: JavaClientExample] INFO  com.example.mqtt.InfluxDBService - Extracted tagkey -> location: office, kind: 냉장고 내부, data: lora
Value into InfluxDB: 0.0
2025-04-21 09:07:19 [MQTT Call: JavaClientExample] INFO  com.example.mqtt.MessageData - Data sent to InfluxDBService: data/s/nhnacademy/b/gyeongnam_campus/p/office/d/24e124126c457594/n/냉장고 내부/g/24e124fffef5dccc/e/lora -> 0.0
2025-04-21 09:07:20 [MQTT Call: JavaClientExample] INFO  com.example.mqtt.MessageData - Topic: data/s/nhnacademy/b/gyeongnam_campus/p/hive/d/24e124785c389010/n/정수기 위/e/temperature
Message Data:
time: 1745194038898
value: 24.3

2025-04-21 09:07:20 [MQTT Call: JavaClientExample] INFO  com.example.mqtt.InfluxDBService - Extracted tagkey -> location: hive, kind: 정수기 위, data: temperature
Value into InfluxDB: 24.3
2025-04-21 09:07:20 [MQTT Call: JavaClientExample] INFO  com.example.mqtt.MessageData - Data sent to InfluxDBService: data/s/nhnacademy/b/gyeongnam_campus/p/hive/d/24e124785c389010/n/정수기 위/e/temperature -> 24.3
2025-04-21 09:07:20 [MQTT Call: JavaClientExample] INFO  com.example.mqtt.MessageData - Topic: data/s/nhnacademy/b/gyeongnam_campus/p/hive/d/24e124785c389010/n/정수기 위/e/battery
Message Data:
time: 1745194038898
value: 86

2025-04-21 09:07:20 [MQTT Call: JavaClientExample] INFO  com.example.mqtt.InfluxDBService - Extracted tagkey -> location: hive, kind: 정수기 위, data: battery
Value into InfluxDB: 86.0
2025-04-21 09:07:20 [MQTT Call: JavaClientExample] INFO  com.example.mqtt.MessageData - Data sent to InfluxDBService: data/s/nhnacademy/b/gyeongnam_campus/p/hive/d/24e124785c389010/n/정수기 위/e/battery -> 86.0
2025-04-21 09:07:20 [MQTT Call: JavaClientExample] INFO  com.example.mqtt.MessageData - Topic: data/s/nhnacademy/b/gyeongnam_campus/p/hive/d/24e124785c389010/n/정수기 위/e/humidity
Message Data:
time: 1745194038898
value: 45

2025-04-21 09:07:20 [MQTT Call: JavaClientExample] INFO  com.example.mqtt.InfluxDBService - Extracted tagkey -> location: hive, kind: 정수기 위, data: humidity
Value into InfluxDB: 45.0
2025-04-21 09:07:20 [MQTT Call: JavaClientExample] INFO  com.example.mqtt.MessageData - Data sent to InfluxDBService: data/s/nhnacademy/b/gyeongnam_campus/p/hive/d/24e124785c389010/n/정수기 위/e/humidity -> 45.0
2025-04-21 09:07:20 [MQTT Call: JavaClientExample] INFO  com.example.mqtt.MessageData - Topic: data/s/nhnacademy/b/gyeongnam_campus/p/hive/d/24e124785c389010/n/정수기 위/g/24e124fffef5dccc/e/lora
Message Data:
time: 1745194038898
value: 

2025-04-21 09:07:20 [MQTT Call: JavaClientExample] INFO  com.example.mqtt.InfluxDBService - Extracted tagkey -> location: hive, kind: 정수기 위, data: lora
Value into InfluxDB: 0.0
2025-04-21 09:07:20 [MQTT Call: JavaClientExample] INFO  com.example.mqtt.MessageData - Data sent to InfluxDBService: data/s/nhnacademy/b/gyeongnam_campus/p/hive/d/24e124785c389010/n/정수기 위/g/24e124fffef5dccc/e/lora -> 0.0
2025-04-21 09:07:20 [MQTT Call: JavaClientExample] INFO  com.example.mqtt.MessageData - Topic: data/s/nhnacademy/b/gyeongnam_campus/p/hive/d/24e124785c389010/n/정수기 위/g/24e124fffef79304/e/lora
Message Data:
time: 1745194038898
value: 

2025-04-21 09:07:20 [MQTT Call: JavaClientExample] INFO  com.example.mqtt.InfluxDBService - Extracted tagkey -> location: hive, kind: 정수기 위, data: lora
Value into InfluxDB: 0.0
2025-04-21 09:07:20 [MQTT Call: JavaClientExample] INFO  com.example.mqtt.MessageData - Data sent to InfluxDBService: data/s/nhnacademy/b/gyeongnam_campus/p/hive/d/24e124785c389010/n/정수기 위/g/24e124fffef79304/e/lora -> 0.0
2025-04-21 09:07:27 [MQTT Call: JavaClientExample] INFO  com.example.mqtt.MessageData - Topic: data/s/nhnacademy/b/gyeongnam_campus/p/server_room/d/24e124136d151368/n/입구/e/temperature
Message Data:
time: 1745194046502
value: 24.1

2025-04-21 09:07:27 [MQTT Call: JavaClientExample] INFO  com.example.mqtt.InfluxDBService - Extracted tagkey -> location: server_room, kind: 입구, data: temperature
Value into InfluxDB: 24.1
2025-04-21 09:07:27 [MQTT Call: JavaClientExample] INFO  com.example.mqtt.MessageData - Data sent to InfluxDBService: data/s/nhnacademy/b/gyeongnam_campus/p/server_room/d/24e124136d151368/n/입구/e/temperature -> 24.1
2025-04-21 09:07:28 [MQTT Call: JavaClientExample] INFO  com.example.mqtt.MessageData - Topic: data/s/nhnacademy/b/gyeongnam_campus/p/server_room/d/24e124136d151368/n/입구/e/humidity
Message Data:
time: 1745194046502
value: 47.5

2025-04-21 09:07:28 [MQTT Call: JavaClientExample] INFO  com.example.mqtt.InfluxDBService - Extracted tagkey -> location: server_room, kind: 입구, data: humidity
Value into InfluxDB: 47.5
2025-04-21 09:07:28 [MQTT Call: JavaClientExample] INFO  com.example.mqtt.MessageData - Data sent to InfluxDBService: data/s/nhnacademy/b/gyeongnam_campus/p/server_room/d/24e124136d151368/n/입구/e/humidity -> 47.5
2025-04-21 09:07:28 [MQTT Call: JavaClientExample] INFO  com.example.mqtt.MessageData - Topic: data/s/nhnacademy/b/gyeongnam_campus/p/server_room/d/24e124136d151368/n/입구/g/24e124fffef5dccc/e/lora
Message Data:
time: 1745194046502
value: 

2025-04-21 09:07:28 [MQTT Call: JavaClientExample] INFO  com.example.mqtt.InfluxDBService - Extracted tagkey -> location: server_room, kind: 입구, data: lora
Value into InfluxDB: 0.0
2025-04-21 09:07:28 [MQTT Call: JavaClientExample] INFO  com.example.mqtt.MessageData - Data sent to InfluxDBService: data/s/nhnacademy/b/gyeongnam_campus/p/server_room/d/24e124136d151368/n/입구/g/24e124fffef5dccc/e/lora -> 0.0
2025-04-21 09:07:28 [MQTT Call: JavaClientExample] INFO  com.example.mqtt.MessageData - Topic: data/s/nhnacademy/b/gyeongnam_campus/p/server_room/d/24e124136d151368/n/입구/g/24e124fffef79304/e/lora
Message Data:
time: 1745194046502
value: 

2025-04-21 09:07:28 [MQTT Call: JavaClientExample] INFO  com.example.mqtt.InfluxDBService - Extracted tagkey -> location: server_room, kind: 입구, data: lora
Value into InfluxDB: 0.0
2025-04-21 09:07:28 [MQTT Call: JavaClientExample] INFO  com.example.mqtt.MessageData - Data sent to InfluxDBService: data/s/nhnacademy/b/gyeongnam_campus/p/server_room/d/24e124136d151368/n/입구/g/24e124fffef79304/e/lora -> 0.0
2025-04-21 09:07:28 [MQTT Call: JavaClientExample] INFO  com.example.mqtt.MessageData - Topic: data/s/nhnacademy/b/gyeongnam_campus/p/hive/d/24e124126d111937/sp/farm/n/스마트팜/e/illumination
Message Data:
time: 1745194047204
value: 320

2025-04-21 09:07:28 [MQTT Call: JavaClientExample] INFO  com.example.mqtt.InfluxDBService - Extracted tagkey -> location: hive, kind: 스마트팜, data: illumination
Value into InfluxDB: 320.0
2025-04-21 09:07:28 [MQTT Call: JavaClientExample] INFO  com.example.mqtt.MessageData - Data sent to InfluxDBService: data/s/nhnacademy/b/gyeongnam_campus/p/hive/d/24e124126d111937/sp/farm/n/스마트팜/e/illumination -> 320.0
2025-04-21 09:07:28 [MQTT Call: JavaClientExample] INFO  com.example.mqtt.MessageData - Topic: data/s/nhnacademy/b/gyeongnam_campus/p/hive/d/24e124126d111937/sp/farm/n/스마트팜/g/24e124fffef79304/e/lora
Message Data:
time: 1745194047204
value: 

2025-04-21 09:07:28 [MQTT Call: JavaClientExample] INFO  com.example.mqtt.InfluxDBService - Extracted tagkey -> location: hive, kind: 스마트팜, data: lora
Value into InfluxDB: 0.0
2025-04-21 09:07:28 [MQTT Call: JavaClientExample] INFO  com.example.mqtt.MessageData - Data sent to InfluxDBService: data/s/nhnacademy/b/gyeongnam_campus/p/hive/d/24e124126d111937/sp/farm/n/스마트팜/g/24e124fffef79304/e/lora -> 0.0
2025-04-21 09:07:28 [MQTT Call: JavaClientExample] INFO  com.example.mqtt.MessageData - Topic: data/s/nhnacademy/b/gyeongnam_campus/p/hive/d/24e124126d111937/sp/farm/n/스마트팜/g/24e124fffef5dccc/e/lora
Message Data:
time: 1745194047204
value: 

2025-04-21 09:07:28 [MQTT Call: JavaClientExample] INFO  com.example.mqtt.InfluxDBService - Extracted tagkey -> location: hive, kind: 스마트팜, data: lora
Value into InfluxDB: 0.0
2025-04-21 09:07:28 [MQTT Call: JavaClientExample] INFO  com.example.mqtt.MessageData - Data sent to InfluxDBService: data/s/nhnacademy/b/gyeongnam_campus/p/hive/d/24e124126d111937/sp/farm/n/스마트팜/g/24e124fffef5dccc/e/lora -> 0.0
2025-04-21 09:07:41 [MQTT Call: JavaClientExample] INFO  com.example.mqtt.MessageData - Topic: data/s/nhnacademy/b/gyeongnam_campus/p/hive/d/24e124126c452091/sp/farm/n/스마트팜/e/temperature
Message Data:
time: 1745194059944
value: 23.2

2025-04-21 09:07:41 [MQTT Call: JavaClientExample] INFO  com.example.mqtt.InfluxDBService - Extracted tagkey -> location: hive, kind: 스마트팜, data: temperature
Value into InfluxDB: 23.2
2025-04-21 09:07:41 [MQTT Call: JavaClientExample] INFO  com.example.mqtt.MessageData - Data sent to InfluxDBService: data/s/nhnacademy/b/gyeongnam_campus/p/hive/d/24e124126c452091/sp/farm/n/스마트팜/e/temperature -> 23.2
2025-04-21 09:07:41 [MQTT Call: JavaClientExample] INFO  com.example.mqtt.MessageData - Topic: data/s/nhnacademy/b/gyeongnam_campus/p/hive/d/24e124126c452091/sp/farm/n/스마트팜/g/24e124fffef79304/e/lora
Message Data:
time: 1745194059944
value: 

2025-04-21 09:07:41 [MQTT Call: JavaClientExample] INFO  com.example.mqtt.InfluxDBService - Extracted tagkey -> location: hive, kind: 스마트팜, data: lora
Value into InfluxDB: 0.0
2025-04-21 09:07:41 [MQTT Call: JavaClientExample] INFO  com.example.mqtt.MessageData - Data sent to InfluxDBService: data/s/nhnacademy/b/gyeongnam_campus/p/hive/d/24e124126c452091/sp/farm/n/스마트팜/g/24e124fffef79304/e/lora -> 0.0
2025-04-21 09:07:41 [MQTT Call: JavaClientExample] INFO  com.example.mqtt.MessageData - Topic: data/s/nhnacademy/b/gyeongnam_campus/p/hive/d/24e124126c452091/sp/farm/n/스마트팜/g/24e124fffef5dccc/e/lora
Message Data:
time: 1745194059944
value: 

2025-04-21 09:07:41 [MQTT Call: JavaClientExample] INFO  com.example.mqtt.InfluxDBService - Extracted tagkey -> location: hive, kind: 스마트팜, data: lora
Value into InfluxDB: 0.0
2025-04-21 09:07:41 [MQTT Call: JavaClientExample] INFO  com.example.mqtt.MessageData - Data sent to InfluxDBService: data/s/nhnacademy/b/gyeongnam_campus/p/hive/d/24e124126c452091/sp/farm/n/스마트팜/g/24e124fffef5dccc/e/lora -> 0.0
2025-04-21 09:07:46 [MQTT Call: JavaClientExample] INFO  com.example.mqtt.MessageData - Topic: data/s/nhnacademy/b/gyeongnam_campus/p/campus/d/gem3500_1/n/캠퍼스_LL/e/voltage
Message Data:
time: 1745194066749
value: 380.94

2025-04-21 09:07:46 [MQTT Call: JavaClientExample] INFO  com.example.mqtt.InfluxDBService - Extracted tagkey -> location: campus, kind: 캠퍼스_LL, data: voltage
Value into InfluxDB: 380.94
2025-04-21 09:07:46 [MQTT Call: JavaClientExample] INFO  com.example.mqtt.MessageData - Data sent to InfluxDBService: data/s/nhnacademy/b/gyeongnam_campus/p/campus/d/gem3500_1/n/캠퍼스_LL/e/voltage -> 380.94
2025-04-21 09:07:46 [MQTT Call: JavaClientExample] INFO  com.example.mqtt.MessageData - Topic: data/s/nhnacademy/b/gyeongnam_campus/p/campus/d/gem3500_1/n/캠퍼스_LN/e/voltage
Message Data:
time: 1745194066749
value: 219.93

2025-04-21 09:07:46 [MQTT Call: JavaClientExample] INFO  com.example.mqtt.InfluxDBService - Extracted tagkey -> location: campus, kind: 캠퍼스_LN, data: voltage
Value into InfluxDB: 219.93
2025-04-21 09:07:46 [MQTT Call: JavaClientExample] INFO  com.example.mqtt.MessageData - Data sent to InfluxDBService: data/s/nhnacademy/b/gyeongnam_campus/p/campus/d/gem3500_1/n/캠퍼스_LN/e/voltage -> 219.93
2025-04-21 09:07:46 [MQTT Call: JavaClientExample] INFO  com.example.mqtt.MessageData - Topic: data/s/nhnacademy/b/gyeongnam_campus/p/campus/d/gem3500_1/n/캠퍼스1/e/power_meter
Message Data:
time: 1745194066848
type: 5
leakageCurrent: 0
current: 2106
activePower: 3875
reactivePower: -1629
tapparentPower: 4614
powerFactor: 83.98
currentUnbalance: 72.38
lines: 

2025-04-21 09:07:46 [MQTT Call: JavaClientExample] WARN  com.example.mqtt.MessageData - No 'value' field found in message, skipping InfluxDB write.
2025-04-21 09:07:47 [MQTT Call: JavaClientExample] INFO  com.example.mqtt.MessageData - Topic: data/s/nhnacademy/b/gyeongnam_campus/p/storage/d/24e124136d151547/n/입구/e/temperature
Message Data:
time: 1745194066578
value: -0.1

2025-04-21 09:07:47 [MQTT Call: JavaClientExample] INFO  com.example.mqtt.InfluxDBService - Extracted tagkey -> location: storage, kind: 입구, data: temperature
Value into InfluxDB: -0.1
2025-04-21 09:07:47 [MQTT Call: JavaClientExample] INFO  com.example.mqtt.MessageData - Data sent to InfluxDBService: data/s/nhnacademy/b/gyeongnam_campus/p/storage/d/24e124136d151547/n/입구/e/temperature -> -0.1
2025-04-21 09:07:47 [MQTT Call: JavaClientExample] INFO  com.example.mqtt.MessageData - Topic: data/s/nhnacademy/b/gyeongnam_campus/p/storage/d/24e124136d151547/n/입구/e/battery
Message Data:
time: 1745194066578
value: 1

2025-04-21 09:07:47 [MQTT Call: JavaClientExample] INFO  com.example.mqtt.InfluxDBService - Extracted tagkey -> location: storage, kind: 입구, data: battery
Value into InfluxDB: 1.0
2025-04-21 09:07:47 [MQTT Call: JavaClientExample] INFO  com.example.mqtt.MessageData - Data sent to InfluxDBService: data/s/nhnacademy/b/gyeongnam_campus/p/storage/d/24e124136d151547/n/입구/e/battery -> 1.0
2025-04-21 09:07:47 [MQTT Call: JavaClientExample] INFO  com.example.mqtt.MessageData - Topic: data/s/nhnacademy/b/gyeongnam_campus/p/storage/d/24e124136d151547/n/입구/e/humidity
Message Data:
time: 1745194066578
value: 127.5

2025-04-21 09:07:47 [MQTT Call: JavaClientExample] INFO  com.example.mqtt.InfluxDBService - Extracted tagkey -> location: storage, kind: 입구, data: humidity
Value into InfluxDB: 127.5
2025-04-21 09:07:47 [MQTT Call: JavaClientExample] INFO  com.example.mqtt.MessageData - Data sent to InfluxDBService: data/s/nhnacademy/b/gyeongnam_campus/p/storage/d/24e124136d151547/n/입구/e/humidity -> 127.5
2025-04-21 09:07:47 [MQTT Call: JavaClientExample] INFO  com.example.mqtt.MessageData - Topic: data/s/nhnacademy/b/gyeongnam_campus/p/storage/d/24e124136d151547/n/입구/g/24e124fffef5dccc/e/lora
Message Data:
time: 1745194066578
value: 

2025-04-21 09:07:47 [MQTT Call: JavaClientExample] INFO  com.example.mqtt.InfluxDBService - Extracted tagkey -> location: storage, kind: 입구, data: lora
Value into InfluxDB: 0.0
2025-04-21 09:07:47 [MQTT Call: JavaClientExample] INFO  com.example.mqtt.MessageData - Data sent to InfluxDBService: data/s/nhnacademy/b/gyeongnam_campus/p/storage/d/24e124136d151547/n/입구/g/24e124fffef5dccc/e/lora -> 0.0
2025-04-21 09:07:47 [MQTT Call: JavaClientExample] INFO  com.example.mqtt.MessageData - Topic: data/s/nhnacademy/b/gyeongnam_campus/p/storage/d/24e124136d151547/n/입구/g/24e124fffef79304/e/lora
Message Data:
time: 1745194066578
value: 

2025-04-21 09:07:47 [MQTT Call: JavaClientExample] INFO  com.example.mqtt.InfluxDBService - Extracted tagkey -> location: storage, kind: 입구, data: lora
Value into InfluxDB: 0.0
2025-04-21 09:07:47 [MQTT Call: JavaClientExample] INFO  com.example.mqtt.MessageData - Data sent to InfluxDBService: data/s/nhnacademy/b/gyeongnam_campus/p/storage/d/24e124136d151547/n/입구/g/24e124fffef79304/e/lora -> 0.0
2025-04-21 09:07:47 [MQTT Call: JavaClientExample] INFO  com.example.mqtt.MessageData - Topic: data/s/nhnacademy/b/gyeongnam_campus/p/campus/d/gem3500_1/n/전등1/e/power_meter
Message Data:
time: 1745194066949
type: 3
leakageCurrent: 0
current: 695
activePower: 1307
reactivePower: -338
tapparentPower: 1526
powerFactor: 85.69
currentUnbalance: 0
lines: 

2025-04-21 09:07:47 [MQTT Call: JavaClientExample] WARN  com.example.mqtt.MessageData - No 'value' field found in message, skipping InfluxDB write.
2025-04-21 09:07:47 [MQTT Call: JavaClientExample] INFO  com.example.mqtt.MessageData - Topic: data/s/nhnacademy/b/gyeongnam_campus/p/campus/d/gem3500_1/n/전등2/e/power_meter
Message Data:
time: 1745194067050
type: 1
leakageCurrent: 0
current: 568
activePower: 1139
reactivePower: -290
tapparentPower: 1252
powerFactor: 90.99
currentUnbalance: 0
lines: 

2025-04-21 09:07:47 [MQTT Call: JavaClientExample] WARN  com.example.mqtt.MessageData - No 'value' field found in message, skipping InfluxDB write.
2025-04-21 09:07:47 [MQTT Call: JavaClientExample] INFO  com.example.mqtt.MessageData - Topic: data/s/nhnacademy/b/gyeongnam_campus/p/campus/d/gem3500_1/n/전등3/e/power_meter
Message Data:
time: 1745194067152
type: 2
leakageCurrent: 0
current: 0
activePower: 0
reactivePower: 0
tapparentPower: 0
powerFactor: 0
currentUnbalance: 0
lines: 

2025-04-21 09:07:47 [MQTT Call: JavaClientExample] WARN  com.example.mqtt.MessageData - No 'value' field found in message, skipping InfluxDB write.
2025-04-21 09:07:47 [MQTT Call: JavaClientExample] INFO  com.example.mqtt.MessageData - Topic: data/s/nhnacademy/b/gyeongnam_campus/p/campus/d/gem3500_1/n/강의실b_바닥/e/power_meter
Message Data:
time: 1745194067253
type: 3
leakageCurrent: 0
current: 139
activePower: 172
reactivePower: -177
tapparentPower: 288
powerFactor: 60
currentUnbalance: 0
lines: 

2025-04-21 09:07:47 [MQTT Call: JavaClientExample] WARN  com.example.mqtt.MessageData - No 'value' field found in message, skipping InfluxDB write.
2025-04-21 09:07:47 [MQTT Call: JavaClientExample] INFO  com.example.mqtt.MessageData - Topic: data/s/nhnacademy/b/gyeongnam_campus/p/campus/d/gem3500_1/n/강의실a_바닥1/e/power_meter
Message Data:
time: 1745194067355
type: 1
leakageCurrent: 0
current: 137
activePower: 177
reactivePower: -225
tapparentPower: 300
powerFactor: 59.2
currentUnbalance: 0
lines: 

2025-04-21 09:07:47 [MQTT Call: JavaClientExample] WARN  com.example.mqtt.MessageData - No 'value' field found in message, skipping InfluxDB write.
2025-04-21 09:07:47 [MQTT Call: JavaClientExample] INFO  com.example.mqtt.MessageData - Topic: data/s/nhnacademy/b/gyeongnam_campus/p/campus/d/gem3500_1/n/강의실a_바닥2/e/power_meter
Message Data:
time: 1745194067454
type: 2
leakageCurrent: 0
current: 104
activePower: 160
reactivePower: -139
tapparentPower: 230
powerFactor: 69.79
currentUnbalance: 0
lines: 

2025-04-21 09:07:47 [MQTT Call: JavaClientExample] WARN  com.example.mqtt.MessageData - No 'value' field found in message, skipping InfluxDB write.
2025-04-21 09:07:48 [MQTT Call: JavaClientExample] INFO  com.example.mqtt.MessageData - Topic: data/s/nhnacademy/b/gyeongnam_campus/p/campus/d/gem3500_1/n/프로젝터1/e/power_meter
Message Data:
time: 1745194067555
type: 3
leakageCurrent: 0
current: 71
activePower: 72
reactivePower: -129
tapparentPower: 155
powerFactor: 46.15
currentUnbalance: 0
lines: 

2025-04-21 09:07:48 [MQTT Call: JavaClientExample] WARN  com.example.mqtt.MessageData - No 'value' field found in message, skipping InfluxDB write.
2025-04-21 09:07:48 [MQTT Call: JavaClientExample] INFO  com.example.mqtt.MessageData - Topic: data/s/nhnacademy/b/gyeongnam_campus/p/campus/d/gem3500_1/n/프로젝터2/e/power_meter
Message Data:
time: 1745194067657
type: 1
leakageCurrent: 0
current: 55
activePower: 88
reactivePower: -76
tapparentPower: 122
powerFactor: 72.54
currentUnbalance: 0
lines: 

2025-04-21 09:07:48 [MQTT Call: JavaClientExample] WARN  com.example.mqtt.MessageData - No 'value' field found in message, skipping InfluxDB write.
2025-04-21 09:07:48 [MQTT Call: JavaClientExample] INFO  com.example.mqtt.MessageData - Topic: data/s/nhnacademy/b/gyeongnam_campus/p/campus/d/gem3500_1/n/회의실/e/power_meter
Message Data:
time: 1745194067758
type: 2
leakageCurrent: 0
current: 14
activePower: 7
reactivePower: -28
tapparentPower: 31
powerFactor: 23.07
currentUnbalance: 0
lines: 

2025-04-21 09:07:48 [MQTT Call: JavaClientExample] WARN  com.example.mqtt.MessageData - No 'value' field found in message, skipping InfluxDB write.
2025-04-21 09:07:48 [MQTT Call: JavaClientExample] INFO  com.example.mqtt.MessageData - Topic: data/s/nhnacademy/b/gyeongnam_campus/p/campus/d/gem3500_1/n/서버실/e/power_meter
Message Data:
time: 1745194067860
type: 3
leakageCurrent: 0
current: 199
activePower: 391
reactivePower: -112
tapparentPower: 439
powerFactor: 89.07
currentUnbalance: 0
lines: 

2025-04-21 09:07:48 [MQTT Call: JavaClientExample] WARN  com.example.mqtt.MessageData - No 'value' field found in message, skipping InfluxDB write.
2025-04-21 09:07:48 [MQTT Call: JavaClientExample] INFO  com.example.mqtt.MessageData - Topic: data/s/nhnacademy/b/gyeongnam_campus/p/campus/d/gem3500_1/n/간판/e/power_meter
Message Data:
time: 1745194067961
type: 1
leakageCurrent: 0
current: 0
activePower: 0
reactivePower: 0
tapparentPower: 0
powerFactor: 0
currentUnbalance: 0
lines: 

2025-04-21 09:07:48 [MQTT Call: JavaClientExample] WARN  com.example.mqtt.MessageData - No 'value' field found in message, skipping InfluxDB write.
2025-04-21 09:07:48 [MQTT Call: JavaClientExample] INFO  com.example.mqtt.MessageData - Topic: data/s/nhnacademy/b/gyeongnam_campus/p/campus/d/gem3500_1/n/페어룸/e/power_meter
Message Data:
time: 1745194068064
type: 2
leakageCurrent: 0
current: 0
activePower: 0
reactivePower: 0
tapparentPower: 0
powerFactor: 0
currentUnbalance: 0
lines: 

2025-04-21 09:07:48 [MQTT Call: JavaClientExample] WARN  com.example.mqtt.MessageData - No 'value' field found in message, skipping InfluxDB write.
2025-04-21 09:07:48 [MQTT Call: JavaClientExample] INFO  com.example.mqtt.MessageData - Topic: data/s/nhnacademy/b/gyeongnam_campus/p/campus/d/gem3500_1/n/사무실_전열1/e/power_meter
Message Data:
time: 1745194068165
type: 3
leakageCurrent: 0
current: 83
activePower: 103
reactivePower: -57
tapparentPower: 180
powerFactor: 57.33
currentUnbalance: 0
lines: 

2025-04-21 09:07:48 [MQTT Call: JavaClientExample] WARN  com.example.mqtt.MessageData - No 'value' field found in message, skipping InfluxDB write.
2025-04-21 09:07:48 [MQTT Call: JavaClientExample] INFO  com.example.mqtt.MessageData - Topic: data/s/nhnacademy/b/gyeongnam_campus/p/campus/d/gem3500_1/n/사무실_전열2/e/power_meter
Message Data:
time: 1745194068266
type: 3
leakageCurrent: 0
current: 26
activePower: 7
reactivePower: -52
tapparentPower: 57
powerFactor: 12.5
currentUnbalance: 0
lines: 

2025-04-21 09:07:48 [MQTT Call: JavaClientExample] WARN  com.example.mqtt.MessageData - No 'value' field found in message, skipping InfluxDB write.
2025-04-21 09:07:48 [MQTT Call: JavaClientExample] INFO  com.example.mqtt.MessageData - Topic: data/s/nhnacademy/b/gyeongnam_campus/p/campus/d/gem3500_1/n/사무실_복사기/e/power_meter
Message Data:
time: 1745194068368
type: 1
leakageCurrent: 0
current: 7
activePower: 7
reactivePower: 0
tapparentPower: 14
powerFactor: 50
currentUnbalance: 0
lines: 

2025-04-21 09:07:48 [MQTT Call: JavaClientExample] WARN  com.example.mqtt.MessageData - No 'value' field found in message, skipping InfluxDB write.
2025-04-21 09:07:48 [MQTT Call: JavaClientExample] INFO  com.example.mqtt.MessageData - Topic: data/s/nhnacademy/b/gyeongnam_campus/p/campus/d/gem3500_1/n/빌트인_전열/e/power_meter
Message Data:
time: 1745194068468
type: 2
leakageCurrent: 0
current: 5
activePower: 2
reactivePower: -7
tapparentPower: 12
powerFactor: 20
currentUnbalance: 0
lines: 

2025-04-21 09:07:48 [MQTT Call: JavaClientExample] WARN  com.example.mqtt.MessageData - No 'value' field found in message, skipping InfluxDB write.
2025-04-21 09:07:48 [MQTT Call: JavaClientExample] INFO  com.example.mqtt.MessageData - Topic: data/s/nhnacademy/b/gyeongnam_campus/p/campus/d/gem3500_1/n/사무실_전열3/e/power_meter
Message Data:
time: 1745194068569
type: 3
leakageCurrent: 0
current: 0
activePower: 0
reactivePower: 0
tapparentPower: 0
powerFactor: 0
currentUnbalance: 0
lines: 

2025-04-21 09:07:48 [MQTT Call: JavaClientExample] WARN  com.example.mqtt.MessageData - No 'value' field found in message, skipping InfluxDB write.
2025-04-21 09:07:49 [MQTT Call: JavaClientExample] INFO  com.example.mqtt.MessageData - Topic: data/s/nhnacademy/b/gyeongnam_campus/p/campus/d/gem3500_1/n/정수기/e/power_meter
Message Data:
time: 1745194068671
type: 1
leakageCurrent: 0
current: 70
activePower: 93
reactivePower: 119
tapparentPower: 153
powerFactor: 60.93
currentUnbalance: 0
lines: 

2025-04-21 09:07:49 [MQTT Call: JavaClientExample] WARN  com.example.mqtt.MessageData - No 'value' field found in message, skipping InfluxDB write.
2025-04-21 09:07:49 [MQTT Call: JavaClientExample] INFO  com.example.mqtt.MessageData - Topic: data/s/nhnacademy/b/gyeongnam_campus/p/campus/d/gem3500_1/n/하이브_전열/e/power_meter
Message Data:
time: 1745194068771
type: 2
leakageCurrent: 0
current: 65
activePower: 124
reactivePower: -48
tapparentPower: 144
powerFactor: 86.66
currentUnbalance: 0
lines: 

2025-04-21 09:07:49 [MQTT Call: JavaClientExample] WARN  com.example.mqtt.MessageData - No 'value' field found in message, skipping InfluxDB write.
2025-04-21 09:07:49 [MQTT Call: JavaClientExample] INFO  com.example.mqtt.MessageData - Topic: data/s/nhnacademy/b/gyeongnam_campus/p/campus/d/gem3500_1/n/바텐_전열/e/power_meter
Message Data:
time: 1745194068873
type: 3
leakageCurrent: 0
current: 0
activePower: 0
reactivePower: 0
tapparentPower: 0
powerFactor: 0
currentUnbalance: 0
lines: 

2025-04-21 09:07:49 [MQTT Call: JavaClientExample] WARN  com.example.mqtt.MessageData - No 'value' field found in message, skipping InfluxDB write.
2025-04-21 09:07:49 [MQTT Call: JavaClientExample] INFO  com.example.mqtt.MessageData - Topic: data/s/nhnacademy/b/gyeongnam_campus/p/campus/d/gem3500_1/n/S_P/e/power_meter
Message Data:
time: 1745194068973
type: 1
leakageCurrent: 0
current: 0
activePower: 0
reactivePower: 0
tapparentPower: 0
powerFactor: 0
currentUnbalance: 0
lines: 

2025-04-21 09:07:49 [MQTT Call: JavaClientExample] WARN  com.example.mqtt.MessageData - No 'value' field found in message, skipping InfluxDB write.
2025-04-21 09:07:49 [MQTT Call: JavaClientExample] INFO  com.example.mqtt.MessageData - Topic: data/s/nhnacademy/b/gyeongnam_campus/p/campus/d/gem3500_1/n/공조기/e/power_meter
Message Data:
time: 1745194069074
type: 2
leakageCurrent: 0
current: 16
activePower: 2
reactivePower: -33
tapparentPower: 36
powerFactor: 6.66
currentUnbalance: 0
lines: 

2025-04-21 09:07:49 [MQTT Call: JavaClientExample] WARN  com.example.mqtt.MessageData - No 'value' field found in message, skipping InfluxDB write.
2025-04-21 09:07:49 [MQTT Call: JavaClientExample] INFO  com.example.mqtt.MessageData - Topic: data/s/nhnacademy/b/gyeongnam_campus/p/campus/d/gem3500_1/n/AC/e/power_meter
Message Data:
time: 1745194069175
type: 3
leakageCurrent: 0
current: 16
activePower: 14
reactivePower: -26
tapparentPower: 36
powerFactor: 39.99
currentUnbalance: 0
lines: 

2025-04-21 09:07:49 [MQTT Call: JavaClientExample] WARN  com.example.mqtt.MessageData - No 'value' field found in message, skipping InfluxDB write.
2025-04-21 09:08:00 [MQTT Call: JavaClientExample] INFO  com.example.mqtt.MessageData - Topic: data/s/nhnacademy/b/gyeongnam_campus/p/class_a/d/24e124126d152969/n/왼쪽 뒤/e/pressure
Message Data:
time: 1745194077956
value: 1017.2

2025-04-21 09:08:00 [MQTT Call: JavaClientExample] INFO  com.example.mqtt.InfluxDBService - Extracted tagkey -> location: class_a, kind: 왼쪽 뒤, data: pressure
Value into InfluxDB: 1017.2
2025-04-21 09:08:00 [MQTT Call: JavaClientExample] INFO  com.example.mqtt.MessageData - Data sent to InfluxDBService: data/s/nhnacademy/b/gyeongnam_campus/p/class_a/d/24e124126d152969/n/왼쪽 뒤/e/pressure -> 1017.2
2025-04-21 09:08:00 [MQTT Call: JavaClientExample] INFO  com.example.mqtt.MessageData - Topic: data/s/nhnacademy/b/gyeongnam_campus/p/class_a/d/24e124126d152969/n/왼쪽 뒤/e/humidity
Message Data:
time: 1745194077956
value: 53

2025-04-21 09:08:00 [MQTT Call: JavaClientExample] INFO  com.example.mqtt.InfluxDBService - Extracted tagkey -> location: class_a, kind: 왼쪽 뒤, data: humidity
Value into InfluxDB: 53.0
2025-04-21 09:08:00 [MQTT Call: JavaClientExample] INFO  com.example.mqtt.MessageData - Data sent to InfluxDBService: data/s/nhnacademy/b/gyeongnam_campus/p/class_a/d/24e124126d152969/n/왼쪽 뒤/e/humidity -> 53.0
2025-04-21 09:08:00 [MQTT Call: JavaClientExample] INFO  com.example.mqtt.MessageData - Topic: data/s/nhnacademy/b/gyeongnam_campus/p/class_a/d/24e124126d152969/n/왼쪽 뒤/e/co2
Message Data:
time: 1745194077956
value: 596

2025-04-21 09:08:00 [MQTT Call: JavaClientExample] INFO  com.example.mqtt.InfluxDBService - Extracted tagkey -> location: class_a, kind: 왼쪽 뒤, data: co2
Value into InfluxDB: 596.0
2025-04-21 09:08:00 [MQTT Call: JavaClientExample] INFO  com.example.mqtt.MessageData - Data sent to InfluxDBService: data/s/nhnacademy/b/gyeongnam_campus/p/class_a/d/24e124126d152969/n/왼쪽 뒤/e/co2 -> 596.0
2025-04-21 09:08:00 [MQTT Call: JavaClientExample] INFO  com.example.mqtt.MessageData - Topic: data/s/nhnacademy/b/gyeongnam_campus/p/class_a/d/24e124126d152969/n/왼쪽 뒤/e/temperature
Message Data:
time: 1745194077956
value: 22.6

2025-04-21 09:08:00 [MQTT Call: JavaClientExample] INFO  com.example.mqtt.InfluxDBService - Extracted tagkey -> location: class_a, kind: 왼쪽 뒤, data: temperature
Value into InfluxDB: 22.6
2025-04-21 09:08:00 [MQTT Call: JavaClientExample] INFO  com.example.mqtt.MessageData - Data sent to InfluxDBService: data/s/nhnacademy/b/gyeongnam_campus/p/class_a/d/24e124126d152969/n/왼쪽 뒤/e/temperature -> 22.6
2025-04-21 09:08:00 [MQTT Call: JavaClientExample] INFO  com.example.mqtt.MessageData - Topic: data/s/nhnacademy/b/gyeongnam_campus/p/class_a/d/24e124126d152969/n/왼쪽 뒤/g/24e124fffef79304/e/lora
Message Data:
time: 1745194077956
value: 

2025-04-21 09:08:00 [MQTT Call: JavaClientExample] INFO  com.example.mqtt.InfluxDBService - Extracted tagkey -> location: class_a, kind: 왼쪽 뒤, data: lora
Value into InfluxDB: 0.0
2025-04-21 09:08:00 [MQTT Call: JavaClientExample] INFO  com.example.mqtt.MessageData - Data sent to InfluxDBService: data/s/nhnacademy/b/gyeongnam_campus/p/class_a/d/24e124126d152969/n/왼쪽 뒤/g/24e124fffef79304/e/lora -> 0.0
2025-04-21 09:08:00 [MQTT Call: JavaClientExample] INFO  com.example.mqtt.MessageData - Topic: data/s/nhnacademy/b/gyeongnam_campus/p/class_a/d/24e124126d152969/n/왼쪽 뒤/g/24e124fffef5dccc/e/lora
Message Data:
time: 1745194077956
value: 

2025-04-21 09:08:00 [MQTT Call: JavaClientExample] INFO  com.example.mqtt.InfluxDBService - Extracted tagkey -> location: class_a, kind: 왼쪽 뒤, data: lora
Value into InfluxDB: 0.0
2025-04-21 09:08:00 [MQTT Call: JavaClientExample] INFO  com.example.mqtt.MessageData - Data sent to InfluxDBService: data/s/nhnacademy/b/gyeongnam_campus/p/class_a/d/24e124126d152969/n/왼쪽 뒤/g/24e124fffef5dccc/e/lora -> 0.0
2025-04-21 09:08:13 [MQTT Call: JavaClientExample] INFO  com.example.mqtt.MessageData - Topic: data/s/nhnacademy/b/gyeongnam_campus/p/hive/d/24e124725d081175/sp/8인 책상/n/8인 책상/e/temperature
Message Data:
time: 1745194092092
value: 24

2025-04-21 09:08:13 [MQTT Call: JavaClientExample] INFO  com.example.mqtt.InfluxDBService - Extracted tagkey -> location: hive, kind: 8인 책상, data: temperature
Value into InfluxDB: 24.0
2025-04-21 09:08:13 [MQTT Call: JavaClientExample] INFO  com.example.mqtt.MessageData - Data sent to InfluxDBService: data/s/nhnacademy/b/gyeongnam_campus/p/hive/d/24e124725d081175/sp/8인 책상/n/8인 책상/e/temperature -> 24.0
2025-04-21 09:08:13 [MQTT Call: JavaClientExample] INFO  com.example.mqtt.MessageData - Topic: data/s/nhnacademy/b/gyeongnam_campus/p/hive/d/24e124725d081175/sp/8인 책상/n/8인 책상/e/co2
Message Data:
time: 1745194092092
value: 521

2025-04-21 09:08:13 [MQTT Call: JavaClientExample] INFO  com.example.mqtt.InfluxDBService - Extracted tagkey -> location: hive, kind: 8인 책상, data: co2
Value into InfluxDB: 521.0
2025-04-21 09:08:13 [MQTT Call: JavaClientExample] INFO  com.example.mqtt.MessageData - Data sent to InfluxDBService: data/s/nhnacademy/b/gyeongnam_campus/p/hive/d/24e124725d081175/sp/8인 책상/n/8인 책상/e/co2 -> 521.0
2025-04-21 09:08:13 [MQTT Call: JavaClientExample] INFO  com.example.mqtt.MessageData - Topic: data/s/nhnacademy/b/gyeongnam_campus/p/hive/d/24e124725d081175/sp/8인 책상/n/8인 책상/e/battery
Message Data:
time: 1745194092092
value: 77

2025-04-21 09:08:13 [MQTT Call: JavaClientExample] INFO  com.example.mqtt.InfluxDBService - Extracted tagkey -> location: hive, kind: 8인 책상, data: battery
Value into InfluxDB: 77.0
2025-04-21 09:08:13 [MQTT Call: JavaClientExample] INFO  com.example.mqtt.MessageData - Data sent to InfluxDBService: data/s/nhnacademy/b/gyeongnam_campus/p/hive/d/24e124725d081175/sp/8인 책상/n/8인 책상/e/battery -> 77.0
2025-04-21 09:08:13 [MQTT Call: JavaClientExample] INFO  com.example.mqtt.MessageData - Topic: data/s/nhnacademy/b/gyeongnam_campus/p/hive/d/24e124725d081175/sp/8인 책상/n/8인 책상/e/humidity
Message Data:
time: 1745194092092
value: 47

2025-04-21 09:08:13 [MQTT Call: JavaClientExample] INFO  com.example.mqtt.InfluxDBService - Extracted tagkey -> location: hive, kind: 8인 책상, data: humidity
Value into InfluxDB: 47.0
2025-04-21 09:08:13 [MQTT Call: JavaClientExample] INFO  com.example.mqtt.MessageData - Data sent to InfluxDBService: data/s/nhnacademy/b/gyeongnam_campus/p/hive/d/24e124725d081175/sp/8인 책상/n/8인 책상/e/humidity -> 47.0
2025-04-21 09:08:13 [MQTT Call: JavaClientExample] INFO  com.example.mqtt.MessageData - Topic: data/s/nhnacademy/b/gyeongnam_campus/p/hive/d/24e124725d081175/sp/8인 책상/n/8인 책상/g/24e124fffef79304/e/lora
Message Data:
time: 1745194092092
value: 

2025-04-21 09:08:13 [MQTT Call: JavaClientExample] INFO  com.example.mqtt.InfluxDBService - Extracted tagkey -> location: hive, kind: 8인 책상, data: lora
Value into InfluxDB: 0.0
2025-04-21 09:08:13 [MQTT Call: JavaClientExample] INFO  com.example.mqtt.MessageData - Data sent to InfluxDBService: data/s/nhnacademy/b/gyeongnam_campus/p/hive/d/24e124725d081175/sp/8인 책상/n/8인 책상/g/24e124fffef79304/e/lora -> 0.0
2025-04-21 09:08:15 [MQTT Call: JavaClientExample] INFO  com.example.mqtt.MessageData - Topic: data/s/nhnacademy/b/gyeongnam_campus/p/pair_room/d/24e124617d159573/n/2/e/battery
Message Data:
time: 1745194094770
value: 33

2025-04-21 09:08:15 [MQTT Call: JavaClientExample] INFO  com.example.mqtt.InfluxDBService - Extracted tagkey -> location: pair_room, kind: 2, data: battery
Value into InfluxDB: 33.0
2025-04-21 09:08:15 [MQTT Call: JavaClientExample] INFO  com.example.mqtt.MessageData - Data sent to InfluxDBService: data/s/nhnacademy/b/gyeongnam_campus/p/pair_room/d/24e124617d159573/n/2/e/battery -> 33.0
2025-04-21 09:08:15 [MQTT Call: JavaClientExample] INFO  com.example.mqtt.MessageData - Topic: data/s/nhnacademy/b/gyeongnam_campus/p/pair_room/d/24e124617d159573/n/2/e/occupancy
Message Data:
time: 1745194094770
value: 0

2025-04-21 09:08:15 [MQTT Call: JavaClientExample] INFO  com.example.mqtt.InfluxDBService - Extracted tagkey -> location: pair_room, kind: 2, data: occupancy
Value into InfluxDB: 0.0
2025-04-21 09:08:15 [MQTT Call: JavaClientExample] INFO  com.example.mqtt.MessageData - Data sent to InfluxDBService: data/s/nhnacademy/b/gyeongnam_campus/p/pair_room/d/24e124617d159573/n/2/e/occupancy -> 0.0
2025-04-21 09:08:15 [MQTT Call: JavaClientExample] INFO  com.example.mqtt.MessageData - Topic: data/s/nhnacademy/b/gyeongnam_campus/p/pair_room/d/24e124617d159573/n/2/e/distance
Message Data:
time: 1745194094770
value: 2234

2025-04-21 09:08:15 [MQTT Call: JavaClientExample] INFO  com.example.mqtt.InfluxDBService - Extracted tagkey -> location: pair_room, kind: 2, data: distance
Value into InfluxDB: 2234.0
2025-04-21 09:08:15 [MQTT Call: JavaClientExample] INFO  com.example.mqtt.MessageData - Data sent to InfluxDBService: data/s/nhnacademy/b/gyeongnam_campus/p/pair_room/d/24e124617d159573/n/2/e/distance -> 2234.0
2025-04-21 09:08:15 [MQTT Call: JavaClientExample] INFO  com.example.mqtt.MessageData - Topic: data/s/nhnacademy/b/gyeongnam_campus/p/pair_room/d/24e124617d159573/n/2/g/24e124fffef79304/e/lora
Message Data:
time: 1745194094770
value: 

2025-04-21 09:08:15 [MQTT Call: JavaClientExample] INFO  com.example.mqtt.InfluxDBService - Extracted tagkey -> location: pair_room, kind: 2, data: lora
Value into InfluxDB: 0.0
2025-04-21 09:08:15 [MQTT Call: JavaClientExample] INFO  com.example.mqtt.MessageData - Data sent to InfluxDBService: data/s/nhnacademy/b/gyeongnam_campus/p/pair_room/d/24e124617d159573/n/2/g/24e124fffef79304/e/lora -> 0.0
2025-04-21 09:08:17 [MQTT Call: JavaClientExample] INFO  com.example.mqtt.MessageData - Topic: data/s/nhnacademy/b/gyeongnam_campus/p/office/d/24e124126d152919/n/보드/e/pressure
Message Data:
time: 1745194095295
value: 1017.1

2025-04-21 09:08:17 [MQTT Call: JavaClientExample] INFO  com.example.mqtt.InfluxDBService - Extracted tagkey -> location: office, kind: 보드, data: pressure
Value into InfluxDB: 1017.1
2025-04-21 09:08:17 [MQTT Call: JavaClientExample] INFO  com.example.mqtt.MessageData - Data sent to InfluxDBService: data/s/nhnacademy/b/gyeongnam_campus/p/office/d/24e124126d152919/n/보드/e/pressure -> 1017.1
2025-04-21 09:08:17 [MQTT Call: JavaClientExample] INFO  com.example.mqtt.MessageData - Topic: data/s/nhnacademy/b/gyeongnam_campus/p/office/d/24e124126d152919/n/보드/e/temperature
Message Data:
time: 1745194095295
value: 23.6

2025-04-21 09:08:17 [MQTT Call: JavaClientExample] INFO  com.example.mqtt.InfluxDBService - Extracted tagkey -> location: office, kind: 보드, data: temperature
Value into InfluxDB: 23.6
2025-04-21 09:08:17 [MQTT Call: JavaClientExample] INFO  com.example.mqtt.MessageData - Data sent to InfluxDBService: data/s/nhnacademy/b/gyeongnam_campus/p/office/d/24e124126d152919/n/보드/e/temperature -> 23.6
2025-04-21 09:08:17 [MQTT Call: JavaClientExample] INFO  com.example.mqtt.MessageData - Topic: data/s/nhnacademy/b/gyeongnam_campus/p/office/d/24e124126d152919/n/보드/e/co2
Message Data:
time: 1745194095295
value: 597

2025-04-21 09:08:17 [MQTT Call: JavaClientExample] INFO  com.example.mqtt.InfluxDBService - Extracted tagkey -> location: office, kind: 보드, data: co2
Value into InfluxDB: 597.0
2025-04-21 09:08:17 [MQTT Call: JavaClientExample] INFO  com.example.mqtt.MessageData - Data sent to InfluxDBService: data/s/nhnacademy/b/gyeongnam_campus/p/office/d/24e124126d152919/n/보드/e/co2 -> 597.0
2025-04-21 09:08:17 [MQTT Call: JavaClientExample] INFO  com.example.mqtt.MessageData - Topic: data/s/nhnacademy/b/gyeongnam_campus/p/office/d/24e124126d152919/n/보드/e/humidity
Message Data:
time: 1745194095295
value: 52

2025-04-21 09:08:17 [MQTT Call: JavaClientExample] INFO  com.example.mqtt.InfluxDBService - Extracted tagkey -> location: office, kind: 보드, data: humidity
Value into InfluxDB: 52.0
2025-04-21 09:08:17 [MQTT Call: JavaClientExample] INFO  com.example.mqtt.MessageData - Data sent to InfluxDBService: data/s/nhnacademy/b/gyeongnam_campus/p/office/d/24e124126d152919/n/보드/e/humidity -> 52.0
2025-04-21 09:08:17 [MQTT Call: JavaClientExample] INFO  com.example.mqtt.MessageData - Topic: data/s/nhnacademy/b/gyeongnam_campus/p/office/d/24e124126d152919/n/보드/g/24e124fffef79304/e/lora
Message Data:
time: 1745194095295
value: 

2025-04-21 09:08:17 [MQTT Call: JavaClientExample] INFO  com.example.mqtt.InfluxDBService - Extracted tagkey -> location: office, kind: 보드, data: lora
Value into InfluxDB: 0.0
2025-04-21 09:08:17 [MQTT Call: JavaClientExample] INFO  com.example.mqtt.MessageData - Data sent to InfluxDBService: data/s/nhnacademy/b/gyeongnam_campus/p/office/d/24e124126d152919/n/보드/g/24e124fffef79304/e/lora -> 0.0
2025-04-21 09:08:17 [MQTT Call: JavaClientExample] INFO  com.example.mqtt.MessageData - Topic: data/s/nhnacademy/b/gyeongnam_campus/p/office/d/24e124126d152919/n/보드/g/24e124fffef5dccc/e/lora
Message Data:
time: 1745194095295
value: 

2025-04-21 09:08:17 [MQTT Call: JavaClientExample] INFO  com.example.mqtt.InfluxDBService - Extracted tagkey -> location: office, kind: 보드, data: lora
Value into InfluxDB: 0.0
2025-04-21 09:08:17 [MQTT Call: JavaClientExample] INFO  com.example.mqtt.MessageData - Data sent to InfluxDBService: data/s/nhnacademy/b/gyeongnam_campus/p/office/d/24e124126d152919/n/보드/g/24e124fffef5dccc/e/lora -> 0.0
2025-04-21 09:08:17 [MQTT Call: JavaClientExample] INFO  com.example.mqtt.MessageData - Topic: data/s/nhnacademy/b/gyeongnam_campus/p/class_a/d/24e124128c067999/sp/입구/n/입구/e/illumination
Message Data:
time: 1745194097226
value: 59

2025-04-21 09:08:17 [MQTT Call: JavaClientExample] INFO  com.example.mqtt.InfluxDBService - Extracted tagkey -> location: class_a, kind: 입구, data: illumination
Value into InfluxDB: 59.0
2025-04-21 09:08:17 [MQTT Call: JavaClientExample] INFO  com.example.mqtt.MessageData - Data sent to InfluxDBService: data/s/nhnacademy/b/gyeongnam_campus/p/class_a/d/24e124128c067999/sp/입구/n/입구/e/illumination -> 59.0
2025-04-21 09:08:17 [MQTT Call: JavaClientExample] INFO  com.example.mqtt.MessageData - Topic: data/s/nhnacademy/b/gyeongnam_campus/p/class_a/d/24e124128c067999/sp/입구/n/입구/e/infrared_and_visible
Message Data:
time: 1745194097226
value: 42

2025-04-21 09:08:17 [MQTT Call: JavaClientExample] INFO  com.example.mqtt.InfluxDBService - Extracted tagkey -> location: class_a, kind: 입구, data: infrared_and_visible
Value into InfluxDB: 42.0
2025-04-21 09:08:17 [MQTT Call: JavaClientExample] INFO  com.example.mqtt.MessageData - Data sent to InfluxDBService: data/s/nhnacademy/b/gyeongnam_campus/p/class_a/d/24e124128c067999/sp/입구/n/입구/e/infrared_and_visible -> 42.0
2025-04-21 09:08:17 [MQTT Call: JavaClientExample] INFO  com.example.mqtt.MessageData - Topic: data/s/nhnacademy/b/gyeongnam_campus/p/class_a/d/24e124128c067999/sp/입구/n/입구/e/activity
Message Data:
time: 1745194097226
value: 17

2025-04-21 09:08:17 [MQTT Call: JavaClientExample] INFO  com.example.mqtt.InfluxDBService - Extracted tagkey -> location: class_a, kind: 입구, data: activity
Value into InfluxDB: 17.0
2025-04-21 09:08:17 [MQTT Call: JavaClientExample] INFO  com.example.mqtt.MessageData - Data sent to InfluxDBService: data/s/nhnacademy/b/gyeongnam_campus/p/class_a/d/24e124128c067999/sp/입구/n/입구/e/activity -> 17.0
2025-04-21 09:08:17 [MQTT Call: JavaClientExample] INFO  com.example.mqtt.MessageData - Topic: data/s/nhnacademy/b/gyeongnam_campus/p/class_a/d/24e124128c067999/sp/입구/n/입구/e/pressure
Message Data:
time: 1745194097226
value: 1009.4

2025-04-21 09:08:17 [MQTT Call: JavaClientExample] INFO  com.example.mqtt.InfluxDBService - Extracted tagkey -> location: class_a, kind: 입구, data: pressure
Value into InfluxDB: 1009.4
2025-04-21 09:08:17 [MQTT Call: JavaClientExample] INFO  com.example.mqtt.MessageData - Data sent to InfluxDBService: data/s/nhnacademy/b/gyeongnam_campus/p/class_a/d/24e124128c067999/sp/입구/n/입구/e/pressure -> 1009.4
2025-04-21 09:08:17 [MQTT Call: JavaClientExample] INFO  com.example.mqtt.MessageData - Topic: data/s/nhnacademy/b/gyeongnam_campus/p/class_a/d/24e124128c067999/sp/입구/n/입구/e/humidity
Message Data:
time: 1745194097226
value: 47

2025-04-21 09:08:17 [MQTT Call: JavaClientExample] INFO  com.example.mqtt.InfluxDBService - Extracted tagkey -> location: class_a, kind: 입구, data: humidity
Value into InfluxDB: 47.0
2025-04-21 09:08:17 [MQTT Call: JavaClientExample] INFO  com.example.mqtt.MessageData - Data sent to InfluxDBService: data/s/nhnacademy/b/gyeongnam_campus/p/class_a/d/24e124128c067999/sp/입구/n/입구/e/humidity -> 47.0
2025-04-21 09:08:17 [MQTT Call: JavaClientExample] INFO  com.example.mqtt.MessageData - Topic: data/s/nhnacademy/b/gyeongnam_campus/p/class_a/d/24e124128c067999/sp/입구/n/입구/e/infrared
Message Data:
time: 1745194097226
value: 7

2025-04-21 09:08:17 [MQTT Call: JavaClientExample] INFO  com.example.mqtt.InfluxDBService - Extracted tagkey -> location: class_a, kind: 입구, data: infrared
Value into InfluxDB: 7.0
2025-04-21 09:08:17 [MQTT Call: JavaClientExample] INFO  com.example.mqtt.MessageData - Data sent to InfluxDBService: data/s/nhnacademy/b/gyeongnam_campus/p/class_a/d/24e124128c067999/sp/입구/n/입구/e/infrared -> 7.0
2025-04-21 09:08:17 [MQTT Call: JavaClientExample] INFO  com.example.mqtt.MessageData - Topic: data/s/nhnacademy/b/gyeongnam_campus/p/class_a/d/24e124128c067999/sp/입구/n/입구/e/tvoc
Message Data:
time: 1745194097226
value: 305

2025-04-21 09:08:17 [MQTT Call: JavaClientExample] INFO  com.example.mqtt.InfluxDBService - Extracted tagkey -> location: class_a, kind: 입구, data: tvoc
Value into InfluxDB: 305.0
2025-04-21 09:08:17 [MQTT Call: JavaClientExample] INFO  com.example.mqtt.MessageData - Data sent to InfluxDBService: data/s/nhnacademy/b/gyeongnam_campus/p/class_a/d/24e124128c067999/sp/입구/n/입구/e/tvoc -> 305.0
2025-04-21 09:08:17 [MQTT Call: JavaClientExample] INFO  com.example.mqtt.MessageData - Topic: data/s/nhnacademy/b/gyeongnam_campus/p/class_a/d/24e124128c067999/sp/입구/n/입구/e/temperature
Message Data:
time: 1745194097226
value: 23.6

2025-04-21 09:08:17 [MQTT Call: JavaClientExample] INFO  com.example.mqtt.InfluxDBService - Extracted tagkey -> location: class_a, kind: 입구, data: temperature
Value into InfluxDB: 23.6
2025-04-21 09:08:17 [MQTT Call: JavaClientExample] INFO  com.example.mqtt.MessageData - Data sent to InfluxDBService: data/s/nhnacademy/b/gyeongnam_campus/p/class_a/d/24e124128c067999/sp/입구/n/입구/e/temperature -> 23.6
2025-04-21 09:08:17 [MQTT Call: JavaClientExample] INFO  com.example.mqtt.MessageData - Topic: data/s/nhnacademy/b/gyeongnam_campus/p/class_a/d/24e124128c067999/sp/입구/n/입구/e/co2
Message Data:
time: 1745194097226
value: 597

2025-04-21 09:08:17 [MQTT Call: JavaClientExample] INFO  com.example.mqtt.InfluxDBService - Extracted tagkey -> location: class_a, kind: 입구, data: co2
Value into InfluxDB: 597.0
2025-04-21 09:08:17 [MQTT Call: JavaClientExample] INFO  com.example.mqtt.MessageData - Data sent to InfluxDBService: data/s/nhnacademy/b/gyeongnam_campus/p/class_a/d/24e124128c067999/sp/입구/n/입구/e/co2 -> 597.0
2025-04-21 09:08:17 [MQTT Call: JavaClientExample] INFO  com.example.mqtt.MessageData - Topic: data/s/nhnacademy/b/gyeongnam_campus/p/class_a/d/24e124128c067999/sp/입구/n/입구/g/24e124fffef79304/e/lora
Message Data:
time: 1745194097226
value: 

2025-04-21 09:08:17 [MQTT Call: JavaClientExample] INFO  com.example.mqtt.InfluxDBService - Extracted tagkey -> location: class_a, kind: 입구, data: lora
Value into InfluxDB: 0.0
2025-04-21 09:08:17 [MQTT Call: JavaClientExample] INFO  com.example.mqtt.MessageData - Data sent to InfluxDBService: data/s/nhnacademy/b/gyeongnam_campus/p/class_a/d/24e124128c067999/sp/입구/n/입구/g/24e124fffef79304/e/lora -> 0.0
2025-04-21 09:08:18 [MQTT Call: JavaClientExample] INFO  com.example.mqtt.MessageData - Topic: data/s/nhnacademy/b/gyeongnam_campus/p/class_a/d/24e124128c067999/sp/입구/n/입구/g/24e124fffef5dccc/e/lora
Message Data:
time: 1745194097226
value: 

2025-04-21 09:08:18 [MQTT Call: JavaClientExample] INFO  com.example.mqtt.InfluxDBService - Extracted tagkey -> location: class_a, kind: 입구, data: lora
Value into InfluxDB: 0.0
2025-04-21 09:08:18 [MQTT Call: JavaClientExample] INFO  com.example.mqtt.MessageData - Data sent to InfluxDBService: data/s/nhnacademy/b/gyeongnam_campus/p/class_a/d/24e124128c067999/sp/입구/n/입구/g/24e124fffef5dccc/e/lora -> 0.0
2025-04-21 09:08:19 [MQTT Call: JavaClientExample] INFO  com.example.mqtt.MessageData - Topic: data/s/nhnacademy/b/gyeongnam_campus/p/hive/d/24e124785c389010/n/정수기 위/e/battery
Message Data:
time: 1745194098902
value: 86

2025-04-21 09:08:19 [MQTT Call: JavaClientExample] INFO  com.example.mqtt.InfluxDBService - Extracted tagkey -> location: hive, kind: 정수기 위, data: battery
Value into InfluxDB: 86.0
2025-04-21 09:08:19 [MQTT Call: JavaClientExample] INFO  com.example.mqtt.MessageData - Data sent to InfluxDBService: data/s/nhnacademy/b/gyeongnam_campus/p/hive/d/24e124785c389010/n/정수기 위/e/battery -> 86.0
2025-04-21 09:08:19 [MQTT Call: JavaClientExample] INFO  com.example.mqtt.MessageData - Topic: data/s/nhnacademy/b/gyeongnam_campus/p/hive/d/24e124785c389010/n/정수기 위/e/humidity
Message Data:
time: 1745194098902
value: 45

2025-04-21 09:08:19 [MQTT Call: JavaClientExample] INFO  com.example.mqtt.InfluxDBService - Extracted tagkey -> location: hive, kind: 정수기 위, data: humidity
Value into InfluxDB: 45.0
2025-04-21 09:08:19 [MQTT Call: JavaClientExample] INFO  com.example.mqtt.MessageData - Data sent to InfluxDBService: data/s/nhnacademy/b/gyeongnam_campus/p/hive/d/24e124785c389010/n/정수기 위/e/humidity -> 45.0
2025-04-21 09:08:19 [MQTT Call: JavaClientExample] INFO  com.example.mqtt.MessageData - Topic: data/s/nhnacademy/b/gyeongnam_campus/p/hive/d/24e124785c389010/n/정수기 위/e/temperature
Message Data:
time: 1745194098902
value: 24.4

2025-04-21 09:08:19 [MQTT Call: JavaClientExample] INFO  com.example.mqtt.InfluxDBService - Extracted tagkey -> location: hive, kind: 정수기 위, data: temperature
Value into InfluxDB: 24.4
2025-04-21 09:08:19 [MQTT Call: JavaClientExample] INFO  com.example.mqtt.MessageData - Data sent to InfluxDBService: data/s/nhnacademy/b/gyeongnam_campus/p/hive/d/24e124785c389010/n/정수기 위/e/temperature -> 24.4
2025-04-21 09:08:19 [MQTT Call: JavaClientExample] INFO  com.example.mqtt.MessageData - Topic: data/s/nhnacademy/b/gyeongnam_campus/p/hive/d/24e124785c389010/n/정수기 위/g/24e124fffef5dccc/e/lora
Message Data:
time: 1745194098902
value: 

2025-04-21 09:08:19 [MQTT Call: JavaClientExample] INFO  com.example.mqtt.InfluxDBService - Extracted tagkey -> location: hive, kind: 정수기 위, data: lora
Value into InfluxDB: 0.0
2025-04-21 09:08:19 [MQTT Call: JavaClientExample] INFO  com.example.mqtt.MessageData - Data sent to InfluxDBService: data/s/nhnacademy/b/gyeongnam_campus/p/hive/d/24e124785c389010/n/정수기 위/g/24e124fffef5dccc/e/lora -> 0.0
2025-04-21 09:08:19 [MQTT Call: JavaClientExample] INFO  com.example.mqtt.MessageData - Topic: data/s/nhnacademy/b/gyeongnam_campus/p/hive/d/24e124785c389010/n/정수기 위/g/24e124fffef79304/e/lora
Message Data:
time: 1745194098902
value: 

2025-04-21 09:08:19 [MQTT Call: JavaClientExample] INFO  com.example.mqtt.InfluxDBService - Extracted tagkey -> location: hive, kind: 정수기 위, data: lora
Value into InfluxDB: 0.0
2025-04-21 09:08:19 [MQTT Call: JavaClientExample] INFO  com.example.mqtt.MessageData - Data sent to InfluxDBService: data/s/nhnacademy/b/gyeongnam_campus/p/hive/d/24e124785c389010/n/정수기 위/g/24e124fffef79304/e/lora -> 0.0
2025-04-21 09:08:27 [MQTT Call: JavaClientExample] INFO  com.example.mqtt.MessageData - Topic: data/s/nhnacademy/b/gyeongnam_campus/p/server_room/d/24e124136d151368/n/입구/e/temperature
Message Data:
time: 1745194106500
value: 24.1

2025-04-21 09:08:27 [MQTT Call: JavaClientExample] INFO  com.example.mqtt.InfluxDBService - Extracted tagkey -> location: server_room, kind: 입구, data: temperature
Value into InfluxDB: 24.1
2025-04-21 09:08:27 [MQTT Call: JavaClientExample] INFO  com.example.mqtt.MessageData - Data sent to InfluxDBService: data/s/nhnacademy/b/gyeongnam_campus/p/server_room/d/24e124136d151368/n/입구/e/temperature -> 24.1
2025-04-21 09:08:28 [MQTT Call: JavaClientExample] INFO  com.example.mqtt.MessageData - Topic: data/s/nhnacademy/b/gyeongnam_campus/p/server_room/d/24e124136d151368/n/입구/e/humidity
Message Data:
time: 1745194106500
value: 47.5

2025-04-21 09:08:28 [MQTT Call: JavaClientExample] INFO  com.example.mqtt.InfluxDBService - Extracted tagkey -> location: server_room, kind: 입구, data: humidity
Value into InfluxDB: 47.5
2025-04-21 09:08:28 [MQTT Call: JavaClientExample] INFO  com.example.mqtt.MessageData - Data sent to InfluxDBService: data/s/nhnacademy/b/gyeongnam_campus/p/server_room/d/24e124136d151368/n/입구/e/humidity -> 47.5
2025-04-21 09:08:28 [MQTT Call: JavaClientExample] INFO  com.example.mqtt.MessageData - Topic: data/s/nhnacademy/b/gyeongnam_campus/p/server_room/d/24e124136d151368/n/입구/g/24e124fffef5dccc/e/lora
Message Data:
time: 1745194106500
value: 

2025-04-21 09:08:28 [MQTT Call: JavaClientExample] INFO  com.example.mqtt.InfluxDBService - Extracted tagkey -> location: server_room, kind: 입구, data: lora
Value into InfluxDB: 0.0
2025-04-21 09:08:28 [MQTT Call: JavaClientExample] INFO  com.example.mqtt.MessageData - Data sent to InfluxDBService: data/s/nhnacademy/b/gyeongnam_campus/p/server_room/d/24e124136d151368/n/입구/g/24e124fffef5dccc/e/lora -> 0.0
2025-04-21 09:08:28 [MQTT Call: JavaClientExample] INFO  com.example.mqtt.MessageData - Topic: data/s/nhnacademy/b/gyeongnam_campus/p/server_room/d/24e124136d151368/n/입구/g/24e124fffef79304/e/lora
Message Data:
time: 1745194106500
value: 

2025-04-21 09:08:28 [MQTT Call: JavaClientExample] INFO  com.example.mqtt.InfluxDBService - Extracted tagkey -> location: server_room, kind: 입구, data: lora
Value into InfluxDB: 0.0
2025-04-21 09:08:28 [MQTT Call: JavaClientExample] INFO  com.example.mqtt.MessageData - Data sent to InfluxDBService: data/s/nhnacademy/b/gyeongnam_campus/p/server_room/d/24e124136d151368/n/입구/g/24e124fffef79304/e/lora -> 0.0
2025-04-21 09:08:29 [MQTT Call: JavaClientExample] INFO  com.example.mqtt.MessageData - Topic: data/s/nhnacademy/b/gyeongnam_campus/p/hive/d/24e124126d111937/sp/farm/n/스마트팜/e/illumination
Message Data:
time: 1745194108747
value: 320

2025-04-21 09:08:29 [MQTT Call: JavaClientExample] INFO  com.example.mqtt.InfluxDBService - Extracted tagkey -> location: hive, kind: 스마트팜, data: illumination
Value into InfluxDB: 320.0
2025-04-21 09:08:29 [MQTT Call: JavaClientExample] INFO  com.example.mqtt.MessageData - Data sent to InfluxDBService: data/s/nhnacademy/b/gyeongnam_campus/p/hive/d/24e124126d111937/sp/farm/n/스마트팜/e/illumination -> 320.0
2025-04-21 09:08:29 [MQTT Call: JavaClientExample] INFO  com.example.mqtt.MessageData - Topic: data/s/nhnacademy/b/gyeongnam_campus/p/hive/d/24e124126d111937/sp/farm/n/스마트팜/g/24e124fffef79304/e/lora
Message Data:
time: 1745194108747
value: 

2025-04-21 09:08:29 [MQTT Call: JavaClientExample] INFO  com.example.mqtt.InfluxDBService - Extracted tagkey -> location: hive, kind: 스마트팜, data: lora
Value into InfluxDB: 0.0
2025-04-21 09:08:29 [MQTT Call: JavaClientExample] INFO  com.example.mqtt.MessageData - Data sent to InfluxDBService: data/s/nhnacademy/b/gyeongnam_campus/p/hive/d/24e124126d111937/sp/farm/n/스마트팜/g/24e124fffef79304/e/lora -> 0.0
2025-04-21 09:08:29 [MQTT Call: JavaClientExample] INFO  com.example.mqtt.MessageData - Topic: data/s/nhnacademy/b/gyeongnam_campus/p/hive/d/24e124126d111937/sp/farm/n/스마트팜/g/24e124fffef5dccc/e/lora
Message Data:
time: 1745194108747
value: 

2025-04-21 09:08:29 [MQTT Call: JavaClientExample] INFO  com.example.mqtt.InfluxDBService - Extracted tagkey -> location: hive, kind: 스마트팜, data: lora
Value into InfluxDB: 0.0
2025-04-21 09:08:29 [MQTT Call: JavaClientExample] INFO  com.example.mqtt.MessageData - Data sent to InfluxDBService: data/s/nhnacademy/b/gyeongnam_campus/p/hive/d/24e124126d111937/sp/farm/n/스마트팜/g/24e124fffef5dccc/e/lora -> 0.0
2025-04-21 09:08:41 [MQTT Call: JavaClientExample] INFO  com.example.mqtt.MessageData - Topic: data/s/nhnacademy/b/gyeongnam_campus/p/hive/d/24e124126c452091/sp/farm/n/스마트팜/e/temperature
Message Data:
time: 1745194120592
value: 23.2

2025-04-21 09:08:41 [MQTT Call: JavaClientExample] INFO  com.example.mqtt.InfluxDBService - Extracted tagkey -> location: hive, kind: 스마트팜, data: temperature
Value into InfluxDB: 23.2
2025-04-21 09:08:41 [MQTT Call: JavaClientExample] INFO  com.example.mqtt.MessageData - Data sent to InfluxDBService: data/s/nhnacademy/b/gyeongnam_campus/p/hive/d/24e124126c452091/sp/farm/n/스마트팜/e/temperature -> 23.2
2025-04-21 09:08:41 [MQTT Call: JavaClientExample] INFO  com.example.mqtt.MessageData - Topic: data/s/nhnacademy/b/gyeongnam_campus/p/hive/d/24e124126c452091/sp/farm/n/스마트팜/g/24e124fffef79304/e/lora
Message Data:
time: 1745194120592
value: 

2025-04-21 09:08:41 [MQTT Call: JavaClientExample] INFO  com.example.mqtt.InfluxDBService - Extracted tagkey -> location: hive, kind: 스마트팜, data: lora
Value into InfluxDB: 0.0
2025-04-21 09:08:41 [MQTT Call: JavaClientExample] INFO  com.example.mqtt.MessageData - Data sent to InfluxDBService: data/s/nhnacademy/b/gyeongnam_campus/p/hive/d/24e124126c452091/sp/farm/n/스마트팜/g/24e124fffef79304/e/lora -> 0.0
2025-04-21 09:08:41 [MQTT Call: JavaClientExample] INFO  com.example.mqtt.MessageData - Topic: data/s/nhnacademy/b/gyeongnam_campus/p/hive/d/24e124126c452091/sp/farm/n/스마트팜/g/24e124fffef5dccc/e/lora
Message Data:
time: 1745194120592
value: 

2025-04-21 09:08:41 [MQTT Call: JavaClientExample] INFO  com.example.mqtt.InfluxDBService - Extracted tagkey -> location: hive, kind: 스마트팜, data: lora
Value into InfluxDB: 0.0
2025-04-21 09:08:41 [MQTT Call: JavaClientExample] INFO  com.example.mqtt.MessageData - Data sent to InfluxDBService: data/s/nhnacademy/b/gyeongnam_campus/p/hive/d/24e124126c452091/sp/farm/n/스마트팜/g/24e124fffef5dccc/e/lora -> 0.0
2025-04-21 09:08:46 [MQTT Call: JavaClientExample] INFO  com.example.mqtt.MessageData - Topic: data/s/nhnacademy/b/gyeongnam_campus/p/campus/d/gem3500_1/n/캠퍼스_LL/e/voltage
Message Data:
time: 1745194126748
value: 381.29

2025-04-21 09:08:46 [MQTT Call: JavaClientExample] INFO  com.example.mqtt.InfluxDBService - Extracted tagkey -> location: campus, kind: 캠퍼스_LL, data: voltage
Value into InfluxDB: 381.29
2025-04-21 09:08:46 [MQTT Call: JavaClientExample] INFO  com.example.mqtt.MessageData - Data sent to InfluxDBService: data/s/nhnacademy/b/gyeongnam_campus/p/campus/d/gem3500_1/n/캠퍼스_LL/e/voltage -> 381.29
2025-04-21 09:08:46 [MQTT Call: JavaClientExample] INFO  com.example.mqtt.MessageData - Topic: data/s/nhnacademy/b/gyeongnam_campus/p/campus/d/gem3500_1/n/캠퍼스_LN/e/voltage
Message Data:
time: 1745194126748
value: 220.14

2025-04-21 09:08:46 [MQTT Call: JavaClientExample] INFO  com.example.mqtt.InfluxDBService - Extracted tagkey -> location: campus, kind: 캠퍼스_LN, data: voltage
Value into InfluxDB: 220.14
2025-04-21 09:08:46 [MQTT Call: JavaClientExample] INFO  com.example.mqtt.MessageData - Data sent to InfluxDBService: data/s/nhnacademy/b/gyeongnam_campus/p/campus/d/gem3500_1/n/캠퍼스_LN/e/voltage -> 220.14
2025-04-21 09:08:46 [MQTT Call: JavaClientExample] INFO  com.example.mqtt.MessageData - Topic: data/s/nhnacademy/b/gyeongnam_campus/p/campus/d/gem3500_1/n/캠퍼스1/e/power_meter
Message Data:
time: 1745194126850
type: 5
leakageCurrent: 0
current: 2148
activePower: 4010
reactivePower: -1658
tapparentPower: 4749
powerFactor: 84.43
currentUnbalance: 70.9
lines: 

2025-04-21 09:08:46 [MQTT Call: JavaClientExample] WARN  com.example.mqtt.MessageData - No 'value' field found in message, skipping InfluxDB write.
2025-04-21 09:08:47 [MQTT Call: JavaClientExample] INFO  com.example.mqtt.MessageData - Topic: data/s/nhnacademy/b/gyeongnam_campus/p/storage/d/24e124136d151547/n/입구/e/temperature
Message Data:
time: 1745194126582
value: -0.1

2025-04-21 09:08:47 [MQTT Call: JavaClientExample] INFO  com.example.mqtt.InfluxDBService - Extracted tagkey -> location: storage, kind: 입구, data: temperature
Value into InfluxDB: -0.1
2025-04-21 09:08:47 [MQTT Call: JavaClientExample] INFO  com.example.mqtt.MessageData - Data sent to InfluxDBService: data/s/nhnacademy/b/gyeongnam_campus/p/storage/d/24e124136d151547/n/입구/e/temperature -> -0.1
2025-04-21 09:08:47 [MQTT Call: JavaClientExample] INFO  com.example.mqtt.MessageData - Topic: data/s/nhnacademy/b/gyeongnam_campus/p/storage/d/24e124136d151547/n/입구/e/humidity
Message Data:
time: 1745194126582
value: 127.5

2025-04-21 09:08:47 [MQTT Call: JavaClientExample] INFO  com.example.mqtt.InfluxDBService - Extracted tagkey -> location: storage, kind: 입구, data: humidity
Value into InfluxDB: 127.5
2025-04-21 09:08:47 [MQTT Call: JavaClientExample] INFO  com.example.mqtt.MessageData - Data sent to InfluxDBService: data/s/nhnacademy/b/gyeongnam_campus/p/storage/d/24e124136d151547/n/입구/e/humidity -> 127.5
2025-04-21 09:08:47 [MQTT Call: JavaClientExample] INFO  com.example.mqtt.MessageData - Topic: data/s/nhnacademy/b/gyeongnam_campus/p/storage/d/24e124136d151547/n/입구/e/battery
Message Data:
time: 1745194126582
value: 1

2025-04-21 09:08:47 [MQTT Call: JavaClientExample] INFO  com.example.mqtt.InfluxDBService - Extracted tagkey -> location: storage, kind: 입구, data: battery
Value into InfluxDB: 1.0
2025-04-21 09:08:47 [MQTT Call: JavaClientExample] INFO  com.example.mqtt.MessageData - Data sent to InfluxDBService: data/s/nhnacademy/b/gyeongnam_campus/p/storage/d/24e124136d151547/n/입구/e/battery -> 1.0
2025-04-21 09:08:47 [MQTT Call: JavaClientExample] INFO  com.example.mqtt.MessageData - Topic: data/s/nhnacademy/b/gyeongnam_campus/p/storage/d/24e124136d151547/n/입구/g/24e124fffef79304/e/lora
Message Data:
time: 1745194126582
value: 

2025-04-21 09:08:47 [MQTT Call: JavaClientExample] INFO  com.example.mqtt.InfluxDBService - Extracted tagkey -> location: storage, kind: 입구, data: lora
Value into InfluxDB: 0.0
2025-04-21 09:08:47 [MQTT Call: JavaClientExample] INFO  com.example.mqtt.MessageData - Data sent to InfluxDBService: data/s/nhnacademy/b/gyeongnam_campus/p/storage/d/24e124136d151547/n/입구/g/24e124fffef79304/e/lora -> 0.0
2025-04-21 09:08:47 [MQTT Call: JavaClientExample] INFO  com.example.mqtt.MessageData - Topic: data/s/nhnacademy/b/gyeongnam_campus/p/storage/d/24e124136d151547/n/입구/g/24e124fffef5dccc/e/lora
Message Data:
time: 1745194126582
value: 

2025-04-21 09:08:47 [MQTT Call: JavaClientExample] INFO  com.example.mqtt.InfluxDBService - Extracted tagkey -> location: storage, kind: 입구, data: lora
Value into InfluxDB: 0.0
2025-04-21 09:08:47 [MQTT Call: JavaClientExample] INFO  com.example.mqtt.MessageData - Data sent to InfluxDBService: data/s/nhnacademy/b/gyeongnam_campus/p/storage/d/24e124136d151547/n/입구/g/24e124fffef5dccc/e/lora -> 0.0
2025-04-21 09:08:47 [MQTT Call: JavaClientExample] INFO  com.example.mqtt.MessageData - Topic: data/s/nhnacademy/b/gyeongnam_campus/p/campus/d/gem3500_1/n/전등1/e/power_meter
Message Data:
time: 1745194126952
type: 3
leakageCurrent: 0
current: 694
activePower: 1308
reactivePower: -333
tapparentPower: 1526
powerFactor: 85.69
currentUnbalance: 0
lines: 

2025-04-21 09:08:47 [MQTT Call: JavaClientExample] WARN  com.example.mqtt.MessageData - No 'value' field found in message, skipping InfluxDB write.
2025-04-21 09:08:47 [MQTT Call: JavaClientExample] INFO  com.example.mqtt.MessageData - Topic: data/s/nhnacademy/b/gyeongnam_campus/p/campus/d/gem3500_1/n/전등2/e/power_meter
Message Data:
time: 1745194127053
type: 1
leakageCurrent: 0
current: 568
activePower: 1137
reactivePower: -290
tapparentPower: 1255
powerFactor: 90.63
currentUnbalance: 0
lines: 

2025-04-21 09:08:47 [MQTT Call: JavaClientExample] WARN  com.example.mqtt.MessageData - No 'value' field found in message, skipping InfluxDB write.
2025-04-21 09:08:47 [MQTT Call: JavaClientExample] INFO  com.example.mqtt.MessageData - Topic: data/s/nhnacademy/b/gyeongnam_campus/p/campus/d/gem3500_1/n/전등3/e/power_meter
Message Data:
time: 1745194127155
type: 2
leakageCurrent: 0
current: 0
activePower: 0
reactivePower: 0
tapparentPower: 0
powerFactor: 0
currentUnbalance: 0
lines: 

2025-04-21 09:08:47 [MQTT Call: JavaClientExample] WARN  com.example.mqtt.MessageData - No 'value' field found in message, skipping InfluxDB write.
2025-04-21 09:08:47 [MQTT Call: JavaClientExample] INFO  com.example.mqtt.MessageData - Topic: data/s/nhnacademy/b/gyeongnam_campus/p/campus/d/gem3500_1/n/강의실b_바닥/e/power_meter
Message Data:
time: 1745194127257
type: 3
leakageCurrent: 0
current: 159
activePower: 249
reactivePower: -206
tapparentPower: 364
powerFactor: 68.42
currentUnbalance: 0
lines: 

2025-04-21 09:08:47 [MQTT Call: JavaClientExample] WARN  com.example.mqtt.MessageData - No 'value' field found in message, skipping InfluxDB write.
2025-04-21 09:08:47 [MQTT Call: JavaClientExample] INFO  com.example.mqtt.MessageData - Topic: data/s/nhnacademy/b/gyeongnam_campus/p/campus/d/gem3500_1/n/강의실a_바닥1/e/power_meter
Message Data:
time: 1745194127358
type: 1
leakageCurrent: 0
current: 143
activePower: 184
reactivePower: -227
tapparentPower: 304
powerFactor: 60.63
currentUnbalance: 0
lines: 

2025-04-21 09:08:47 [MQTT Call: JavaClientExample] WARN  com.example.mqtt.MessageData - No 'value' field found in message, skipping InfluxDB write.
2025-04-21 09:08:47 [MQTT Call: JavaClientExample] INFO  com.example.mqtt.MessageData - Topic: data/s/nhnacademy/b/gyeongnam_campus/p/campus/d/gem3500_1/n/강의실a_바닥2/e/power_meter
Message Data:
time: 1745194127458
type: 2
leakageCurrent: 0
current: 120
activePower: 201
reactivePower: -141
tapparentPower: 271
powerFactor: 74.33
currentUnbalance: 0
lines: 

2025-04-21 09:08:47 [MQTT Call: JavaClientExample] WARN  com.example.mqtt.MessageData - No 'value' field found in message, skipping InfluxDB write.
2025-04-21 09:08:48 [MQTT Call: JavaClientExample] INFO  com.example.mqtt.MessageData - Topic: data/s/nhnacademy/b/gyeongnam_campus/p/campus/d/gem3500_1/n/프로젝터1/e/power_meter
Message Data:
time: 1745194127561
type: 3
leakageCurrent: 0
current: 73
activePower: 74
reactivePower: -127
tapparentPower: 160
powerFactor: 46.26
currentUnbalance: 0
lines: 

2025-04-21 09:08:48 [MQTT Call: JavaClientExample] WARN  com.example.mqtt.MessageData - No 'value' field found in message, skipping InfluxDB write.
2025-04-21 09:08:48 [MQTT Call: JavaClientExample] INFO  com.example.mqtt.MessageData - Topic: data/s/nhnacademy/b/gyeongnam_campus/p/campus/d/gem3500_1/n/프로젝터2/e/power_meter
Message Data:
time: 1745194127663
type: 1
leakageCurrent: 0
current: 54
activePower: 86
reactivePower: -76
tapparentPower: 119
powerFactor: 71.99
currentUnbalance: 0
lines: 

2025-04-21 09:08:48 [MQTT Call: JavaClientExample] WARN  com.example.mqtt.MessageData - No 'value' field found in message, skipping InfluxDB write.
2025-04-21 09:08:48 [MQTT Call: JavaClientExample] INFO  com.example.mqtt.MessageData - Topic: data/s/nhnacademy/b/gyeongnam_campus/p/campus/d/gem3500_1/n/회의실/e/power_meter
Message Data:
time: 1745194127763
type: 2
leakageCurrent: 0
current: 14
activePower: 4
reactivePower: -28
tapparentPower: 33
powerFactor: 14.28
currentUnbalance: 0
lines: 

2025-04-21 09:08:48 [MQTT Call: JavaClientExample] WARN  com.example.mqtt.MessageData - No 'value' field found in message, skipping InfluxDB write.
2025-04-21 09:08:48 [MQTT Call: JavaClientExample] INFO  com.example.mqtt.MessageData - Topic: data/s/nhnacademy/b/gyeongnam_campus/p/campus/d/gem3500_1/n/서버실/e/power_meter
Message Data:
time: 1745194127866
type: 3
leakageCurrent: 0
current: 196
activePower: 391
reactivePower: -112
tapparentPower: 439
powerFactor: 89.07
currentUnbalance: 0
lines: 

2025-04-21 09:08:48 [MQTT Call: JavaClientExample] WARN  com.example.mqtt.MessageData - No 'value' field found in message, skipping InfluxDB write.
2025-04-21 09:08:48 [MQTT Call: JavaClientExample] INFO  com.example.mqtt.MessageData - Topic: data/s/nhnacademy/b/gyeongnam_campus/p/campus/d/gem3500_1/n/간판/e/power_meter
Message Data:
time: 1745194127966
type: 1
leakageCurrent: 0
current: 0
activePower: 0
reactivePower: 0
tapparentPower: 0
powerFactor: 0
currentUnbalance: 0
lines: 

2025-04-21 09:08:48 [MQTT Call: JavaClientExample] WARN  com.example.mqtt.MessageData - No 'value' field found in message, skipping InfluxDB write.
2025-04-21 09:08:48 [MQTT Call: JavaClientExample] INFO  com.example.mqtt.MessageData - Topic: data/s/nhnacademy/b/gyeongnam_campus/p/campus/d/gem3500_1/n/페어룸/e/power_meter
Message Data:
time: 1745194128067
type: 2
leakageCurrent: 0
current: 0
activePower: 0
reactivePower: 0
tapparentPower: 0
powerFactor: 0
currentUnbalance: 0
lines: 

2025-04-21 09:08:48 [MQTT Call: JavaClientExample] WARN  com.example.mqtt.MessageData - No 'value' field found in message, skipping InfluxDB write.
2025-04-21 09:08:48 [MQTT Call: JavaClientExample] INFO  com.example.mqtt.MessageData - Topic: data/s/nhnacademy/b/gyeongnam_campus/p/campus/d/gem3500_1/n/사무실_전열1/e/power_meter
Message Data:
time: 1745194128168
type: 3
leakageCurrent: 0
current: 83
activePower: 103
reactivePower: -55
tapparentPower: 179
powerFactor: 57.33
currentUnbalance: 0
lines: 

2025-04-21 09:08:48 [MQTT Call: JavaClientExample] WARN  com.example.mqtt.MessageData - No 'value' field found in message, skipping InfluxDB write.
2025-04-21 09:08:48 [MQTT Call: JavaClientExample] INFO  com.example.mqtt.MessageData - Topic: data/s/nhnacademy/b/gyeongnam_campus/p/campus/d/gem3500_1/n/사무실_전열2/e/power_meter
Message Data:
time: 1745194128270
type: 3
leakageCurrent: 0
current: 26
activePower: 7
reactivePower: -52
tapparentPower: 57
powerFactor: 12.5
currentUnbalance: 0
lines: 

2025-04-21 09:08:48 [MQTT Call: JavaClientExample] WARN  com.example.mqtt.MessageData - No 'value' field found in message, skipping InfluxDB write.
2025-04-21 09:08:49 [MQTT Call: JavaClientExample] INFO  com.example.mqtt.MessageData - Topic: data/s/nhnacademy/b/gyeongnam_campus/p/campus/d/gem3500_1/n/사무실_복사기/e/power_meter
Message Data:
time: 1745194128371
type: 1
leakageCurrent: 0
current: 7
activePower: 7
reactivePower: 0
tapparentPower: 16
powerFactor: 42.85
currentUnbalance: 0
lines: 

2025-04-21 09:08:49 [MQTT Call: JavaClientExample] WARN  com.example.mqtt.MessageData - No 'value' field found in message, skipping InfluxDB write.
2025-04-21 09:08:49 [MQTT Call: JavaClientExample] INFO  com.example.mqtt.MessageData - Topic: data/s/nhnacademy/b/gyeongnam_campus/p/campus/d/gem3500_1/n/빌트인_전열/e/power_meter
Message Data:
time: 1745194128471
type: 2
leakageCurrent: 0
current: 5
activePower: 4
reactivePower: -7
tapparentPower: 11
powerFactor: 40
currentUnbalance: 0
lines: 

2025-04-21 09:08:49 [MQTT Call: JavaClientExample] WARN  com.example.mqtt.MessageData - No 'value' field found in message, skipping InfluxDB write.
2025-04-21 09:08:49 [MQTT Call: JavaClientExample] INFO  com.example.mqtt.MessageData - Topic: data/s/nhnacademy/b/gyeongnam_campus/p/campus/d/gem3500_1/n/사무실_전열3/e/power_meter
Message Data:
time: 1745194128573
type: 3
leakageCurrent: 0
current: 0
activePower: 0
reactivePower: 0
tapparentPower: 0
powerFactor: 0
currentUnbalance: 0
lines: 

2025-04-21 09:08:49 [MQTT Call: JavaClientExample] WARN  com.example.mqtt.MessageData - No 'value' field found in message, skipping InfluxDB write.
2025-04-21 09:08:49 [MQTT Call: JavaClientExample] INFO  com.example.mqtt.MessageData - Topic: data/s/nhnacademy/b/gyeongnam_campus/p/campus/d/gem3500_1/n/정수기/e/power_meter
Message Data:
time: 1745194128675
type: 1
leakageCurrent: 0
current: 70
activePower: 93
reactivePower: 122
tapparentPower: 155
powerFactor: 60
currentUnbalance: 0
lines: 

2025-04-21 09:08:49 [MQTT Call: JavaClientExample] WARN  com.example.mqtt.MessageData - No 'value' field found in message, skipping InfluxDB write.
2025-04-21 09:08:49 [MQTT Call: JavaClientExample] INFO  com.example.mqtt.MessageData - Topic: data/s/nhnacademy/b/gyeongnam_campus/p/campus/d/gem3500_1/n/하이브_전열/e/power_meter
Message Data:
time: 1745194128774
type: 2
leakageCurrent: 0
current: 65
activePower: 124
reactivePower: -47
tapparentPower: 143
powerFactor: 86.66
currentUnbalance: 0
lines: 

2025-04-21 09:08:49 [MQTT Call: JavaClientExample] WARN  com.example.mqtt.MessageData - No 'value' field found in message, skipping InfluxDB write.
2025-04-21 09:08:49 [MQTT Call: JavaClientExample] INFO  com.example.mqtt.MessageData - Topic: data/s/nhnacademy/b/gyeongnam_campus/p/campus/d/gem3500_1/n/바텐_전열/e/power_meter
Message Data:
time: 1745194128875
type: 3
leakageCurrent: 0
current: 0
activePower: 0
reactivePower: 0
tapparentPower: 0
powerFactor: 0
currentUnbalance: 0
lines: 

2025-04-21 09:08:49 [MQTT Call: JavaClientExample] WARN  com.example.mqtt.MessageData - No 'value' field found in message, skipping InfluxDB write.
2025-04-21 09:08:49 [MQTT Call: JavaClientExample] INFO  com.example.mqtt.MessageData - Topic: data/s/nhnacademy/b/gyeongnam_campus/p/campus/d/gem3500_1/n/S_P/e/power_meter
Message Data:
time: 1745194128977
type: 1
leakageCurrent: 0
current: 0
activePower: 0
reactivePower: 0
tapparentPower: 0
powerFactor: 0
currentUnbalance: 0
lines: 

2025-04-21 09:08:49 [MQTT Call: JavaClientExample] WARN  com.example.mqtt.MessageData - No 'value' field found in message, skipping InfluxDB write.
2025-04-21 09:08:49 [MQTT Call: JavaClientExample] INFO  com.example.mqtt.MessageData - Topic: data/s/nhnacademy/b/gyeongnam_campus/p/campus/d/gem3500_1/n/공조기/e/power_meter
Message Data:
time: 1745194129078
type: 2
leakageCurrent: 0
current: 16
activePower: 2
reactivePower: -33
tapparentPower: 35
powerFactor: 6.66
currentUnbalance: 0
lines: 

2025-04-21 09:08:49 [MQTT Call: JavaClientExample] WARN  com.example.mqtt.MessageData - No 'value' field found in message, skipping InfluxDB write.
2025-04-21 09:08:49 [MQTT Call: JavaClientExample] INFO  com.example.mqtt.MessageData - Topic: data/s/nhnacademy/b/gyeongnam_campus/p/campus/d/gem3500_1/n/AC/e/power_meter
Message Data:
time: 1745194129178
type: 3
leakageCurrent: 0
current: 16
activePower: 11
reactivePower: -23
tapparentPower: 35
powerFactor: 33.33
currentUnbalance: 0
lines: 

2025-04-21 09:08:49 [MQTT Call: JavaClientExample] WARN  com.example.mqtt.MessageData - No 'value' field found in message, skipping InfluxDB write.
2025-04-21 09:09:16 [MQTT Call: JavaClientExample] INFO  com.example.mqtt.MessageData - Topic: data/s/nhnacademy/b/gyeongnam_campus/p/hive/d/24e124725d081175/sp/8인 책상/n/8인 책상/e/battery
Message Data:
time: 1745194153503
value: 77

2025-04-21 09:09:16 [MQTT Call: JavaClientExample] INFO  com.example.mqtt.InfluxDBService - Extracted tagkey -> location: hive, kind: 8인 책상, data: battery
Value into InfluxDB: 77.0
2025-04-21 09:09:16 [MQTT Call: JavaClientExample] INFO  com.example.mqtt.MessageData - Data sent to InfluxDBService: data/s/nhnacademy/b/gyeongnam_campus/p/hive/d/24e124725d081175/sp/8인 책상/n/8인 책상/e/battery -> 77.0
2025-04-21 09:09:16 [MQTT Call: JavaClientExample] INFO  com.example.mqtt.MessageData - Topic: data/s/nhnacademy/b/gyeongnam_campus/p/hive/d/24e124725d081175/sp/8인 책상/n/8인 책상/e/humidity
Message Data:
time: 1745194153503
value: 47.5

2025-04-21 09:09:16 [MQTT Call: JavaClientExample] INFO  com.example.mqtt.InfluxDBService - Extracted tagkey -> location: hive, kind: 8인 책상, data: humidity
Value into InfluxDB: 47.5
2025-04-21 09:09:16 [MQTT Call: JavaClientExample] INFO  com.example.mqtt.MessageData - Data sent to InfluxDBService: data/s/nhnacademy/b/gyeongnam_campus/p/hive/d/24e124725d081175/sp/8인 책상/n/8인 책상/e/humidity -> 47.5
2025-04-21 09:09:16 [MQTT Call: JavaClientExample] INFO  com.example.mqtt.MessageData - Topic: data/s/nhnacademy/b/gyeongnam_campus/p/hive/d/24e124725d081175/sp/8인 책상/n/8인 책상/e/temperature
Message Data:
time: 1745194153503
value: 23.9

2025-04-21 09:09:16 [MQTT Call: JavaClientExample] INFO  com.example.mqtt.InfluxDBService - Extracted tagkey -> location: hive, kind: 8인 책상, data: temperature
Value into InfluxDB: 23.9
2025-04-21 09:09:16 [MQTT Call: JavaClientExample] INFO  com.example.mqtt.MessageData - Data sent to InfluxDBService: data/s/nhnacademy/b/gyeongnam_campus/p/hive/d/24e124725d081175/sp/8인 책상/n/8인 책상/e/temperature -> 23.9
2025-04-21 09:09:16 [MQTT Call: JavaClientExample] INFO  com.example.mqtt.MessageData - Topic: data/s/nhnacademy/b/gyeongnam_campus/p/hive/d/24e124725d081175/sp/8인 책상/n/8인 책상/e/co2
Message Data:
time: 1745194153503
value: 532

2025-04-21 09:09:16 [MQTT Call: JavaClientExample] INFO  com.example.mqtt.InfluxDBService - Extracted tagkey -> location: hive, kind: 8인 책상, data: co2
Value into InfluxDB: 532.0
2025-04-21 09:09:16 [MQTT Call: JavaClientExample] INFO  com.example.mqtt.MessageData - Data sent to InfluxDBService: data/s/nhnacademy/b/gyeongnam_campus/p/hive/d/24e124725d081175/sp/8인 책상/n/8인 책상/e/co2 -> 532.0
2025-04-21 09:09:16 [MQTT Call: JavaClientExample] INFO  com.example.mqtt.MessageData - Topic: data/s/nhnacademy/b/gyeongnam_campus/p/hive/d/24e124725d081175/sp/8인 책상/n/8인 책상/g/24e124fffef5dccc/e/lora
Message Data:
time: 1745194153503
value: 

2025-04-21 09:09:16 [MQTT Call: JavaClientExample] INFO  com.example.mqtt.InfluxDBService - Extracted tagkey -> location: hive, kind: 8인 책상, data: lora
Value into InfluxDB: 0.0
2025-04-21 09:09:16 [MQTT Call: JavaClientExample] INFO  com.example.mqtt.MessageData - Data sent to InfluxDBService: data/s/nhnacademy/b/gyeongnam_campus/p/hive/d/24e124725d081175/sp/8인 책상/n/8인 책상/g/24e124fffef5dccc/e/lora -> 0.0
2025-04-21 09:09:16 [MQTT Call: JavaClientExample] INFO  com.example.mqtt.MessageData - Topic: data/s/nhnacademy/b/gyeongnam_campus/p/hive/d/24e124725d081175/sp/8인 책상/n/8인 책상/g/24e124fffef79304/e/lora
Message Data:
time: 1745194153503
value: 

2025-04-21 09:09:16 [MQTT Call: JavaClientExample] INFO  com.example.mqtt.InfluxDBService - Extracted tagkey -> location: hive, kind: 8인 책상, data: lora
Value into InfluxDB: 0.0
2025-04-21 09:09:16 [MQTT Call: JavaClientExample] INFO  com.example.mqtt.MessageData - Data sent to InfluxDBService: data/s/nhnacademy/b/gyeongnam_campus/p/hive/d/24e124725d081175/sp/8인 책상/n/8인 책상/g/24e124fffef79304/e/lora -> 0.0
2025-04-21 09:09:17 [MQTT Call: JavaClientExample] INFO  com.example.mqtt.MessageData - Topic: data/s/nhnacademy/b/gyeongnam_campus/p/class_a/d/24e124128c067999/sp/입구/n/입구/e/illumination
Message Data:
time: 1745194157190
value: 65

2025-04-21 09:09:17 [MQTT Call: JavaClientExample] INFO  com.example.mqtt.InfluxDBService - Extracted tagkey -> location: class_a, kind: 입구, data: illumination
Value into InfluxDB: 65.0
2025-04-21 09:09:17 [MQTT Call: JavaClientExample] INFO  com.example.mqtt.MessageData - Data sent to InfluxDBService: data/s/nhnacademy/b/gyeongnam_campus/p/class_a/d/24e124128c067999/sp/입구/n/입구/e/illumination -> 65.0
2025-04-21 09:09:18 [MQTT Call: JavaClientExample] INFO  com.example.mqtt.MessageData - Topic: data/s/nhnacademy/b/gyeongnam_campus/p/class_a/d/24e124128c067999/sp/입구/n/입구/e/humidity
Message Data:
time: 1745194157190
value: 47.5

2025-04-21 09:09:18 [MQTT Call: JavaClientExample] INFO  com.example.mqtt.InfluxDBService - Extracted tagkey -> location: class_a, kind: 입구, data: humidity
Value into InfluxDB: 47.5
2025-04-21 09:09:18 [MQTT Call: JavaClientExample] INFO  com.example.mqtt.MessageData - Data sent to InfluxDBService: data/s/nhnacademy/b/gyeongnam_campus/p/class_a/d/24e124128c067999/sp/입구/n/입구/e/humidity -> 47.5
2025-04-21 09:09:18 [MQTT Call: JavaClientExample] INFO  com.example.mqtt.MessageData - Topic: data/s/nhnacademy/b/gyeongnam_campus/p/class_a/d/24e124128c067999/sp/입구/n/입구/e/pressure
Message Data:
time: 1745194157190
value: 1009.4

2025-04-21 09:09:18 [MQTT Call: JavaClientExample] INFO  com.example.mqtt.InfluxDBService - Extracted tagkey -> location: class_a, kind: 입구, data: pressure
Value into InfluxDB: 1009.4
2025-04-21 09:09:18 [MQTT Call: JavaClientExample] INFO  com.example.mqtt.MessageData - Data sent to InfluxDBService: data/s/nhnacademy/b/gyeongnam_campus/p/class_a/d/24e124128c067999/sp/입구/n/입구/e/pressure -> 1009.4
2025-04-21 09:09:18 [MQTT Call: JavaClientExample] INFO  com.example.mqtt.MessageData - Topic: data/s/nhnacademy/b/gyeongnam_campus/p/class_a/d/24e124128c067999/sp/입구/n/입구/e/infrared
Message Data:
time: 1745194157190
value: 7

2025-04-21 09:09:18 [MQTT Call: JavaClientExample] INFO  com.example.mqtt.InfluxDBService - Extracted tagkey -> location: class_a, kind: 입구, data: infrared
Value into InfluxDB: 7.0
2025-04-21 09:09:18 [MQTT Call: JavaClientExample] INFO  com.example.mqtt.MessageData - Data sent to InfluxDBService: data/s/nhnacademy/b/gyeongnam_campus/p/class_a/d/24e124128c067999/sp/입구/n/입구/e/infrared -> 7.0
2025-04-21 09:09:18 [MQTT Call: JavaClientExample] INFO  com.example.mqtt.MessageData - Topic: data/s/nhnacademy/b/gyeongnam_campus/p/class_a/d/24e124128c067999/sp/입구/n/입구/e/temperature
Message Data:
time: 1745194157190
value: 23.6

2025-04-21 09:09:18 [MQTT Call: JavaClientExample] INFO  com.example.mqtt.InfluxDBService - Extracted tagkey -> location: class_a, kind: 입구, data: temperature
Value into InfluxDB: 23.6
2025-04-21 09:09:18 [MQTT Call: JavaClientExample] INFO  com.example.mqtt.MessageData - Data sent to InfluxDBService: data/s/nhnacademy/b/gyeongnam_campus/p/class_a/d/24e124128c067999/sp/입구/n/입구/e/temperature -> 23.6
2025-04-21 09:09:18 [MQTT Call: JavaClientExample] INFO  com.example.mqtt.MessageData - Topic: data/s/nhnacademy/b/gyeongnam_campus/p/class_a/d/24e124128c067999/sp/입구/n/입구/e/infrared_and_visible
Message Data:
time: 1745194157190
value: 45

2025-04-21 09:09:18 [MQTT Call: JavaClientExample] INFO  com.example.mqtt.InfluxDBService - Extracted tagkey -> location: class_a, kind: 입구, data: infrared_and_visible
Value into InfluxDB: 45.0
2025-04-21 09:09:18 [MQTT Call: JavaClientExample] INFO  com.example.mqtt.MessageData - Data sent to InfluxDBService: data/s/nhnacademy/b/gyeongnam_campus/p/class_a/d/24e124128c067999/sp/입구/n/입구/e/infrared_and_visible -> 45.0
2025-04-21 09:09:18 [MQTT Call: JavaClientExample] INFO  com.example.mqtt.MessageData - Topic: data/s/nhnacademy/b/gyeongnam_campus/p/class_a/d/24e124128c067999/sp/입구/n/입구/e/co2
Message Data:
time: 1745194157190
value: 597

2025-04-21 09:09:18 [MQTT Call: JavaClientExample] INFO  com.example.mqtt.InfluxDBService - Extracted tagkey -> location: class_a, kind: 입구, data: co2
Value into InfluxDB: 597.0
2025-04-21 09:09:18 [MQTT Call: JavaClientExample] INFO  com.example.mqtt.MessageData - Data sent to InfluxDBService: data/s/nhnacademy/b/gyeongnam_campus/p/class_a/d/24e124128c067999/sp/입구/n/입구/e/co2 -> 597.0
2025-04-21 09:09:18 [MQTT Call: JavaClientExample] INFO  com.example.mqtt.MessageData - Topic: data/s/nhnacademy/b/gyeongnam_campus/p/class_a/d/24e124128c067999/sp/입구/n/입구/e/activity
Message Data:
time: 1745194157190
value: 15

2025-04-21 09:09:18 [MQTT Call: JavaClientExample] INFO  com.example.mqtt.InfluxDBService - Extracted tagkey -> location: class_a, kind: 입구, data: activity
Value into InfluxDB: 15.0
2025-04-21 09:09:18 [MQTT Call: JavaClientExample] INFO  com.example.mqtt.MessageData - Data sent to InfluxDBService: data/s/nhnacademy/b/gyeongnam_campus/p/class_a/d/24e124128c067999/sp/입구/n/입구/e/activity -> 15.0
2025-04-21 09:09:18 [MQTT Call: JavaClientExample] INFO  com.example.mqtt.MessageData - Topic: data/s/nhnacademy/b/gyeongnam_campus/p/class_a/d/24e124128c067999/sp/입구/n/입구/e/tvoc
Message Data:
time: 1745194157190
value: 300

2025-04-21 09:09:18 [MQTT Call: JavaClientExample] INFO  com.example.mqtt.InfluxDBService - Extracted tagkey -> location: class_a, kind: 입구, data: tvoc
Value into InfluxDB: 300.0
2025-04-21 09:09:18 [MQTT Call: JavaClientExample] INFO  com.example.mqtt.MessageData - Data sent to InfluxDBService: data/s/nhnacademy/b/gyeongnam_campus/p/class_a/d/24e124128c067999/sp/입구/n/입구/e/tvoc -> 300.0
2025-04-21 09:09:18 [MQTT Call: JavaClientExample] INFO  com.example.mqtt.MessageData - Topic: data/s/nhnacademy/b/gyeongnam_campus/p/class_a/d/24e124128c067999/sp/입구/n/입구/g/24e124fffef79304/e/lora
Message Data:
time: 1745194157190
value: 

2025-04-21 09:09:18 [MQTT Call: JavaClientExample] INFO  com.example.mqtt.InfluxDBService - Extracted tagkey -> location: class_a, kind: 입구, data: lora
Value into InfluxDB: 0.0
2025-04-21 09:09:18 [MQTT Call: JavaClientExample] INFO  com.example.mqtt.MessageData - Data sent to InfluxDBService: data/s/nhnacademy/b/gyeongnam_campus/p/class_a/d/24e124128c067999/sp/입구/n/입구/g/24e124fffef79304/e/lora -> 0.0
2025-04-21 09:09:18 [MQTT Call: JavaClientExample] INFO  com.example.mqtt.MessageData - Topic: data/s/nhnacademy/b/gyeongnam_campus/p/class_a/d/24e124128c067999/sp/입구/n/입구/g/24e124fffef5dccc/e/lora
Message Data:
time: 1745194157190
value: 

2025-04-21 09:09:18 [MQTT Call: JavaClientExample] INFO  com.example.mqtt.InfluxDBService - Extracted tagkey -> location: class_a, kind: 입구, data: lora
Value into InfluxDB: 0.0
2025-04-21 09:09:18 [MQTT Call: JavaClientExample] INFO  com.example.mqtt.MessageData - Data sent to InfluxDBService: data/s/nhnacademy/b/gyeongnam_campus/p/class_a/d/24e124128c067999/sp/입구/n/입구/g/24e124fffef5dccc/e/lora -> 0.0
2025-04-21 09:09:19 [MQTT Call: JavaClientExample] INFO  com.example.mqtt.MessageData - Topic: data/s/nhnacademy/b/gyeongnam_campus/p/hive/d/24e124785c389010/n/정수기 위/e/battery
Message Data:
time: 1745194158906
value: 86

2025-04-21 09:09:19 [MQTT Call: JavaClientExample] INFO  com.example.mqtt.InfluxDBService - Extracted tagkey -> location: hive, kind: 정수기 위, data: battery
Value into InfluxDB: 86.0
2025-04-21 09:09:19 [MQTT Call: JavaClientExample] INFO  com.example.mqtt.MessageData - Data sent to InfluxDBService: data/s/nhnacademy/b/gyeongnam_campus/p/hive/d/24e124785c389010/n/정수기 위/e/battery -> 86.0
2025-04-21 09:09:19 [MQTT Call: JavaClientExample] INFO  com.example.mqtt.MessageData - Topic: data/s/nhnacademy/b/gyeongnam_campus/p/hive/d/24e124785c389010/n/정수기 위/e/temperature
Message Data:
time: 1745194158906
value: 24.4

2025-04-21 09:09:19 [MQTT Call: JavaClientExample] INFO  com.example.mqtt.InfluxDBService - Extracted tagkey -> location: hive, kind: 정수기 위, data: temperature
Value into InfluxDB: 24.4
2025-04-21 09:09:19 [MQTT Call: JavaClientExample] INFO  com.example.mqtt.MessageData - Data sent to InfluxDBService: data/s/nhnacademy/b/gyeongnam_campus/p/hive/d/24e124785c389010/n/정수기 위/e/temperature -> 24.4
2025-04-21 09:09:19 [MQTT Call: JavaClientExample] INFO  com.example.mqtt.MessageData - Topic: data/s/nhnacademy/b/gyeongnam_campus/p/hive/d/24e124785c389010/n/정수기 위/e/humidity
Message Data:
time: 1745194158906
value: 45.5

2025-04-21 09:09:19 [MQTT Call: JavaClientExample] INFO  com.example.mqtt.InfluxDBService - Extracted tagkey -> location: hive, kind: 정수기 위, data: humidity
Value into InfluxDB: 45.5
2025-04-21 09:09:19 [MQTT Call: JavaClientExample] INFO  com.example.mqtt.MessageData - Data sent to InfluxDBService: data/s/nhnacademy/b/gyeongnam_campus/p/hive/d/24e124785c389010/n/정수기 위/e/humidity -> 45.5
2025-04-21 09:09:19 [MQTT Call: JavaClientExample] INFO  com.example.mqtt.MessageData - Topic: data/s/nhnacademy/b/gyeongnam_campus/p/hive/d/24e124785c389010/n/정수기 위/g/24e124fffef5dccc/e/lora
Message Data:
time: 1745194158906
value: 

2025-04-21 09:09:19 [MQTT Call: JavaClientExample] INFO  com.example.mqtt.InfluxDBService - Extracted tagkey -> location: hive, kind: 정수기 위, data: lora
Value into InfluxDB: 0.0
2025-04-21 09:09:19 [MQTT Call: JavaClientExample] INFO  com.example.mqtt.MessageData - Data sent to InfluxDBService: data/s/nhnacademy/b/gyeongnam_campus/p/hive/d/24e124785c389010/n/정수기 위/g/24e124fffef5dccc/e/lora -> 0.0
2025-04-21 09:09:19 [MQTT Call: JavaClientExample] INFO  com.example.mqtt.MessageData - Topic: data/s/nhnacademy/b/gyeongnam_campus/p/hive/d/24e124785c389010/n/정수기 위/g/24e124fffef79304/e/lora
Message Data:
time: 1745194158906
value: 

2025-04-21 09:09:19 [MQTT Call: JavaClientExample] INFO  com.example.mqtt.InfluxDBService - Extracted tagkey -> location: hive, kind: 정수기 위, data: lora
Value into InfluxDB: 0.0
2025-04-21 09:09:19 [MQTT Call: JavaClientExample] INFO  com.example.mqtt.MessageData - Data sent to InfluxDBService: data/s/nhnacademy/b/gyeongnam_campus/p/hive/d/24e124785c389010/n/정수기 위/g/24e124fffef79304/e/lora -> 0.0
2025-04-21 09:09:19 [MQTT Call: JavaClientExample] INFO  com.example.mqtt.MessageData - Topic: data/s/nhnacademy/b/gyeongnam_campus/p/pair_room/d/24e124617d159573/n/2/e/occupancy
Message Data:
time: 1745194159582
value: 0

2025-04-21 09:09:19 [MQTT Call: JavaClientExample] INFO  com.example.mqtt.InfluxDBService - Extracted tagkey -> location: pair_room, kind: 2, data: occupancy
Value into InfluxDB: 0.0
2025-04-21 09:09:19 [MQTT Call: JavaClientExample] INFO  com.example.mqtt.MessageData - Data sent to InfluxDBService: data/s/nhnacademy/b/gyeongnam_campus/p/pair_room/d/24e124617d159573/n/2/e/occupancy -> 0.0
2025-04-21 09:09:19 [MQTT Call: JavaClientExample] INFO  com.example.mqtt.MessageData - Topic: data/s/nhnacademy/b/gyeongnam_campus/p/pair_room/d/24e124617d159573/n/2/e/distance
Message Data:
time: 1745194159582
value: 2234

2025-04-21 09:09:19 [MQTT Call: JavaClientExample] INFO  com.example.mqtt.InfluxDBService - Extracted tagkey -> location: pair_room, kind: 2, data: distance
Value into InfluxDB: 2234.0
2025-04-21 09:09:19 [MQTT Call: JavaClientExample] INFO  com.example.mqtt.MessageData - Data sent to InfluxDBService: data/s/nhnacademy/b/gyeongnam_campus/p/pair_room/d/24e124617d159573/n/2/e/distance -> 2234.0
2025-04-21 09:09:19 [MQTT Call: JavaClientExample] INFO  com.example.mqtt.MessageData - Topic: data/s/nhnacademy/b/gyeongnam_campus/p/pair_room/d/24e124617d159573/n/2/e/battery
Message Data:
time: 1745194159582
value: 33

2025-04-21 09:09:19 [MQTT Call: JavaClientExample] INFO  com.example.mqtt.InfluxDBService - Extracted tagkey -> location: pair_room, kind: 2, data: battery
Value into InfluxDB: 33.0
2025-04-21 09:09:19 [MQTT Call: JavaClientExample] INFO  com.example.mqtt.MessageData - Data sent to InfluxDBService: data/s/nhnacademy/b/gyeongnam_campus/p/pair_room/d/24e124617d159573/n/2/e/battery -> 33.0
2025-04-21 09:09:19 [MQTT Call: JavaClientExample] INFO  com.example.mqtt.MessageData - Topic: data/s/nhnacademy/b/gyeongnam_campus/p/pair_room/d/24e124617d159573/n/2/g/24e124fffef5dccc/e/lora
Message Data:
time: 1745194159582
value: 

2025-04-21 09:09:19 [MQTT Call: JavaClientExample] INFO  com.example.mqtt.InfluxDBService - Extracted tagkey -> location: pair_room, kind: 2, data: lora
Value into InfluxDB: 0.0
2025-04-21 09:09:19 [MQTT Call: JavaClientExample] INFO  com.example.mqtt.MessageData - Data sent to InfluxDBService: data/s/nhnacademy/b/gyeongnam_campus/p/pair_room/d/24e124617d159573/n/2/g/24e124fffef5dccc/e/lora -> 0.0
2025-04-21 09:09:19 [MQTT Call: JavaClientExample] INFO  com.example.mqtt.MessageData - Topic: data/s/nhnacademy/b/gyeongnam_campus/p/pair_room/d/24e124617d159573/n/2/g/24e124fffef79304/e/lora
Message Data:
time: 1745194159582
value: 

2025-04-21 09:09:19 [MQTT Call: JavaClientExample] INFO  com.example.mqtt.InfluxDBService - Extracted tagkey -> location: pair_room, kind: 2, data: lora
Value into InfluxDB: 0.0
2025-04-21 09:09:19 [MQTT Call: JavaClientExample] INFO  com.example.mqtt.MessageData - Data sent to InfluxDBService: data/s/nhnacademy/b/gyeongnam_campus/p/pair_room/d/24e124617d159573/n/2/g/24e124fffef79304/e/lora -> 0.0
2025-04-21 09:09:27 [MQTT Call: JavaClientExample] INFO  com.example.mqtt.MessageData - Topic: data/s/nhnacademy/b/gyeongnam_campus/p/server_room/d/24e124136d151368/n/입구/e/humidity
Message Data:
time: 1745194166500
value: 47

2025-04-21 09:09:27 [MQTT Call: JavaClientExample] INFO  com.example.mqtt.InfluxDBService - Extracted tagkey -> location: server_room, kind: 입구, data: humidity
Value into InfluxDB: 47.0
2025-04-21 09:09:27 [MQTT Call: JavaClientExample] INFO  com.example.mqtt.MessageData - Data sent to InfluxDBService: data/s/nhnacademy/b/gyeongnam_campus/p/server_room/d/24e124136d151368/n/입구/e/humidity -> 47.0
2025-04-21 09:09:27 [MQTT Call: JavaClientExample] INFO  com.example.mqtt.MessageData - Topic: data/s/nhnacademy/b/gyeongnam_campus/p/server_room/d/24e124136d151368/n/입구/e/temperature
Message Data:
time: 1745194166500
value: 24.3

2025-04-21 09:09:27 [MQTT Call: JavaClientExample] INFO  com.example.mqtt.InfluxDBService - Extracted tagkey -> location: server_room, kind: 입구, data: temperature
Value into InfluxDB: 24.3
2025-04-21 09:09:27 [MQTT Call: JavaClientExample] INFO  com.example.mqtt.MessageData - Data sent to InfluxDBService: data/s/nhnacademy/b/gyeongnam_campus/p/server_room/d/24e124136d151368/n/입구/e/temperature -> 24.3
2025-04-21 09:09:27 [MQTT Call: JavaClientExample] INFO  com.example.mqtt.MessageData - Topic: data/s/nhnacademy/b/gyeongnam_campus/p/server_room/d/24e124136d151368/n/입구/g/24e124fffef79304/e/lora
Message Data:
time: 1745194166500
value: 

2025-04-21 09:09:27 [MQTT Call: JavaClientExample] INFO  com.example.mqtt.InfluxDBService - Extracted tagkey -> location: server_room, kind: 입구, data: lora
Value into InfluxDB: 0.0
2025-04-21 09:09:27 [MQTT Call: JavaClientExample] INFO  com.example.mqtt.MessageData - Data sent to InfluxDBService: data/s/nhnacademy/b/gyeongnam_campus/p/server_room/d/24e124136d151368/n/입구/g/24e124fffef79304/e/lora -> 0.0
2025-04-21 09:09:27 [MQTT Call: JavaClientExample] INFO  com.example.mqtt.MessageData - Topic: data/s/nhnacademy/b/gyeongnam_campus/p/server_room/d/24e124136d151368/n/입구/g/24e124fffef5dccc/e/lora
Message Data:
time: 1745194166500
value: 

2025-04-21 09:09:27 [MQTT Call: JavaClientExample] INFO  com.example.mqtt.InfluxDBService - Extracted tagkey -> location: server_room, kind: 입구, data: lora
Value into InfluxDB: 0.0
2025-04-21 09:09:27 [MQTT Call: JavaClientExample] INFO  com.example.mqtt.MessageData - Data sent to InfluxDBService: data/s/nhnacademy/b/gyeongnam_campus/p/server_room/d/24e124136d151368/n/입구/g/24e124fffef5dccc/e/lora -> 0.0
2025-04-21 09:09:30 [MQTT Call: JavaClientExample] INFO  com.example.mqtt.MessageData - Topic: data/s/nhnacademy/b/gyeongnam_campus/p/meeting_room/d/24e124136d151836/n/안쪽벽 중앙/e/humidity
Message Data:
time: 1745194167286
value: 49.5

2025-04-21 09:09:30 [MQTT Call: JavaClientExample] INFO  com.example.mqtt.InfluxDBService - Extracted tagkey -> location: meeting_room, kind: 안쪽벽 중앙, data: humidity
Value into InfluxDB: 49.5
2025-04-21 09:09:30 [MQTT Call: JavaClientExample] INFO  com.example.mqtt.MessageData - Data sent to InfluxDBService: data/s/nhnacademy/b/gyeongnam_campus/p/meeting_room/d/24e124136d151836/n/안쪽벽 중앙/e/humidity -> 49.5
2025-04-21 09:09:30 [MQTT Call: JavaClientExample] INFO  com.example.mqtt.MessageData - Topic: data/s/nhnacademy/b/gyeongnam_campus/p/meeting_room/d/24e124136d151836/n/안쪽벽 중앙/e/temperature
Message Data:
time: 1745194167286
value: 22.5

2025-04-21 09:09:30 [MQTT Call: JavaClientExample] INFO  com.example.mqtt.InfluxDBService - Extracted tagkey -> location: meeting_room, kind: 안쪽벽 중앙, data: temperature
Value into InfluxDB: 22.5
2025-04-21 09:09:30 [MQTT Call: JavaClientExample] INFO  com.example.mqtt.MessageData - Data sent to InfluxDBService: data/s/nhnacademy/b/gyeongnam_campus/p/meeting_room/d/24e124136d151836/n/안쪽벽 중앙/e/temperature -> 22.5
2025-04-21 09:09:30 [MQTT Call: JavaClientExample] INFO  com.example.mqtt.MessageData - Topic: data/s/nhnacademy/b/gyeongnam_campus/p/meeting_room/d/24e124136d151836/n/안쪽벽 중앙/g/24e124fffef79304/e/lora
Message Data:
time: 1745194167286
value: 

2025-04-21 09:09:30 [MQTT Call: JavaClientExample] INFO  com.example.mqtt.InfluxDBService - Extracted tagkey -> location: meeting_room, kind: 안쪽벽 중앙, data: lora
Value into InfluxDB: 0.0
2025-04-21 09:09:30 [MQTT Call: JavaClientExample] INFO  com.example.mqtt.MessageData - Data sent to InfluxDBService: data/s/nhnacademy/b/gyeongnam_campus/p/meeting_room/d/24e124136d151836/n/안쪽벽 중앙/g/24e124fffef79304/e/lora -> 0.0
2025-04-21 09:09:30 [MQTT Call: JavaClientExample] INFO  com.example.mqtt.MessageData - Topic: data/s/nhnacademy/b/gyeongnam_campus/p/meeting_room/d/24e124136d151836/n/안쪽벽 중앙/g/24e124fffef5dccc/e/lora
Message Data:
time: 1745194167286
value: 

2025-04-21 09:09:30 [MQTT Call: JavaClientExample] INFO  com.example.mqtt.InfluxDBService - Extracted tagkey -> location: meeting_room, kind: 안쪽벽 중앙, data: lora
Value into InfluxDB: 0.0
2025-04-21 09:09:30 [MQTT Call: JavaClientExample] INFO  com.example.mqtt.MessageData - Data sent to InfluxDBService: data/s/nhnacademy/b/gyeongnam_campus/p/meeting_room/d/24e124136d151836/n/안쪽벽 중앙/g/24e124fffef5dccc/e/lora -> 0.0
2025-04-21 09:09:31 [MQTT Call: JavaClientExample] INFO  com.example.mqtt.MessageData - Topic: data/s/nhnacademy/b/gyeongnam_campus/p/hive/d/24e124126d111937/sp/farm/n/스마트팜/e/illumination
Message Data:
time: 1745194170275
value: 320

2025-04-21 09:09:31 [MQTT Call: JavaClientExample] INFO  com.example.mqtt.InfluxDBService - Extracted tagkey -> location: hive, kind: 스마트팜, data: illumination
Value into InfluxDB: 320.0
2025-04-21 09:09:31 [MQTT Call: JavaClientExample] INFO  com.example.mqtt.MessageData - Data sent to InfluxDBService: data/s/nhnacademy/b/gyeongnam_campus/p/hive/d/24e124126d111937/sp/farm/n/스마트팜/e/illumination -> 320.0
2025-04-21 09:09:32 [MQTT Call: JavaClientExample] INFO  com.example.mqtt.MessageData - Topic: data/s/nhnacademy/b/gyeongnam_campus/p/hive/d/24e124126d111937/sp/farm/n/스마트팜/g/24e124fffef5dccc/e/lora
Message Data:
time: 1745194170275
value: 

2025-04-21 09:09:32 [MQTT Call: JavaClientExample] INFO  com.example.mqtt.InfluxDBService - Extracted tagkey -> location: hive, kind: 스마트팜, data: lora
Value into InfluxDB: 0.0
2025-04-21 09:09:32 [MQTT Call: JavaClientExample] INFO  com.example.mqtt.MessageData - Data sent to InfluxDBService: data/s/nhnacademy/b/gyeongnam_campus/p/hive/d/24e124126d111937/sp/farm/n/스마트팜/g/24e124fffef5dccc/e/lora -> 0.0
2025-04-21 09:09:32 [MQTT Call: JavaClientExample] INFO  com.example.mqtt.MessageData - Topic: data/s/nhnacademy/b/gyeongnam_campus/p/hive/d/24e124126d111937/sp/farm/n/스마트팜/g/24e124fffef79304/e/lora
Message Data:
time: 1745194170275
value: 

2025-04-21 09:09:32 [MQTT Call: JavaClientExample] INFO  com.example.mqtt.InfluxDBService - Extracted tagkey -> location: hive, kind: 스마트팜, data: lora
Value into InfluxDB: 0.0
2025-04-21 09:09:32 [MQTT Call: JavaClientExample] INFO  com.example.mqtt.MessageData - Data sent to InfluxDBService: data/s/nhnacademy/b/gyeongnam_campus/p/hive/d/24e124126d111937/sp/farm/n/스마트팜/g/24e124fffef79304/e/lora -> 0.0
2025-04-21 09:09:42 [MQTT Call: JavaClientExample] INFO  com.example.mqtt.MessageData - Topic: data/s/nhnacademy/b/gyeongnam_campus/p/hive/d/24e124126c452091/sp/farm/n/스마트팜/e/temperature
Message Data:
time: 1745194181251
value: 23.2

2025-04-21 09:09:42 [MQTT Call: JavaClientExample] INFO  com.example.mqtt.InfluxDBService - Extracted tagkey -> location: hive, kind: 스마트팜, data: temperature
Value into InfluxDB: 23.2
2025-04-21 09:09:42 [MQTT Call: JavaClientExample] INFO  com.example.mqtt.MessageData - Data sent to InfluxDBService: data/s/nhnacademy/b/gyeongnam_campus/p/hive/d/24e124126c452091/sp/farm/n/스마트팜/e/temperature -> 23.2
2025-04-21 09:09:43 [MQTT Call: JavaClientExample] INFO  com.example.mqtt.MessageData - Topic: data/s/nhnacademy/b/gyeongnam_campus/p/hive/d/24e124126c452091/sp/farm/n/스마트팜/g/24e124fffef5dccc/e/lora
Message Data:
time: 1745194181251
value: 

2025-04-21 09:09:43 [MQTT Call: JavaClientExample] INFO  com.example.mqtt.InfluxDBService - Extracted tagkey -> location: hive, kind: 스마트팜, data: lora
Value into InfluxDB: 0.0
2025-04-21 09:09:43 [MQTT Call: JavaClientExample] INFO  com.example.mqtt.MessageData - Data sent to InfluxDBService: data/s/nhnacademy/b/gyeongnam_campus/p/hive/d/24e124126c452091/sp/farm/n/스마트팜/g/24e124fffef5dccc/e/lora -> 0.0
2025-04-21 09:09:43 [MQTT Call: JavaClientExample] INFO  com.example.mqtt.MessageData - Topic: data/s/nhnacademy/b/gyeongnam_campus/p/hive/d/24e124126c452091/sp/farm/n/스마트팜/g/24e124fffef79304/e/lora
Message Data:
time: 1745194181251
value: 

2025-04-21 09:09:43 [MQTT Call: JavaClientExample] INFO  com.example.mqtt.InfluxDBService - Extracted tagkey -> location: hive, kind: 스마트팜, data: lora
Value into InfluxDB: 0.0
2025-04-21 09:09:43 [MQTT Call: JavaClientExample] INFO  com.example.mqtt.MessageData - Data sent to InfluxDBService: data/s/nhnacademy/b/gyeongnam_campus/p/hive/d/24e124126c452091/sp/farm/n/스마트팜/g/24e124fffef79304/e/lora -> 0.0
2025-04-21 09:09:46 [MQTT Call: JavaClientExample] INFO  com.example.mqtt.MessageData - Topic: data/s/nhnacademy/b/gyeongnam_campus/p/campus/d/gem3500_1/n/캠퍼스_LL/e/voltage
Message Data:
time: 1745194186750
value: 380.4

2025-04-21 09:09:46 [MQTT Call: JavaClientExample] INFO  com.example.mqtt.InfluxDBService - Extracted tagkey -> location: campus, kind: 캠퍼스_LL, data: voltage
Value into InfluxDB: 380.4
2025-04-21 09:09:46 [MQTT Call: JavaClientExample] INFO  com.example.mqtt.MessageData - Data sent to InfluxDBService: data/s/nhnacademy/b/gyeongnam_campus/p/campus/d/gem3500_1/n/캠퍼스_LL/e/voltage -> 380.4
2025-04-21 09:09:46 [MQTT Call: JavaClientExample] INFO  com.example.mqtt.MessageData - Topic: data/s/nhnacademy/b/gyeongnam_campus/p/campus/d/gem3500_1/n/캠퍼스_LN/e/voltage
Message Data:
time: 1745194186750
value: 219.62

2025-04-21 09:09:46 [MQTT Call: JavaClientExample] INFO  com.example.mqtt.InfluxDBService - Extracted tagkey -> location: campus, kind: 캠퍼스_LN, data: voltage
Value into InfluxDB: 219.62
2025-04-21 09:09:46 [MQTT Call: JavaClientExample] INFO  com.example.mqtt.MessageData - Data sent to InfluxDBService: data/s/nhnacademy/b/gyeongnam_campus/p/campus/d/gem3500_1/n/캠퍼스_LN/e/voltage -> 219.62
2025-04-21 09:09:46 [MQTT Call: JavaClientExample] INFO  com.example.mqtt.MessageData - Topic: data/s/nhnacademy/b/gyeongnam_campus/p/campus/d/gem3500_1/n/캠퍼스1/e/power_meter
Message Data:
time: 1745194186851
type: 5
leakageCurrent: 0
current: 2195
activePower: 4067
reactivePower: -1677
tapparentPower: 4822
powerFactor: 84.32
currentUnbalance: 70.29
lines: 

2025-04-21 09:09:46 [MQTT Call: JavaClientExample] WARN  com.example.mqtt.MessageData - No 'value' field found in message, skipping InfluxDB write.
2025-04-21 09:09:47 [MQTT Call: JavaClientExample] INFO  com.example.mqtt.MessageData - Topic: data/s/nhnacademy/b/gyeongnam_campus/p/storage/d/24e124136d151547/n/입구/e/humidity
Message Data:
time: 1745194186580
value: 127.5

2025-04-21 09:09:47 [MQTT Call: JavaClientExample] INFO  com.example.mqtt.InfluxDBService - Extracted tagkey -> location: storage, kind: 입구, data: humidity
Value into InfluxDB: 127.5
2025-04-21 09:09:47 [MQTT Call: JavaClientExample] INFO  com.example.mqtt.MessageData - Data sent to InfluxDBService: data/s/nhnacademy/b/gyeongnam_campus/p/storage/d/24e124136d151547/n/입구/e/humidity -> 127.5
2025-04-21 09:09:47 [MQTT Call: JavaClientExample] INFO  com.example.mqtt.MessageData - Topic: data/s/nhnacademy/b/gyeongnam_campus/p/storage/d/24e124136d151547/n/입구/e/battery
Message Data:
time: 1745194186580
value: 1

2025-04-21 09:09:47 [MQTT Call: JavaClientExample] INFO  com.example.mqtt.InfluxDBService - Extracted tagkey -> location: storage, kind: 입구, data: battery
Value into InfluxDB: 1.0
2025-04-21 09:09:47 [MQTT Call: JavaClientExample] INFO  com.example.mqtt.MessageData - Data sent to InfluxDBService: data/s/nhnacademy/b/gyeongnam_campus/p/storage/d/24e124136d151547/n/입구/e/battery -> 1.0
2025-04-21 09:09:47 [MQTT Call: JavaClientExample] INFO  com.example.mqtt.MessageData - Topic: data/s/nhnacademy/b/gyeongnam_campus/p/storage/d/24e124136d151547/n/입구/e/temperature
Message Data:
time: 1745194186580
value: -0.1

2025-04-21 09:09:47 [MQTT Call: JavaClientExample] INFO  com.example.mqtt.InfluxDBService - Extracted tagkey -> location: storage, kind: 입구, data: temperature
Value into InfluxDB: -0.1
2025-04-21 09:09:47 [MQTT Call: JavaClientExample] INFO  com.example.mqtt.MessageData - Data sent to InfluxDBService: data/s/nhnacademy/b/gyeongnam_campus/p/storage/d/24e124136d151547/n/입구/e/temperature -> -0.1
2025-04-21 09:09:47 [MQTT Call: JavaClientExample] INFO  com.example.mqtt.MessageData - Topic: data/s/nhnacademy/b/gyeongnam_campus/p/storage/d/24e124136d151547/n/입구/g/24e124fffef5dccc/e/lora
Message Data:
time: 1745194186580
value: 

2025-04-21 09:09:47 [MQTT Call: JavaClientExample] INFO  com.example.mqtt.InfluxDBService - Extracted tagkey -> location: storage, kind: 입구, data: lora
Value into InfluxDB: 0.0
2025-04-21 09:09:47 [MQTT Call: JavaClientExample] INFO  com.example.mqtt.MessageData - Data sent to InfluxDBService: data/s/nhnacademy/b/gyeongnam_campus/p/storage/d/24e124136d151547/n/입구/g/24e124fffef5dccc/e/lora -> 0.0
2025-04-21 09:09:47 [MQTT Call: JavaClientExample] INFO  com.example.mqtt.MessageData - Topic: data/s/nhnacademy/b/gyeongnam_campus/p/storage/d/24e124136d151547/n/입구/g/24e124fffef79304/e/lora
Message Data:
time: 1745194186580
value: 

2025-04-21 09:09:47 [MQTT Call: JavaClientExample] INFO  com.example.mqtt.InfluxDBService - Extracted tagkey -> location: storage, kind: 입구, data: lora
Value into InfluxDB: 0.0
2025-04-21 09:09:47 [MQTT Call: JavaClientExample] INFO  com.example.mqtt.MessageData - Data sent to InfluxDBService: data/s/nhnacademy/b/gyeongnam_campus/p/storage/d/24e124136d151547/n/입구/g/24e124fffef79304/e/lora -> 0.0
2025-04-21 09:09:47 [MQTT Call: JavaClientExample] INFO  com.example.mqtt.MessageData - Topic: data/s/nhnacademy/b/gyeongnam_campus/p/campus/d/gem3500_1/n/전등1/e/power_meter
Message Data:
time: 1745194186954
type: 3
leakageCurrent: 0
current: 696
activePower: 1307
reactivePower: -338
tapparentPower: 1526
powerFactor: 85.69
currentUnbalance: 0
lines: 

2025-04-21 09:09:47 [MQTT Call: JavaClientExample] WARN  com.example.mqtt.MessageData - No 'value' field found in message, skipping InfluxDB write.
2025-04-21 09:09:47 [MQTT Call: JavaClientExample] INFO  com.example.mqtt.MessageData - Topic: data/s/nhnacademy/b/gyeongnam_campus/p/campus/d/gem3500_1/n/전등2/e/power_meter
Message Data:
time: 1745194187053
type: 1
leakageCurrent: 0
current: 568
activePower: 1139
reactivePower: -287
tapparentPower: 1254
powerFactor: 90.82
currentUnbalance: 0
lines: 

2025-04-21 09:09:47 [MQTT Call: JavaClientExample] WARN  com.example.mqtt.MessageData - No 'value' field found in message, skipping InfluxDB write.
2025-04-21 09:09:47 [MQTT Call: JavaClientExample] INFO  com.example.mqtt.MessageData - Topic: data/s/nhnacademy/b/gyeongnam_campus/p/campus/d/gem3500_1/n/전등3/e/power_meter
Message Data:
time: 1745194187155
type: 2
leakageCurrent: 0
current: 0
activePower: 0
reactivePower: 0
tapparentPower: 0
powerFactor: 0
currentUnbalance: 0
lines: 

2025-04-21 09:09:47 [MQTT Call: JavaClientExample] WARN  com.example.mqtt.MessageData - No 'value' field found in message, skipping InfluxDB write.
2025-04-21 09:09:47 [MQTT Call: JavaClientExample] INFO  com.example.mqtt.MessageData - Topic: data/s/nhnacademy/b/gyeongnam_campus/p/campus/d/gem3500_1/n/강의실b_바닥/e/power_meter
Message Data:
time: 1745194187257
type: 3
leakageCurrent: 0
current: 173
activePower: 261
reactivePower: -206
tapparentPower: 383
powerFactor: 68.12
currentUnbalance: 0
lines: 

2025-04-21 09:09:47 [MQTT Call: JavaClientExample] WARN  com.example.mqtt.MessageData - No 'value' field found in message, skipping InfluxDB write.
2025-04-21 09:09:47 [MQTT Call: JavaClientExample] INFO  com.example.mqtt.MessageData - Topic: data/s/nhnacademy/b/gyeongnam_campus/p/campus/d/gem3500_1/n/강의실a_바닥1/e/power_meter
Message Data:
time: 1745194187367
type: 1
leakageCurrent: 0
current: 158
activePower: 230
reactivePower: -239
tapparentPower: 350
powerFactor: 65.75
currentUnbalance: 0
lines: 

2025-04-21 09:09:47 [MQTT Call: JavaClientExample] WARN  com.example.mqtt.MessageData - No 'value' field found in message, skipping InfluxDB write.
2025-04-21 09:09:47 [MQTT Call: JavaClientExample] INFO  com.example.mqtt.MessageData - Topic: data/s/nhnacademy/b/gyeongnam_campus/p/campus/d/gem3500_1/n/강의실a_바닥2/e/power_meter
Message Data:
time: 1745194187458
type: 2
leakageCurrent: 0
current: 127
activePower: 203
reactivePower: -143
tapparentPower: 275
powerFactor: 73.91
currentUnbalance: 0
lines: 

2025-04-21 09:09:47 [MQTT Call: JavaClientExample] WARN  com.example.mqtt.MessageData - No 'value' field found in message, skipping InfluxDB write.
2025-04-21 09:09:47 [MQTT Call: JavaClientExample] INFO  com.example.mqtt.MessageData - Topic: data/s/nhnacademy/b/gyeongnam_campus/p/campus/d/gem3500_1/n/프로젝터1/e/power_meter
Message Data:
time: 1745194187562
type: 3
leakageCurrent: 0
current: 75
activePower: 76
reactivePower: -127
tapparentPower: 160
powerFactor: 47.76
currentUnbalance: 0
lines: 

2025-04-21 09:09:47 [MQTT Call: JavaClientExample] WARN  com.example.mqtt.MessageData - No 'value' field found in message, skipping InfluxDB write.
2025-04-21 09:09:48 [MQTT Call: JavaClientExample] INFO  com.example.mqtt.MessageData - Topic: data/s/nhnacademy/b/gyeongnam_campus/p/campus/d/gem3500_1/n/프로젝터2/e/power_meter
Message Data:
time: 1745194187664
type: 1
leakageCurrent: 0
current: 55
activePower: 86
reactivePower: -74
tapparentPower: 122
powerFactor: 70.58
currentUnbalance: 0
lines: 

2025-04-21 09:09:48 [MQTT Call: JavaClientExample] WARN  com.example.mqtt.MessageData - No 'value' field found in message, skipping InfluxDB write.
2025-04-21 09:09:48 [MQTT Call: JavaClientExample] INFO  com.example.mqtt.MessageData - Topic: data/s/nhnacademy/b/gyeongnam_campus/p/campus/d/gem3500_1/n/회의실/e/power_meter
Message Data:
time: 1745194187764
type: 2
leakageCurrent: 0
current: 14
activePower: 4
reactivePower: -28
tapparentPower: 31
powerFactor: 15.38
currentUnbalance: 0
lines: 

2025-04-21 09:09:48 [MQTT Call: JavaClientExample] WARN  com.example.mqtt.MessageData - No 'value' field found in message, skipping InfluxDB write.
2025-04-21 09:09:48 [MQTT Call: JavaClientExample] INFO  com.example.mqtt.MessageData - Topic: data/s/nhnacademy/b/gyeongnam_campus/p/campus/d/gem3500_1/n/서버실/e/power_meter
Message Data:
time: 1745194187865
type: 3
leakageCurrent: 0
current: 199
activePower: 391
reactivePower: -115
tapparentPower: 436
powerFactor: 89.56
currentUnbalance: 0
lines: 

2025-04-21 09:09:48 [MQTT Call: JavaClientExample] WARN  com.example.mqtt.MessageData - No 'value' field found in message, skipping InfluxDB write.
2025-04-21 09:09:48 [MQTT Call: JavaClientExample] INFO  com.example.mqtt.MessageData - Topic: data/s/nhnacademy/b/gyeongnam_campus/p/campus/d/gem3500_1/n/간판/e/power_meter
Message Data:
time: 1745194187968
type: 1
leakageCurrent: 0
current: 0
activePower: 0
reactivePower: 0
tapparentPower: 0
powerFactor: 0
currentUnbalance: 0
lines: 

2025-04-21 09:09:48 [MQTT Call: JavaClientExample] WARN  com.example.mqtt.MessageData - No 'value' field found in message, skipping InfluxDB write.
2025-04-21 09:09:48 [MQTT Call: JavaClientExample] INFO  com.example.mqtt.MessageData - Topic: data/s/nhnacademy/b/gyeongnam_campus/p/campus/d/gem3500_1/n/페어룸/e/power_meter
Message Data:
time: 1745194188069
type: 2
leakageCurrent: 0
current: 0
activePower: 0
reactivePower: 0
tapparentPower: 0
powerFactor: 0
currentUnbalance: 0
lines: 

2025-04-21 09:09:48 [MQTT Call: JavaClientExample] WARN  com.example.mqtt.MessageData - No 'value' field found in message, skipping InfluxDB write.
2025-04-21 09:09:48 [MQTT Call: JavaClientExample] INFO  com.example.mqtt.MessageData - Topic: data/s/nhnacademy/b/gyeongnam_campus/p/campus/d/gem3500_1/n/사무실_전열1/e/power_meter
Message Data:
time: 1745194188169
type: 3
leakageCurrent: 0
current: 83
activePower: 103
reactivePower: -59
tapparentPower: 179
powerFactor: 57.33
currentUnbalance: 0
lines: 

2025-04-21 09:09:48 [MQTT Call: JavaClientExample] WARN  com.example.mqtt.MessageData - No 'value' field found in message, skipping InfluxDB write.
2025-04-21 09:09:48 [MQTT Call: JavaClientExample] INFO  com.example.mqtt.MessageData - Topic: data/s/nhnacademy/b/gyeongnam_campus/p/campus/d/gem3500_1/n/사무실_전열2/e/power_meter
Message Data:
time: 1745194188270
type: 3
leakageCurrent: 0
current: 26
activePower: 9
reactivePower: -52
tapparentPower: 57
powerFactor: 16.66
currentUnbalance: 0
lines: 

2025-04-21 09:09:48 [MQTT Call: JavaClientExample] WARN  com.example.mqtt.MessageData - No 'value' field found in message, skipping InfluxDB write.
2025-04-21 09:09:48 [MQTT Call: JavaClientExample] INFO  com.example.mqtt.MessageData - Topic: data/s/nhnacademy/b/gyeongnam_campus/p/campus/d/gem3500_1/n/사무실_복사기/e/power_meter
Message Data:
time: 1745194188375
type: 1
leakageCurrent: 0
current: 7
activePower: 7
reactivePower: 0
tapparentPower: 16
powerFactor: 42.85
currentUnbalance: 0
lines: 

2025-04-21 09:09:48 [MQTT Call: JavaClientExample] WARN  com.example.mqtt.MessageData - No 'value' field found in message, skipping InfluxDB write.
2025-04-21 09:09:48 [MQTT Call: JavaClientExample] INFO  com.example.mqtt.MessageData - Topic: data/s/nhnacademy/b/gyeongnam_campus/p/campus/d/gem3500_1/n/빌트인_전열/e/power_meter
Message Data:
time: 1745194188472
type: 2
leakageCurrent: 0
current: 5
activePower: 4
reactivePower: -7
tapparentPower: 11
powerFactor: 39.99
currentUnbalance: 0
lines: 

2025-04-21 09:09:48 [MQTT Call: JavaClientExample] WARN  com.example.mqtt.MessageData - No 'value' field found in message, skipping InfluxDB write.
2025-04-21 09:09:48 [MQTT Call: JavaClientExample] INFO  com.example.mqtt.MessageData - Topic: data/s/nhnacademy/b/gyeongnam_campus/p/campus/d/gem3500_1/n/사무실_전열3/e/power_meter
Message Data:
time: 1745194188572
type: 3
leakageCurrent: 0
current: 0
activePower: 0
reactivePower: 0
tapparentPower: 0
powerFactor: 0
currentUnbalance: 0
lines: 

2025-04-21 09:09:48 [MQTT Call: JavaClientExample] WARN  com.example.mqtt.MessageData - No 'value' field found in message, skipping InfluxDB write.
2025-04-21 09:09:49 [MQTT Call: JavaClientExample] INFO  com.example.mqtt.MessageData - Topic: data/s/nhnacademy/b/gyeongnam_campus/p/campus/d/gem3500_1/n/정수기/e/power_meter
Message Data:
time: 1745194188673
type: 1
leakageCurrent: 0
current: 70
activePower: 95
reactivePower: 119
tapparentPower: 153
powerFactor: 62.49
currentUnbalance: 0
lines: 

2025-04-21 09:09:49 [MQTT Call: JavaClientExample] WARN  com.example.mqtt.MessageData - No 'value' field found in message, skipping InfluxDB write.
2025-04-21 09:09:49 [MQTT Call: JavaClientExample] INFO  com.example.mqtt.MessageData - Topic: data/s/nhnacademy/b/gyeongnam_campus/p/campus/d/gem3500_1/n/하이브_전열/e/power_meter
Message Data:
time: 1745194188775
type: 2
leakageCurrent: 0
current: 65
activePower: 124
reactivePower: -45
tapparentPower: 143
powerFactor: 86.66
currentUnbalance: 0
lines: 

2025-04-21 09:09:49 [MQTT Call: JavaClientExample] WARN  com.example.mqtt.MessageData - No 'value' field found in message, skipping InfluxDB write.
2025-04-21 09:09:49 [MQTT Call: JavaClientExample] INFO  com.example.mqtt.MessageData - Topic: data/s/nhnacademy/b/gyeongnam_campus/p/campus/d/gem3500_1/n/바텐_전열/e/power_meter
Message Data:
time: 1745194188877
type: 3
leakageCurrent: 0
current: 0
activePower: 0
reactivePower: 0
tapparentPower: 0
powerFactor: 0
currentUnbalance: 0
lines: 

2025-04-21 09:09:49 [MQTT Call: JavaClientExample] WARN  com.example.mqtt.MessageData - No 'value' field found in message, skipping InfluxDB write.
2025-04-21 09:09:49 [MQTT Call: JavaClientExample] INFO  com.example.mqtt.MessageData - Topic: data/s/nhnacademy/b/gyeongnam_campus/p/campus/d/gem3500_1/n/S_P/e/power_meter
Message Data:
time: 1745194188977
type: 1
leakageCurrent: 0
current: 0
activePower: 0
reactivePower: 0
tapparentPower: 0
powerFactor: 0
currentUnbalance: 0
lines: 

2025-04-21 09:09:49 [MQTT Call: JavaClientExample] WARN  com.example.mqtt.MessageData - No 'value' field found in message, skipping InfluxDB write.
2025-04-21 09:09:49 [MQTT Call: JavaClientExample] INFO  com.example.mqtt.MessageData - Topic: data/s/nhnacademy/b/gyeongnam_campus/p/campus/d/gem3500_1/n/공조기/e/power_meter
Message Data:
time: 1745194189078
type: 2
leakageCurrent: 0
current: 16
activePower: 2
reactivePower: -33
tapparentPower: 35
powerFactor: 6.66
currentUnbalance: 0
lines: 

2025-04-21 09:09:49 [MQTT Call: JavaClientExample] WARN  com.example.mqtt.MessageData - No 'value' field found in message, skipping InfluxDB write.
2025-04-21 09:09:49 [MQTT Call: JavaClientExample] INFO  com.example.mqtt.MessageData - Topic: data/s/nhnacademy/b/gyeongnam_campus/p/campus/d/gem3500_1/n/AC/e/power_meter
Message Data:
time: 1745194189180
type: 3
leakageCurrent: 0
current: 16
activePower: 11
reactivePower: -23
tapparentPower: 35
powerFactor: 33.33
currentUnbalance: 0
lines: 

2025-04-21 09:09:49 [MQTT Call: JavaClientExample] WARN  com.example.mqtt.MessageData - No 'value' field found in message, skipping InfluxDB write.
2025-04-21 09:10:02 [MQTT Call: JavaClientExample] INFO  com.example.mqtt.MessageData - Topic: data/s/nhnacademy/b/gyeongnam_campus/p/class_a/d/24e124126d152969/n/왼쪽 뒤/e/pressure
Message Data:
time: 1745194199709
value: 1017.1

2025-04-21 09:10:02 [MQTT Call: JavaClientExample] INFO  com.example.mqtt.InfluxDBService - Extracted tagkey -> location: class_a, kind: 왼쪽 뒤, data: pressure
Value into InfluxDB: 1017.1
2025-04-21 09:10:02 [MQTT Call: JavaClientExample] INFO  com.example.mqtt.MessageData - Data sent to InfluxDBService: data/s/nhnacademy/b/gyeongnam_campus/p/class_a/d/24e124126d152969/n/왼쪽 뒤/e/pressure -> 1017.1
2025-04-21 09:10:02 [MQTT Call: JavaClientExample] INFO  com.example.mqtt.MessageData - Topic: data/s/nhnacademy/b/gyeongnam_campus/p/class_a/d/24e124126d152969/n/왼쪽 뒤/e/temperature
Message Data:
time: 1745194199709
value: 22.6

2025-04-21 09:10:02 [MQTT Call: JavaClientExample] INFO  com.example.mqtt.InfluxDBService - Extracted tagkey -> location: class_a, kind: 왼쪽 뒤, data: temperature
Value into InfluxDB: 22.6
2025-04-21 09:10:02 [MQTT Call: JavaClientExample] INFO  com.example.mqtt.MessageData - Data sent to InfluxDBService: data/s/nhnacademy/b/gyeongnam_campus/p/class_a/d/24e124126d152969/n/왼쪽 뒤/e/temperature -> 22.6
2025-04-21 09:10:02 [MQTT Call: JavaClientExample] INFO  com.example.mqtt.MessageData - Topic: data/s/nhnacademy/b/gyeongnam_campus/p/class_a/d/24e124126d152969/n/왼쪽 뒤/e/co2
Message Data:
time: 1745194199709
value: 627

2025-04-21 09:10:02 [MQTT Call: JavaClientExample] INFO  com.example.mqtt.InfluxDBService - Extracted tagkey -> location: class_a, kind: 왼쪽 뒤, data: co2
Value into InfluxDB: 627.0
2025-04-21 09:10:02 [MQTT Call: JavaClientExample] INFO  com.example.mqtt.MessageData - Data sent to InfluxDBService: data/s/nhnacademy/b/gyeongnam_campus/p/class_a/d/24e124126d152969/n/왼쪽 뒤/e/co2 -> 627.0
2025-04-21 09:10:02 [MQTT Call: JavaClientExample] INFO  com.example.mqtt.MessageData - Topic: data/s/nhnacademy/b/gyeongnam_campus/p/class_a/d/24e124126d152969/n/왼쪽 뒤/e/humidity
Message Data:
time: 1745194199709
value: 53

2025-04-21 09:10:02 [MQTT Call: JavaClientExample] INFO  com.example.mqtt.InfluxDBService - Extracted tagkey -> location: class_a, kind: 왼쪽 뒤, data: humidity
Value into InfluxDB: 53.0
2025-04-21 09:10:02 [MQTT Call: JavaClientExample] INFO  com.example.mqtt.MessageData - Data sent to InfluxDBService: data/s/nhnacademy/b/gyeongnam_campus/p/class_a/d/24e124126d152969/n/왼쪽 뒤/e/humidity -> 53.0
2025-04-21 09:10:02 [MQTT Call: JavaClientExample] INFO  com.example.mqtt.MessageData - Topic: data/s/nhnacademy/b/gyeongnam_campus/p/class_a/d/24e124126d152969/n/왼쪽 뒤/g/24e124fffef5dccc/e/lora
Message Data:
time: 1745194199709
value: 

2025-04-21 09:10:02 [MQTT Call: JavaClientExample] INFO  com.example.mqtt.InfluxDBService - Extracted tagkey -> location: class_a, kind: 왼쪽 뒤, data: lora
Value into InfluxDB: 0.0
2025-04-21 09:10:02 [MQTT Call: JavaClientExample] INFO  com.example.mqtt.MessageData - Data sent to InfluxDBService: data/s/nhnacademy/b/gyeongnam_campus/p/class_a/d/24e124126d152969/n/왼쪽 뒤/g/24e124fffef5dccc/e/lora -> 0.0
2025-04-21 09:10:02 [MQTT Call: JavaClientExample] INFO  com.example.mqtt.MessageData - Topic: data/s/nhnacademy/b/gyeongnam_campus/p/class_a/d/24e124126d152969/n/왼쪽 뒤/g/24e124fffef79304/e/lora
Message Data:
time: 1745194199709
value: 

2025-04-21 09:10:02 [MQTT Call: JavaClientExample] INFO  com.example.mqtt.InfluxDBService - Extracted tagkey -> location: class_a, kind: 왼쪽 뒤, data: lora
Value into InfluxDB: 0.0
2025-04-21 09:10:02 [MQTT Call: JavaClientExample] INFO  com.example.mqtt.MessageData - Data sent to InfluxDBService: data/s/nhnacademy/b/gyeongnam_campus/p/class_a/d/24e124126d152969/n/왼쪽 뒤/g/24e124fffef79304/e/lora -> 0.0
2025-04-21 09:10:15 [MQTT Call: JavaClientExample] INFO  com.example.mqtt.MessageData - Topic: data/s/nhnacademy/b/gyeongnam_campus/p/hive/d/24e124725d081175/sp/8인 책상/n/8인 책상/e/humidity
Message Data:
time: 1745194215229
value: 47.5

2025-04-21 09:10:15 [MQTT Call: JavaClientExample] INFO  com.example.mqtt.InfluxDBService - Extracted tagkey -> location: hive, kind: 8인 책상, data: humidity
Value into InfluxDB: 47.5
2025-04-21 09:10:16 [MQTT Call: JavaClientExample] INFO  com.example.mqtt.MessageData - Data sent to InfluxDBService: data/s/nhnacademy/b/gyeongnam_campus/p/hive/d/24e124725d081175/sp/8인 책상/n/8인 책상/e/humidity -> 47.5
2025-04-21 09:10:17 [MQTT Call: JavaClientExample] INFO  com.example.mqtt.MessageData - Topic: data/s/nhnacademy/b/gyeongnam_campus/p/hive/d/24e124725d081175/sp/8인 책상/n/8인 책상/e/co2
Message Data:
time: 1745194215229
value: 532

2025-04-21 09:10:17 [MQTT Call: JavaClientExample] INFO  com.example.mqtt.InfluxDBService - Extracted tagkey -> location: hive, kind: 8인 책상, data: co2
Value into InfluxDB: 532.0
2025-04-21 09:10:17 [MQTT Call: JavaClientExample] INFO  com.example.mqtt.MessageData - Data sent to InfluxDBService: data/s/nhnacademy/b/gyeongnam_campus/p/hive/d/24e124725d081175/sp/8인 책상/n/8인 책상/e/co2 -> 532.0
2025-04-21 09:10:17 [MQTT Call: JavaClientExample] INFO  com.example.mqtt.MessageData - Topic: data/s/nhnacademy/b/gyeongnam_campus/p/hive/d/24e124725d081175/sp/8인 책상/n/8인 책상/e/battery
Message Data:
time: 1745194215229
value: 77

2025-04-21 09:10:17 [MQTT Call: JavaClientExample] INFO  com.example.mqtt.InfluxDBService - Extracted tagkey -> location: hive, kind: 8인 책상, data: battery
Value into InfluxDB: 77.0
2025-04-21 09:10:17 [MQTT Call: JavaClientExample] INFO  com.example.mqtt.MessageData - Data sent to InfluxDBService: data/s/nhnacademy/b/gyeongnam_campus/p/hive/d/24e124725d081175/sp/8인 책상/n/8인 책상/e/battery -> 77.0
2025-04-21 09:10:17 [MQTT Call: JavaClientExample] INFO  com.example.mqtt.MessageData - Topic: data/s/nhnacademy/b/gyeongnam_campus/p/hive/d/24e124725d081175/sp/8인 책상/n/8인 책상/e/temperature
Message Data:
time: 1745194215229
value: 24

2025-04-21 09:10:17 [MQTT Call: JavaClientExample] INFO  com.example.mqtt.InfluxDBService - Extracted tagkey -> location: hive, kind: 8인 책상, data: temperature
Value into InfluxDB: 24.0
2025-04-21 09:10:17 [MQTT Call: JavaClientExample] INFO  com.example.mqtt.MessageData - Data sent to InfluxDBService: data/s/nhnacademy/b/gyeongnam_campus/p/hive/d/24e124725d081175/sp/8인 책상/n/8인 책상/e/temperature -> 24.0
2025-04-21 09:10:17 [MQTT Call: JavaClientExample] INFO  com.example.mqtt.MessageData - Topic: data/s/nhnacademy/b/gyeongnam_campus/p/hive/d/24e124725d081175/sp/8인 책상/n/8인 책상/g/24e124fffef79304/e/lora
Message Data:
time: 1745194215229
value: 

2025-04-21 09:10:17 [MQTT Call: JavaClientExample] INFO  com.example.mqtt.InfluxDBService - Extracted tagkey -> location: hive, kind: 8인 책상, data: lora
Value into InfluxDB: 0.0
2025-04-21 09:10:17 [MQTT Call: JavaClientExample] INFO  com.example.mqtt.MessageData - Data sent to InfluxDBService: data/s/nhnacademy/b/gyeongnam_campus/p/hive/d/24e124725d081175/sp/8인 책상/n/8인 책상/g/24e124fffef79304/e/lora -> 0.0
2025-04-21 09:10:17 [MQTT Call: JavaClientExample] INFO  com.example.mqtt.MessageData - Topic: data/s/nhnacademy/b/gyeongnam_campus/p/hive/d/24e124725d081175/sp/8인 책상/n/8인 책상/g/24e124fffef5dccc/e/lora
Message Data:
time: 1745194215229
value: 

2025-04-21 09:10:17 [MQTT Call: JavaClientExample] INFO  com.example.mqtt.InfluxDBService - Extracted tagkey -> location: hive, kind: 8인 책상, data: lora
Value into InfluxDB: 0.0
2025-04-21 09:10:17 [MQTT Call: JavaClientExample] INFO  com.example.mqtt.MessageData - Data sent to InfluxDBService: data/s/nhnacademy/b/gyeongnam_campus/p/hive/d/24e124725d081175/sp/8인 책상/n/8인 책상/g/24e124fffef5dccc/e/lora -> 0.0
2025-04-21 09:10:17 [MQTT Call: JavaClientExample] INFO  com.example.mqtt.MessageData - Topic: data/s/nhnacademy/b/gyeongnam_campus/p/office/d/24e124126d152919/n/보드/e/temperature
Message Data:
time: 1745194217095
value: 23.6

2025-04-21 09:10:17 [MQTT Call: JavaClientExample] INFO  com.example.mqtt.InfluxDBService - Extracted tagkey -> location: office, kind: 보드, data: temperature
Value into InfluxDB: 23.6
2025-04-21 09:10:17 [MQTT Call: JavaClientExample] INFO  com.example.mqtt.MessageData - Data sent to InfluxDBService: data/s/nhnacademy/b/gyeongnam_campus/p/office/d/24e124126d152919/n/보드/e/temperature -> 23.6
2025-04-21 09:10:17 [MQTT Call: JavaClientExample] INFO  com.example.mqtt.MessageData - Topic: data/s/nhnacademy/b/gyeongnam_campus/p/office/d/24e124126d152919/n/보드/e/co2
Message Data:
time: 1745194217095
value: 600

2025-04-21 09:10:17 [MQTT Call: JavaClientExample] INFO  com.example.mqtt.InfluxDBService - Extracted tagkey -> location: office, kind: 보드, data: co2
Value into InfluxDB: 600.0
2025-04-21 09:10:17 [MQTT Call: JavaClientExample] INFO  com.example.mqtt.MessageData - Data sent to InfluxDBService: data/s/nhnacademy/b/gyeongnam_campus/p/office/d/24e124126d152919/n/보드/e/co2 -> 600.0
2025-04-21 09:10:17 [MQTT Call: JavaClientExample] INFO  com.example.mqtt.MessageData - Topic: data/s/nhnacademy/b/gyeongnam_campus/p/office/d/24e124126d152919/n/보드/e/pressure
Message Data:
time: 1745194217095
value: 1017.1

2025-04-21 09:10:17 [MQTT Call: JavaClientExample] INFO  com.example.mqtt.InfluxDBService - Extracted tagkey -> location: office, kind: 보드, data: pressure
Value into InfluxDB: 1017.1
2025-04-21 09:10:17 [MQTT Call: JavaClientExample] INFO  com.example.mqtt.MessageData - Data sent to InfluxDBService: data/s/nhnacademy/b/gyeongnam_campus/p/office/d/24e124126d152919/n/보드/e/pressure -> 1017.1
2025-04-21 09:10:17 [MQTT Call: JavaClientExample] INFO  com.example.mqtt.MessageData - Topic: data/s/nhnacademy/b/gyeongnam_campus/p/office/d/24e124126d152919/n/보드/e/humidity
Message Data:
time: 1745194217095
value: 52

2025-04-21 09:10:17 [MQTT Call: JavaClientExample] INFO  com.example.mqtt.InfluxDBService - Extracted tagkey -> location: office, kind: 보드, data: humidity
Value into InfluxDB: 52.0
2025-04-21 09:10:17 [MQTT Call: JavaClientExample] INFO  com.example.mqtt.MessageData - Data sent to InfluxDBService: data/s/nhnacademy/b/gyeongnam_campus/p/office/d/24e124126d152919/n/보드/e/humidity -> 52.0
2025-04-21 09:10:17 [MQTT Call: JavaClientExample] INFO  com.example.mqtt.MessageData - Topic: data/s/nhnacademy/b/gyeongnam_campus/p/office/d/24e124126d152919/n/보드/g/24e124fffef79304/e/lora
Message Data:
time: 1745194217095
value: 

2025-04-21 09:10:17 [MQTT Call: JavaClientExample] INFO  com.example.mqtt.InfluxDBService - Extracted tagkey -> location: office, kind: 보드, data: lora
Value into InfluxDB: 0.0
2025-04-21 09:10:17 [MQTT Call: JavaClientExample] INFO  com.example.mqtt.MessageData - Data sent to InfluxDBService: data/s/nhnacademy/b/gyeongnam_campus/p/office/d/24e124126d152919/n/보드/g/24e124fffef79304/e/lora -> 0.0
2025-04-21 09:10:17 [MQTT Call: JavaClientExample] INFO  com.example.mqtt.MessageData - Topic: data/s/nhnacademy/b/gyeongnam_campus/p/office/d/24e124126d152919/n/보드/g/24e124fffef5dccc/e/lora
Message Data:
time: 1745194217095
value: 

2025-04-21 09:10:17 [MQTT Call: JavaClientExample] INFO  com.example.mqtt.InfluxDBService - Extracted tagkey -> location: office, kind: 보드, data: lora
Value into InfluxDB: 0.0
2025-04-21 09:10:17 [MQTT Call: JavaClientExample] INFO  com.example.mqtt.MessageData - Data sent to InfluxDBService: data/s/nhnacademy/b/gyeongnam_campus/p/office/d/24e124126d152919/n/보드/g/24e124fffef5dccc/e/lora -> 0.0
2025-04-21 09:10:18 [MQTT Call: JavaClientExample] INFO  com.example.mqtt.MessageData - Topic: data/s/nhnacademy/b/gyeongnam_campus/p/class_a/d/24e124128c067999/sp/입구/n/입구/e/infrared
Message Data:
time: 1745194217168
value: 7

2025-04-21 09:10:18 [MQTT Call: JavaClientExample] INFO  com.example.mqtt.InfluxDBService - Extracted tagkey -> location: class_a, kind: 입구, data: infrared
Value into InfluxDB: 7.0
2025-04-21 09:10:18 [MQTT Call: JavaClientExample] INFO  com.example.mqtt.MessageData - Data sent to InfluxDBService: data/s/nhnacademy/b/gyeongnam_campus/p/class_a/d/24e124128c067999/sp/입구/n/입구/e/infrared -> 7.0
2025-04-21 09:10:18 [MQTT Call: JavaClientExample] INFO  com.example.mqtt.MessageData - Topic: data/s/nhnacademy/b/gyeongnam_campus/p/class_a/d/24e124128c067999/sp/입구/n/입구/e/activity
Message Data:
time: 1745194217168
value: 16

2025-04-21 09:10:18 [MQTT Call: JavaClientExample] INFO  com.example.mqtt.InfluxDBService - Extracted tagkey -> location: class_a, kind: 입구, data: activity
Value into InfluxDB: 16.0
2025-04-21 09:10:18 [MQTT Call: JavaClientExample] INFO  com.example.mqtt.MessageData - Data sent to InfluxDBService: data/s/nhnacademy/b/gyeongnam_campus/p/class_a/d/24e124128c067999/sp/입구/n/입구/e/activity -> 16.0
2025-04-21 09:10:18 [MQTT Call: JavaClientExample] INFO  com.example.mqtt.MessageData - Topic: data/s/nhnacademy/b/gyeongnam_campus/p/class_a/d/24e124128c067999/sp/입구/n/입구/e/co2
Message Data:
time: 1745194217168
value: 571

2025-04-21 09:10:18 [MQTT Call: JavaClientExample] INFO  com.example.mqtt.InfluxDBService - Extracted tagkey -> location: class_a, kind: 입구, data: co2
Value into InfluxDB: 571.0
2025-04-21 09:10:18 [MQTT Call: JavaClientExample] INFO  com.example.mqtt.MessageData - Data sent to InfluxDBService: data/s/nhnacademy/b/gyeongnam_campus/p/class_a/d/24e124128c067999/sp/입구/n/입구/e/co2 -> 571.0
2025-04-21 09:10:18 [MQTT Call: JavaClientExample] INFO  com.example.mqtt.MessageData - Topic: data/s/nhnacademy/b/gyeongnam_campus/p/class_a/d/24e124128c067999/sp/입구/n/입구/e/temperature
Message Data:
time: 1745194217168
value: 23.6

2025-04-21 09:10:18 [MQTT Call: JavaClientExample] INFO  com.example.mqtt.InfluxDBService - Extracted tagkey -> location: class_a, kind: 입구, data: temperature
Value into InfluxDB: 23.6
2025-04-21 09:10:18 [MQTT Call: JavaClientExample] INFO  com.example.mqtt.MessageData - Data sent to InfluxDBService: data/s/nhnacademy/b/gyeongnam_campus/p/class_a/d/24e124128c067999/sp/입구/n/입구/e/temperature -> 23.6
2025-04-21 09:10:18 [MQTT Call: JavaClientExample] INFO  com.example.mqtt.MessageData - Topic: data/s/nhnacademy/b/gyeongnam_campus/p/class_a/d/24e124128c067999/sp/입구/n/입구/e/illumination
Message Data:
time: 1745194217168
value: 63

2025-04-21 09:10:18 [MQTT Call: JavaClientExample] INFO  com.example.mqtt.InfluxDBService - Extracted tagkey -> location: class_a, kind: 입구, data: illumination
Value into InfluxDB: 63.0
2025-04-21 09:10:18 [MQTT Call: JavaClientExample] INFO  com.example.mqtt.MessageData - Data sent to InfluxDBService: data/s/nhnacademy/b/gyeongnam_campus/p/class_a/d/24e124128c067999/sp/입구/n/입구/e/illumination -> 63.0
2025-04-21 09:10:18 [MQTT Call: JavaClientExample] INFO  com.example.mqtt.MessageData - Topic: data/s/nhnacademy/b/gyeongnam_campus/p/class_a/d/24e124128c067999/sp/입구/n/입구/e/infrared_and_visible
Message Data:
time: 1745194217168
value: 44

2025-04-21 09:10:18 [MQTT Call: JavaClientExample] INFO  com.example.mqtt.InfluxDBService - Extracted tagkey -> location: class_a, kind: 입구, data: infrared_and_visible
Value into InfluxDB: 44.0
2025-04-21 09:10:18 [MQTT Call: JavaClientExample] INFO  com.example.mqtt.MessageData - Data sent to InfluxDBService: data/s/nhnacademy/b/gyeongnam_campus/p/class_a/d/24e124128c067999/sp/입구/n/입구/e/infrared_and_visible -> 44.0
2025-04-21 09:10:18 [MQTT Call: JavaClientExample] INFO  com.example.mqtt.MessageData - Topic: data/s/nhnacademy/b/gyeongnam_campus/p/class_a/d/24e124128c067999/sp/입구/n/입구/e/humidity
Message Data:
time: 1745194217168
value: 47.5

2025-04-21 09:10:18 [MQTT Call: JavaClientExample] INFO  com.example.mqtt.InfluxDBService - Extracted tagkey -> location: class_a, kind: 입구, data: humidity
Value into InfluxDB: 47.5
2025-04-21 09:10:18 [MQTT Call: JavaClientExample] INFO  com.example.mqtt.MessageData - Data sent to InfluxDBService: data/s/nhnacademy/b/gyeongnam_campus/p/class_a/d/24e124128c067999/sp/입구/n/입구/e/humidity -> 47.5
2025-04-21 09:10:18 [MQTT Call: JavaClientExample] INFO  com.example.mqtt.MessageData - Topic: data/s/nhnacademy/b/gyeongnam_campus/p/class_a/d/24e124128c067999/sp/입구/n/입구/e/tvoc
Message Data:
time: 1745194217168
value: 305

2025-04-21 09:10:18 [MQTT Call: JavaClientExample] INFO  com.example.mqtt.InfluxDBService - Extracted tagkey -> location: class_a, kind: 입구, data: tvoc
Value into InfluxDB: 305.0
2025-04-21 09:10:18 [MQTT Call: JavaClientExample] INFO  com.example.mqtt.MessageData - Data sent to InfluxDBService: data/s/nhnacademy/b/gyeongnam_campus/p/class_a/d/24e124128c067999/sp/입구/n/입구/e/tvoc -> 305.0
2025-04-21 09:10:18 [MQTT Call: JavaClientExample] INFO  com.example.mqtt.MessageData - Topic: data/s/nhnacademy/b/gyeongnam_campus/p/class_a/d/24e124128c067999/sp/입구/n/입구/e/pressure
Message Data:
time: 1745194217168
value: 1009.5

2025-04-21 09:10:18 [MQTT Call: JavaClientExample] INFO  com.example.mqtt.InfluxDBService - Extracted tagkey -> location: class_a, kind: 입구, data: pressure
Value into InfluxDB: 1009.5
2025-04-21 09:10:18 [MQTT Call: JavaClientExample] INFO  com.example.mqtt.MessageData - Data sent to InfluxDBService: data/s/nhnacademy/b/gyeongnam_campus/p/class_a/d/24e124128c067999/sp/입구/n/입구/e/pressure -> 1009.5
2025-04-21 09:10:18 [MQTT Call: JavaClientExample] INFO  com.example.mqtt.MessageData - Topic: data/s/nhnacademy/b/gyeongnam_campus/p/class_a/d/24e124128c067999/sp/입구/n/입구/g/24e124fffef5dccc/e/lora
Message Data:
time: 1745194217168
value: 

2025-04-21 09:10:18 [MQTT Call: JavaClientExample] INFO  com.example.mqtt.InfluxDBService - Extracted tagkey -> location: class_a, kind: 입구, data: lora
Value into InfluxDB: 0.0
2025-04-21 09:10:18 [MQTT Call: JavaClientExample] INFO  com.example.mqtt.MessageData - Data sent to InfluxDBService: data/s/nhnacademy/b/gyeongnam_campus/p/class_a/d/24e124128c067999/sp/입구/n/입구/g/24e124fffef5dccc/e/lora -> 0.0
2025-04-21 09:10:18 [MQTT Call: JavaClientExample] INFO  com.example.mqtt.MessageData - Topic: data/s/nhnacademy/b/gyeongnam_campus/p/class_a/d/24e124128c067999/sp/입구/n/입구/g/24e124fffef79304/e/lora
Message Data:
time: 1745194217168
value: 

2025-04-21 09:10:18 [MQTT Call: JavaClientExample] INFO  com.example.mqtt.InfluxDBService - Extracted tagkey -> location: class_a, kind: 입구, data: lora
Value into InfluxDB: 0.0
2025-04-21 09:10:18 [MQTT Call: JavaClientExample] INFO  com.example.mqtt.MessageData - Data sent to InfluxDBService: data/s/nhnacademy/b/gyeongnam_campus/p/class_a/d/24e124128c067999/sp/입구/n/입구/g/24e124fffef79304/e/lora -> 0.0
2025-04-21 09:10:19 [MQTT Call: JavaClientExample] INFO  com.example.mqtt.MessageData - Topic: data/s/nhnacademy/b/gyeongnam_campus/p/hive/d/24e124785c389010/n/정수기 위/e/temperature
Message Data:
time: 1745194218906
value: 24.4

2025-04-21 09:10:19 [MQTT Call: JavaClientExample] INFO  com.example.mqtt.InfluxDBService - Extracted tagkey -> location: hive, kind: 정수기 위, data: temperature
Value into InfluxDB: 24.4
2025-04-21 09:10:19 [MQTT Call: JavaClientExample] INFO  com.example.mqtt.MessageData - Data sent to InfluxDBService: data/s/nhnacademy/b/gyeongnam_campus/p/hive/d/24e124785c389010/n/정수기 위/e/temperature -> 24.4
2025-04-21 09:10:19 [MQTT Call: JavaClientExample] INFO  com.example.mqtt.MessageData - Topic: data/s/nhnacademy/b/gyeongnam_campus/p/hive/d/24e124785c389010/n/정수기 위/e/battery
Message Data:
time: 1745194218906
value: 86

2025-04-21 09:10:19 [MQTT Call: JavaClientExample] INFO  com.example.mqtt.InfluxDBService - Extracted tagkey -> location: hive, kind: 정수기 위, data: battery
Value into InfluxDB: 86.0
2025-04-21 09:10:19 [MQTT Call: JavaClientExample] INFO  com.example.mqtt.MessageData - Data sent to InfluxDBService: data/s/nhnacademy/b/gyeongnam_campus/p/hive/d/24e124785c389010/n/정수기 위/e/battery -> 86.0
2025-04-21 09:10:19 [MQTT Call: JavaClientExample] INFO  com.example.mqtt.MessageData - Topic: data/s/nhnacademy/b/gyeongnam_campus/p/hive/d/24e124785c389010/n/정수기 위/e/humidity
Message Data:
time: 1745194218906
value: 45.5

2025-04-21 09:10:19 [MQTT Call: JavaClientExample] INFO  com.example.mqtt.InfluxDBService - Extracted tagkey -> location: hive, kind: 정수기 위, data: humidity
Value into InfluxDB: 45.5
2025-04-21 09:10:19 [MQTT Call: JavaClientExample] INFO  com.example.mqtt.MessageData - Data sent to InfluxDBService: data/s/nhnacademy/b/gyeongnam_campus/p/hive/d/24e124785c389010/n/정수기 위/e/humidity -> 45.5
2025-04-21 09:10:19 [MQTT Call: JavaClientExample] INFO  com.example.mqtt.MessageData - Topic: data/s/nhnacademy/b/gyeongnam_campus/p/hive/d/24e124785c389010/n/정수기 위/g/24e124fffef79304/e/lora
Message Data:
time: 1745194218906
value: 

2025-04-21 09:10:19 [MQTT Call: JavaClientExample] INFO  com.example.mqtt.InfluxDBService - Extracted tagkey -> location: hive, kind: 정수기 위, data: lora
Value into InfluxDB: 0.0
2025-04-21 09:10:19 [MQTT Call: JavaClientExample] INFO  com.example.mqtt.MessageData - Data sent to InfluxDBService: data/s/nhnacademy/b/gyeongnam_campus/p/hive/d/24e124785c389010/n/정수기 위/g/24e124fffef79304/e/lora -> 0.0
2025-04-21 09:10:19 [MQTT Call: JavaClientExample] INFO  com.example.mqtt.MessageData - Topic: data/s/nhnacademy/b/gyeongnam_campus/p/hive/d/24e124785c389010/n/정수기 위/g/24e124fffef5dccc/e/lora
Message Data:
time: 1745194218906
value: 

2025-04-21 09:10:19 [MQTT Call: JavaClientExample] INFO  com.example.mqtt.InfluxDBService - Extracted tagkey -> location: hive, kind: 정수기 위, data: lora
Value into InfluxDB: 0.0
2025-04-21 09:10:19 [MQTT Call: JavaClientExample] INFO  com.example.mqtt.MessageData - Data sent to InfluxDBService: data/s/nhnacademy/b/gyeongnam_campus/p/hive/d/24e124785c389010/n/정수기 위/g/24e124fffef5dccc/e/lora -> 0.0
2025-04-21 09:10:24 [MQTT Call: JavaClientExample] INFO  com.example.mqtt.MessageData - Topic: data/s/nhnacademy/b/gyeongnam_campus/p/pair_room/d/24e124617d159573/n/2/e/occupancy
Message Data:
time: 1745194224597
value: 0

2025-04-21 09:10:24 [MQTT Call: JavaClientExample] INFO  com.example.mqtt.InfluxDBService - Extracted tagkey -> location: pair_room, kind: 2, data: occupancy
Value into InfluxDB: 0.0
2025-04-21 09:10:24 [MQTT Call: JavaClientExample] INFO  com.example.mqtt.MessageData - Data sent to InfluxDBService: data/s/nhnacademy/b/gyeongnam_campus/p/pair_room/d/24e124617d159573/n/2/e/occupancy -> 0.0
2025-04-21 09:10:24 [MQTT Call: JavaClientExample] INFO  com.example.mqtt.MessageData - Topic: data/s/nhnacademy/b/gyeongnam_campus/p/pair_room/d/24e124617d159573/n/2/e/battery
Message Data:
time: 1745194224597
value: 33

2025-04-21 09:10:24 [MQTT Call: JavaClientExample] INFO  com.example.mqtt.InfluxDBService - Extracted tagkey -> location: pair_room, kind: 2, data: battery
Value into InfluxDB: 33.0
2025-04-21 09:10:24 [MQTT Call: JavaClientExample] INFO  com.example.mqtt.MessageData - Data sent to InfluxDBService: data/s/nhnacademy/b/gyeongnam_campus/p/pair_room/d/24e124617d159573/n/2/e/battery -> 33.0
2025-04-21 09:10:24 [MQTT Call: JavaClientExample] INFO  com.example.mqtt.MessageData - Topic: data/s/nhnacademy/b/gyeongnam_campus/p/pair_room/d/24e124617d159573/n/2/e/distance
Message Data:
time: 1745194224597
value: 2235

2025-04-21 09:10:24 [MQTT Call: JavaClientExample] INFO  com.example.mqtt.InfluxDBService - Extracted tagkey -> location: pair_room, kind: 2, data: distance
Value into InfluxDB: 2235.0
2025-04-21 09:10:24 [MQTT Call: JavaClientExample] INFO  com.example.mqtt.MessageData - Data sent to InfluxDBService: data/s/nhnacademy/b/gyeongnam_campus/p/pair_room/d/24e124617d159573/n/2/e/distance -> 2235.0
2025-04-21 09:10:24 [MQTT Call: JavaClientExample] INFO  com.example.mqtt.MessageData - Topic: data/s/nhnacademy/b/gyeongnam_campus/p/pair_room/d/24e124617d159573/n/2/g/24e124fffef79304/e/lora
Message Data:
time: 1745194224597
value: 

2025-04-21 09:10:24 [MQTT Call: JavaClientExample] INFO  com.example.mqtt.InfluxDBService - Extracted tagkey -> location: pair_room, kind: 2, data: lora
Value into InfluxDB: 0.0
2025-04-21 09:10:24 [MQTT Call: JavaClientExample] INFO  com.example.mqtt.MessageData - Data sent to InfluxDBService: data/s/nhnacademy/b/gyeongnam_campus/p/pair_room/d/24e124617d159573/n/2/g/24e124fffef79304/e/lora -> 0.0
2025-04-21 09:10:24 [MQTT Call: JavaClientExample] INFO  com.example.mqtt.MessageData - Topic: data/s/nhnacademy/b/gyeongnam_campus/p/pair_room/d/24e124617d159573/n/2/g/24e124fffef5dccc/e/lora
Message Data:
time: 1745194224597
value: 

2025-04-21 09:10:24 [MQTT Call: JavaClientExample] INFO  com.example.mqtt.InfluxDBService - Extracted tagkey -> location: pair_room, kind: 2, data: lora
Value into InfluxDB: 0.0
2025-04-21 09:10:24 [MQTT Call: JavaClientExample] INFO  com.example.mqtt.MessageData - Data sent to InfluxDBService: data/s/nhnacademy/b/gyeongnam_campus/p/pair_room/d/24e124617d159573/n/2/g/24e124fffef5dccc/e/lora -> 0.0
2025-04-21 09:10:27 [MQTT Call: JavaClientExample] INFO  com.example.mqtt.MessageData - Topic: data/s/nhnacademy/b/gyeongnam_campus/p/server_room/d/24e124136d151368/n/입구/e/temperature
Message Data:
time: 1745194226496
value: 24.3

2025-04-21 09:10:27 [MQTT Call: JavaClientExample] INFO  com.example.mqtt.InfluxDBService - Extracted tagkey -> location: server_room, kind: 입구, data: temperature
Value into InfluxDB: 24.3
2025-04-21 09:10:27 [MQTT Call: JavaClientExample] INFO  com.example.mqtt.MessageData - Data sent to InfluxDBService: data/s/nhnacademy/b/gyeongnam_campus/p/server_room/d/24e124136d151368/n/입구/e/temperature -> 24.3
2025-04-21 09:10:27 [MQTT Call: JavaClientExample] INFO  com.example.mqtt.MessageData - Topic: data/s/nhnacademy/b/gyeongnam_campus/p/server_room/d/24e124136d151368/n/입구/e/humidity
Message Data:
time: 1745194226496
value: 47

2025-04-21 09:10:27 [MQTT Call: JavaClientExample] INFO  com.example.mqtt.InfluxDBService - Extracted tagkey -> location: server_room, kind: 입구, data: humidity
Value into InfluxDB: 47.0
2025-04-21 09:10:27 [MQTT Call: JavaClientExample] INFO  com.example.mqtt.MessageData - Data sent to InfluxDBService: data/s/nhnacademy/b/gyeongnam_campus/p/server_room/d/24e124136d151368/n/입구/e/humidity -> 47.0
2025-04-21 09:10:27 [MQTT Call: JavaClientExample] INFO  com.example.mqtt.MessageData - Topic: data/s/nhnacademy/b/gyeongnam_campus/p/server_room/d/24e124136d151368/n/입구/g/24e124fffef5dccc/e/lora
Message Data:
time: 1745194226496
value: 

2025-04-21 09:10:27 [MQTT Call: JavaClientExample] INFO  com.example.mqtt.InfluxDBService - Extracted tagkey -> location: server_room, kind: 입구, data: lora
Value into InfluxDB: 0.0
2025-04-21 09:10:27 [MQTT Call: JavaClientExample] INFO  com.example.mqtt.MessageData - Data sent to InfluxDBService: data/s/nhnacademy/b/gyeongnam_campus/p/server_room/d/24e124136d151368/n/입구/g/24e124fffef5dccc/e/lora -> 0.0
2025-04-21 09:10:27 [MQTT Call: JavaClientExample] INFO  com.example.mqtt.MessageData - Topic: data/s/nhnacademy/b/gyeongnam_campus/p/server_room/d/24e124136d151368/n/입구/g/24e124fffef79304/e/lora
Message Data:
time: 1745194226496
value: 

2025-04-21 09:10:27 [MQTT Call: JavaClientExample] INFO  com.example.mqtt.InfluxDBService - Extracted tagkey -> location: server_room, kind: 입구, data: lora
Value into InfluxDB: 0.0
2025-04-21 09:10:27 [MQTT Call: JavaClientExample] INFO  com.example.mqtt.MessageData - Data sent to InfluxDBService: data/s/nhnacademy/b/gyeongnam_campus/p/server_room/d/24e124136d151368/n/입구/g/24e124fffef79304/e/lora -> 0.0
2025-04-21 09:10:32 [MQTT Call: JavaClientExample] INFO  com.example.mqtt.MessageData - Topic: data/s/nhnacademy/b/gyeongnam_campus/p/hive/d/24e124126d111937/sp/farm/n/스마트팜/e/illumination
Message Data:
time: 1745194231818
value: 320

2025-04-21 09:10:32 [MQTT Call: JavaClientExample] INFO  com.example.mqtt.InfluxDBService - Extracted tagkey -> location: hive, kind: 스마트팜, data: illumination
Value into InfluxDB: 320.0
2025-04-21 09:10:32 [MQTT Call: JavaClientExample] INFO  com.example.mqtt.MessageData - Data sent to InfluxDBService: data/s/nhnacademy/b/gyeongnam_campus/p/hive/d/24e124126d111937/sp/farm/n/스마트팜/e/illumination -> 320.0
2025-04-21 09:10:32 [MQTT Call: JavaClientExample] INFO  com.example.mqtt.MessageData - Topic: data/s/nhnacademy/b/gyeongnam_campus/p/hive/d/24e124126d111937/sp/farm/n/스마트팜/g/24e124fffef79304/e/lora
Message Data:
time: 1745194231818
value: 

2025-04-21 09:10:32 [MQTT Call: JavaClientExample] INFO  com.example.mqtt.InfluxDBService - Extracted tagkey -> location: hive, kind: 스마트팜, data: lora
Value into InfluxDB: 0.0
2025-04-21 09:10:32 [MQTT Call: JavaClientExample] INFO  com.example.mqtt.MessageData - Data sent to InfluxDBService: data/s/nhnacademy/b/gyeongnam_campus/p/hive/d/24e124126d111937/sp/farm/n/스마트팜/g/24e124fffef79304/e/lora -> 0.0
2025-04-21 09:10:32 [MQTT Call: JavaClientExample] INFO  com.example.mqtt.MessageData - Topic: data/s/nhnacademy/b/gyeongnam_campus/p/hive/d/24e124126d111937/sp/farm/n/스마트팜/e/illumination
Message Data:
time: 1745194231818
value: 320

2025-04-21 09:10:32 [MQTT Call: JavaClientExample] INFO  com.example.mqtt.InfluxDBService - Extracted tagkey -> location: hive, kind: 스마트팜, data: illumination
Value into InfluxDB: 320.0
2025-04-21 09:10:32 [MQTT Call: JavaClientExample] INFO  com.example.mqtt.MessageData - Data sent to InfluxDBService: data/s/nhnacademy/b/gyeongnam_campus/p/hive/d/24e124126d111937/sp/farm/n/스마트팜/e/illumination -> 320.0
2025-04-21 09:10:32 [MQTT Call: JavaClientExample] INFO  com.example.mqtt.MessageData - Topic: data/s/nhnacademy/b/gyeongnam_campus/p/hive/d/24e124126d111937/sp/farm/n/스마트팜/g/24e124fffef79304/e/lora
Message Data:
time: 1745194231818
value: 

2025-04-21 09:10:32 [MQTT Call: JavaClientExample] INFO  com.example.mqtt.InfluxDBService - Extracted tagkey -> location: hive, kind: 스마트팜, data: lora
Value into InfluxDB: 0.0
2025-04-21 09:10:32 [MQTT Call: JavaClientExample] INFO  com.example.mqtt.MessageData - Data sent to InfluxDBService: data/s/nhnacademy/b/gyeongnam_campus/p/hive/d/24e124126d111937/sp/farm/n/스마트팜/g/24e124fffef79304/e/lora -> 0.0
2025-04-21 09:10:32 [MQTT Call: JavaClientExample] INFO  com.example.mqtt.MessageData - Topic: data/s/nhnacademy/b/gyeongnam_campus/p/hive/d/24e124126d111937/sp/farm/n/스마트팜/g/24e124fffef5dccc/e/lora
Message Data:
time: 1745194231818
value: 

2025-04-21 09:10:32 [MQTT Call: JavaClientExample] INFO  com.example.mqtt.InfluxDBService - Extracted tagkey -> location: hive, kind: 스마트팜, data: lora
Value into InfluxDB: 0.0
2025-04-21 09:10:32 [MQTT Call: JavaClientExample] INFO  com.example.mqtt.MessageData - Data sent to InfluxDBService: data/s/nhnacademy/b/gyeongnam_campus/p/hive/d/24e124126d111937/sp/farm/n/스마트팜/g/24e124fffef5dccc/e/lora -> 0.0
2025-04-21 09:10:38 [MQTT Call: JavaClientExample] INFO  com.example.mqtt.MessageData - Topic: data/s/nhnacademy/b/gyeongnam_campus/p/meeting_room/d/24e124600d186154/n/TV 위/g/24e124fffef79304/e/lora
Message Data:
time: 1745194236875
value: 

2025-04-21 09:10:38 [MQTT Call: JavaClientExample] INFO  com.example.mqtt.InfluxDBService - Extracted tagkey -> location: meeting_room, kind: TV 위, data: lora
Value into InfluxDB: 0.0
2025-04-21 09:10:38 [MQTT Call: JavaClientExample] INFO  com.example.mqtt.MessageData - Data sent to InfluxDBService: data/s/nhnacademy/b/gyeongnam_campus/p/meeting_room/d/24e124600d186154/n/TV 위/g/24e124fffef79304/e/lora -> 0.0
2025-04-21 09:10:38 [MQTT Call: JavaClientExample] INFO  com.example.mqtt.MessageData - Topic: data/s/nhnacademy/b/gyeongnam_campus/p/meeting_room/d/24e124600d186154/n/TV 위/g/24e124fffef5dccc/e/lora
Message Data:
time: 1745194236875
value: 

2025-04-21 09:10:38 [MQTT Call: JavaClientExample] INFO  com.example.mqtt.InfluxDBService - Extracted tagkey -> location: meeting_room, kind: TV 위, data: lora
Value into InfluxDB: 0.0
2025-04-21 09:10:38 [MQTT Call: JavaClientExample] INFO  com.example.mqtt.MessageData - Data sent to InfluxDBService: data/s/nhnacademy/b/gyeongnam_campus/p/meeting_room/d/24e124600d186154/n/TV 위/g/24e124fffef5dccc/e/lora -> 0.0
2025-04-21 09:10:43 [MQTT Call: JavaClientExample] INFO  com.example.mqtt.MessageData - Topic: data/s/nhnacademy/b/gyeongnam_campus/p/hive/d/24e124126c452091/sp/farm/n/스마트팜/e/temperature
Message Data:
time: 1745194241911
value: 23.2

2025-04-21 09:10:43 [MQTT Call: JavaClientExample] INFO  com.example.mqtt.InfluxDBService - Extracted tagkey -> location: hive, kind: 스마트팜, data: temperature
Value into InfluxDB: 23.2
2025-04-21 09:10:43 [MQTT Call: JavaClientExample] INFO  com.example.mqtt.MessageData - Data sent to InfluxDBService: data/s/nhnacademy/b/gyeongnam_campus/p/hive/d/24e124126c452091/sp/farm/n/스마트팜/e/temperature -> 23.2
2025-04-21 09:10:46 [MQTT Call: JavaClientExample] INFO  com.example.mqtt.MessageData - Topic: data/s/nhnacademy/b/gyeongnam_campus/p/hive/d/24e124126c452091/sp/farm/n/스마트팜/g/24e124fffef79304/e/lora
Message Data:
time: 1745194241911
value: 

2025-04-21 09:10:46 [MQTT Call: JavaClientExample] INFO  com.example.mqtt.InfluxDBService - Extracted tagkey -> location: hive, kind: 스마트팜, data: lora
Value into InfluxDB: 0.0
2025-04-21 09:10:46 [MQTT Call: JavaClientExample] INFO  com.example.mqtt.MessageData - Data sent to InfluxDBService: data/s/nhnacademy/b/gyeongnam_campus/p/hive/d/24e124126c452091/sp/farm/n/스마트팜/g/24e124fffef79304/e/lora -> 0.0
2025-04-21 09:10:46 [MQTT Call: JavaClientExample] INFO  com.example.mqtt.MessageData - Topic: data/s/nhnacademy/b/gyeongnam_campus/p/hive/d/24e124126c452091/sp/farm/n/스마트팜/g/24e124fffef5dccc/e/lora
Message Data:
time: 1745194241911
value: 

2025-04-21 09:10:46 [MQTT Call: JavaClientExample] INFO  com.example.mqtt.InfluxDBService - Extracted tagkey -> location: hive, kind: 스마트팜, data: lora
Value into InfluxDB: 0.0
2025-04-21 09:10:46 [MQTT Call: JavaClientExample] INFO  com.example.mqtt.MessageData - Data sent to InfluxDBService: data/s/nhnacademy/b/gyeongnam_campus/p/hive/d/24e124126c452091/sp/farm/n/스마트팜/g/24e124fffef5dccc/e/lora -> 0.0
2025-04-21 09:10:46 [MQTT Call: JavaClientExample] INFO  com.example.mqtt.MessageData - Topic: data/s/nhnacademy/b/gyeongnam_campus/p/campus/d/gem3500_1/n/캠퍼스_LL/e/voltage
Message Data:
time: 1745194246747
value: 381.6

2025-04-21 09:10:46 [MQTT Call: JavaClientExample] INFO  com.example.mqtt.InfluxDBService - Extracted tagkey -> location: campus, kind: 캠퍼스_LL, data: voltage
Value into InfluxDB: 381.6
2025-04-21 09:10:46 [MQTT Call: JavaClientExample] INFO  com.example.mqtt.MessageData - Data sent to InfluxDBService: data/s/nhnacademy/b/gyeongnam_campus/p/campus/d/gem3500_1/n/캠퍼스_LL/e/voltage -> 381.6
2025-04-21 09:10:46 [MQTT Call: JavaClientExample] INFO  com.example.mqtt.MessageData - Topic: data/s/nhnacademy/b/gyeongnam_campus/p/campus/d/gem3500_1/n/캠퍼스_LN/e/voltage
Message Data:
time: 1745194246747
value: 220.31

2025-04-21 09:10:46 [MQTT Call: JavaClientExample] INFO  com.example.mqtt.InfluxDBService - Extracted tagkey -> location: campus, kind: 캠퍼스_LN, data: voltage
Value into InfluxDB: 220.31
2025-04-21 09:10:46 [MQTT Call: JavaClientExample] INFO  com.example.mqtt.MessageData - Data sent to InfluxDBService: data/s/nhnacademy/b/gyeongnam_campus/p/campus/d/gem3500_1/n/캠퍼스_LN/e/voltage -> 220.31
2025-04-21 09:10:46 [MQTT Call: JavaClientExample] INFO  com.example.mqtt.MessageData - Topic: data/s/nhnacademy/b/gyeongnam_campus/p/campus/d/gem3500_1/n/캠퍼스1/e/power_meter
Message Data:
time: 1745194246851
type: 5
leakageCurrent: 0
current: 2468
activePower: 4757
reactivePower: -1639
tapparentPower: 5451
powerFactor: 87.27
currentUnbalance: 73.61
lines: 

2025-04-21 09:10:46 [MQTT Call: JavaClientExample] WARN  com.example.mqtt.MessageData - No 'value' field found in message, skipping InfluxDB write.
2025-04-21 09:10:47 [MQTT Call: JavaClientExample] INFO  com.example.mqtt.MessageData - Topic: data/s/nhnacademy/b/gyeongnam_campus/p/storage/d/24e124136d151547/n/입구/e/battery
Message Data:
time: 1745194246577
value: 1

2025-04-21 09:10:47 [MQTT Call: JavaClientExample] INFO  com.example.mqtt.InfluxDBService - Extracted tagkey -> location: storage, kind: 입구, data: battery
Value into InfluxDB: 1.0
2025-04-21 09:10:47 [MQTT Call: JavaClientExample] INFO  com.example.mqtt.MessageData - Data sent to InfluxDBService: data/s/nhnacademy/b/gyeongnam_campus/p/storage/d/24e124136d151547/n/입구/e/battery -> 1.0
2025-04-21 09:10:47 [MQTT Call: JavaClientExample] INFO  com.example.mqtt.MessageData - Topic: data/s/nhnacademy/b/gyeongnam_campus/p/storage/d/24e124136d151547/n/입구/e/temperature
Message Data:
time: 1745194246577
value: -0.1

2025-04-21 09:10:47 [MQTT Call: JavaClientExample] INFO  com.example.mqtt.InfluxDBService - Extracted tagkey -> location: storage, kind: 입구, data: temperature
Value into InfluxDB: -0.1
2025-04-21 09:10:47 [MQTT Call: JavaClientExample] INFO  com.example.mqtt.MessageData - Data sent to InfluxDBService: data/s/nhnacademy/b/gyeongnam_campus/p/storage/d/24e124136d151547/n/입구/e/temperature -> -0.1
2025-04-21 09:10:47 [MQTT Call: JavaClientExample] INFO  com.example.mqtt.MessageData - Topic: data/s/nhnacademy/b/gyeongnam_campus/p/storage/d/24e124136d151547/n/입구/e/humidity
Message Data:
time: 1745194246577
value: 127.5

2025-04-21 09:10:47 [MQTT Call: JavaClientExample] INFO  com.example.mqtt.InfluxDBService - Extracted tagkey -> location: storage, kind: 입구, data: humidity
Value into InfluxDB: 127.5
2025-04-21 09:10:47 [MQTT Call: JavaClientExample] INFO  com.example.mqtt.MessageData - Data sent to InfluxDBService: data/s/nhnacademy/b/gyeongnam_campus/p/storage/d/24e124136d151547/n/입구/e/humidity -> 127.5
2025-04-21 09:10:47 [MQTT Call: JavaClientExample] INFO  com.example.mqtt.MessageData - Topic: data/s/nhnacademy/b/gyeongnam_campus/p/storage/d/24e124136d151547/n/입구/g/24e124fffef5dccc/e/lora
Message Data:
time: 1745194246577
value: 

2025-04-21 09:10:47 [MQTT Call: JavaClientExample] INFO  com.example.mqtt.InfluxDBService - Extracted tagkey -> location: storage, kind: 입구, data: lora
Value into InfluxDB: 0.0
2025-04-21 09:10:47 [MQTT Call: JavaClientExample] INFO  com.example.mqtt.MessageData - Data sent to InfluxDBService: data/s/nhnacademy/b/gyeongnam_campus/p/storage/d/24e124136d151547/n/입구/g/24e124fffef5dccc/e/lora -> 0.0
2025-04-21 09:10:47 [MQTT Call: JavaClientExample] INFO  com.example.mqtt.MessageData - Topic: data/s/nhnacademy/b/gyeongnam_campus/p/storage/d/24e124136d151547/n/입구/g/24e124fffef79304/e/lora
Message Data:
time: 1745194246577
value: 

2025-04-21 09:10:47 [MQTT Call: JavaClientExample] INFO  com.example.mqtt.InfluxDBService - Extracted tagkey -> location: storage, kind: 입구, data: lora
Value into InfluxDB: 0.0
2025-04-21 09:10:47 [MQTT Call: JavaClientExample] INFO  com.example.mqtt.MessageData - Data sent to InfluxDBService: data/s/nhnacademy/b/gyeongnam_campus/p/storage/d/24e124136d151547/n/입구/g/24e124fffef79304/e/lora -> 0.0
2025-04-21 09:10:47 [MQTT Call: JavaClientExample] INFO  com.example.mqtt.MessageData - Topic: data/s/nhnacademy/b/gyeongnam_campus/p/campus/d/gem3500_1/n/전등1/e/power_meter
Message Data:
time: 1745194246951
type: 3
leakageCurrent: 0
current: 694
activePower: 1308
reactivePower: -338
tapparentPower: 1529
powerFactor: 85.55
currentUnbalance: 0
lines: 

2025-04-21 09:10:47 [MQTT Call: JavaClientExample] WARN  com.example.mqtt.MessageData - No 'value' field found in message, skipping InfluxDB write.
2025-04-21 09:10:47 [MQTT Call: JavaClientExample] INFO  com.example.mqtt.MessageData - Topic: data/s/nhnacademy/b/gyeongnam_campus/p/campus/d/gem3500_1/n/전등2/e/power_meter
Message Data:
time: 1745194247052
type: 1
leakageCurrent: 0
current: 567
activePower: 1137
reactivePower: -290
tapparentPower: 1255
powerFactor: 90.63
currentUnbalance: 0
lines: 

2025-04-21 09:10:47 [MQTT Call: JavaClientExample] WARN  com.example.mqtt.MessageData - No 'value' field found in message, skipping InfluxDB write.
2025-04-21 09:10:47 [MQTT Call: JavaClientExample] INFO  com.example.mqtt.MessageData - Topic: data/s/nhnacademy/b/gyeongnam_campus/p/campus/d/gem3500_1/n/전등3/e/power_meter
Message Data:
time: 1745194247153
type: 2
leakageCurrent: 0
current: 0
activePower: 0
reactivePower: 0
tapparentPower: 0
powerFactor: 0
currentUnbalance: 0
lines: 

2025-04-21 09:10:47 [MQTT Call: JavaClientExample] WARN  com.example.mqtt.MessageData - No 'value' field found in message, skipping InfluxDB write.
2025-04-21 09:10:47 [MQTT Call: JavaClientExample] INFO  com.example.mqtt.MessageData - Topic: data/s/nhnacademy/b/gyeongnam_campus/p/campus/d/gem3500_1/n/강의실b_바닥/e/power_meter
Message Data:
time: 1745194247254
type: 3
leakageCurrent: 0
current: 170
activePower: 261
reactivePower: -208
tapparentPower: 386
powerFactor: 67.7
currentUnbalance: 0
lines: 

2025-04-21 09:10:47 [MQTT Call: JavaClientExample] WARN  com.example.mqtt.MessageData - No 'value' field found in message, skipping InfluxDB write.
2025-04-21 09:10:47 [MQTT Call: JavaClientExample] INFO  com.example.mqtt.MessageData - Topic: data/s/nhnacademy/b/gyeongnam_campus/p/campus/d/gem3500_1/n/강의실a_바닥1/e/power_meter
Message Data:
time: 1745194247357
type: 1
leakageCurrent: 0
current: 154
activePower: 218
reactivePower: -240
tapparentPower: 338
powerFactor: 64.53
currentUnbalance: 0
lines: 

2025-04-21 09:10:47 [MQTT Call: JavaClientExample] WARN  com.example.mqtt.MessageData - No 'value' field found in message, skipping InfluxDB write.
2025-04-21 09:10:47 [MQTT Call: JavaClientExample] INFO  com.example.mqtt.MessageData - Topic: data/s/nhnacademy/b/gyeongnam_campus/p/campus/d/gem3500_1/n/강의실a_바닥2/e/power_meter
Message Data:
time: 1745194247457
type: 2
leakageCurrent: 0
current: 129
activePower: 211
reactivePower: -144
tapparentPower: 280
powerFactor: 75.21
currentUnbalance: 0
lines: 

2025-04-21 09:10:47 [MQTT Call: JavaClientExample] WARN  com.example.mqtt.MessageData - No 'value' field found in message, skipping InfluxDB write.
2025-04-21 09:10:47 [MQTT Call: JavaClientExample] INFO  com.example.mqtt.MessageData - Topic: data/s/nhnacademy/b/gyeongnam_campus/p/campus/d/gem3500_1/n/프로젝터1/e/power_meter
Message Data:
time: 1745194247558
type: 3
leakageCurrent: 0
current: 73
activePower: 76
reactivePower: -129
tapparentPower: 160
powerFactor: 47.76
currentUnbalance: 0
lines: 

2025-04-21 09:10:47 [MQTT Call: JavaClientExample] WARN  com.example.mqtt.MessageData - No 'value' field found in message, skipping InfluxDB write.
2025-04-21 09:10:48 [MQTT Call: JavaClientExample] INFO  com.example.mqtt.MessageData - Topic: data/s/nhnacademy/b/gyeongnam_campus/p/campus/d/gem3500_1/n/프로젝터2/e/power_meter
Message Data:
time: 1745194247658
type: 1
leakageCurrent: 0
current: 55
activePower: 88
reactivePower: -74
tapparentPower: 124
powerFactor: 71.15
currentUnbalance: 0
lines: 

2025-04-21 09:10:48 [MQTT Call: JavaClientExample] WARN  com.example.mqtt.MessageData - No 'value' field found in message, skipping InfluxDB write.
2025-04-21 09:10:48 [MQTT Call: JavaClientExample] INFO  com.example.mqtt.MessageData - Topic: data/s/nhnacademy/b/gyeongnam_campus/p/campus/d/gem3500_1/n/회의실/e/power_meter
Message Data:
time: 1745194247761
type: 2
leakageCurrent: 0
current: 14
activePower: 4
reactivePower: -31
tapparentPower: 33
powerFactor: 14.28
currentUnbalance: 0
lines: 

2025-04-21 09:10:48 [MQTT Call: JavaClientExample] WARN  com.example.mqtt.MessageData - No 'value' field found in message, skipping InfluxDB write.
2025-04-21 09:10:48 [MQTT Call: JavaClientExample] INFO  com.example.mqtt.MessageData - Topic: data/s/nhnacademy/b/gyeongnam_campus/p/campus/d/gem3500_1/n/서버실/e/power_meter
Message Data:
time: 1745194247863
type: 3
leakageCurrent: 0
current: 198
activePower: 391
reactivePower: -115
tapparentPower: 436
powerFactor: 89.56
currentUnbalance: 0
lines: 

2025-04-21 09:10:48 [MQTT Call: JavaClientExample] WARN  com.example.mqtt.MessageData - No 'value' field found in message, skipping InfluxDB write.
2025-04-21 09:10:48 [MQTT Call: JavaClientExample] INFO  com.example.mqtt.MessageData - Topic: data/s/nhnacademy/b/gyeongnam_campus/p/campus/d/gem3500_1/n/간판/e/power_meter
Message Data:
time: 1745194247963
type: 1
leakageCurrent: 0
current: 0
activePower: 0
reactivePower: 0
tapparentPower: 0
powerFactor: 0
currentUnbalance: 0
lines: 

2025-04-21 09:10:48 [MQTT Call: JavaClientExample] WARN  com.example.mqtt.MessageData - No 'value' field found in message, skipping InfluxDB write.
2025-04-21 09:10:48 [MQTT Call: JavaClientExample] INFO  com.example.mqtt.MessageData - Topic: data/s/nhnacademy/b/gyeongnam_campus/p/campus/d/gem3500_1/n/페어룸/e/power_meter
Message Data:
time: 1745194248065
type: 2
leakageCurrent: 0
current: 0
activePower: 0
reactivePower: 0
tapparentPower: 0
powerFactor: 0
currentUnbalance: 0
lines: 

2025-04-21 09:10:48 [MQTT Call: JavaClientExample] WARN  com.example.mqtt.MessageData - No 'value' field found in message, skipping InfluxDB write.
2025-04-21 09:10:48 [MQTT Call: JavaClientExample] INFO  com.example.mqtt.MessageData - Topic: data/s/nhnacademy/b/gyeongnam_campus/p/campus/d/gem3500_1/n/사무실_전열1/e/power_meter
Message Data:
time: 1745194248164
type: 3
leakageCurrent: 0
current: 82
activePower: 100
reactivePower: -57
tapparentPower: 180
powerFactor: 56
currentUnbalance: 0
lines: 

2025-04-21 09:10:48 [MQTT Call: JavaClientExample] WARN  com.example.mqtt.MessageData - No 'value' field found in message, skipping InfluxDB write.
2025-04-21 09:10:48 [MQTT Call: JavaClientExample] INFO  com.example.mqtt.MessageData - Topic: data/s/nhnacademy/b/gyeongnam_campus/p/campus/d/gem3500_1/n/사무실_전열2/e/power_meter
Message Data:
time: 1745194248266
type: 3
leakageCurrent: 0
current: 26
activePower: 7
reactivePower: -52
tapparentPower: 57
powerFactor: 12.5
currentUnbalance: 0
lines: 

2025-04-21 09:10:48 [MQTT Call: JavaClientExample] WARN  com.example.mqtt.MessageData - No 'value' field found in message, skipping InfluxDB write.
2025-04-21 09:10:48 [MQTT Call: JavaClientExample] INFO  com.example.mqtt.MessageData - Topic: data/s/nhnacademy/b/gyeongnam_campus/p/campus/d/gem3500_1/n/사무실_복사기/e/power_meter
Message Data:
time: 1745194248367
type: 1
leakageCurrent: 0
current: 7
activePower: 7
reactivePower: 0
tapparentPower: 14
powerFactor: 50
currentUnbalance: 0
lines: 

2025-04-21 09:10:48 [MQTT Call: JavaClientExample] WARN  com.example.mqtt.MessageData - No 'value' field found in message, skipping InfluxDB write.
2025-04-21 09:10:48 [MQTT Call: JavaClientExample] INFO  com.example.mqtt.MessageData - Topic: data/s/nhnacademy/b/gyeongnam_campus/p/campus/d/gem3500_1/n/빌트인_전열/e/power_meter
Message Data:
time: 1745194248470
type: 2
leakageCurrent: 0
current: 5
activePower: 4
reactivePower: -7
tapparentPower: 12
powerFactor: 40
currentUnbalance: 0
lines: 

2025-04-21 09:10:48 [MQTT Call: JavaClientExample] WARN  com.example.mqtt.MessageData - No 'value' field found in message, skipping InfluxDB write.
2025-04-21 09:10:48 [MQTT Call: JavaClientExample] INFO  com.example.mqtt.MessageData - Topic: data/s/nhnacademy/b/gyeongnam_campus/p/campus/d/gem3500_1/n/사무실_전열3/e/power_meter
Message Data:
time: 1745194248571
type: 3
leakageCurrent: 0
current: 0
activePower: 0
reactivePower: 0
tapparentPower: 0
powerFactor: 0
currentUnbalance: 0
lines: 

2025-04-21 09:10:48 [MQTT Call: JavaClientExample] WARN  com.example.mqtt.MessageData - No 'value' field found in message, skipping InfluxDB write.
2025-04-21 09:10:48 [MQTT Call: JavaClientExample] INFO  com.example.mqtt.MessageData - Topic: data/s/nhnacademy/b/gyeongnam_campus/p/campus/d/gem3500_1/n/정수기/e/power_meter
Message Data:
time: 1745194248670
type: 1
leakageCurrent: 0
current: 271
activePower: 588
reactivePower: 117
tapparentPower: 600
powerFactor: 97.99
currentUnbalance: 0
lines: 

2025-04-21 09:10:48 [MQTT Call: JavaClientExample] WARN  com.example.mqtt.MessageData - No 'value' field found in message, skipping InfluxDB write.
2025-04-21 09:10:48 [MQTT Call: JavaClientExample] INFO  com.example.mqtt.MessageData - Topic: data/s/nhnacademy/b/gyeongnam_campus/p/campus/d/gem3500_1/n/하이브_전열/e/power_meter
Message Data:
time: 1745194248772
type: 2
leakageCurrent: 0
current: 65
activePower: 124
reactivePower: -48
tapparentPower: 144
powerFactor: 86.66
currentUnbalance: 0
lines: 

2025-04-21 09:10:48 [MQTT Call: JavaClientExample] WARN  com.example.mqtt.MessageData - No 'value' field found in message, skipping InfluxDB write.
2025-04-21 09:10:48 [MQTT Call: JavaClientExample] INFO  com.example.mqtt.MessageData - Topic: data/s/nhnacademy/b/gyeongnam_campus/p/campus/d/gem3500_1/n/바텐_전열/e/power_meter
Message Data:
time: 1745194248875
type: 3
leakageCurrent: 0
current: 0
activePower: 0
reactivePower: 0
tapparentPower: 0
powerFactor: 0
currentUnbalance: 0
lines: 

2025-04-21 09:10:48 [MQTT Call: JavaClientExample] WARN  com.example.mqtt.MessageData - No 'value' field found in message, skipping InfluxDB write.
2025-04-21 09:10:50 [MQTT Call: JavaClientExample] INFO  com.example.mqtt.MessageData - Topic: data/s/nhnacademy/b/gyeongnam_campus/p/campus/d/gem3500_1/n/S_P/e/power_meter
Message Data:
time: 1745194248974
type: 1
leakageCurrent: 0
current: 0
activePower: 0
reactivePower: 0
tapparentPower: 0
powerFactor: 0
currentUnbalance: 0
lines: 

2025-04-21 09:10:50 [MQTT Call: JavaClientExample] WARN  com.example.mqtt.MessageData - No 'value' field found in message, skipping InfluxDB write.
2025-04-21 09:10:50 [MQTT Call: JavaClientExample] INFO  com.example.mqtt.MessageData - Topic: data/s/nhnacademy/b/gyeongnam_campus/p/campus/d/gem3500_1/n/공조기/e/power_meter
Message Data:
time: 1745194249075
type: 2
leakageCurrent: 0
current: 15
activePower: 2
reactivePower: -33
tapparentPower: 36
powerFactor: 6.66
currentUnbalance: 0
lines: 

2025-04-21 09:10:50 [MQTT Call: JavaClientExample] WARN  com.example.mqtt.MessageData - No 'value' field found in message, skipping InfluxDB write.
2025-04-21 09:10:50 [MQTT Call: JavaClientExample] INFO  com.example.mqtt.MessageData - Topic: data/s/nhnacademy/b/gyeongnam_campus/p/campus/d/gem3500_1/n/AC/e/power_meter
Message Data:
time: 1745194249176
type: 3
leakageCurrent: 0
current: 154
activePower: 218
reactivePower: 26
tapparentPower: 331
powerFactor: 65.94
currentUnbalance: 0
lines: 

2025-04-21 09:10:50 [MQTT Call: JavaClientExample] WARN  com.example.mqtt.MessageData - No 'value' field found in message, skipping InfluxDB write.
2025-04-21 09:11:17 [MQTT Call: JavaClientExample] INFO  com.example.mqtt.MessageData - Topic: data/s/nhnacademy/b/gyeongnam_campus/p/hive/d/24e124725d081175/sp/8인 책상/n/8인 책상/e/temperature
Message Data:
time: 1745194276036
value: 24

2025-04-21 09:11:17 [MQTT Call: JavaClientExample] INFO  com.example.mqtt.InfluxDBService - Extracted tagkey -> location: hive, kind: 8인 책상, data: temperature
Value into InfluxDB: 24.0
2025-04-21 09:11:17 [MQTT Call: JavaClientExample] INFO  com.example.mqtt.MessageData - Data sent to InfluxDBService: data/s/nhnacademy/b/gyeongnam_campus/p/hive/d/24e124725d081175/sp/8인 책상/n/8인 책상/e/temperature -> 24.0
2025-04-21 09:11:17 [MQTT Call: JavaClientExample] INFO  com.example.mqtt.MessageData - Topic: data/s/nhnacademy/b/gyeongnam_campus/p/hive/d/24e124725d081175/sp/8인 책상/n/8인 책상/e/battery
Message Data:
time: 1745194276036
value: 77

2025-04-21 09:11:17 [MQTT Call: JavaClientExample] INFO  com.example.mqtt.InfluxDBService - Extracted tagkey -> location: hive, kind: 8인 책상, data: battery
Value into InfluxDB: 77.0
2025-04-21 09:11:17 [MQTT Call: JavaClientExample] INFO  com.example.mqtt.MessageData - Data sent to InfluxDBService: data/s/nhnacademy/b/gyeongnam_campus/p/hive/d/24e124725d081175/sp/8인 책상/n/8인 책상/e/battery -> 77.0
2025-04-21 09:11:17 [MQTT Call: JavaClientExample] INFO  com.example.mqtt.MessageData - Topic: data/s/nhnacademy/b/gyeongnam_campus/p/hive/d/24e124725d081175/sp/8인 책상/n/8인 책상/e/humidity
Message Data:
time: 1745194276036
value: 47.5

2025-04-21 09:11:17 [MQTT Call: JavaClientExample] INFO  com.example.mqtt.InfluxDBService - Extracted tagkey -> location: hive, kind: 8인 책상, data: humidity
Value into InfluxDB: 47.5
2025-04-21 09:11:17 [MQTT Call: JavaClientExample] INFO  com.example.mqtt.MessageData - Data sent to InfluxDBService: data/s/nhnacademy/b/gyeongnam_campus/p/hive/d/24e124725d081175/sp/8인 책상/n/8인 책상/e/humidity -> 47.5
2025-04-21 09:11:17 [MQTT Call: JavaClientExample] INFO  com.example.mqtt.MessageData - Topic: data/s/nhnacademy/b/gyeongnam_campus/p/hive/d/24e124725d081175/sp/8인 책상/n/8인 책상/e/co2
Message Data:
time: 1745194276036
value: 556

2025-04-21 09:11:17 [MQTT Call: JavaClientExample] INFO  com.example.mqtt.InfluxDBService - Extracted tagkey -> location: hive, kind: 8인 책상, data: co2
Value into InfluxDB: 556.0
2025-04-21 09:11:17 [MQTT Call: JavaClientExample] INFO  com.example.mqtt.MessageData - Data sent to InfluxDBService: data/s/nhnacademy/b/gyeongnam_campus/p/hive/d/24e124725d081175/sp/8인 책상/n/8인 책상/e/co2 -> 556.0
2025-04-21 09:11:17 [MQTT Call: JavaClientExample] INFO  com.example.mqtt.MessageData - Topic: data/s/nhnacademy/b/gyeongnam_campus/p/hive/d/24e124725d081175/sp/8인 책상/n/8인 책상/g/24e124fffef79304/e/lora
Message Data:
time: 1745194276036
value: 

2025-04-21 09:11:17 [MQTT Call: JavaClientExample] INFO  com.example.mqtt.InfluxDBService - Extracted tagkey -> location: hive, kind: 8인 책상, data: lora
Value into InfluxDB: 0.0
2025-04-21 09:11:17 [MQTT Call: JavaClientExample] INFO  com.example.mqtt.MessageData - Data sent to InfluxDBService: data/s/nhnacademy/b/gyeongnam_campus/p/hive/d/24e124725d081175/sp/8인 책상/n/8인 책상/g/24e124fffef79304/e/lora -> 0.0
2025-04-21 09:11:17 [MQTT Call: JavaClientExample] INFO  com.example.mqtt.MessageData - Topic: data/s/nhnacademy/b/gyeongnam_campus/p/hive/d/24e124725d081175/sp/8인 책상/n/8인 책상/g/24e124fffef5dccc/e/lora
Message Data:
time: 1745194276036
value: 

2025-04-21 09:11:17 [MQTT Call: JavaClientExample] INFO  com.example.mqtt.InfluxDBService - Extracted tagkey -> location: hive, kind: 8인 책상, data: lora
Value into InfluxDB: 0.0
2025-04-21 09:11:17 [MQTT Call: JavaClientExample] INFO  com.example.mqtt.MessageData - Data sent to InfluxDBService: data/s/nhnacademy/b/gyeongnam_campus/p/hive/d/24e124725d081175/sp/8인 책상/n/8인 책상/g/24e124fffef5dccc/e/lora -> 0.0
2025-04-21 09:11:18 [MQTT Call: JavaClientExample] INFO  com.example.mqtt.MessageData - Topic: data/s/nhnacademy/b/gyeongnam_campus/p/class_a/d/24e124128c067999/sp/입구/n/입구/e/co2
Message Data:
time: 1745194277138
value: 571

2025-04-21 09:11:18 [MQTT Call: JavaClientExample] INFO  com.example.mqtt.InfluxDBService - Extracted tagkey -> location: class_a, kind: 입구, data: co2
Value into InfluxDB: 571.0
2025-04-21 09:11:18 [MQTT Call: JavaClientExample] INFO  com.example.mqtt.MessageData - Data sent to InfluxDBService: data/s/nhnacademy/b/gyeongnam_campus/p/class_a/d/24e124128c067999/sp/입구/n/입구/e/co2 -> 571.0
2025-04-21 09:11:18 [MQTT Call: JavaClientExample] INFO  com.example.mqtt.MessageData - Topic: data/s/nhnacademy/b/gyeongnam_campus/p/class_a/d/24e124128c067999/sp/입구/n/입구/e/infrared_and_visible
Message Data:
time: 1745194277138
value: 44

2025-04-21 09:11:18 [MQTT Call: JavaClientExample] INFO  com.example.mqtt.InfluxDBService - Extracted tagkey -> location: class_a, kind: 입구, data: infrared_and_visible
Value into InfluxDB: 44.0
2025-04-21 09:11:18 [MQTT Call: JavaClientExample] INFO  com.example.mqtt.MessageData - Data sent to InfluxDBService: data/s/nhnacademy/b/gyeongnam_campus/p/class_a/d/24e124128c067999/sp/입구/n/입구/e/infrared_and_visible -> 44.0
2025-04-21 09:11:18 [MQTT Call: JavaClientExample] INFO  com.example.mqtt.MessageData - Topic: data/s/nhnacademy/b/gyeongnam_campus/p/class_a/d/24e124128c067999/sp/입구/n/입구/e/temperature
Message Data:
time: 1745194277138
value: 23.6

2025-04-21 09:11:18 [MQTT Call: JavaClientExample] INFO  com.example.mqtt.InfluxDBService - Extracted tagkey -> location: class_a, kind: 입구, data: temperature
Value into InfluxDB: 23.6
2025-04-21 09:11:18 [MQTT Call: JavaClientExample] INFO  com.example.mqtt.MessageData - Data sent to InfluxDBService: data/s/nhnacademy/b/gyeongnam_campus/p/class_a/d/24e124128c067999/sp/입구/n/입구/e/temperature -> 23.6
2025-04-21 09:11:18 [MQTT Call: JavaClientExample] INFO  com.example.mqtt.MessageData - Topic: data/s/nhnacademy/b/gyeongnam_campus/p/class_a/d/24e124128c067999/sp/입구/n/입구/e/humidity
Message Data:
time: 1745194277138
value: 47.5

2025-04-21 09:11:18 [MQTT Call: JavaClientExample] INFO  com.example.mqtt.InfluxDBService - Extracted tagkey -> location: class_a, kind: 입구, data: humidity
Value into InfluxDB: 47.5
2025-04-21 09:11:18 [MQTT Call: JavaClientExample] INFO  com.example.mqtt.MessageData - Data sent to InfluxDBService: data/s/nhnacademy/b/gyeongnam_campus/p/class_a/d/24e124128c067999/sp/입구/n/입구/e/humidity -> 47.5
2025-04-21 09:11:18 [MQTT Call: JavaClientExample] INFO  com.example.mqtt.MessageData - Topic: data/s/nhnacademy/b/gyeongnam_campus/p/class_a/d/24e124128c067999/sp/입구/n/입구/e/activity
Message Data:
time: 1745194277138
value: 19

2025-04-21 09:11:18 [MQTT Call: JavaClientExample] INFO  com.example.mqtt.InfluxDBService - Extracted tagkey -> location: class_a, kind: 입구, data: activity
Value into InfluxDB: 19.0
2025-04-21 09:11:18 [MQTT Call: JavaClientExample] INFO  com.example.mqtt.MessageData - Data sent to InfluxDBService: data/s/nhnacademy/b/gyeongnam_campus/p/class_a/d/24e124128c067999/sp/입구/n/입구/e/activity -> 19.0
2025-04-21 09:11:18 [MQTT Call: JavaClientExample] INFO  com.example.mqtt.MessageData - Topic: data/s/nhnacademy/b/gyeongnam_campus/p/class_a/d/24e124128c067999/sp/입구/n/입구/e/tvoc
Message Data:
time: 1745194277138
value: 300

2025-04-21 09:11:18 [MQTT Call: JavaClientExample] INFO  com.example.mqtt.InfluxDBService - Extracted tagkey -> location: class_a, kind: 입구, data: tvoc
Value into InfluxDB: 300.0
2025-04-21 09:11:18 [MQTT Call: JavaClientExample] INFO  com.example.mqtt.MessageData - Data sent to InfluxDBService: data/s/nhnacademy/b/gyeongnam_campus/p/class_a/d/24e124128c067999/sp/입구/n/입구/e/tvoc -> 300.0
2025-04-21 09:11:18 [MQTT Call: JavaClientExample] INFO  com.example.mqtt.MessageData - Topic: data/s/nhnacademy/b/gyeongnam_campus/p/class_a/d/24e124128c067999/sp/입구/n/입구/e/pressure
Message Data:
time: 1745194277138
value: 1009.5

2025-04-21 09:11:18 [MQTT Call: JavaClientExample] INFO  com.example.mqtt.InfluxDBService - Extracted tagkey -> location: class_a, kind: 입구, data: pressure
Value into InfluxDB: 1009.5
2025-04-21 09:11:18 [MQTT Call: JavaClientExample] INFO  com.example.mqtt.MessageData - Data sent to InfluxDBService: data/s/nhnacademy/b/gyeongnam_campus/p/class_a/d/24e124128c067999/sp/입구/n/입구/e/pressure -> 1009.5
2025-04-21 09:11:18 [MQTT Call: JavaClientExample] INFO  com.example.mqtt.MessageData - Topic: data/s/nhnacademy/b/gyeongnam_campus/p/class_a/d/24e124128c067999/sp/입구/n/입구/e/illumination
Message Data:
time: 1745194277138
value: 63

2025-04-21 09:11:18 [MQTT Call: JavaClientExample] INFO  com.example.mqtt.InfluxDBService - Extracted tagkey -> location: class_a, kind: 입구, data: illumination
Value into InfluxDB: 63.0
2025-04-21 09:11:18 [MQTT Call: JavaClientExample] INFO  com.example.mqtt.MessageData - Data sent to InfluxDBService: data/s/nhnacademy/b/gyeongnam_campus/p/class_a/d/24e124128c067999/sp/입구/n/입구/e/illumination -> 63.0
2025-04-21 09:11:18 [MQTT Call: JavaClientExample] INFO  com.example.mqtt.MessageData - Topic: data/s/nhnacademy/b/gyeongnam_campus/p/class_a/d/24e124128c067999/sp/입구/n/입구/e/infrared
Message Data:
time: 1745194277138
value: 7

2025-04-21 09:11:18 [MQTT Call: JavaClientExample] INFO  com.example.mqtt.InfluxDBService - Extracted tagkey -> location: class_a, kind: 입구, data: infrared
Value into InfluxDB: 7.0
2025-04-21 09:11:18 [MQTT Call: JavaClientExample] INFO  com.example.mqtt.MessageData - Data sent to InfluxDBService: data/s/nhnacademy/b/gyeongnam_campus/p/class_a/d/24e124128c067999/sp/입구/n/입구/e/infrared -> 7.0
2025-04-21 09:11:18 [MQTT Call: JavaClientExample] INFO  com.example.mqtt.MessageData - Topic: data/s/nhnacademy/b/gyeongnam_campus/p/class_a/d/24e124128c067999/sp/입구/n/입구/g/24e124fffef79304/e/lora
Message Data:
time: 1745194277138
value: 

2025-04-21 09:11:18 [MQTT Call: JavaClientExample] INFO  com.example.mqtt.InfluxDBService - Extracted tagkey -> location: class_a, kind: 입구, data: lora
Value into InfluxDB: 0.0
2025-04-21 09:11:18 [MQTT Call: JavaClientExample] INFO  com.example.mqtt.MessageData - Data sent to InfluxDBService: data/s/nhnacademy/b/gyeongnam_campus/p/class_a/d/24e124128c067999/sp/입구/n/입구/g/24e124fffef79304/e/lora -> 0.0
2025-04-21 09:11:19 [MQTT Call: JavaClientExample] INFO  com.example.mqtt.MessageData - Topic: data/s/nhnacademy/b/gyeongnam_campus/p/class_a/d/24e124128c067999/sp/입구/n/입구/g/24e124fffef5dccc/e/lora
Message Data:
time: 1745194277138
value: 

2025-04-21 09:11:19 [MQTT Call: JavaClientExample] INFO  com.example.mqtt.InfluxDBService - Extracted tagkey -> location: class_a, kind: 입구, data: lora
Value into InfluxDB: 0.0
2025-04-21 09:11:19 [MQTT Call: JavaClientExample] INFO  com.example.mqtt.MessageData - Data sent to InfluxDBService: data/s/nhnacademy/b/gyeongnam_campus/p/class_a/d/24e124128c067999/sp/입구/n/입구/g/24e124fffef5dccc/e/lora -> 0.0
2025-04-21 09:11:19 [MQTT Call: JavaClientExample] INFO  com.example.mqtt.MessageData - Topic: data/s/nhnacademy/b/gyeongnam_campus/p/hive/d/24e124785c389010/n/정수기 위/e/humidity
Message Data:
time: 1745194278898
value: 45.5

2025-04-21 09:11:19 [MQTT Call: JavaClientExample] INFO  com.example.mqtt.InfluxDBService - Extracted tagkey -> location: hive, kind: 정수기 위, data: humidity
Value into InfluxDB: 45.5
2025-04-21 09:11:19 [MQTT Call: JavaClientExample] INFO  com.example.mqtt.MessageData - Data sent to InfluxDBService: data/s/nhnacademy/b/gyeongnam_campus/p/hive/d/24e124785c389010/n/정수기 위/e/humidity -> 45.5
2025-04-21 09:11:19 [MQTT Call: JavaClientExample] INFO  com.example.mqtt.MessageData - Topic: data/s/nhnacademy/b/gyeongnam_campus/p/hive/d/24e124785c389010/n/정수기 위/e/temperature
Message Data:
time: 1745194278898
value: 24.4

2025-04-21 09:11:19 [MQTT Call: JavaClientExample] INFO  com.example.mqtt.InfluxDBService - Extracted tagkey -> location: hive, kind: 정수기 위, data: temperature
Value into InfluxDB: 24.4
2025-04-21 09:11:19 [MQTT Call: JavaClientExample] INFO  com.example.mqtt.MessageData - Data sent to InfluxDBService: data/s/nhnacademy/b/gyeongnam_campus/p/hive/d/24e124785c389010/n/정수기 위/e/temperature -> 24.4
2025-04-21 09:11:19 [MQTT Call: JavaClientExample] INFO  com.example.mqtt.MessageData - Topic: data/s/nhnacademy/b/gyeongnam_campus/p/hive/d/24e124785c389010/n/정수기 위/e/battery
Message Data:
time: 1745194278898
value: 86

2025-04-21 09:11:19 [MQTT Call: JavaClientExample] INFO  com.example.mqtt.InfluxDBService - Extracted tagkey -> location: hive, kind: 정수기 위, data: battery
Value into InfluxDB: 86.0
2025-04-21 09:11:19 [MQTT Call: JavaClientExample] INFO  com.example.mqtt.MessageData - Data sent to InfluxDBService: data/s/nhnacademy/b/gyeongnam_campus/p/hive/d/24e124785c389010/n/정수기 위/e/battery -> 86.0
2025-04-21 09:11:19 [MQTT Call: JavaClientExample] INFO  com.example.mqtt.MessageData - Topic: data/s/nhnacademy/b/gyeongnam_campus/p/hive/d/24e124785c389010/n/정수기 위/g/24e124fffef5dccc/e/lora
Message Data:
time: 1745194278898
value: 

2025-04-21 09:11:19 [MQTT Call: JavaClientExample] INFO  com.example.mqtt.InfluxDBService - Extracted tagkey -> location: hive, kind: 정수기 위, data: lora
Value into InfluxDB: 0.0
2025-04-21 09:11:19 [MQTT Call: JavaClientExample] INFO  com.example.mqtt.MessageData - Data sent to InfluxDBService: data/s/nhnacademy/b/gyeongnam_campus/p/hive/d/24e124785c389010/n/정수기 위/g/24e124fffef5dccc/e/lora -> 0.0
2025-04-21 09:11:19 [MQTT Call: JavaClientExample] INFO  com.example.mqtt.MessageData - Topic: data/s/nhnacademy/b/gyeongnam_campus/p/hive/d/24e124785c389010/n/정수기 위/g/24e124fffef79304/e/lora
Message Data:
time: 1745194278898
value: 

2025-04-21 09:11:19 [MQTT Call: JavaClientExample] INFO  com.example.mqtt.InfluxDBService - Extracted tagkey -> location: hive, kind: 정수기 위, data: lora
Value into InfluxDB: 0.0
2025-04-21 09:11:19 [MQTT Call: JavaClientExample] INFO  com.example.mqtt.MessageData - Data sent to InfluxDBService: data/s/nhnacademy/b/gyeongnam_campus/p/hive/d/24e124785c389010/n/정수기 위/g/24e124fffef79304/e/lora -> 0.0
2025-04-21 09:11:28 [MQTT Call: JavaClientExample] INFO  com.example.mqtt.MessageData - Topic: data/s/nhnacademy/b/gyeongnam_campus/p/server_room/d/24e124136d151368/n/입구/e/temperature
Message Data:
time: 1745194286498
value: 24.3

2025-04-21 09:11:28 [MQTT Call: JavaClientExample] INFO  com.example.mqtt.InfluxDBService - Extracted tagkey -> location: server_room, kind: 입구, data: temperature
Value into InfluxDB: 24.3
2025-04-21 09:11:28 [MQTT Call: JavaClientExample] INFO  com.example.mqtt.MessageData - Data sent to InfluxDBService: data/s/nhnacademy/b/gyeongnam_campus/p/server_room/d/24e124136d151368/n/입구/e/temperature -> 24.3
2025-04-21 09:11:29 [MQTT Call: JavaClientExample] INFO  com.example.mqtt.MessageData - Topic: data/s/nhnacademy/b/gyeongnam_campus/p/server_room/d/24e124136d151368/n/입구/e/humidity
Message Data:
time: 1745194286498
value: 45

2025-04-21 09:11:29 [MQTT Call: JavaClientExample] INFO  com.example.mqtt.InfluxDBService - Extracted tagkey -> location: server_room, kind: 입구, data: humidity
Value into InfluxDB: 45.0
2025-04-21 09:11:29 [MQTT Call: JavaClientExample] INFO  com.example.mqtt.MessageData - Data sent to InfluxDBService: data/s/nhnacademy/b/gyeongnam_campus/p/server_room/d/24e124136d151368/n/입구/e/humidity -> 45.0
2025-04-21 09:11:29 [MQTT Call: JavaClientExample] INFO  com.example.mqtt.MessageData - Topic: data/s/nhnacademy/b/gyeongnam_campus/p/server_room/d/24e124136d151368/n/입구/g/24e124fffef79304/e/lora
Message Data:
time: 1745194286498
value: 

2025-04-21 09:11:29 [MQTT Call: JavaClientExample] INFO  com.example.mqtt.InfluxDBService - Extracted tagkey -> location: server_room, kind: 입구, data: lora
Value into InfluxDB: 0.0
2025-04-21 09:11:29 [MQTT Call: JavaClientExample] INFO  com.example.mqtt.MessageData - Data sent to InfluxDBService: data/s/nhnacademy/b/gyeongnam_campus/p/server_room/d/24e124136d151368/n/입구/g/24e124fffef79304/e/lora -> 0.0
2025-04-21 09:11:29 [MQTT Call: JavaClientExample] INFO  com.example.mqtt.MessageData - Topic: data/s/nhnacademy/b/gyeongnam_campus/p/server_room/d/24e124136d151368/n/입구/g/24e124fffef5dccc/e/lora
Message Data:
time: 1745194286498
value: 

2025-04-21 09:11:29 [MQTT Call: JavaClientExample] INFO  com.example.mqtt.InfluxDBService - Extracted tagkey -> location: server_room, kind: 입구, data: lora
Value into InfluxDB: 0.0
2025-04-21 09:11:29 [MQTT Call: JavaClientExample] INFO  com.example.mqtt.MessageData - Data sent to InfluxDBService: data/s/nhnacademy/b/gyeongnam_campus/p/server_room/d/24e124136d151368/n/입구/g/24e124fffef5dccc/e/lora -> 0.0
2025-04-21 09:11:30 [MQTT Call: JavaClientExample] INFO  com.example.mqtt.MessageData - Topic: data/s/nhnacademy/b/gyeongnam_campus/p/pair_room/d/24e124617d159573/n/2/e/battery
Message Data:
time: 1745194289572
value: 33

2025-04-21 09:11:30 [MQTT Call: JavaClientExample] INFO  com.example.mqtt.InfluxDBService - Extracted tagkey -> location: pair_room, kind: 2, data: battery
Value into InfluxDB: 33.0
2025-04-21 09:11:30 [MQTT Call: JavaClientExample] INFO  com.example.mqtt.MessageData - Data sent to InfluxDBService: data/s/nhnacademy/b/gyeongnam_campus/p/pair_room/d/24e124617d159573/n/2/e/battery -> 33.0
2025-04-21 09:11:31 [MQTT Call: JavaClientExample] INFO  com.example.mqtt.MessageData - Topic: data/s/nhnacademy/b/gyeongnam_campus/p/pair_room/d/24e124617d159573/n/2/e/distance
Message Data:
time: 1745194289572
value: 2235

2025-04-21 09:11:31 [MQTT Call: JavaClientExample] INFO  com.example.mqtt.InfluxDBService - Extracted tagkey -> location: pair_room, kind: 2, data: distance
Value into InfluxDB: 2235.0
2025-04-21 09:11:31 [MQTT Call: JavaClientExample] INFO  com.example.mqtt.MessageData - Data sent to InfluxDBService: data/s/nhnacademy/b/gyeongnam_campus/p/pair_room/d/24e124617d159573/n/2/e/distance -> 2235.0
2025-04-21 09:11:31 [MQTT Call: JavaClientExample] INFO  com.example.mqtt.MessageData - Topic: data/s/nhnacademy/b/gyeongnam_campus/p/pair_room/d/24e124617d159573/n/2/e/occupancy
Message Data:
time: 1745194289572
value: 0

2025-04-21 09:11:31 [MQTT Call: JavaClientExample] INFO  com.example.mqtt.InfluxDBService - Extracted tagkey -> location: pair_room, kind: 2, data: occupancy
Value into InfluxDB: 0.0
2025-04-21 09:11:31 [MQTT Call: JavaClientExample] INFO  com.example.mqtt.MessageData - Data sent to InfluxDBService: data/s/nhnacademy/b/gyeongnam_campus/p/pair_room/d/24e124617d159573/n/2/e/occupancy -> 0.0
2025-04-21 09:11:31 [MQTT Call: JavaClientExample] INFO  com.example.mqtt.MessageData - Topic: data/s/nhnacademy/b/gyeongnam_campus/p/pair_room/d/24e124617d159573/n/2/g/24e124fffef79304/e/lora
Message Data:
time: 1745194289572
value: 

2025-04-21 09:11:31 [MQTT Call: JavaClientExample] INFO  com.example.mqtt.InfluxDBService - Extracted tagkey -> location: pair_room, kind: 2, data: lora
Value into InfluxDB: 0.0
2025-04-21 09:11:31 [MQTT Call: JavaClientExample] INFO  com.example.mqtt.MessageData - Data sent to InfluxDBService: data/s/nhnacademy/b/gyeongnam_campus/p/pair_room/d/24e124617d159573/n/2/g/24e124fffef79304/e/lora -> 0.0
2025-04-21 09:11:31 [MQTT Call: JavaClientExample] INFO  com.example.mqtt.MessageData - Topic: data/s/nhnacademy/b/gyeongnam_campus/p/pair_room/d/24e124617d159573/n/2/g/24e124fffef5dccc/e/lora
Message Data:
time: 1745194289572
value: 

2025-04-21 09:11:31 [MQTT Call: JavaClientExample] INFO  com.example.mqtt.InfluxDBService - Extracted tagkey -> location: pair_room, kind: 2, data: lora
Value into InfluxDB: 0.0
2025-04-21 09:11:31 [MQTT Call: JavaClientExample] INFO  com.example.mqtt.MessageData - Data sent to InfluxDBService: data/s/nhnacademy/b/gyeongnam_campus/p/pair_room/d/24e124617d159573/n/2/g/24e124fffef5dccc/e/lora -> 0.0
2025-04-21 09:11:35 [MQTT Call: JavaClientExample] INFO  com.example.mqtt.MessageData - Topic: data/s/nhnacademy/b/gyeongnam_campus/p/hive/d/24e124126d111937/sp/farm/n/스마트팜/e/illumination
Message Data:
time: 1745194293342
value: 320

2025-04-21 09:11:35 [MQTT Call: JavaClientExample] INFO  com.example.mqtt.InfluxDBService - Extracted tagkey -> location: hive, kind: 스마트팜, data: illumination
Value into InfluxDB: 320.0
2025-04-21 09:11:35 [MQTT Call: JavaClientExample] INFO  com.example.mqtt.MessageData - Data sent to InfluxDBService: data/s/nhnacademy/b/gyeongnam_campus/p/hive/d/24e124126d111937/sp/farm/n/스마트팜/e/illumination -> 320.0
2025-04-21 09:11:35 [MQTT Call: JavaClientExample] INFO  com.example.mqtt.MessageData - Topic: data/s/nhnacademy/b/gyeongnam_campus/p/hive/d/24e124126d111937/sp/farm/n/스마트팜/g/24e124fffef5dccc/e/lora
Message Data:
time: 1745194293342
value: 

2025-04-21 09:11:35 [MQTT Call: JavaClientExample] INFO  com.example.mqtt.InfluxDBService - Extracted tagkey -> location: hive, kind: 스마트팜, data: lora
Value into InfluxDB: 0.0
2025-04-21 09:11:35 [MQTT Call: JavaClientExample] INFO  com.example.mqtt.MessageData - Data sent to InfluxDBService: data/s/nhnacademy/b/gyeongnam_campus/p/hive/d/24e124126d111937/sp/farm/n/스마트팜/g/24e124fffef5dccc/e/lora -> 0.0
2025-04-21 09:11:35 [MQTT Call: JavaClientExample] INFO  com.example.mqtt.MessageData - Topic: data/s/nhnacademy/b/gyeongnam_campus/p/hive/d/24e124126d111937/sp/farm/n/스마트팜/g/24e124fffef79304/e/lora
Message Data:
time: 1745194293342
value: 

2025-04-21 09:11:35 [MQTT Call: JavaClientExample] INFO  com.example.mqtt.InfluxDBService - Extracted tagkey -> location: hive, kind: 스마트팜, data: lora
Value into InfluxDB: 0.0
2025-04-21 09:11:35 [MQTT Call: JavaClientExample] INFO  com.example.mqtt.MessageData - Data sent to InfluxDBService: data/s/nhnacademy/b/gyeongnam_campus/p/hive/d/24e124126d111937/sp/farm/n/스마트팜/g/24e124fffef79304/e/lora -> 0.0
2025-04-21 09:11:43 [MQTT Call: JavaClientExample] INFO  com.example.mqtt.MessageData - Topic: data/s/nhnacademy/b/gyeongnam_campus/p/hive/d/24e124126c452091/sp/farm/n/스마트팜/e/temperature
Message Data:
time: 1745194302555
value: 23.2

2025-04-21 09:11:43 [MQTT Call: JavaClientExample] INFO  com.example.mqtt.InfluxDBService - Extracted tagkey -> location: hive, kind: 스마트팜, data: temperature
Value into InfluxDB: 23.2
2025-04-21 09:11:43 [MQTT Call: JavaClientExample] INFO  com.example.mqtt.MessageData - Data sent to InfluxDBService: data/s/nhnacademy/b/gyeongnam_campus/p/hive/d/24e124126c452091/sp/farm/n/스마트팜/e/temperature -> 23.2
2025-04-21 09:11:43 [MQTT Call: JavaClientExample] INFO  com.example.mqtt.MessageData - Topic: data/s/nhnacademy/b/gyeongnam_campus/p/hive/d/24e124126c452091/sp/farm/n/스마트팜/g/24e124fffef79304/e/lora
Message Data:
time: 1745194302555
value: 

2025-04-21 09:11:43 [MQTT Call: JavaClientExample] INFO  com.example.mqtt.InfluxDBService - Extracted tagkey -> location: hive, kind: 스마트팜, data: lora
Value into InfluxDB: 0.0
2025-04-21 09:11:43 [MQTT Call: JavaClientExample] INFO  com.example.mqtt.MessageData - Data sent to InfluxDBService: data/s/nhnacademy/b/gyeongnam_campus/p/hive/d/24e124126c452091/sp/farm/n/스마트팜/g/24e124fffef79304/e/lora -> 0.0
2025-04-21 09:11:43 [MQTT Call: JavaClientExample] INFO  com.example.mqtt.MessageData - Topic: data/s/nhnacademy/b/gyeongnam_campus/p/hive/d/24e124126c452091/sp/farm/n/스마트팜/g/24e124fffef5dccc/e/lora
Message Data:
time: 1745194302555
value: 

2025-04-21 09:11:43 [MQTT Call: JavaClientExample] INFO  com.example.mqtt.InfluxDBService - Extracted tagkey -> location: hive, kind: 스마트팜, data: lora
Value into InfluxDB: 0.0
2025-04-21 09:11:43 [MQTT Call: JavaClientExample] INFO  com.example.mqtt.MessageData - Data sent to InfluxDBService: data/s/nhnacademy/b/gyeongnam_campus/p/hive/d/24e124126c452091/sp/farm/n/스마트팜/g/24e124fffef5dccc/e/lora -> 0.0
2025-04-21 09:11:46 [MQTT Call: JavaClientExample] INFO  com.example.mqtt.MessageData - Topic: data/s/nhnacademy/b/gyeongnam_campus/p/campus/d/gem3500_1/n/캠퍼스_LL/e/voltage
Message Data:
time: 1745194306751
value: 379.88

2025-04-21 09:11:46 [MQTT Call: JavaClientExample] INFO  com.example.mqtt.InfluxDBService - Extracted tagkey -> location: campus, kind: 캠퍼스_LL, data: voltage
Value into InfluxDB: 379.88
2025-04-21 09:11:46 [MQTT Call: JavaClientExample] INFO  com.example.mqtt.MessageData - Data sent to InfluxDBService: data/s/nhnacademy/b/gyeongnam_campus/p/campus/d/gem3500_1/n/캠퍼스_LL/e/voltage -> 379.88
2025-04-21 09:11:46 [MQTT Call: JavaClientExample] INFO  com.example.mqtt.MessageData - Topic: data/s/nhnacademy/b/gyeongnam_campus/p/campus/d/gem3500_1/n/캠퍼스_LN/e/voltage
Message Data:
time: 1745194306751
value: 219.32

2025-04-21 09:11:46 [MQTT Call: JavaClientExample] INFO  com.example.mqtt.InfluxDBService - Extracted tagkey -> location: campus, kind: 캠퍼스_LN, data: voltage
Value into InfluxDB: 219.32
2025-04-21 09:11:46 [MQTT Call: JavaClientExample] INFO  com.example.mqtt.MessageData - Data sent to InfluxDBService: data/s/nhnacademy/b/gyeongnam_campus/p/campus/d/gem3500_1/n/캠퍼스_LN/e/voltage -> 219.32
2025-04-21 09:11:46 [MQTT Call: JavaClientExample] INFO  com.example.mqtt.MessageData - Topic: data/s/nhnacademy/b/gyeongnam_campus/p/campus/d/gem3500_1/n/캠퍼스1/e/power_meter
Message Data:
time: 1745194306854
type: 5
leakageCurrent: 0
current: 2506
activePower: 4807
reactivePower: -1671
tapparentPower: 5499
powerFactor: 87.42
currentUnbalance: 73.64
lines: 

2025-04-21 09:11:46 [MQTT Call: JavaClientExample] WARN  com.example.mqtt.MessageData - No 'value' field found in message, skipping InfluxDB write.
2025-04-21 09:11:47 [MQTT Call: JavaClientExample] INFO  com.example.mqtt.MessageData - Topic: data/s/nhnacademy/b/gyeongnam_campus/p/storage/d/24e124136d151547/n/입구/e/battery
Message Data:
time: 1745194306575
value: 1

2025-04-21 09:11:47 [MQTT Call: JavaClientExample] INFO  com.example.mqtt.InfluxDBService - Extracted tagkey -> location: storage, kind: 입구, data: battery
Value into InfluxDB: 1.0
2025-04-21 09:11:47 [MQTT Call: JavaClientExample] INFO  com.example.mqtt.MessageData - Data sent to InfluxDBService: data/s/nhnacademy/b/gyeongnam_campus/p/storage/d/24e124136d151547/n/입구/e/battery -> 1.0
2025-04-21 09:11:47 [MQTT Call: JavaClientExample] INFO  com.example.mqtt.MessageData - Topic: data/s/nhnacademy/b/gyeongnam_campus/p/storage/d/24e124136d151547/n/입구/e/humidity
Message Data:
time: 1745194306575
value: 127.5

2025-04-21 09:11:47 [MQTT Call: JavaClientExample] INFO  com.example.mqtt.InfluxDBService - Extracted tagkey -> location: storage, kind: 입구, data: humidity
Value into InfluxDB: 127.5
2025-04-21 09:11:47 [MQTT Call: JavaClientExample] INFO  com.example.mqtt.MessageData - Data sent to InfluxDBService: data/s/nhnacademy/b/gyeongnam_campus/p/storage/d/24e124136d151547/n/입구/e/humidity -> 127.5
2025-04-21 09:11:47 [MQTT Call: JavaClientExample] INFO  com.example.mqtt.MessageData - Topic: data/s/nhnacademy/b/gyeongnam_campus/p/storage/d/24e124136d151547/n/입구/e/temperature
Message Data:
time: 1745194306575
value: -0.1

2025-04-21 09:11:47 [MQTT Call: JavaClientExample] INFO  com.example.mqtt.InfluxDBService - Extracted tagkey -> location: storage, kind: 입구, data: temperature
Value into InfluxDB: -0.1
2025-04-21 09:11:47 [MQTT Call: JavaClientExample] INFO  com.example.mqtt.MessageData - Data sent to InfluxDBService: data/s/nhnacademy/b/gyeongnam_campus/p/storage/d/24e124136d151547/n/입구/e/temperature -> -0.1
2025-04-21 09:11:47 [MQTT Call: JavaClientExample] INFO  com.example.mqtt.MessageData - Topic: data/s/nhnacademy/b/gyeongnam_campus/p/storage/d/24e124136d151547/n/입구/g/24e124fffef79304/e/lora
Message Data:
time: 1745194306575
value: 

2025-04-21 09:11:47 [MQTT Call: JavaClientExample] INFO  com.example.mqtt.InfluxDBService - Extracted tagkey -> location: storage, kind: 입구, data: lora
Value into InfluxDB: 0.0
2025-04-21 09:11:47 [MQTT Call: JavaClientExample] INFO  com.example.mqtt.MessageData - Data sent to InfluxDBService: data/s/nhnacademy/b/gyeongnam_campus/p/storage/d/24e124136d151547/n/입구/g/24e124fffef79304/e/lora -> 0.0
2025-04-21 09:11:47 [MQTT Call: JavaClientExample] INFO  com.example.mqtt.MessageData - Topic: data/s/nhnacademy/b/gyeongnam_campus/p/storage/d/24e124136d151547/n/입구/g/24e124fffef5dccc/e/lora
Message Data:
time: 1745194306575
value: 

2025-04-21 09:11:47 [MQTT Call: JavaClientExample] INFO  com.example.mqtt.InfluxDBService - Extracted tagkey -> location: storage, kind: 입구, data: lora
Value into InfluxDB: 0.0
2025-04-21 09:11:47 [MQTT Call: JavaClientExample] INFO  com.example.mqtt.MessageData - Data sent to InfluxDBService: data/s/nhnacademy/b/gyeongnam_campus/p/storage/d/24e124136d151547/n/입구/g/24e124fffef5dccc/e/lora -> 0.0
2025-04-21 09:11:47 [MQTT Call: JavaClientExample] INFO  com.example.mqtt.MessageData - Topic: data/s/nhnacademy/b/gyeongnam_campus/p/campus/d/gem3500_1/n/전등1/e/power_meter
Message Data:
time: 1745194306955
type: 3
leakageCurrent: 0
current: 697
activePower: 1308
reactivePower: -341
tapparentPower: 1527
powerFactor: 85.69
currentUnbalance: 0
lines: 

2025-04-21 09:11:47 [MQTT Call: JavaClientExample] WARN  com.example.mqtt.MessageData - No 'value' field found in message, skipping InfluxDB write.
2025-04-21 09:11:47 [MQTT Call: JavaClientExample] INFO  com.example.mqtt.MessageData - Topic: data/s/nhnacademy/b/gyeongnam_campus/p/campus/d/gem3500_1/n/전등2/e/power_meter
Message Data:
time: 1745194307054
type: 1
leakageCurrent: 0
current: 568
activePower: 1140
reactivePower: -288
tapparentPower: 1253
powerFactor: 90.99
currentUnbalance: 0
lines: 

2025-04-21 09:11:47 [MQTT Call: JavaClientExample] WARN  com.example.mqtt.MessageData - No 'value' field found in message, skipping InfluxDB write.
2025-04-21 09:11:47 [MQTT Call: JavaClientExample] INFO  com.example.mqtt.MessageData - Topic: data/s/nhnacademy/b/gyeongnam_campus/p/campus/d/gem3500_1/n/전등3/e/power_meter
Message Data:
time: 1745194307155
type: 2
leakageCurrent: 0
current: 0
activePower: 0
reactivePower: 0
tapparentPower: 0
powerFactor: 0
currentUnbalance: 0
lines: 

2025-04-21 09:11:47 [MQTT Call: JavaClientExample] WARN  com.example.mqtt.MessageData - No 'value' field found in message, skipping InfluxDB write.
2025-04-21 09:11:47 [MQTT Call: JavaClientExample] INFO  com.example.mqtt.MessageData - Topic: data/s/nhnacademy/b/gyeongnam_campus/p/campus/d/gem3500_1/n/강의실b_바닥/e/power_meter
Message Data:
time: 1745194307256
type: 3
leakageCurrent: 0
current: 155
activePower: 247
reactivePower: -206
tapparentPower: 365
powerFactor: 67.76
currentUnbalance: 0
lines: 

2025-04-21 09:11:47 [MQTT Call: JavaClientExample] WARN  com.example.mqtt.MessageData - No 'value' field found in message, skipping InfluxDB write.
2025-04-21 09:11:47 [MQTT Call: JavaClientExample] INFO  com.example.mqtt.MessageData - Topic: data/s/nhnacademy/b/gyeongnam_campus/p/campus/d/gem3500_1/n/강의실a_바닥1/e/power_meter
Message Data:
time: 1745194307357
type: 1
leakageCurrent: 0
current: 175
activePower: 259
reactivePower: -259
tapparentPower: 386
powerFactor: 67.08
currentUnbalance: 0
lines: 

2025-04-21 09:11:47 [MQTT Call: JavaClientExample] WARN  com.example.mqtt.MessageData - No 'value' field found in message, skipping InfluxDB write.
2025-04-21 09:11:47 [MQTT Call: JavaClientExample] INFO  com.example.mqtt.MessageData - Topic: data/s/nhnacademy/b/gyeongnam_campus/p/campus/d/gem3500_1/n/강의실a_바닥2/e/power_meter
Message Data:
time: 1745194307458
type: 2
leakageCurrent: 0
current: 121
activePower: 201
reactivePower: -141
tapparentPower: 271
powerFactor: 74.33
currentUnbalance: 0
lines: 

2025-04-21 09:11:47 [MQTT Call: JavaClientExample] WARN  com.example.mqtt.MessageData - No 'value' field found in message, skipping InfluxDB write.
2025-04-21 09:11:48 [MQTT Call: JavaClientExample] INFO  com.example.mqtt.MessageData - Topic: data/s/nhnacademy/b/gyeongnam_campus/p/campus/d/gem3500_1/n/프로젝터1/e/power_meter
Message Data:
time: 1745194307560
type: 3
leakageCurrent: 0
current: 96
activePower: 129
reactivePower: -148
tapparentPower: 213
powerFactor: 60.67
currentUnbalance: 0
lines: 

2025-04-21 09:11:48 [MQTT Call: JavaClientExample] WARN  com.example.mqtt.MessageData - No 'value' field found in message, skipping InfluxDB write.
2025-04-21 09:11:48 [MQTT Call: JavaClientExample] INFO  com.example.mqtt.MessageData - Topic: data/s/nhnacademy/b/gyeongnam_campus/p/campus/d/gem3500_1/n/프로젝터2/e/power_meter
Message Data:
time: 1745194307660
type: 1
leakageCurrent: 0
current: 55
activePower: 88
reactivePower: -74
tapparentPower: 122
powerFactor: 72.54
currentUnbalance: 0
lines: 

2025-04-21 09:11:48 [MQTT Call: JavaClientExample] WARN  com.example.mqtt.MessageData - No 'value' field found in message, skipping InfluxDB write.
2025-04-21 09:11:48 [MQTT Call: JavaClientExample] INFO  com.example.mqtt.MessageData - Topic: data/s/nhnacademy/b/gyeongnam_campus/p/campus/d/gem3500_1/n/회의실/e/power_meter
Message Data:
time: 1745194307761
type: 2
leakageCurrent: 0
current: 14
activePower: 4
reactivePower: -28
tapparentPower: 31
powerFactor: 15.38
currentUnbalance: 0
lines: 

2025-04-21 09:11:48 [MQTT Call: JavaClientExample] WARN  com.example.mqtt.MessageData - No 'value' field found in message, skipping InfluxDB write.
2025-04-21 09:11:48 [MQTT Call: JavaClientExample] INFO  com.example.mqtt.MessageData - Topic: data/s/nhnacademy/b/gyeongnam_campus/p/campus/d/gem3500_1/n/서버실/e/power_meter
Message Data:
time: 1745194307862
type: 3
leakageCurrent: 0
current: 197
activePower: 391
reactivePower: -115
tapparentPower: 437
powerFactor: 89.56
currentUnbalance: 0
lines: 

2025-04-21 09:11:48 [MQTT Call: JavaClientExample] WARN  com.example.mqtt.MessageData - No 'value' field found in message, skipping InfluxDB write.
2025-04-21 09:11:48 [MQTT Call: JavaClientExample] INFO  com.example.mqtt.MessageData - Topic: data/s/nhnacademy/b/gyeongnam_campus/p/campus/d/gem3500_1/n/간판/e/power_meter
Message Data:
time: 1745194307967
type: 1
leakageCurrent: 0
current: 0
activePower: 0
reactivePower: 0
tapparentPower: 0
powerFactor: 0
currentUnbalance: 0
lines: 

2025-04-21 09:11:48 [MQTT Call: JavaClientExample] WARN  com.example.mqtt.MessageData - No 'value' field found in message, skipping InfluxDB write.
2025-04-21 09:11:48 [MQTT Call: JavaClientExample] INFO  com.example.mqtt.MessageData - Topic: data/s/nhnacademy/b/gyeongnam_campus/p/campus/d/gem3500_1/n/페어룸/e/power_meter
Message Data:
time: 1745194308066
type: 2
leakageCurrent: 0
current: 0
activePower: 0
reactivePower: 0
tapparentPower: 0
powerFactor: 0
currentUnbalance: 0
lines: 

2025-04-21 09:11:48 [MQTT Call: JavaClientExample] WARN  com.example.mqtt.MessageData - No 'value' field found in message, skipping InfluxDB write.
2025-04-21 09:11:48 [MQTT Call: JavaClientExample] INFO  com.example.mqtt.MessageData - Topic: data/s/nhnacademy/b/gyeongnam_campus/p/campus/d/gem3500_1/n/사무실_전열1/e/power_meter
Message Data:
time: 1745194308167
type: 3
leakageCurrent: 0
current: 83
activePower: 100
reactivePower: -57
tapparentPower: 180
powerFactor: 56
currentUnbalance: 0
lines: 

2025-04-21 09:11:48 [MQTT Call: JavaClientExample] WARN  com.example.mqtt.MessageData - No 'value' field found in message, skipping InfluxDB write.
2025-04-21 09:11:48 [MQTT Call: JavaClientExample] INFO  com.example.mqtt.MessageData - Topic: data/s/nhnacademy/b/gyeongnam_campus/p/campus/d/gem3500_1/n/사무실_전열2/e/power_meter
Message Data:
time: 1745194308270
type: 3
leakageCurrent: 0
current: 26
activePower: 7
reactivePower: -52
tapparentPower: 57
powerFactor: 12.5
currentUnbalance: 0
lines: 

2025-04-21 09:11:48 [MQTT Call: JavaClientExample] WARN  com.example.mqtt.MessageData - No 'value' field found in message, skipping InfluxDB write.
2025-04-21 09:11:48 [MQTT Call: JavaClientExample] INFO  com.example.mqtt.MessageData - Topic: data/s/nhnacademy/b/gyeongnam_campus/p/campus/d/gem3500_1/n/사무실_복사기/e/power_meter
Message Data:
time: 1745194308369
type: 1
leakageCurrent: 0
current: 7
activePower: 7
reactivePower: 0
tapparentPower: 16
powerFactor: 42.85
currentUnbalance: 0
lines: 

2025-04-21 09:11:48 [MQTT Call: JavaClientExample] WARN  com.example.mqtt.MessageData - No 'value' field found in message, skipping InfluxDB write.
2025-04-21 09:11:48 [MQTT Call: JavaClientExample] INFO  com.example.mqtt.MessageData - Topic: data/s/nhnacademy/b/gyeongnam_campus/p/campus/d/gem3500_1/n/빌트인_전열/e/power_meter
Message Data:
time: 1745194308471
type: 2
leakageCurrent: 0
current: 5
activePower: 4
reactivePower: -7
tapparentPower: 12
powerFactor: 40
currentUnbalance: 0
lines: 

2025-04-21 09:11:48 [MQTT Call: JavaClientExample] WARN  com.example.mqtt.MessageData - No 'value' field found in message, skipping InfluxDB write.
2025-04-21 09:11:50 [MQTT Call: JavaClientExample] INFO  com.example.mqtt.MessageData - Topic: data/s/nhnacademy/b/gyeongnam_campus/p/campus/d/gem3500_1/n/사무실_전열3/e/power_meter
Message Data:
time: 1745194308574
type: 3
leakageCurrent: 0
current: 0
activePower: 0
reactivePower: 0
tapparentPower: 0
powerFactor: 0
currentUnbalance: 0
lines: 

2025-04-21 09:11:50 [MQTT Call: JavaClientExample] WARN  com.example.mqtt.MessageData - No 'value' field found in message, skipping InfluxDB write.
2025-04-21 09:11:50 [MQTT Call: JavaClientExample] INFO  com.example.mqtt.MessageData - Topic: data/s/nhnacademy/b/gyeongnam_campus/p/campus/d/gem3500_1/n/정수기/e/power_meter
Message Data:
time: 1745194308675
type: 1
leakageCurrent: 0
current: 272
activePower: 586
reactivePower: 115
tapparentPower: 598
powerFactor: 97.99
currentUnbalance: 0
lines: 

2025-04-21 09:11:50 [MQTT Call: JavaClientExample] WARN  com.example.mqtt.MessageData - No 'value' field found in message, skipping InfluxDB write.
2025-04-21 09:11:50 [MQTT Call: JavaClientExample] INFO  com.example.mqtt.MessageData - Topic: data/s/nhnacademy/b/gyeongnam_campus/p/campus/d/gem3500_1/n/하이브_전열/e/power_meter
Message Data:
time: 1745194308774
type: 2
leakageCurrent: 0
current: 65
activePower: 124
reactivePower: -48
tapparentPower: 144
powerFactor: 86.66
currentUnbalance: 0
lines: 

2025-04-21 09:11:50 [MQTT Call: JavaClientExample] WARN  com.example.mqtt.MessageData - No 'value' field found in message, skipping InfluxDB write.
2025-04-21 09:11:50 [MQTT Call: JavaClientExample] INFO  com.example.mqtt.MessageData - Topic: data/s/nhnacademy/b/gyeongnam_campus/p/campus/d/gem3500_1/n/바텐_전열/e/power_meter
Message Data:
time: 1745194308876
type: 3
leakageCurrent: 0
current: 0
activePower: 0
reactivePower: 0
tapparentPower: 0
powerFactor: 0
currentUnbalance: 0
lines: 

2025-04-21 09:11:50 [MQTT Call: JavaClientExample] WARN  com.example.mqtt.MessageData - No 'value' field found in message, skipping InfluxDB write.
2025-04-21 09:11:50 [MQTT Call: JavaClientExample] INFO  com.example.mqtt.MessageData - Topic: data/s/nhnacademy/b/gyeongnam_campus/p/campus/d/gem3500_1/n/S_P/e/power_meter
Message Data:
time: 1745194308977
type: 1
leakageCurrent: 0
current: 0
activePower: 0
reactivePower: 0
tapparentPower: 0
powerFactor: 0
currentUnbalance: 0
lines: 

2025-04-21 09:11:50 [MQTT Call: JavaClientExample] WARN  com.example.mqtt.MessageData - No 'value' field found in message, skipping InfluxDB write.
2025-04-21 09:11:50 [MQTT Call: JavaClientExample] INFO  com.example.mqtt.MessageData - Topic: data/s/nhnacademy/b/gyeongnam_campus/p/campus/d/gem3500_1/n/공조기/e/power_meter
Message Data:
time: 1745194309077
type: 2
leakageCurrent: 0
current: 16
activePower: 2
reactivePower: -33
tapparentPower: 36
powerFactor: 6.66
currentUnbalance: 0
lines: 

2025-04-21 09:11:50 [MQTT Call: JavaClientExample] WARN  com.example.mqtt.MessageData - No 'value' field found in message, skipping InfluxDB write.
2025-04-21 09:11:50 [MQTT Call: JavaClientExample] INFO  com.example.mqtt.MessageData - Topic: data/s/nhnacademy/b/gyeongnam_campus/p/campus/d/gem3500_1/n/AC/e/power_meter
Message Data:
time: 1745194309177
type: 3
leakageCurrent: 0
current: 145
activePower: 208
reactivePower: 24
tapparentPower: 321
powerFactor: 64.92
currentUnbalance: 0
lines: 

2025-04-21 09:11:50 [MQTT Call: JavaClientExample] WARN  com.example.mqtt.MessageData - No 'value' field found in message, skipping InfluxDB write.
2025-04-21 09:12:01 [MQTT Call: JavaClientExample] INFO  com.example.mqtt.MessageData - Topic: data/s/nhnacademy/b/gyeongnam_campus/p/class_a/d/24e124126d152969/n/왼쪽 뒤/e/pressure
Message Data:
time: 1745194321466
value: 1017.1

2025-04-21 09:12:01 [MQTT Call: JavaClientExample] INFO  com.example.mqtt.InfluxDBService - Extracted tagkey -> location: class_a, kind: 왼쪽 뒤, data: pressure
Value into InfluxDB: 1017.1
2025-04-21 09:12:01 [MQTT Call: JavaClientExample] INFO  com.example.mqtt.MessageData - Data sent to InfluxDBService: data/s/nhnacademy/b/gyeongnam_campus/p/class_a/d/24e124126d152969/n/왼쪽 뒤/e/pressure -> 1017.1
2025-04-21 09:12:02 [MQTT Call: JavaClientExample] INFO  com.example.mqtt.MessageData - Topic: data/s/nhnacademy/b/gyeongnam_campus/p/class_a/d/24e124126d152969/n/왼쪽 뒤/e/temperature
Message Data:
time: 1745194321466
value: 22.8

2025-04-21 09:12:02 [MQTT Call: JavaClientExample] INFO  com.example.mqtt.InfluxDBService - Extracted tagkey -> location: class_a, kind: 왼쪽 뒤, data: temperature
Value into InfluxDB: 22.8
2025-04-21 09:12:02 [MQTT Call: JavaClientExample] INFO  com.example.mqtt.MessageData - Data sent to InfluxDBService: data/s/nhnacademy/b/gyeongnam_campus/p/class_a/d/24e124126d152969/n/왼쪽 뒤/e/temperature -> 22.8
2025-04-21 09:12:02 [MQTT Call: JavaClientExample] INFO  com.example.mqtt.MessageData - Topic: data/s/nhnacademy/b/gyeongnam_campus/p/class_a/d/24e124126d152969/n/왼쪽 뒤/e/humidity
Message Data:
time: 1745194321466
value: 53

2025-04-21 09:12:02 [MQTT Call: JavaClientExample] INFO  com.example.mqtt.InfluxDBService - Extracted tagkey -> location: class_a, kind: 왼쪽 뒤, data: humidity
Value into InfluxDB: 53.0
2025-04-21 09:12:02 [MQTT Call: JavaClientExample] INFO  com.example.mqtt.MessageData - Data sent to InfluxDBService: data/s/nhnacademy/b/gyeongnam_campus/p/class_a/d/24e124126d152969/n/왼쪽 뒤/e/humidity -> 53.0
2025-04-21 09:12:02 [MQTT Call: JavaClientExample] INFO  com.example.mqtt.MessageData - Topic: data/s/nhnacademy/b/gyeongnam_campus/p/class_a/d/24e124126d152969/n/왼쪽 뒤/e/co2
Message Data:
time: 1745194321466
value: 647

2025-04-21 09:12:02 [MQTT Call: JavaClientExample] INFO  com.example.mqtt.InfluxDBService - Extracted tagkey -> location: class_a, kind: 왼쪽 뒤, data: co2
Value into InfluxDB: 647.0
2025-04-21 09:12:02 [MQTT Call: JavaClientExample] INFO  com.example.mqtt.MessageData - Data sent to InfluxDBService: data/s/nhnacademy/b/gyeongnam_campus/p/class_a/d/24e124126d152969/n/왼쪽 뒤/e/co2 -> 647.0
2025-04-21 09:12:02 [MQTT Call: JavaClientExample] INFO  com.example.mqtt.MessageData - Topic: data/s/nhnacademy/b/gyeongnam_campus/p/class_a/d/24e124126d152969/n/왼쪽 뒤/g/24e124fffef5dccc/e/lora
Message Data:
time: 1745194321466
value: 

2025-04-21 09:12:02 [MQTT Call: JavaClientExample] INFO  com.example.mqtt.InfluxDBService - Extracted tagkey -> location: class_a, kind: 왼쪽 뒤, data: lora
Value into InfluxDB: 0.0
2025-04-21 09:12:02 [MQTT Call: JavaClientExample] INFO  com.example.mqtt.MessageData - Data sent to InfluxDBService: data/s/nhnacademy/b/gyeongnam_campus/p/class_a/d/24e124126d152969/n/왼쪽 뒤/g/24e124fffef5dccc/e/lora -> 0.0
2025-04-21 09:12:02 [MQTT Call: JavaClientExample] INFO  com.example.mqtt.MessageData - Topic: data/s/nhnacademy/b/gyeongnam_campus/p/class_a/d/24e124126d152969/n/왼쪽 뒤/g/24e124fffef79304/e/lora
Message Data:
time: 1745194321466
value: 

2025-04-21 09:12:02 [MQTT Call: JavaClientExample] INFO  com.example.mqtt.InfluxDBService - Extracted tagkey -> location: class_a, kind: 왼쪽 뒤, data: lora
Value into InfluxDB: 0.0
2025-04-21 09:12:02 [MQTT Call: JavaClientExample] INFO  com.example.mqtt.MessageData - Data sent to InfluxDBService: data/s/nhnacademy/b/gyeongnam_campus/p/class_a/d/24e124126d152969/n/왼쪽 뒤/g/24e124fffef79304/e/lora -> 0.0
2025-04-21 09:12:02 [MQTT Call: JavaClientExample] INFO  com.example.mqtt.MessageData - Topic: data/s/nhnacademy/b/gyeongnam_campus/p/class_a/d/24e124126d152969/n/왼쪽 뒤/e/temperature
Message Data:
time: 1745194321467
value: 22.8

2025-04-21 09:12:02 [MQTT Call: JavaClientExample] INFO  com.example.mqtt.InfluxDBService - Extracted tagkey -> location: class_a, kind: 왼쪽 뒤, data: temperature
Value into InfluxDB: 22.8
2025-04-21 09:12:02 [MQTT Call: JavaClientExample] INFO  com.example.mqtt.MessageData - Data sent to InfluxDBService: data/s/nhnacademy/b/gyeongnam_campus/p/class_a/d/24e124126d152969/n/왼쪽 뒤/e/temperature -> 22.8
2025-04-21 09:12:02 [MQTT Call: JavaClientExample] INFO  com.example.mqtt.MessageData - Topic: data/s/nhnacademy/b/gyeongnam_campus/p/class_a/d/24e124126d152969/n/왼쪽 뒤/e/humidity
Message Data:
time: 1745194321467
value: 53

2025-04-21 09:12:02 [MQTT Call: JavaClientExample] INFO  com.example.mqtt.InfluxDBService - Extracted tagkey -> location: class_a, kind: 왼쪽 뒤, data: humidity
Value into InfluxDB: 53.0
2025-04-21 09:12:02 [MQTT Call: JavaClientExample] INFO  com.example.mqtt.MessageData - Data sent to InfluxDBService: data/s/nhnacademy/b/gyeongnam_campus/p/class_a/d/24e124126d152969/n/왼쪽 뒤/e/humidity -> 53.0
2025-04-21 09:12:02 [MQTT Call: JavaClientExample] INFO  com.example.mqtt.MessageData - Topic: data/s/nhnacademy/b/gyeongnam_campus/p/class_a/d/24e124126d152969/n/왼쪽 뒤/e/co2
Message Data:
time: 1745194321467
value: 647

2025-04-21 09:12:02 [MQTT Call: JavaClientExample] INFO  com.example.mqtt.InfluxDBService - Extracted tagkey -> location: class_a, kind: 왼쪽 뒤, data: co2
Value into InfluxDB: 647.0
2025-04-21 09:12:02 [MQTT Call: JavaClientExample] INFO  com.example.mqtt.MessageData - Data sent to InfluxDBService: data/s/nhnacademy/b/gyeongnam_campus/p/class_a/d/24e124126d152969/n/왼쪽 뒤/e/co2 -> 647.0
2025-04-21 09:12:02 [MQTT Call: JavaClientExample] INFO  com.example.mqtt.MessageData - Topic: data/s/nhnacademy/b/gyeongnam_campus/p/class_a/d/24e124126d152969/n/왼쪽 뒤/e/pressure
Message Data:
time: 1745194321467
value: 1017.1

2025-04-21 09:12:02 [MQTT Call: JavaClientExample] INFO  com.example.mqtt.InfluxDBService - Extracted tagkey -> location: class_a, kind: 왼쪽 뒤, data: pressure
Value into InfluxDB: 1017.1
2025-04-21 09:12:02 [MQTT Call: JavaClientExample] INFO  com.example.mqtt.MessageData - Data sent to InfluxDBService: data/s/nhnacademy/b/gyeongnam_campus/p/class_a/d/24e124126d152969/n/왼쪽 뒤/e/pressure -> 1017.1
2025-04-21 09:12:02 [MQTT Call: JavaClientExample] INFO  com.example.mqtt.MessageData - Topic: data/s/nhnacademy/b/gyeongnam_campus/p/class_a/d/24e124126d152969/n/왼쪽 뒤/g/24e124fffef79304/e/lora
Message Data:
time: 1745194321467
value: 

2025-04-21 09:12:02 [MQTT Call: JavaClientExample] INFO  com.example.mqtt.InfluxDBService - Extracted tagkey -> location: class_a, kind: 왼쪽 뒤, data: lora
Value into InfluxDB: 0.0
2025-04-21 09:12:02 [MQTT Call: JavaClientExample] INFO  com.example.mqtt.MessageData - Data sent to InfluxDBService: data/s/nhnacademy/b/gyeongnam_campus/p/class_a/d/24e124126d152969/n/왼쪽 뒤/g/24e124fffef79304/e/lora -> 0.0
2025-04-21 09:12:12 [MQTT Call: JavaClientExample] INFO  com.example.mqtt.MessageData - Topic: data/s/nhnacademy/b/gyeongnam_campus/p/hive/d/24e124725d081175/sp/8인 책상/n/8인 책상/e/battery
Message Data:
time: 1745194331733
value: 77

2025-04-21 09:12:12 [MQTT Call: JavaClientExample] INFO  com.example.mqtt.InfluxDBService - Extracted tagkey -> location: hive, kind: 8인 책상, data: battery
Value into InfluxDB: 77.0
2025-04-21 09:12:12 [MQTT Call: JavaClientExample] INFO  com.example.mqtt.MessageData - Data sent to InfluxDBService: data/s/nhnacademy/b/gyeongnam_campus/p/hive/d/24e124725d081175/sp/8인 책상/n/8인 책상/e/battery -> 77.0
2025-04-21 09:12:13 [MQTT Call: JavaClientExample] INFO  com.example.mqtt.MessageData - Topic: data/s/nhnacademy/b/gyeongnam_campus/p/hive/d/24e124725d081175/sp/8인 책상/n/8인 책상/e/humidity
Message Data:
time: 1745194331733
value: 47.5

2025-04-21 09:12:13 [MQTT Call: JavaClientExample] INFO  com.example.mqtt.InfluxDBService - Extracted tagkey -> location: hive, kind: 8인 책상, data: humidity
Value into InfluxDB: 47.5
2025-04-21 09:12:13 [MQTT Call: JavaClientExample] INFO  com.example.mqtt.MessageData - Data sent to InfluxDBService: data/s/nhnacademy/b/gyeongnam_campus/p/hive/d/24e124725d081175/sp/8인 책상/n/8인 책상/e/humidity -> 47.5
2025-04-21 09:12:13 [MQTT Call: JavaClientExample] INFO  com.example.mqtt.MessageData - Topic: data/s/nhnacademy/b/gyeongnam_campus/p/hive/d/24e124725d081175/sp/8인 책상/n/8인 책상/e/co2
Message Data:
time: 1745194331733
value: 556

2025-04-21 09:12:13 [MQTT Call: JavaClientExample] INFO  com.example.mqtt.InfluxDBService - Extracted tagkey -> location: hive, kind: 8인 책상, data: co2
Value into InfluxDB: 556.0
2025-04-21 09:12:13 [MQTT Call: JavaClientExample] INFO  com.example.mqtt.MessageData - Data sent to InfluxDBService: data/s/nhnacademy/b/gyeongnam_campus/p/hive/d/24e124725d081175/sp/8인 책상/n/8인 책상/e/co2 -> 556.0
2025-04-21 09:12:13 [MQTT Call: JavaClientExample] INFO  com.example.mqtt.MessageData - Topic: data/s/nhnacademy/b/gyeongnam_campus/p/hive/d/24e124725d081175/sp/8인 책상/n/8인 책상/e/temperature
Message Data:
time: 1745194331733
value: 24

2025-04-21 09:12:13 [MQTT Call: JavaClientExample] INFO  com.example.mqtt.InfluxDBService - Extracted tagkey -> location: hive, kind: 8인 책상, data: temperature
Value into InfluxDB: 24.0
2025-04-21 09:12:13 [MQTT Call: JavaClientExample] INFO  com.example.mqtt.MessageData - Data sent to InfluxDBService: data/s/nhnacademy/b/gyeongnam_campus/p/hive/d/24e124725d081175/sp/8인 책상/n/8인 책상/e/temperature -> 24.0
2025-04-21 09:12:13 [MQTT Call: JavaClientExample] INFO  com.example.mqtt.MessageData - Topic: data/s/nhnacademy/b/gyeongnam_campus/p/hive/d/24e124725d081175/sp/8인 책상/n/8인 책상/g/24e124fffef79304/e/lora
Message Data:
time: 1745194331733
value: 

2025-04-21 09:12:13 [MQTT Call: JavaClientExample] INFO  com.example.mqtt.InfluxDBService - Extracted tagkey -> location: hive, kind: 8인 책상, data: lora
Value into InfluxDB: 0.0
2025-04-21 09:12:13 [MQTT Call: JavaClientExample] INFO  com.example.mqtt.MessageData - Data sent to InfluxDBService: data/s/nhnacademy/b/gyeongnam_campus/p/hive/d/24e124725d081175/sp/8인 책상/n/8인 책상/g/24e124fffef79304/e/lora -> 0.0
2025-04-21 09:12:13 [MQTT Call: JavaClientExample] INFO  com.example.mqtt.MessageData - Topic: data/s/nhnacademy/b/gyeongnam_campus/p/hive/d/24e124725d081175/sp/8인 책상/n/8인 책상/g/24e124fffef5dccc/e/lora
Message Data:
time: 1745194331733
value: 

2025-04-21 09:12:13 [MQTT Call: JavaClientExample] INFO  com.example.mqtt.InfluxDBService - Extracted tagkey -> location: hive, kind: 8인 책상, data: lora
Value into InfluxDB: 0.0
2025-04-21 09:12:13 [MQTT Call: JavaClientExample] INFO  com.example.mqtt.MessageData - Data sent to InfluxDBService: data/s/nhnacademy/b/gyeongnam_campus/p/hive/d/24e124725d081175/sp/8인 책상/n/8인 책상/g/24e124fffef5dccc/e/lora -> 0.0
2025-04-21 09:12:18 [MQTT Call: JavaClientExample] INFO  com.example.mqtt.MessageData - Topic: data/s/nhnacademy/b/gyeongnam_campus/p/class_a/d/24e124141d189391/n/출입문/e/di
Message Data:
time: 1745194334598
value: 

2025-04-21 09:12:18 [MQTT Call: JavaClientExample] INFO  com.example.mqtt.InfluxDBService - Extracted tagkey -> location: class_a, kind: 출입문, data: di
Value into InfluxDB: 0.0
2025-04-21 09:12:18 [MQTT Call: JavaClientExample] INFO  com.example.mqtt.MessageData - Data sent to InfluxDBService: data/s/nhnacademy/b/gyeongnam_campus/p/class_a/d/24e124141d189391/n/출입문/e/di -> 0.0
2025-04-21 09:12:18 [MQTT Call: JavaClientExample] INFO  com.example.mqtt.MessageData - Topic: data/s/nhnacademy/b/gyeongnam_campus/p/class_a/d/24e124141d189391/n/출입문/e/battery_level
Message Data:
time: 1745194334598
value: 69

2025-04-21 09:12:18 [MQTT Call: JavaClientExample] INFO  com.example.mqtt.InfluxDBService - Extracted tagkey -> location: class_a, kind: 출입문, data: battery_level
Value into InfluxDB: 69.0
2025-04-21 09:12:18 [MQTT Call: JavaClientExample] INFO  com.example.mqtt.MessageData - Data sent to InfluxDBService: data/s/nhnacademy/b/gyeongnam_campus/p/class_a/d/24e124141d189391/n/출입문/e/battery_level -> 69.0
2025-04-21 09:12:18 [MQTT Call: JavaClientExample] INFO  com.example.mqtt.MessageData - Topic: data/s/nhnacademy/b/gyeongnam_campus/p/class_a/d/24e124141d189391/n/출입문/g/24e124fffef79304/e/lora
Message Data:
time: 1745194334598
value: 

2025-04-21 09:12:18 [MQTT Call: JavaClientExample] INFO  com.example.mqtt.InfluxDBService - Extracted tagkey -> location: class_a, kind: 출입문, data: lora
Value into InfluxDB: 0.0
2025-04-21 09:12:18 [MQTT Call: JavaClientExample] INFO  com.example.mqtt.MessageData - Data sent to InfluxDBService: data/s/nhnacademy/b/gyeongnam_campus/p/class_a/d/24e124141d189391/n/출입문/g/24e124fffef79304/e/lora -> 0.0
2025-04-21 09:12:18 [MQTT Call: JavaClientExample] INFO  com.example.mqtt.MessageData - Topic: data/s/nhnacademy/b/gyeongnam_campus/p/class_a/d/24e124141d189391/n/출입문/g/24e124fffef5dccc/e/lora
Message Data:
time: 1745194334598
value: 

2025-04-21 09:12:18 [MQTT Call: JavaClientExample] INFO  com.example.mqtt.InfluxDBService - Extracted tagkey -> location: class_a, kind: 출입문, data: lora
Value into InfluxDB: 0.0
2025-04-21 09:12:18 [MQTT Call: JavaClientExample] INFO  com.example.mqtt.MessageData - Data sent to InfluxDBService: data/s/nhnacademy/b/gyeongnam_campus/p/class_a/d/24e124141d189391/n/출입문/g/24e124fffef5dccc/e/lora -> 0.0
2025-04-21 09:12:19 [MQTT Call: JavaClientExample] INFO  com.example.mqtt.MessageData - Topic: data/s/nhnacademy/b/gyeongnam_campus/p/class_a/d/24e124128c067999/sp/입구/n/입구/e/illumination
Message Data:
time: 1745194338114
value: 61

2025-04-21 09:12:19 [MQTT Call: JavaClientExample] INFO  com.example.mqtt.InfluxDBService - Extracted tagkey -> location: class_a, kind: 입구, data: illumination
Value into InfluxDB: 61.0
2025-04-21 09:12:19 [MQTT Call: JavaClientExample] INFO  com.example.mqtt.MessageData - Data sent to InfluxDBService: data/s/nhnacademy/b/gyeongnam_campus/p/class_a/d/24e124128c067999/sp/입구/n/입구/e/illumination -> 61.0
2025-04-21 09:12:19 [MQTT Call: JavaClientExample] INFO  com.example.mqtt.MessageData - Topic: data/s/nhnacademy/b/gyeongnam_campus/p/class_a/d/24e124128c067999/sp/입구/n/입구/e/pressure
Message Data:
time: 1745194338114
value: 1009.4

2025-04-21 09:12:19 [MQTT Call: JavaClientExample] INFO  com.example.mqtt.InfluxDBService - Extracted tagkey -> location: class_a, kind: 입구, data: pressure
Value into InfluxDB: 1009.4
2025-04-21 09:12:19 [MQTT Call: JavaClientExample] INFO  com.example.mqtt.MessageData - Data sent to InfluxDBService: data/s/nhnacademy/b/gyeongnam_campus/p/class_a/d/24e124128c067999/sp/입구/n/입구/e/pressure -> 1009.4
2025-04-21 09:12:19 [MQTT Call: JavaClientExample] INFO  com.example.mqtt.MessageData - Topic: data/s/nhnacademy/b/gyeongnam_campus/p/class_a/d/24e124128c067999/sp/입구/n/입구/e/activity
Message Data:
time: 1745194338114
value: 35

2025-04-21 09:12:19 [MQTT Call: JavaClientExample] INFO  com.example.mqtt.InfluxDBService - Extracted tagkey -> location: class_a, kind: 입구, data: activity
Value into InfluxDB: 35.0
2025-04-21 09:12:19 [MQTT Call: JavaClientExample] INFO  com.example.mqtt.MessageData - Data sent to InfluxDBService: data/s/nhnacademy/b/gyeongnam_campus/p/class_a/d/24e124128c067999/sp/입구/n/입구/e/activity -> 35.0
2025-04-21 09:12:19 [MQTT Call: JavaClientExample] INFO  com.example.mqtt.MessageData - Topic: data/s/nhnacademy/b/gyeongnam_campus/p/class_a/d/24e124128c067999/sp/입구/n/입구/e/infrared
Message Data:
time: 1745194338114
value: 7

2025-04-21 09:12:19 [MQTT Call: JavaClientExample] INFO  com.example.mqtt.InfluxDBService - Extracted tagkey -> location: class_a, kind: 입구, data: infrared
Value into InfluxDB: 7.0
2025-04-21 09:12:19 [MQTT Call: JavaClientExample] INFO  com.example.mqtt.MessageData - Data sent to InfluxDBService: data/s/nhnacademy/b/gyeongnam_campus/p/class_a/d/24e124128c067999/sp/입구/n/입구/e/infrared -> 7.0
2025-04-21 09:12:19 [MQTT Call: JavaClientExample] INFO  com.example.mqtt.MessageData - Topic: data/s/nhnacademy/b/gyeongnam_campus/p/class_a/d/24e124128c067999/sp/입구/n/입구/e/infrared_and_visible
Message Data:
time: 1745194338114
value: 43

2025-04-21 09:12:19 [MQTT Call: JavaClientExample] INFO  com.example.mqtt.InfluxDBService - Extracted tagkey -> location: class_a, kind: 입구, data: infrared_and_visible
Value into InfluxDB: 43.0
2025-04-21 09:12:19 [MQTT Call: JavaClientExample] INFO  com.example.mqtt.MessageData - Data sent to InfluxDBService: data/s/nhnacademy/b/gyeongnam_campus/p/class_a/d/24e124128c067999/sp/입구/n/입구/e/infrared_and_visible -> 43.0
2025-04-21 09:12:19 [MQTT Call: JavaClientExample] INFO  com.example.mqtt.MessageData - Topic: data/s/nhnacademy/b/gyeongnam_campus/p/class_a/d/24e124128c067999/sp/입구/n/입구/e/humidity
Message Data:
time: 1745194338114
value: 47.5

2025-04-21 09:12:19 [MQTT Call: JavaClientExample] INFO  com.example.mqtt.InfluxDBService - Extracted tagkey -> location: class_a, kind: 입구, data: humidity
Value into InfluxDB: 47.5
2025-04-21 09:12:19 [MQTT Call: JavaClientExample] INFO  com.example.mqtt.MessageData - Data sent to InfluxDBService: data/s/nhnacademy/b/gyeongnam_campus/p/class_a/d/24e124128c067999/sp/입구/n/입구/e/humidity -> 47.5
2025-04-21 09:12:19 [MQTT Call: JavaClientExample] INFO  com.example.mqtt.MessageData - Topic: data/s/nhnacademy/b/gyeongnam_campus/p/class_a/d/24e124128c067999/sp/입구/n/입구/e/temperature
Message Data:
time: 1745194338114
value: 23.6

2025-04-21 09:12:19 [MQTT Call: JavaClientExample] INFO  com.example.mqtt.InfluxDBService - Extracted tagkey -> location: class_a, kind: 입구, data: temperature
Value into InfluxDB: 23.6
2025-04-21 09:12:19 [MQTT Call: JavaClientExample] INFO  com.example.mqtt.MessageData - Data sent to InfluxDBService: data/s/nhnacademy/b/gyeongnam_campus/p/class_a/d/24e124128c067999/sp/입구/n/입구/e/temperature -> 23.6
2025-04-21 09:12:19 [MQTT Call: JavaClientExample] INFO  com.example.mqtt.MessageData - Topic: data/s/nhnacademy/b/gyeongnam_campus/p/class_a/d/24e124128c067999/sp/입구/n/입구/e/co2
Message Data:
time: 1745194338114
value: 572

2025-04-21 09:12:19 [MQTT Call: JavaClientExample] INFO  com.example.mqtt.InfluxDBService - Extracted tagkey -> location: class_a, kind: 입구, data: co2
Value into InfluxDB: 572.0
2025-04-21 09:12:19 [MQTT Call: JavaClientExample] INFO  com.example.mqtt.MessageData - Data sent to InfluxDBService: data/s/nhnacademy/b/gyeongnam_campus/p/class_a/d/24e124128c067999/sp/입구/n/입구/e/co2 -> 572.0
2025-04-21 09:12:19 [MQTT Call: JavaClientExample] INFO  com.example.mqtt.MessageData - Topic: data/s/nhnacademy/b/gyeongnam_campus/p/class_a/d/24e124128c067999/sp/입구/n/입구/e/tvoc
Message Data:
time: 1745194338114
value: 300

2025-04-21 09:12:19 [MQTT Call: JavaClientExample] INFO  com.example.mqtt.InfluxDBService - Extracted tagkey -> location: class_a, kind: 입구, data: tvoc
Value into InfluxDB: 300.0
2025-04-21 09:12:19 [MQTT Call: JavaClientExample] INFO  com.example.mqtt.MessageData - Data sent to InfluxDBService: data/s/nhnacademy/b/gyeongnam_campus/p/class_a/d/24e124128c067999/sp/입구/n/입구/e/tvoc -> 300.0
2025-04-21 09:12:19 [MQTT Call: JavaClientExample] INFO  com.example.mqtt.MessageData - Topic: data/s/nhnacademy/b/gyeongnam_campus/p/class_a/d/24e124128c067999/sp/입구/n/입구/g/24e124fffef5dccc/e/lora
Message Data:
time: 1745194338114
value: 

2025-04-21 09:12:19 [MQTT Call: JavaClientExample] INFO  com.example.mqtt.InfluxDBService - Extracted tagkey -> location: class_a, kind: 입구, data: lora
Value into InfluxDB: 0.0
2025-04-21 09:12:19 [MQTT Call: JavaClientExample] INFO  com.example.mqtt.MessageData - Data sent to InfluxDBService: data/s/nhnacademy/b/gyeongnam_campus/p/class_a/d/24e124128c067999/sp/입구/n/입구/g/24e124fffef5dccc/e/lora -> 0.0
2025-04-21 09:12:19 [MQTT Call: JavaClientExample] INFO  com.example.mqtt.MessageData - Topic: data/s/nhnacademy/b/gyeongnam_campus/p/class_a/d/24e124128c067999/sp/입구/n/입구/g/24e124fffef79304/e/lora
Message Data:
time: 1745194338114
value: 

2025-04-21 09:12:19 [MQTT Call: JavaClientExample] INFO  com.example.mqtt.InfluxDBService - Extracted tagkey -> location: class_a, kind: 입구, data: lora
Value into InfluxDB: 0.0
2025-04-21 09:12:19 [MQTT Call: JavaClientExample] INFO  com.example.mqtt.MessageData - Data sent to InfluxDBService: data/s/nhnacademy/b/gyeongnam_campus/p/class_a/d/24e124128c067999/sp/입구/n/입구/g/24e124fffef79304/e/lora -> 0.0
2025-04-21 09:12:19 [MQTT Call: JavaClientExample] INFO  com.example.mqtt.MessageData - Topic: data/s/nhnacademy/b/gyeongnam_campus/p/hive/d/24e124785c389010/n/정수기 위/e/battery
Message Data:
time: 1745194338906
value: 86

2025-04-21 09:12:19 [MQTT Call: JavaClientExample] INFO  com.example.mqtt.InfluxDBService - Extracted tagkey -> location: hive, kind: 정수기 위, data: battery
Value into InfluxDB: 86.0
2025-04-21 09:12:19 [MQTT Call: JavaClientExample] INFO  com.example.mqtt.MessageData - Data sent to InfluxDBService: data/s/nhnacademy/b/gyeongnam_campus/p/hive/d/24e124785c389010/n/정수기 위/e/battery -> 86.0
2025-04-21 09:12:19 [MQTT Call: JavaClientExample] INFO  com.example.mqtt.MessageData - Topic: data/s/nhnacademy/b/gyeongnam_campus/p/hive/d/24e124785c389010/n/정수기 위/e/temperature
Message Data:
time: 1745194338906
value: 24.4

2025-04-21 09:12:19 [MQTT Call: JavaClientExample] INFO  com.example.mqtt.InfluxDBService - Extracted tagkey -> location: hive, kind: 정수기 위, data: temperature
Value into InfluxDB: 24.4
2025-04-21 09:12:19 [MQTT Call: JavaClientExample] INFO  com.example.mqtt.MessageData - Data sent to InfluxDBService: data/s/nhnacademy/b/gyeongnam_campus/p/hive/d/24e124785c389010/n/정수기 위/e/temperature -> 24.4
2025-04-21 09:12:19 [MQTT Call: JavaClientExample] INFO  com.example.mqtt.MessageData - Topic: data/s/nhnacademy/b/gyeongnam_campus/p/hive/d/24e124785c389010/n/정수기 위/e/humidity
Message Data:
time: 1745194338906
value: 46

2025-04-21 09:12:19 [MQTT Call: JavaClientExample] INFO  com.example.mqtt.InfluxDBService - Extracted tagkey -> location: hive, kind: 정수기 위, data: humidity
Value into InfluxDB: 46.0
2025-04-21 09:12:19 [MQTT Call: JavaClientExample] INFO  com.example.mqtt.MessageData - Data sent to InfluxDBService: data/s/nhnacademy/b/gyeongnam_campus/p/hive/d/24e124785c389010/n/정수기 위/e/humidity -> 46.0
2025-04-21 09:12:19 [MQTT Call: JavaClientExample] INFO  com.example.mqtt.MessageData - Topic: data/s/nhnacademy/b/gyeongnam_campus/p/hive/d/24e124785c389010/n/정수기 위/g/24e124fffef5dccc/e/lora
Message Data:
time: 1745194338906
value: 

2025-04-21 09:12:19 [MQTT Call: JavaClientExample] INFO  com.example.mqtt.InfluxDBService - Extracted tagkey -> location: hive, kind: 정수기 위, data: lora
Value into InfluxDB: 0.0
2025-04-21 09:12:19 [MQTT Call: JavaClientExample] INFO  com.example.mqtt.MessageData - Data sent to InfluxDBService: data/s/nhnacademy/b/gyeongnam_campus/p/hive/d/24e124785c389010/n/정수기 위/g/24e124fffef5dccc/e/lora -> 0.0
2025-04-21 09:12:19 [MQTT Call: JavaClientExample] INFO  com.example.mqtt.MessageData - Topic: data/s/nhnacademy/b/gyeongnam_campus/p/hive/d/24e124785c389010/n/정수기 위/g/24e124fffef79304/e/lora
Message Data:
time: 1745194338906
value: 

2025-04-21 09:12:19 [MQTT Call: JavaClientExample] INFO  com.example.mqtt.InfluxDBService - Extracted tagkey -> location: hive, kind: 정수기 위, data: lora
Value into InfluxDB: 0.0
2025-04-21 09:12:19 [MQTT Call: JavaClientExample] INFO  com.example.mqtt.MessageData - Data sent to InfluxDBService: data/s/nhnacademy/b/gyeongnam_campus/p/hive/d/24e124785c389010/n/정수기 위/g/24e124fffef79304/e/lora -> 0.0
2025-04-21 09:12:19 [MQTT Call: JavaClientExample] INFO  com.example.mqtt.MessageData - Topic: data/s/nhnacademy/b/gyeongnam_campus/p/office/d/24e124126d152919/n/보드/e/co2
Message Data:
time: 1745194338891
value: 598

2025-04-21 09:12:19 [MQTT Call: JavaClientExample] INFO  com.example.mqtt.InfluxDBService - Extracted tagkey -> location: office, kind: 보드, data: co2
Value into InfluxDB: 598.0
2025-04-21 09:12:19 [MQTT Call: JavaClientExample] INFO  com.example.mqtt.MessageData - Data sent to InfluxDBService: data/s/nhnacademy/b/gyeongnam_campus/p/office/d/24e124126d152919/n/보드/e/co2 -> 598.0
2025-04-21 09:12:19 [MQTT Call: JavaClientExample] INFO  com.example.mqtt.MessageData - Topic: data/s/nhnacademy/b/gyeongnam_campus/p/office/d/24e124126d152919/n/보드/e/humidity
Message Data:
time: 1745194338891
value: 52

2025-04-21 09:12:19 [MQTT Call: JavaClientExample] INFO  com.example.mqtt.InfluxDBService - Extracted tagkey -> location: office, kind: 보드, data: humidity
Value into InfluxDB: 52.0
2025-04-21 09:12:19 [MQTT Call: JavaClientExample] INFO  com.example.mqtt.MessageData - Data sent to InfluxDBService: data/s/nhnacademy/b/gyeongnam_campus/p/office/d/24e124126d152919/n/보드/e/humidity -> 52.0
2025-04-21 09:12:19 [MQTT Call: JavaClientExample] INFO  com.example.mqtt.MessageData - Topic: data/s/nhnacademy/b/gyeongnam_campus/p/office/d/24e124126d152919/n/보드/e/temperature
Message Data:
time: 1745194338891
value: 23.7

2025-04-21 09:12:19 [MQTT Call: JavaClientExample] INFO  com.example.mqtt.InfluxDBService - Extracted tagkey -> location: office, kind: 보드, data: temperature
Value into InfluxDB: 23.7
2025-04-21 09:12:19 [MQTT Call: JavaClientExample] INFO  com.example.mqtt.MessageData - Data sent to InfluxDBService: data/s/nhnacademy/b/gyeongnam_campus/p/office/d/24e124126d152919/n/보드/e/temperature -> 23.7
2025-04-21 09:12:19 [MQTT Call: JavaClientExample] INFO  com.example.mqtt.MessageData - Topic: data/s/nhnacademy/b/gyeongnam_campus/p/office/d/24e124126d152919/n/보드/e/pressure
Message Data:
time: 1745194338891
value: 1017

2025-04-21 09:12:19 [MQTT Call: JavaClientExample] INFO  com.example.mqtt.InfluxDBService - Extracted tagkey -> location: office, kind: 보드, data: pressure
Value into InfluxDB: 1017.0
2025-04-21 09:12:19 [MQTT Call: JavaClientExample] INFO  com.example.mqtt.MessageData - Data sent to InfluxDBService: data/s/nhnacademy/b/gyeongnam_campus/p/office/d/24e124126d152919/n/보드/e/pressure -> 1017.0
2025-04-21 09:12:19 [MQTT Call: JavaClientExample] INFO  com.example.mqtt.MessageData - Topic: data/s/nhnacademy/b/gyeongnam_campus/p/office/d/24e124126d152919/n/보드/g/24e124fffef5dccc/e/lora
Message Data:
time: 1745194338891
value: 

2025-04-21 09:12:19 [MQTT Call: JavaClientExample] INFO  com.example.mqtt.InfluxDBService - Extracted tagkey -> location: office, kind: 보드, data: lora
Value into InfluxDB: 0.0
2025-04-21 09:12:19 [MQTT Call: JavaClientExample] INFO  com.example.mqtt.MessageData - Data sent to InfluxDBService: data/s/nhnacademy/b/gyeongnam_campus/p/office/d/24e124126d152919/n/보드/g/24e124fffef5dccc/e/lora -> 0.0
2025-04-21 09:12:19 [MQTT Call: JavaClientExample] INFO  com.example.mqtt.MessageData - Topic: data/s/nhnacademy/b/gyeongnam_campus/p/office/d/24e124126d152919/n/보드/g/24e124fffef79304/e/lora
Message Data:
time: 1745194338891
value: 

2025-04-21 09:12:19 [MQTT Call: JavaClientExample] INFO  com.example.mqtt.InfluxDBService - Extracted tagkey -> location: office, kind: 보드, data: lora
Value into InfluxDB: 0.0
2025-04-21 09:12:19 [MQTT Call: JavaClientExample] INFO  com.example.mqtt.MessageData - Data sent to InfluxDBService: data/s/nhnacademy/b/gyeongnam_campus/p/office/d/24e124126d152919/n/보드/g/24e124fffef79304/e/lora -> 0.0
2025-04-21 09:12:32 [MQTT Call: JavaClientExample] INFO  com.example.mqtt.MessageData - Topic: data/s/nhnacademy/b/gyeongnam_campus/p/server_room/d/24e124136d151368/n/입구/e/humidity
Message Data:
time: 1745194346504
value: 45

2025-04-21 09:12:32 [MQTT Call: JavaClientExample] INFO  com.example.mqtt.InfluxDBService - Extracted tagkey -> location: server_room, kind: 입구, data: humidity
Value into InfluxDB: 45.0
2025-04-21 09:12:32 [MQTT Call: JavaClientExample] INFO  com.example.mqtt.MessageData - Data sent to InfluxDBService: data/s/nhnacademy/b/gyeongnam_campus/p/server_room/d/24e124136d151368/n/입구/e/humidity -> 45.0
2025-04-21 09:12:32 [MQTT Call: JavaClientExample] INFO  com.example.mqtt.MessageData - Topic: data/s/nhnacademy/b/gyeongnam_campus/p/server_room/d/24e124136d151368/n/입구/e/temperature
Message Data:
time: 1745194346504
value: 24.1

2025-04-21 09:12:32 [MQTT Call: JavaClientExample] INFO  com.example.mqtt.InfluxDBService - Extracted tagkey -> location: server_room, kind: 입구, data: temperature
Value into InfluxDB: 24.1
2025-04-21 09:12:32 [MQTT Call: JavaClientExample] INFO  com.example.mqtt.MessageData - Data sent to InfluxDBService: data/s/nhnacademy/b/gyeongnam_campus/p/server_room/d/24e124136d151368/n/입구/e/temperature -> 24.1
2025-04-21 09:12:32 [MQTT Call: JavaClientExample] INFO  com.example.mqtt.MessageData - Topic: data/s/nhnacademy/b/gyeongnam_campus/p/server_room/d/24e124136d151368/n/입구/g/24e124fffef5dccc/e/lora
Message Data:
time: 1745194346504
value: 

2025-04-21 09:12:32 [MQTT Call: JavaClientExample] INFO  com.example.mqtt.InfluxDBService - Extracted tagkey -> location: server_room, kind: 입구, data: lora
Value into InfluxDB: 0.0
2025-04-21 09:12:32 [MQTT Call: JavaClientExample] INFO  com.example.mqtt.MessageData - Data sent to InfluxDBService: data/s/nhnacademy/b/gyeongnam_campus/p/server_room/d/24e124136d151368/n/입구/g/24e124fffef5dccc/e/lora -> 0.0
2025-04-21 09:12:32 [MQTT Call: JavaClientExample] INFO  com.example.mqtt.MessageData - Topic: data/s/nhnacademy/b/gyeongnam_campus/p/server_room/d/24e124136d151368/n/입구/g/24e124fffef79304/e/lora
Message Data:
time: 1745194346504
value: 

2025-04-21 09:12:32 [MQTT Call: JavaClientExample] INFO  com.example.mqtt.InfluxDBService - Extracted tagkey -> location: server_room, kind: 입구, data: lora
Value into InfluxDB: 0.0
2025-04-21 09:12:32 [MQTT Call: JavaClientExample] INFO  com.example.mqtt.MessageData - Data sent to InfluxDBService: data/s/nhnacademy/b/gyeongnam_campus/p/server_room/d/24e124136d151368/n/입구/g/24e124fffef79304/e/lora -> 0.0
2025-04-21 09:12:35 [MQTT Call: JavaClientExample] INFO  com.example.mqtt.MessageData - Topic: data/s/nhnacademy/b/gyeongnam_campus/p/pair_room/d/24e124617d159573/n/2/e/occupancy
Message Data:
time: 1745194354576
value: 0

2025-04-21 09:12:35 [MQTT Call: JavaClientExample] INFO  com.example.mqtt.InfluxDBService - Extracted tagkey -> location: pair_room, kind: 2, data: occupancy
Value into InfluxDB: 0.0
2025-04-21 09:12:35 [MQTT Call: JavaClientExample] INFO  com.example.mqtt.MessageData - Data sent to InfluxDBService: data/s/nhnacademy/b/gyeongnam_campus/p/pair_room/d/24e124617d159573/n/2/e/occupancy -> 0.0
2025-04-21 09:12:35 [MQTT Call: JavaClientExample] INFO  com.example.mqtt.MessageData - Topic: data/s/nhnacademy/b/gyeongnam_campus/p/pair_room/d/24e124617d159573/n/2/e/battery
Message Data:
time: 1745194354576
value: 33

2025-04-21 09:12:35 [MQTT Call: JavaClientExample] INFO  com.example.mqtt.InfluxDBService - Extracted tagkey -> location: pair_room, kind: 2, data: battery
Value into InfluxDB: 33.0
2025-04-21 09:12:35 [MQTT Call: JavaClientExample] INFO  com.example.mqtt.MessageData - Data sent to InfluxDBService: data/s/nhnacademy/b/gyeongnam_campus/p/pair_room/d/24e124617d159573/n/2/e/battery -> 33.0
2025-04-21 09:12:35 [MQTT Call: JavaClientExample] INFO  com.example.mqtt.MessageData - Topic: data/s/nhnacademy/b/gyeongnam_campus/p/pair_room/d/24e124617d159573/n/2/e/distance
Message Data:
time: 1745194354576
value: 2232

2025-04-21 09:12:35 [MQTT Call: JavaClientExample] INFO  com.example.mqtt.InfluxDBService - Extracted tagkey -> location: pair_room, kind: 2, data: distance
Value into InfluxDB: 2232.0
2025-04-21 09:12:35 [MQTT Call: JavaClientExample] INFO  com.example.mqtt.MessageData - Data sent to InfluxDBService: data/s/nhnacademy/b/gyeongnam_campus/p/pair_room/d/24e124617d159573/n/2/e/distance -> 2232.0
2025-04-21 09:12:35 [MQTT Call: JavaClientExample] INFO  com.example.mqtt.MessageData - Topic: data/s/nhnacademy/b/gyeongnam_campus/p/pair_room/d/24e124617d159573/n/2/g/24e124fffef79304/e/lora
Message Data:
time: 1745194354576
value: 

2025-04-21 09:12:35 [MQTT Call: JavaClientExample] INFO  com.example.mqtt.InfluxDBService - Extracted tagkey -> location: pair_room, kind: 2, data: lora
Value into InfluxDB: 0.0
2025-04-21 09:12:35 [MQTT Call: JavaClientExample] INFO  com.example.mqtt.MessageData - Data sent to InfluxDBService: data/s/nhnacademy/b/gyeongnam_campus/p/pair_room/d/24e124617d159573/n/2/g/24e124fffef79304/e/lora -> 0.0
2025-04-21 09:12:35 [MQTT Call: JavaClientExample] INFO  com.example.mqtt.MessageData - Topic: data/s/nhnacademy/b/gyeongnam_campus/p/pair_room/d/24e124617d159573/n/2/g/24e124fffef5dccc/e/lora
Message Data:
time: 1745194354576
value: 

2025-04-21 09:12:35 [MQTT Call: JavaClientExample] INFO  com.example.mqtt.InfluxDBService - Extracted tagkey -> location: pair_room, kind: 2, data: lora
Value into InfluxDB: 0.0
2025-04-21 09:12:35 [MQTT Call: JavaClientExample] INFO  com.example.mqtt.MessageData - Data sent to InfluxDBService: data/s/nhnacademy/b/gyeongnam_campus/p/pair_room/d/24e124617d159573/n/2/g/24e124fffef5dccc/e/lora -> 0.0
2025-04-21 09:12:35 [MQTT Call: JavaClientExample] INFO  com.example.mqtt.MessageData - Topic: data/s/nhnacademy/b/gyeongnam_campus/p/hive/d/24e124126d111937/sp/farm/n/스마트팜/e/illumination
Message Data:
time: 1745194354875
value: 320

2025-04-21 09:12:35 [MQTT Call: JavaClientExample] INFO  com.example.mqtt.InfluxDBService - Extracted tagkey -> location: hive, kind: 스마트팜, data: illumination
Value into InfluxDB: 320.0
2025-04-21 09:12:35 [MQTT Call: JavaClientExample] INFO  com.example.mqtt.MessageData - Data sent to InfluxDBService: data/s/nhnacademy/b/gyeongnam_campus/p/hive/d/24e124126d111937/sp/farm/n/스마트팜/e/illumination -> 320.0
2025-04-21 09:12:38 [MQTT Call: JavaClientExample] INFO  com.example.mqtt.MessageData - Topic: data/s/nhnacademy/b/gyeongnam_campus/p/hive/d/24e124126d111937/sp/farm/n/스마트팜/g/24e124fffef5dccc/e/lora
Message Data:
time: 1745194354875
value: 

2025-04-21 09:12:38 [MQTT Call: JavaClientExample] INFO  com.example.mqtt.InfluxDBService - Extracted tagkey -> location: hive, kind: 스마트팜, data: lora
Value into InfluxDB: 0.0
2025-04-21 09:12:38 [MQTT Call: JavaClientExample] INFO  com.example.mqtt.MessageData - Data sent to InfluxDBService: data/s/nhnacademy/b/gyeongnam_campus/p/hive/d/24e124126d111937/sp/farm/n/스마트팜/g/24e124fffef5dccc/e/lora -> 0.0
2025-04-21 09:12:38 [MQTT Call: JavaClientExample] INFO  com.example.mqtt.MessageData - Topic: data/s/nhnacademy/b/gyeongnam_campus/p/hive/d/24e124126d111937/sp/farm/n/스마트팜/g/24e124fffef79304/e/lora
Message Data:
time: 1745194354875
value: 

2025-04-21 09:12:38 [MQTT Call: JavaClientExample] INFO  com.example.mqtt.InfluxDBService - Extracted tagkey -> location: hive, kind: 스마트팜, data: lora
Value into InfluxDB: 0.0
2025-04-21 09:12:38 [MQTT Call: JavaClientExample] INFO  com.example.mqtt.MessageData - Data sent to InfluxDBService: data/s/nhnacademy/b/gyeongnam_campus/p/hive/d/24e124126d111937/sp/farm/n/스마트팜/g/24e124fffef79304/e/lora -> 0.0
2025-04-21 09:12:43 [MQTT Call: JavaClientExample] INFO  com.example.mqtt.MessageData - Topic: data/s/nhnacademy/b/gyeongnam_campus/p/hive/d/24e124126c452091/sp/farm/n/스마트팜/e/temperature
Message Data:
time: 1745194363218
value: 23.2

2025-04-21 09:12:43 [MQTT Call: JavaClientExample] INFO  com.example.mqtt.InfluxDBService - Extracted tagkey -> location: hive, kind: 스마트팜, data: temperature
Value into InfluxDB: 23.2
2025-04-21 09:12:43 [MQTT Call: JavaClientExample] INFO  com.example.mqtt.MessageData - Data sent to InfluxDBService: data/s/nhnacademy/b/gyeongnam_campus/p/hive/d/24e124126c452091/sp/farm/n/스마트팜/e/temperature -> 23.2
2025-04-21 09:12:46 [MQTT Call: JavaClientExample] INFO  com.example.mqtt.MessageData - Topic: data/s/nhnacademy/b/gyeongnam_campus/p/hive/d/24e124126c452091/sp/farm/n/스마트팜/g/24e124fffef79304/e/lora
Message Data:
time: 1745194363218
value: 

2025-04-21 09:12:46 [MQTT Call: JavaClientExample] INFO  com.example.mqtt.InfluxDBService - Extracted tagkey -> location: hive, kind: 스마트팜, data: lora
Value into InfluxDB: 0.0
2025-04-21 09:12:46 [MQTT Call: JavaClientExample] INFO  com.example.mqtt.MessageData - Data sent to InfluxDBService: data/s/nhnacademy/b/gyeongnam_campus/p/hive/d/24e124126c452091/sp/farm/n/스마트팜/g/24e124fffef79304/e/lora -> 0.0
2025-04-21 09:12:46 [MQTT Call: JavaClientExample] INFO  com.example.mqtt.MessageData - Topic: data/s/nhnacademy/b/gyeongnam_campus/p/hive/d/24e124126c452091/sp/farm/n/스마트팜/g/24e124fffef5dccc/e/lora
Message Data:
time: 1745194363218
value: 

2025-04-21 09:12:46 [MQTT Call: JavaClientExample] INFO  com.example.mqtt.InfluxDBService - Extracted tagkey -> location: hive, kind: 스마트팜, data: lora
Value into InfluxDB: 0.0
2025-04-21 09:12:46 [MQTT Call: JavaClientExample] INFO  com.example.mqtt.MessageData - Data sent to InfluxDBService: data/s/nhnacademy/b/gyeongnam_campus/p/hive/d/24e124126c452091/sp/farm/n/스마트팜/g/24e124fffef5dccc/e/lora -> 0.0
2025-04-21 09:12:46 [MQTT Call: JavaClientExample] INFO  com.example.mqtt.MessageData - Topic: data/s/nhnacademy/b/gyeongnam_campus/p/campus/d/gem3500_1/n/캠퍼스_LL/e/voltage
Message Data:
time: 1745194366750
value: 379.63

2025-04-21 09:12:46 [MQTT Call: JavaClientExample] INFO  com.example.mqtt.InfluxDBService - Extracted tagkey -> location: campus, kind: 캠퍼스_LL, data: voltage
Value into InfluxDB: 379.63
2025-04-21 09:12:46 [MQTT Call: JavaClientExample] INFO  com.example.mqtt.MessageData - Data sent to InfluxDBService: data/s/nhnacademy/b/gyeongnam_campus/p/campus/d/gem3500_1/n/캠퍼스_LL/e/voltage -> 379.63
2025-04-21 09:12:46 [MQTT Call: JavaClientExample] INFO  com.example.mqtt.MessageData - Topic: data/s/nhnacademy/b/gyeongnam_campus/p/campus/d/gem3500_1/n/캠퍼스_LN/e/voltage
Message Data:
time: 1745194366750
value: 219.18

2025-04-21 09:12:46 [MQTT Call: JavaClientExample] INFO  com.example.mqtt.InfluxDBService - Extracted tagkey -> location: campus, kind: 캠퍼스_LN, data: voltage
Value into InfluxDB: 219.18
2025-04-21 09:12:46 [MQTT Call: JavaClientExample] INFO  com.example.mqtt.MessageData - Data sent to InfluxDBService: data/s/nhnacademy/b/gyeongnam_campus/p/campus/d/gem3500_1/n/캠퍼스_LN/e/voltage -> 219.18
2025-04-21 09:12:46 [MQTT Call: JavaClientExample] INFO  com.example.mqtt.MessageData - Topic: data/s/nhnacademy/b/gyeongnam_campus/p/campus/d/gem3500_1/n/캠퍼스1/e/power_meter
Message Data:
time: 1745194366851
type: 5
leakageCurrent: 0
current: 2531
activePower: 4843
reactivePower: -1697
tapparentPower: 5564
powerFactor: 87.05
currentUnbalance: 74.39
lines: 

2025-04-21 09:12:46 [MQTT Call: JavaClientExample] WARN  com.example.mqtt.MessageData - No 'value' field found in message, skipping InfluxDB write.
2025-04-21 09:12:46 [MQTT Call: JavaClientExample] INFO  com.example.mqtt.MessageData - Topic: data/s/nhnacademy/b/gyeongnam_campus/p/storage/d/24e124136d151547/n/입구/e/humidity
Message Data:
time: 1745194366602
value: 127.5

2025-04-21 09:12:46 [MQTT Call: JavaClientExample] INFO  com.example.mqtt.InfluxDBService - Extracted tagkey -> location: storage, kind: 입구, data: humidity
Value into InfluxDB: 127.5
2025-04-21 09:12:46 [MQTT Call: JavaClientExample] INFO  com.example.mqtt.MessageData - Data sent to InfluxDBService: data/s/nhnacademy/b/gyeongnam_campus/p/storage/d/24e124136d151547/n/입구/e/humidity -> 127.5
2025-04-21 09:12:46 [MQTT Call: JavaClientExample] INFO  com.example.mqtt.MessageData - Topic: data/s/nhnacademy/b/gyeongnam_campus/p/storage/d/24e124136d151547/n/입구/e/battery
Message Data:
time: 1745194366602
value: 1

2025-04-21 09:12:46 [MQTT Call: JavaClientExample] INFO  com.example.mqtt.InfluxDBService - Extracted tagkey -> location: storage, kind: 입구, data: battery
Value into InfluxDB: 1.0
2025-04-21 09:12:46 [MQTT Call: JavaClientExample] INFO  com.example.mqtt.MessageData - Data sent to InfluxDBService: data/s/nhnacademy/b/gyeongnam_campus/p/storage/d/24e124136d151547/n/입구/e/battery -> 1.0
2025-04-21 09:12:46 [MQTT Call: JavaClientExample] INFO  com.example.mqtt.MessageData - Topic: data/s/nhnacademy/b/gyeongnam_campus/p/storage/d/24e124136d151547/n/입구/e/temperature
Message Data:
time: 1745194366602
value: -0.1

2025-04-21 09:12:46 [MQTT Call: JavaClientExample] INFO  com.example.mqtt.InfluxDBService - Extracted tagkey -> location: storage, kind: 입구, data: temperature
Value into InfluxDB: -0.1
2025-04-21 09:12:46 [MQTT Call: JavaClientExample] INFO  com.example.mqtt.MessageData - Data sent to InfluxDBService: data/s/nhnacademy/b/gyeongnam_campus/p/storage/d/24e124136d151547/n/입구/e/temperature -> -0.1
2025-04-21 09:12:46 [MQTT Call: JavaClientExample] INFO  com.example.mqtt.MessageData - Topic: data/s/nhnacademy/b/gyeongnam_campus/p/storage/d/24e124136d151547/n/입구/g/24e124fffef5dccc/e/lora
Message Data:
time: 1745194366602
value: 

2025-04-21 09:12:46 [MQTT Call: JavaClientExample] INFO  com.example.mqtt.InfluxDBService - Extracted tagkey -> location: storage, kind: 입구, data: lora
Value into InfluxDB: 0.0
2025-04-21 09:12:46 [MQTT Call: JavaClientExample] INFO  com.example.mqtt.MessageData - Data sent to InfluxDBService: data/s/nhnacademy/b/gyeongnam_campus/p/storage/d/24e124136d151547/n/입구/g/24e124fffef5dccc/e/lora -> 0.0
2025-04-21 09:12:46 [MQTT Call: JavaClientExample] INFO  com.example.mqtt.MessageData - Topic: data/s/nhnacademy/b/gyeongnam_campus/p/storage/d/24e124136d151547/n/입구/g/24e124fffef79304/e/lora
Message Data:
time: 1745194366602
value: 

2025-04-21 09:12:46 [MQTT Call: JavaClientExample] INFO  com.example.mqtt.InfluxDBService - Extracted tagkey -> location: storage, kind: 입구, data: lora
Value into InfluxDB: 0.0
2025-04-21 09:12:46 [MQTT Call: JavaClientExample] INFO  com.example.mqtt.MessageData - Data sent to InfluxDBService: data/s/nhnacademy/b/gyeongnam_campus/p/storage/d/24e124136d151547/n/입구/g/24e124fffef79304/e/lora -> 0.0
2025-04-21 09:12:47 [MQTT Call: JavaClientExample] INFO  com.example.mqtt.MessageData - Topic: data/s/nhnacademy/b/gyeongnam_campus/p/campus/d/gem3500_1/n/전등1/e/power_meter
Message Data:
time: 1745194366951
type: 3
leakageCurrent: 0
current: 700
activePower: 1306
reactivePower: -338
tapparentPower: 1529
powerFactor: 85.4
currentUnbalance: 0
lines: 

2025-04-21 09:12:47 [MQTT Call: JavaClientExample] WARN  com.example.mqtt.MessageData - No 'value' field found in message, skipping InfluxDB write.
2025-04-21 09:12:47 [MQTT Call: JavaClientExample] INFO  com.example.mqtt.MessageData - Topic: data/s/nhnacademy/b/gyeongnam_campus/p/campus/d/gem3500_1/n/전등2/e/power_meter
Message Data:
time: 1745194367052
type: 1
leakageCurrent: 0
current: 570
activePower: 1138
reactivePower: -285
tapparentPower: 1253
powerFactor: 90.8
currentUnbalance: 0
lines: 

2025-04-21 09:12:47 [MQTT Call: JavaClientExample] WARN  com.example.mqtt.MessageData - No 'value' field found in message, skipping InfluxDB write.
2025-04-21 09:12:47 [MQTT Call: JavaClientExample] INFO  com.example.mqtt.MessageData - Topic: data/s/nhnacademy/b/gyeongnam_campus/p/campus/d/gem3500_1/n/전등3/e/power_meter
Message Data:
time: 1745194367154
type: 2
leakageCurrent: 0
current: 0
activePower: 0
reactivePower: 0
tapparentPower: 0
powerFactor: 0
currentUnbalance: 0
lines: 

2025-04-21 09:12:47 [MQTT Call: JavaClientExample] WARN  com.example.mqtt.MessageData - No 'value' field found in message, skipping InfluxDB write.
2025-04-21 09:12:47 [MQTT Call: JavaClientExample] INFO  com.example.mqtt.MessageData - Topic: data/s/nhnacademy/b/gyeongnam_campus/p/campus/d/gem3500_1/n/강의실b_바닥/e/power_meter
Message Data:
time: 1745194367254
type: 3
leakageCurrent: 0
current: 169
activePower: 261
reactivePower: -206
tapparentPower: 384
powerFactor: 68.12
currentUnbalance: 0
lines: 

2025-04-21 09:12:47 [MQTT Call: JavaClientExample] WARN  com.example.mqtt.MessageData - No 'value' field found in message, skipping InfluxDB write.
2025-04-21 09:12:47 [MQTT Call: JavaClientExample] INFO  com.example.mqtt.MessageData - Topic: data/s/nhnacademy/b/gyeongnam_campus/p/campus/d/gem3500_1/n/강의실a_바닥1/e/power_meter
Message Data:
time: 1745194367355
type: 1
leakageCurrent: 0
current: 202
activePower: 331
reactivePower: -271
tapparentPower: 453
powerFactor: 73.01
currentUnbalance: 0
lines: 

2025-04-21 09:12:47 [MQTT Call: JavaClientExample] WARN  com.example.mqtt.MessageData - No 'value' field found in message, skipping InfluxDB write.
2025-04-21 09:12:48 [MQTT Call: JavaClientExample] INFO  com.example.mqtt.MessageData - Topic: data/s/nhnacademy/b/gyeongnam_campus/p/campus/d/gem3500_1/n/강의실a_바닥2/e/power_meter
Message Data:
time: 1745194367457
type: 2
leakageCurrent: 0
current: 124
activePower: 199
reactivePower: -141
tapparentPower: 271
powerFactor: 73.45
currentUnbalance: 0
lines: 

2025-04-21 09:12:48 [MQTT Call: JavaClientExample] WARN  com.example.mqtt.MessageData - No 'value' field found in message, skipping InfluxDB write.
2025-04-21 09:12:48 [MQTT Call: JavaClientExample] INFO  com.example.mqtt.MessageData - Topic: data/s/nhnacademy/b/gyeongnam_campus/p/campus/d/gem3500_1/n/프로젝터1/e/power_meter
Message Data:
time: 1745194367557
type: 3
leakageCurrent: 0
current: 94
activePower: 120
reactivePower: -146
tapparentPower: 206
powerFactor: 58.13
currentUnbalance: 0
lines: 

2025-04-21 09:12:48 [MQTT Call: JavaClientExample] WARN  com.example.mqtt.MessageData - No 'value' field found in message, skipping InfluxDB write.
2025-04-21 09:12:48 [MQTT Call: JavaClientExample] INFO  com.example.mqtt.MessageData - Topic: data/s/nhnacademy/b/gyeongnam_campus/p/campus/d/gem3500_1/n/프로젝터2/e/power_meter
Message Data:
time: 1745194367659
type: 1
leakageCurrent: 0
current: 59
activePower: 88
reactivePower: -74
tapparentPower: 124
powerFactor: 71.15
currentUnbalance: 0
lines: 

2025-04-21 09:12:48 [MQTT Call: JavaClientExample] WARN  com.example.mqtt.MessageData - No 'value' field found in message, skipping InfluxDB write.
2025-04-21 09:12:48 [MQTT Call: JavaClientExample] INFO  com.example.mqtt.MessageData - Topic: data/s/nhnacademy/b/gyeongnam_campus/p/campus/d/gem3500_1/n/회의실/e/power_meter
Message Data:
time: 1745194367761
type: 2
leakageCurrent: 0
current: 14
activePower: 4
reactivePower: -28
tapparentPower: 33
powerFactor: 14.28
currentUnbalance: 0
lines: 

2025-04-21 09:12:48 [MQTT Call: JavaClientExample] WARN  com.example.mqtt.MessageData - No 'value' field found in message, skipping InfluxDB write.
2025-04-21 09:12:48 [MQTT Call: JavaClientExample] INFO  com.example.mqtt.MessageData - Topic: data/s/nhnacademy/b/gyeongnam_campus/p/campus/d/gem3500_1/n/서버실/e/power_meter
Message Data:
time: 1745194367861
type: 3
leakageCurrent: 0
current: 200
activePower: 388
reactivePower: -112
tapparentPower: 437
powerFactor: 89.01
currentUnbalance: 0
lines: 

2025-04-21 09:12:48 [MQTT Call: JavaClientExample] WARN  com.example.mqtt.MessageData - No 'value' field found in message, skipping InfluxDB write.
2025-04-21 09:12:48 [MQTT Call: JavaClientExample] INFO  com.example.mqtt.MessageData - Topic: data/s/nhnacademy/b/gyeongnam_campus/p/campus/d/gem3500_1/n/간판/e/power_meter
Message Data:
time: 1745194367961
type: 1
leakageCurrent: 0
current: 0
activePower: 0
reactivePower: 0
tapparentPower: 0
powerFactor: 0
currentUnbalance: 0
lines: 

2025-04-21 09:12:48 [MQTT Call: JavaClientExample] WARN  com.example.mqtt.MessageData - No 'value' field found in message, skipping InfluxDB write.
2025-04-21 09:12:48 [MQTT Call: JavaClientExample] INFO  com.example.mqtt.MessageData - Topic: data/s/nhnacademy/b/gyeongnam_campus/p/campus/d/gem3500_1/n/페어룸/e/power_meter
Message Data:
time: 1745194368064
type: 2
leakageCurrent: 0
current: 0
activePower: 0
reactivePower: 0
tapparentPower: 0
powerFactor: 0
currentUnbalance: 0
lines: 

2025-04-21 09:12:48 [MQTT Call: JavaClientExample] WARN  com.example.mqtt.MessageData - No 'value' field found in message, skipping InfluxDB write.
2025-04-21 09:12:48 [MQTT Call: JavaClientExample] INFO  com.example.mqtt.MessageData - Topic: data/s/nhnacademy/b/gyeongnam_campus/p/campus/d/gem3500_1/n/사무실_전열1/e/power_meter
Message Data:
time: 1745194368164
type: 3
leakageCurrent: 0
current: 83
activePower: 100
reactivePower: -57
tapparentPower: 182
powerFactor: 55.26
currentUnbalance: 0
lines: 

2025-04-21 09:12:48 [MQTT Call: JavaClientExample] WARN  com.example.mqtt.MessageData - No 'value' field found in message, skipping InfluxDB write.
2025-04-21 09:12:48 [MQTT Call: JavaClientExample] INFO  com.example.mqtt.MessageData - Topic: data/s/nhnacademy/b/gyeongnam_campus/p/campus/d/gem3500_1/n/사무실_전열2/e/power_meter
Message Data:
time: 1745194368267
type: 3
leakageCurrent: 0
current: 26
activePower: 9
reactivePower: -52
tapparentPower: 57
powerFactor: 16.66
currentUnbalance: 0
lines: 

2025-04-21 09:12:48 [MQTT Call: JavaClientExample] WARN  com.example.mqtt.MessageData - No 'value' field found in message, skipping InfluxDB write.
2025-04-21 09:12:48 [MQTT Call: JavaClientExample] INFO  com.example.mqtt.MessageData - Topic: data/s/nhnacademy/b/gyeongnam_campus/p/campus/d/gem3500_1/n/사무실_복사기/e/power_meter
Message Data:
time: 1745194368365
type: 1
leakageCurrent: 0
current: 7
activePower: 7
reactivePower: 0
tapparentPower: 16
powerFactor: 42.85
currentUnbalance: 0
lines: 

2025-04-21 09:12:48 [MQTT Call: JavaClientExample] WARN  com.example.mqtt.MessageData - No 'value' field found in message, skipping InfluxDB write.
2025-04-21 09:12:49 [MQTT Call: JavaClientExample] INFO  com.example.mqtt.MessageData - Topic: data/s/nhnacademy/b/gyeongnam_campus/p/campus/d/gem3500_1/n/빌트인_전열/e/power_meter
Message Data:
time: 1745194368466
type: 2
leakageCurrent: 0
current: 5
activePower: 2
reactivePower: -7
tapparentPower: 12
powerFactor: 19.99
currentUnbalance: 0
lines: 

2025-04-21 09:12:49 [MQTT Call: JavaClientExample] WARN  com.example.mqtt.MessageData - No 'value' field found in message, skipping InfluxDB write.
2025-04-21 09:12:49 [MQTT Call: JavaClientExample] INFO  com.example.mqtt.MessageData - Topic: data/s/nhnacademy/b/gyeongnam_campus/p/campus/d/gem3500_1/n/사무실_전열3/e/power_meter
Message Data:
time: 1745194368568
type: 3
leakageCurrent: 0
current: 0
activePower: 0
reactivePower: 0
tapparentPower: 0
powerFactor: 0
currentUnbalance: 0
lines: 

2025-04-21 09:12:49 [MQTT Call: JavaClientExample] WARN  com.example.mqtt.MessageData - No 'value' field found in message, skipping InfluxDB write.
2025-04-21 09:12:49 [MQTT Call: JavaClientExample] INFO  com.example.mqtt.MessageData - Topic: data/s/nhnacademy/b/gyeongnam_campus/p/campus/d/gem3500_1/n/정수기/e/power_meter
Message Data:
time: 1745194368669
type: 1
leakageCurrent: 0
current: 270
activePower: 583
reactivePower: 115
tapparentPower: 595
powerFactor: 97.98
currentUnbalance: 0
lines: 

2025-04-21 09:12:49 [MQTT Call: JavaClientExample] WARN  com.example.mqtt.MessageData - No 'value' field found in message, skipping InfluxDB write.
2025-04-21 09:12:49 [MQTT Call: JavaClientExample] INFO  com.example.mqtt.MessageData - Topic: data/s/nhnacademy/b/gyeongnam_campus/p/campus/d/gem3500_1/n/하이브_전열/e/power_meter
Message Data:
time: 1745194368769
type: 2
leakageCurrent: 0
current: 66
activePower: 124
reactivePower: -48
tapparentPower: 144
powerFactor: 86.66
currentUnbalance: 0
lines: 

2025-04-21 09:12:49 [MQTT Call: JavaClientExample] WARN  com.example.mqtt.MessageData - No 'value' field found in message, skipping InfluxDB write.
2025-04-21 09:12:49 [MQTT Call: JavaClientExample] INFO  com.example.mqtt.MessageData - Topic: data/s/nhnacademy/b/gyeongnam_campus/p/campus/d/gem3500_1/n/바텐_전열/e/power_meter
Message Data:
time: 1745194368870
type: 3
leakageCurrent: 0
current: 0
activePower: 0
reactivePower: 0
tapparentPower: 0
powerFactor: 0
currentUnbalance: 0
lines: 

2025-04-21 09:12:49 [MQTT Call: JavaClientExample] WARN  com.example.mqtt.MessageData - No 'value' field found in message, skipping InfluxDB write.
2025-04-21 09:12:49 [MQTT Call: JavaClientExample] INFO  com.example.mqtt.MessageData - Topic: data/s/nhnacademy/b/gyeongnam_campus/p/campus/d/gem3500_1/n/S_P/e/power_meter
Message Data:
time: 1745194368974
type: 1
leakageCurrent: 0
current: 0
activePower: 0
reactivePower: 0
tapparentPower: 0
powerFactor: 0
currentUnbalance: 0
lines: 

2025-04-21 09:12:49 [MQTT Call: JavaClientExample] WARN  com.example.mqtt.MessageData - No 'value' field found in message, skipping InfluxDB write.
2025-04-21 09:12:49 [MQTT Call: JavaClientExample] INFO  com.example.mqtt.MessageData - Topic: data/s/nhnacademy/b/gyeongnam_campus/p/campus/d/gem3500_1/n/공조기/e/power_meter
Message Data:
time: 1745194369072
type: 2
leakageCurrent: 0
current: 16
activePower: 2
reactivePower: -33
tapparentPower: 36
powerFactor: 6.66
currentUnbalance: 0
lines: 

2025-04-21 09:12:49 [MQTT Call: JavaClientExample] WARN  com.example.mqtt.MessageData - No 'value' field found in message, skipping InfluxDB write.
2025-04-21 09:12:50 [MQTT Call: JavaClientExample] INFO  com.example.mqtt.MessageData - Topic: data/s/nhnacademy/b/gyeongnam_campus/p/campus/d/gem3500_1/n/AC/e/power_meter
Message Data:
time: 1745194369174
type: 3
leakageCurrent: 0
current: 114
activePower: 156
reactivePower: 9
tapparentPower: 252
powerFactor: 61.9
currentUnbalance: 0
lines: 

2025-04-21 09:12:50 [MQTT Call: JavaClientExample] WARN  com.example.mqtt.MessageData - No 'value' field found in message, skipping InfluxDB write.
2025-04-21 09:13:16 [MQTT Call: JavaClientExample] INFO  com.example.mqtt.MessageData - Topic: data/s/nhnacademy/b/gyeongnam_campus/p/hive/d/24e124725d081175/sp/8인 책상/n/8인 책상/e/temperature
Message Data:
time: 1745194395422
value: 24

2025-04-21 09:13:16 [MQTT Call: JavaClientExample] INFO  com.example.mqtt.InfluxDBService - Extracted tagkey -> location: hive, kind: 8인 책상, data: temperature
Value into InfluxDB: 24.0
2025-04-21 09:13:16 [MQTT Call: JavaClientExample] INFO  com.example.mqtt.MessageData - Data sent to InfluxDBService: data/s/nhnacademy/b/gyeongnam_campus/p/hive/d/24e124725d081175/sp/8인 책상/n/8인 책상/e/temperature -> 24.0
2025-04-21 09:13:17 [MQTT Call: JavaClientExample] INFO  com.example.mqtt.MessageData - Topic: data/s/nhnacademy/b/gyeongnam_campus/p/hive/d/24e124725d081175/sp/8인 책상/n/8인 책상/e/co2
Message Data:
time: 1745194395422
value: 547

2025-04-21 09:13:17 [MQTT Call: JavaClientExample] INFO  com.example.mqtt.InfluxDBService - Extracted tagkey -> location: hive, kind: 8인 책상, data: co2
Value into InfluxDB: 547.0
2025-04-21 09:13:17 [MQTT Call: JavaClientExample] INFO  com.example.mqtt.MessageData - Data sent to InfluxDBService: data/s/nhnacademy/b/gyeongnam_campus/p/hive/d/24e124725d081175/sp/8인 책상/n/8인 책상/e/co2 -> 547.0
2025-04-21 09:13:17 [MQTT Call: JavaClientExample] INFO  com.example.mqtt.MessageData - Topic: data/s/nhnacademy/b/gyeongnam_campus/p/hive/d/24e124725d081175/sp/8인 책상/n/8인 책상/e/humidity
Message Data:
time: 1745194395422
value: 47.5

2025-04-21 09:13:17 [MQTT Call: JavaClientExample] INFO  com.example.mqtt.InfluxDBService - Extracted tagkey -> location: hive, kind: 8인 책상, data: humidity
Value into InfluxDB: 47.5
2025-04-21 09:13:17 [MQTT Call: JavaClientExample] INFO  com.example.mqtt.MessageData - Data sent to InfluxDBService: data/s/nhnacademy/b/gyeongnam_campus/p/hive/d/24e124725d081175/sp/8인 책상/n/8인 책상/e/humidity -> 47.5
2025-04-21 09:13:17 [MQTT Call: JavaClientExample] INFO  com.example.mqtt.MessageData - Topic: data/s/nhnacademy/b/gyeongnam_campus/p/hive/d/24e124725d081175/sp/8인 책상/n/8인 책상/e/battery
Message Data:
time: 1745194395422
value: 77

2025-04-21 09:13:17 [MQTT Call: JavaClientExample] INFO  com.example.mqtt.InfluxDBService - Extracted tagkey -> location: hive, kind: 8인 책상, data: battery
Value into InfluxDB: 77.0
2025-04-21 09:13:17 [MQTT Call: JavaClientExample] INFO  com.example.mqtt.MessageData - Data sent to InfluxDBService: data/s/nhnacademy/b/gyeongnam_campus/p/hive/d/24e124725d081175/sp/8인 책상/n/8인 책상/e/battery -> 77.0
2025-04-21 09:13:17 [MQTT Call: JavaClientExample] INFO  com.example.mqtt.MessageData - Topic: data/s/nhnacademy/b/gyeongnam_campus/p/hive/d/24e124725d081175/sp/8인 책상/n/8인 책상/g/24e124fffef79304/e/lora
Message Data:
time: 1745194395422
value: 

2025-04-21 09:13:17 [MQTT Call: JavaClientExample] INFO  com.example.mqtt.InfluxDBService - Extracted tagkey -> location: hive, kind: 8인 책상, data: lora
Value into InfluxDB: 0.0
2025-04-21 09:13:17 [MQTT Call: JavaClientExample] INFO  com.example.mqtt.MessageData - Data sent to InfluxDBService: data/s/nhnacademy/b/gyeongnam_campus/p/hive/d/24e124725d081175/sp/8인 책상/n/8인 책상/g/24e124fffef79304/e/lora -> 0.0
2025-04-21 09:13:17 [MQTT Call: JavaClientExample] INFO  com.example.mqtt.MessageData - Topic: data/s/nhnacademy/b/gyeongnam_campus/p/hive/d/24e124725d081175/sp/8인 책상/n/8인 책상/g/24e124fffef5dccc/e/lora
Message Data:
time: 1745194395422
value: 

2025-04-21 09:13:17 [MQTT Call: JavaClientExample] INFO  com.example.mqtt.InfluxDBService - Extracted tagkey -> location: hive, kind: 8인 책상, data: lora
Value into InfluxDB: 0.0
2025-04-21 09:13:17 [MQTT Call: JavaClientExample] INFO  com.example.mqtt.MessageData - Data sent to InfluxDBService: data/s/nhnacademy/b/gyeongnam_campus/p/hive/d/24e124725d081175/sp/8인 책상/n/8인 책상/g/24e124fffef5dccc/e/lora -> 0.0
2025-04-21 09:13:18 [MQTT Call: JavaClientExample] INFO  com.example.mqtt.MessageData - Topic: data/s/nhnacademy/b/gyeongnam_campus/p/class_a/d/24e124128c067999/sp/입구/n/입구/e/humidity
Message Data:
time: 1745194398083
value: 47.5

2025-04-21 09:13:18 [MQTT Call: JavaClientExample] INFO  com.example.mqtt.InfluxDBService - Extracted tagkey -> location: class_a, kind: 입구, data: humidity
Value into InfluxDB: 47.5
2025-04-21 09:13:18 [MQTT Call: JavaClientExample] INFO  com.example.mqtt.MessageData - Data sent to InfluxDBService: data/s/nhnacademy/b/gyeongnam_campus/p/class_a/d/24e124128c067999/sp/입구/n/입구/e/humidity -> 47.5
2025-04-21 09:13:19 [MQTT Call: JavaClientExample] INFO  com.example.mqtt.MessageData - Topic: data/s/nhnacademy/b/gyeongnam_campus/p/class_a/d/24e124128c067999/sp/입구/n/입구/e/tvoc
Message Data:
time: 1745194398083
value: 300

2025-04-21 09:13:19 [MQTT Call: JavaClientExample] INFO  com.example.mqtt.InfluxDBService - Extracted tagkey -> location: class_a, kind: 입구, data: tvoc
Value into InfluxDB: 300.0
2025-04-21 09:13:19 [MQTT Call: JavaClientExample] INFO  com.example.mqtt.MessageData - Data sent to InfluxDBService: data/s/nhnacademy/b/gyeongnam_campus/p/class_a/d/24e124128c067999/sp/입구/n/입구/e/tvoc -> 300.0
2025-04-21 09:13:19 [MQTT Call: JavaClientExample] INFO  com.example.mqtt.MessageData - Topic: data/s/nhnacademy/b/gyeongnam_campus/p/class_a/d/24e124128c067999/sp/입구/n/입구/e/co2
Message Data:
time: 1745194398083
value: 572

2025-04-21 09:13:19 [MQTT Call: JavaClientExample] INFO  com.example.mqtt.InfluxDBService - Extracted tagkey -> location: class_a, kind: 입구, data: co2
Value into InfluxDB: 572.0
2025-04-21 09:13:19 [MQTT Call: JavaClientExample] INFO  com.example.mqtt.MessageData - Data sent to InfluxDBService: data/s/nhnacademy/b/gyeongnam_campus/p/class_a/d/24e124128c067999/sp/입구/n/입구/e/co2 -> 572.0
2025-04-21 09:13:19 [MQTT Call: JavaClientExample] INFO  com.example.mqtt.MessageData - Topic: data/s/nhnacademy/b/gyeongnam_campus/p/class_a/d/24e124128c067999/sp/입구/n/입구/e/illumination
Message Data:
time: 1745194398083
value: 63

2025-04-21 09:13:19 [MQTT Call: JavaClientExample] INFO  com.example.mqtt.InfluxDBService - Extracted tagkey -> location: class_a, kind: 입구, data: illumination
Value into InfluxDB: 63.0
2025-04-21 09:13:19 [MQTT Call: JavaClientExample] INFO  com.example.mqtt.MessageData - Data sent to InfluxDBService: data/s/nhnacademy/b/gyeongnam_campus/p/class_a/d/24e124128c067999/sp/입구/n/입구/e/illumination -> 63.0
2025-04-21 09:13:19 [MQTT Call: JavaClientExample] INFO  com.example.mqtt.MessageData - Topic: data/s/nhnacademy/b/gyeongnam_campus/p/class_a/d/24e124128c067999/sp/입구/n/입구/e/temperature
Message Data:
time: 1745194398083
value: 23.6

2025-04-21 09:13:19 [MQTT Call: JavaClientExample] INFO  com.example.mqtt.InfluxDBService - Extracted tagkey -> location: class_a, kind: 입구, data: temperature
Value into InfluxDB: 23.6
2025-04-21 09:13:19 [MQTT Call: JavaClientExample] INFO  com.example.mqtt.MessageData - Data sent to InfluxDBService: data/s/nhnacademy/b/gyeongnam_campus/p/class_a/d/24e124128c067999/sp/입구/n/입구/e/temperature -> 23.6
2025-04-21 09:13:19 [MQTT Call: JavaClientExample] INFO  com.example.mqtt.MessageData - Topic: data/s/nhnacademy/b/gyeongnam_campus/p/class_a/d/24e124128c067999/sp/입구/n/입구/e/infrared_and_visible
Message Data:
time: 1745194398083
value: 44

2025-04-21 09:13:19 [MQTT Call: JavaClientExample] INFO  com.example.mqtt.InfluxDBService - Extracted tagkey -> location: class_a, kind: 입구, data: infrared_and_visible
Value into InfluxDB: 44.0
2025-04-21 09:13:19 [MQTT Call: JavaClientExample] INFO  com.example.mqtt.MessageData - Data sent to InfluxDBService: data/s/nhnacademy/b/gyeongnam_campus/p/class_a/d/24e124128c067999/sp/입구/n/입구/e/infrared_and_visible -> 44.0
2025-04-21 09:13:19 [MQTT Call: JavaClientExample] INFO  com.example.mqtt.MessageData - Topic: data/s/nhnacademy/b/gyeongnam_campus/p/class_a/d/24e124128c067999/sp/입구/n/입구/e/infrared
Message Data:
time: 1745194398083
value: 7

2025-04-21 09:13:19 [MQTT Call: JavaClientExample] INFO  com.example.mqtt.InfluxDBService - Extracted tagkey -> location: class_a, kind: 입구, data: infrared
Value into InfluxDB: 7.0
2025-04-21 09:13:19 [MQTT Call: JavaClientExample] INFO  com.example.mqtt.MessageData - Data sent to InfluxDBService: data/s/nhnacademy/b/gyeongnam_campus/p/class_a/d/24e124128c067999/sp/입구/n/입구/e/infrared -> 7.0
2025-04-21 09:13:19 [MQTT Call: JavaClientExample] INFO  com.example.mqtt.MessageData - Topic: data/s/nhnacademy/b/gyeongnam_campus/p/class_a/d/24e124128c067999/sp/입구/n/입구/e/activity
Message Data:
time: 1745194398083
value: 28

2025-04-21 09:13:19 [MQTT Call: JavaClientExample] INFO  com.example.mqtt.InfluxDBService - Extracted tagkey -> location: class_a, kind: 입구, data: activity
Value into InfluxDB: 28.0
2025-04-21 09:13:19 [MQTT Call: JavaClientExample] INFO  com.example.mqtt.MessageData - Data sent to InfluxDBService: data/s/nhnacademy/b/gyeongnam_campus/p/class_a/d/24e124128c067999/sp/입구/n/입구/e/activity -> 28.0
2025-04-21 09:13:19 [MQTT Call: JavaClientExample] INFO  com.example.mqtt.MessageData - Topic: data/s/nhnacademy/b/gyeongnam_campus/p/class_a/d/24e124128c067999/sp/입구/n/입구/e/pressure
Message Data:
time: 1745194398083
value: 1009.4

2025-04-21 09:13:19 [MQTT Call: JavaClientExample] INFO  com.example.mqtt.InfluxDBService - Extracted tagkey -> location: class_a, kind: 입구, data: pressure
Value into InfluxDB: 1009.4
2025-04-21 09:13:19 [MQTT Call: JavaClientExample] INFO  com.example.mqtt.MessageData - Data sent to InfluxDBService: data/s/nhnacademy/b/gyeongnam_campus/p/class_a/d/24e124128c067999/sp/입구/n/입구/e/pressure -> 1009.4
2025-04-21 09:13:19 [MQTT Call: JavaClientExample] INFO  com.example.mqtt.MessageData - Topic: data/s/nhnacademy/b/gyeongnam_campus/p/class_a/d/24e124128c067999/sp/입구/n/입구/g/24e124fffef79304/e/lora
Message Data:
time: 1745194398083
value: 

2025-04-21 09:13:19 [MQTT Call: JavaClientExample] INFO  com.example.mqtt.InfluxDBService - Extracted tagkey -> location: class_a, kind: 입구, data: lora
Value into InfluxDB: 0.0
2025-04-21 09:13:19 [MQTT Call: JavaClientExample] INFO  com.example.mqtt.MessageData - Data sent to InfluxDBService: data/s/nhnacademy/b/gyeongnam_campus/p/class_a/d/24e124128c067999/sp/입구/n/입구/g/24e124fffef79304/e/lora -> 0.0
2025-04-21 09:13:19 [MQTT Call: JavaClientExample] INFO  com.example.mqtt.MessageData - Topic: data/s/nhnacademy/b/gyeongnam_campus/p/class_a/d/24e124128c067999/sp/입구/n/입구/g/24e124fffef5dccc/e/lora
Message Data:
time: 1745194398083
value: 

2025-04-21 09:13:19 [MQTT Call: JavaClientExample] INFO  com.example.mqtt.InfluxDBService - Extracted tagkey -> location: class_a, kind: 입구, data: lora
Value into InfluxDB: 0.0
2025-04-21 09:13:19 [MQTT Call: JavaClientExample] INFO  com.example.mqtt.MessageData - Data sent to InfluxDBService: data/s/nhnacademy/b/gyeongnam_campus/p/class_a/d/24e124128c067999/sp/입구/n/입구/g/24e124fffef5dccc/e/lora -> 0.0
2025-04-21 09:13:20 [MQTT Call: JavaClientExample] INFO  com.example.mqtt.MessageData - Topic: data/s/nhnacademy/b/gyeongnam_campus/p/hive/d/24e124785c389010/n/정수기 위/e/temperature
Message Data:
time: 1745194398904
value: 24.4

2025-04-21 09:13:20 [MQTT Call: JavaClientExample] INFO  com.example.mqtt.InfluxDBService - Extracted tagkey -> location: hive, kind: 정수기 위, data: temperature
Value into InfluxDB: 24.4
2025-04-21 09:13:20 [MQTT Call: JavaClientExample] INFO  com.example.mqtt.MessageData - Data sent to InfluxDBService: data/s/nhnacademy/b/gyeongnam_campus/p/hive/d/24e124785c389010/n/정수기 위/e/temperature -> 24.4
2025-04-21 09:13:20 [MQTT Call: JavaClientExample] INFO  com.example.mqtt.MessageData - Topic: data/s/nhnacademy/b/gyeongnam_campus/p/hive/d/24e124785c389010/n/정수기 위/e/humidity
Message Data:
time: 1745194398904
value: 46

2025-04-21 09:13:20 [MQTT Call: JavaClientExample] INFO  com.example.mqtt.InfluxDBService - Extracted tagkey -> location: hive, kind: 정수기 위, data: humidity
Value into InfluxDB: 46.0
2025-04-21 09:13:20 [MQTT Call: JavaClientExample] INFO  com.example.mqtt.MessageData - Data sent to InfluxDBService: data/s/nhnacademy/b/gyeongnam_campus/p/hive/d/24e124785c389010/n/정수기 위/e/humidity -> 46.0
2025-04-21 09:13:20 [MQTT Call: JavaClientExample] INFO  com.example.mqtt.MessageData - Topic: data/s/nhnacademy/b/gyeongnam_campus/p/hive/d/24e124785c389010/n/정수기 위/e/battery
Message Data:
time: 1745194398904
value: 86

2025-04-21 09:13:20 [MQTT Call: JavaClientExample] INFO  com.example.mqtt.InfluxDBService - Extracted tagkey -> location: hive, kind: 정수기 위, data: battery
Value into InfluxDB: 86.0
2025-04-21 09:13:20 [MQTT Call: JavaClientExample] INFO  com.example.mqtt.MessageData - Data sent to InfluxDBService: data/s/nhnacademy/b/gyeongnam_campus/p/hive/d/24e124785c389010/n/정수기 위/e/battery -> 86.0
2025-04-21 09:13:20 [MQTT Call: JavaClientExample] INFO  com.example.mqtt.MessageData - Topic: data/s/nhnacademy/b/gyeongnam_campus/p/hive/d/24e124785c389010/n/정수기 위/g/24e124fffef5dccc/e/lora
Message Data:
time: 1745194398904
value: 

2025-04-21 09:13:20 [MQTT Call: JavaClientExample] INFO  com.example.mqtt.InfluxDBService - Extracted tagkey -> location: hive, kind: 정수기 위, data: lora
Value into InfluxDB: 0.0
2025-04-21 09:13:20 [MQTT Call: JavaClientExample] INFO  com.example.mqtt.MessageData - Data sent to InfluxDBService: data/s/nhnacademy/b/gyeongnam_campus/p/hive/d/24e124785c389010/n/정수기 위/g/24e124fffef5dccc/e/lora -> 0.0
2025-04-21 09:13:20 [MQTT Call: JavaClientExample] INFO  com.example.mqtt.MessageData - Topic: data/s/nhnacademy/b/gyeongnam_campus/p/hive/d/24e124785c389010/n/정수기 위/g/24e124fffef79304/e/lora
Message Data:
time: 1745194398904
value: 

2025-04-21 09:13:20 [MQTT Call: JavaClientExample] INFO  com.example.mqtt.InfluxDBService - Extracted tagkey -> location: hive, kind: 정수기 위, data: lora
Value into InfluxDB: 0.0
2025-04-21 09:13:20 [MQTT Call: JavaClientExample] INFO  com.example.mqtt.MessageData - Data sent to InfluxDBService: data/s/nhnacademy/b/gyeongnam_campus/p/hive/d/24e124785c389010/n/정수기 위/g/24e124fffef79304/e/lora -> 0.0
2025-04-21 09:13:28 [MQTT Call: JavaClientExample] INFO  com.example.mqtt.MessageData - Topic: data/s/nhnacademy/b/gyeongnam_campus/p/server_room/d/24e124136d151368/n/입구/e/humidity
Message Data:
time: 1745194406500
value: 45

2025-04-21 09:13:28 [MQTT Call: JavaClientExample] INFO  com.example.mqtt.InfluxDBService - Extracted tagkey -> location: server_room, kind: 입구, data: humidity
Value into InfluxDB: 45.0
2025-04-21 09:13:28 [MQTT Call: JavaClientExample] INFO  com.example.mqtt.MessageData - Data sent to InfluxDBService: data/s/nhnacademy/b/gyeongnam_campus/p/server_room/d/24e124136d151368/n/입구/e/humidity -> 45.0
2025-04-21 09:13:28 [MQTT Call: JavaClientExample] INFO  com.example.mqtt.MessageData - Topic: data/s/nhnacademy/b/gyeongnam_campus/p/server_room/d/24e124136d151368/n/입구/e/temperature
Message Data:
time: 1745194406500
value: 24

2025-04-21 09:13:28 [MQTT Call: JavaClientExample] INFO  com.example.mqtt.InfluxDBService - Extracted tagkey -> location: server_room, kind: 입구, data: temperature
Value into InfluxDB: 24.0
2025-04-21 09:13:28 [MQTT Call: JavaClientExample] INFO  com.example.mqtt.MessageData - Data sent to InfluxDBService: data/s/nhnacademy/b/gyeongnam_campus/p/server_room/d/24e124136d151368/n/입구/e/temperature -> 24.0
2025-04-21 09:13:28 [MQTT Call: JavaClientExample] INFO  com.example.mqtt.MessageData - Topic: data/s/nhnacademy/b/gyeongnam_campus/p/server_room/d/24e124136d151368/n/입구/g/24e124fffef79304/e/lora
Message Data:
time: 1745194406500
value: 

2025-04-21 09:13:28 [MQTT Call: JavaClientExample] INFO  com.example.mqtt.InfluxDBService - Extracted tagkey -> location: server_room, kind: 입구, data: lora
Value into InfluxDB: 0.0
2025-04-21 09:13:28 [MQTT Call: JavaClientExample] INFO  com.example.mqtt.MessageData - Data sent to InfluxDBService: data/s/nhnacademy/b/gyeongnam_campus/p/server_room/d/24e124136d151368/n/입구/g/24e124fffef79304/e/lora -> 0.0
2025-04-21 09:13:28 [MQTT Call: JavaClientExample] INFO  com.example.mqtt.MessageData - Topic: data/s/nhnacademy/b/gyeongnam_campus/p/server_room/d/24e124136d151368/n/입구/g/24e124fffef5dccc/e/lora
Message Data:
time: 1745194406500
value: 

2025-04-21 09:13:28 [MQTT Call: JavaClientExample] INFO  com.example.mqtt.InfluxDBService - Extracted tagkey -> location: server_room, kind: 입구, data: lora
Value into InfluxDB: 0.0
2025-04-21 09:13:28 [MQTT Call: JavaClientExample] INFO  com.example.mqtt.MessageData - Data sent to InfluxDBService: data/s/nhnacademy/b/gyeongnam_campus/p/server_room/d/24e124136d151368/n/입구/g/24e124fffef5dccc/e/lora -> 0.0
2025-04-21 09:13:36 [MQTT Call: JavaClientExample] INFO  com.example.mqtt.MessageData - Topic: data/s/nhnacademy/b/gyeongnam_campus/p/hive/d/24e124126d111937/sp/farm/n/스마트팜/e/illumination
Message Data:
time: 1745194416423
value: 320

2025-04-21 09:13:36 [MQTT Call: JavaClientExample] INFO  com.example.mqtt.InfluxDBService - Extracted tagkey -> location: hive, kind: 스마트팜, data: illumination
Value into InfluxDB: 320.0
2025-04-21 09:13:36 [MQTT Call: JavaClientExample] INFO  com.example.mqtt.MessageData - Data sent to InfluxDBService: data/s/nhnacademy/b/gyeongnam_campus/p/hive/d/24e124126d111937/sp/farm/n/스마트팜/e/illumination -> 320.0
2025-04-21 09:13:36 [MQTT Call: JavaClientExample] INFO  com.example.mqtt.MessageData - Topic: data/s/nhnacademy/b/gyeongnam_campus/p/hive/d/24e124126d111937/sp/farm/n/스마트팜/g/24e124fffef79304/e/lora
Message Data:
time: 1745194416423
value: 

2025-04-21 09:13:36 [MQTT Call: JavaClientExample] INFO  com.example.mqtt.InfluxDBService - Extracted tagkey -> location: hive, kind: 스마트팜, data: lora
Value into InfluxDB: 0.0
2025-04-21 09:13:36 [MQTT Call: JavaClientExample] INFO  com.example.mqtt.MessageData - Data sent to InfluxDBService: data/s/nhnacademy/b/gyeongnam_campus/p/hive/d/24e124126d111937/sp/farm/n/스마트팜/g/24e124fffef79304/e/lora -> 0.0
2025-04-21 09:13:36 [MQTT Call: JavaClientExample] INFO  com.example.mqtt.MessageData - Topic: data/s/nhnacademy/b/gyeongnam_campus/p/hive/d/24e124126d111937/sp/farm/n/스마트팜/g/24e124fffef5dccc/e/lora
Message Data:
time: 1745194416423
value: 

2025-04-21 09:13:36 [MQTT Call: JavaClientExample] INFO  com.example.mqtt.InfluxDBService - Extracted tagkey -> location: hive, kind: 스마트팜, data: lora
Value into InfluxDB: 0.0
2025-04-21 09:13:36 [MQTT Call: JavaClientExample] INFO  com.example.mqtt.MessageData - Data sent to InfluxDBService: data/s/nhnacademy/b/gyeongnam_campus/p/hive/d/24e124126d111937/sp/farm/n/스마트팜/g/24e124fffef5dccc/e/lora -> 0.0
2025-04-21 09:13:40 [MQTT Call: JavaClientExample] INFO  com.example.mqtt.MessageData - Topic: data/s/nhnacademy/b/gyeongnam_campus/p/pair_room/d/24e124617d159573/n/2/e/occupancy
Message Data:
time: 1745194419580
value: 0

2025-04-21 09:13:40 [MQTT Call: JavaClientExample] INFO  com.example.mqtt.InfluxDBService - Extracted tagkey -> location: pair_room, kind: 2, data: occupancy
Value into InfluxDB: 0.0
2025-04-21 09:13:40 [MQTT Call: JavaClientExample] INFO  com.example.mqtt.MessageData - Data sent to InfluxDBService: data/s/nhnacademy/b/gyeongnam_campus/p/pair_room/d/24e124617d159573/n/2/e/occupancy -> 0.0
2025-04-21 09:13:40 [MQTT Call: JavaClientExample] INFO  com.example.mqtt.MessageData - Topic: data/s/nhnacademy/b/gyeongnam_campus/p/pair_room/d/24e124617d159573/n/2/e/distance
Message Data:
time: 1745194419580
value: 2233

2025-04-21 09:13:40 [MQTT Call: JavaClientExample] INFO  com.example.mqtt.InfluxDBService - Extracted tagkey -> location: pair_room, kind: 2, data: distance
Value into InfluxDB: 2233.0
2025-04-21 09:13:40 [MQTT Call: JavaClientExample] INFO  com.example.mqtt.MessageData - Data sent to InfluxDBService: data/s/nhnacademy/b/gyeongnam_campus/p/pair_room/d/24e124617d159573/n/2/e/distance -> 2233.0
2025-04-21 09:13:40 [MQTT Call: JavaClientExample] INFO  com.example.mqtt.MessageData - Topic: data/s/nhnacademy/b/gyeongnam_campus/p/pair_room/d/24e124617d159573/n/2/e/battery
Message Data:
time: 1745194419580
value: 33

2025-04-21 09:13:40 [MQTT Call: JavaClientExample] INFO  com.example.mqtt.InfluxDBService - Extracted tagkey -> location: pair_room, kind: 2, data: battery
Value into InfluxDB: 33.0
2025-04-21 09:13:40 [MQTT Call: JavaClientExample] INFO  com.example.mqtt.MessageData - Data sent to InfluxDBService: data/s/nhnacademy/b/gyeongnam_campus/p/pair_room/d/24e124617d159573/n/2/e/battery -> 33.0
2025-04-21 09:13:40 [MQTT Call: JavaClientExample] INFO  com.example.mqtt.MessageData - Topic: data/s/nhnacademy/b/gyeongnam_campus/p/pair_room/d/24e124617d159573/n/2/g/24e124fffef5dccc/e/lora
Message Data:
time: 1745194419580
value: 

2025-04-21 09:13:40 [MQTT Call: JavaClientExample] INFO  com.example.mqtt.InfluxDBService - Extracted tagkey -> location: pair_room, kind: 2, data: lora
Value into InfluxDB: 0.0
2025-04-21 09:13:40 [MQTT Call: JavaClientExample] INFO  com.example.mqtt.MessageData - Data sent to InfluxDBService: data/s/nhnacademy/b/gyeongnam_campus/p/pair_room/d/24e124617d159573/n/2/g/24e124fffef5dccc/e/lora -> 0.0
2025-04-21 09:13:44 [MQTT Call: JavaClientExample] INFO  com.example.mqtt.MessageData - Topic: data/s/nhnacademy/b/gyeongnam_campus/p/hive/d/24e124126c452091/sp/farm/n/스마트팜/e/temperature
Message Data:
time: 1745194423865
value: 23.2

2025-04-21 09:13:44 [MQTT Call: JavaClientExample] INFO  com.example.mqtt.InfluxDBService - Extracted tagkey -> location: hive, kind: 스마트팜, data: temperature
Value into InfluxDB: 23.2
2025-04-21 09:13:44 [MQTT Call: JavaClientExample] INFO  com.example.mqtt.MessageData - Data sent to InfluxDBService: data/s/nhnacademy/b/gyeongnam_campus/p/hive/d/24e124126c452091/sp/farm/n/스마트팜/e/temperature -> 23.2
2025-04-21 09:13:44 [MQTT Call: JavaClientExample] INFO  com.example.mqtt.MessageData - Topic: data/s/nhnacademy/b/gyeongnam_campus/p/hive/d/24e124126c452091/sp/farm/n/스마트팜/g/24e124fffef5dccc/e/lora
Message Data:
time: 1745194423865
value: 

2025-04-21 09:13:44 [MQTT Call: JavaClientExample] INFO  com.example.mqtt.InfluxDBService - Extracted tagkey -> location: hive, kind: 스마트팜, data: lora
Value into InfluxDB: 0.0
2025-04-21 09:13:44 [MQTT Call: JavaClientExample] INFO  com.example.mqtt.MessageData - Data sent to InfluxDBService: data/s/nhnacademy/b/gyeongnam_campus/p/hive/d/24e124126c452091/sp/farm/n/스마트팜/g/24e124fffef5dccc/e/lora -> 0.0
2025-04-21 09:13:44 [MQTT Call: JavaClientExample] INFO  com.example.mqtt.MessageData - Topic: data/s/nhnacademy/b/gyeongnam_campus/p/hive/d/24e124126c452091/sp/farm/n/스마트팜/g/24e124fffef79304/e/lora
Message Data:
time: 1745194423865
value: 

2025-04-21 09:13:44 [MQTT Call: JavaClientExample] INFO  com.example.mqtt.InfluxDBService - Extracted tagkey -> location: hive, kind: 스마트팜, data: lora
Value into InfluxDB: 0.0
2025-04-21 09:13:44 [MQTT Call: JavaClientExample] INFO  com.example.mqtt.MessageData - Data sent to InfluxDBService: data/s/nhnacademy/b/gyeongnam_campus/p/hive/d/24e124126c452091/sp/farm/n/스마트팜/g/24e124fffef79304/e/lora -> 0.0
2025-04-21 09:13:46 [MQTT Call: JavaClientExample] INFO  com.example.mqtt.MessageData - Topic: data/s/nhnacademy/b/gyeongnam_campus/p/campus/d/gem3500_1/n/캠퍼스_LL/e/voltage
Message Data:
time: 1745194426751
value: 379.64

2025-04-21 09:13:46 [MQTT Call: JavaClientExample] INFO  com.example.mqtt.InfluxDBService - Extracted tagkey -> location: campus, kind: 캠퍼스_LL, data: voltage
Value into InfluxDB: 379.64
2025-04-21 09:13:46 [MQTT Call: JavaClientExample] INFO  com.example.mqtt.MessageData - Data sent to InfluxDBService: data/s/nhnacademy/b/gyeongnam_campus/p/campus/d/gem3500_1/n/캠퍼스_LL/e/voltage -> 379.64
2025-04-21 09:13:46 [MQTT Call: JavaClientExample] INFO  com.example.mqtt.MessageData - Topic: data/s/nhnacademy/b/gyeongnam_campus/p/campus/d/gem3500_1/n/캠퍼스_LN/e/voltage
Message Data:
time: 1745194426751
value: 219.18

2025-04-21 09:13:46 [MQTT Call: JavaClientExample] INFO  com.example.mqtt.InfluxDBService - Extracted tagkey -> location: campus, kind: 캠퍼스_LN, data: voltage
Value into InfluxDB: 219.18
2025-04-21 09:13:46 [MQTT Call: JavaClientExample] INFO  com.example.mqtt.MessageData - Data sent to InfluxDBService: data/s/nhnacademy/b/gyeongnam_campus/p/campus/d/gem3500_1/n/캠퍼스_LN/e/voltage -> 219.18
2025-04-21 09:13:47 [MQTT Call: JavaClientExample] INFO  com.example.mqtt.MessageData - Topic: data/s/nhnacademy/b/gyeongnam_campus/p/campus/d/gem3500_1/n/캠퍼스1/e/power_meter
Message Data:
time: 1745194426854
type: 5
leakageCurrent: 0
current: 2591
activePower: 4998
reactivePower: -1743
tapparentPower: 5728
powerFactor: 87.25
currentUnbalance: 75.17
lines: 

2025-04-21 09:13:47 [MQTT Call: JavaClientExample] WARN  com.example.mqtt.MessageData - No 'value' field found in message, skipping InfluxDB write.
2025-04-21 09:13:47 [MQTT Call: JavaClientExample] INFO  com.example.mqtt.MessageData - Topic: data/s/nhnacademy/b/gyeongnam_campus/p/storage/d/24e124136d151547/n/입구/e/humidity
Message Data:
time: 1745194426573
value: 127.5

2025-04-21 09:13:47 [MQTT Call: JavaClientExample] INFO  com.example.mqtt.InfluxDBService - Extracted tagkey -> location: storage, kind: 입구, data: humidity
Value into InfluxDB: 127.5
2025-04-21 09:13:47 [MQTT Call: JavaClientExample] INFO  com.example.mqtt.MessageData - Data sent to InfluxDBService: data/s/nhnacademy/b/gyeongnam_campus/p/storage/d/24e124136d151547/n/입구/e/humidity -> 127.5
2025-04-21 09:13:47 [MQTT Call: JavaClientExample] INFO  com.example.mqtt.MessageData - Topic: data/s/nhnacademy/b/gyeongnam_campus/p/storage/d/24e124136d151547/n/입구/e/temperature
Message Data:
time: 1745194426573
value: -0.1

2025-04-21 09:13:47 [MQTT Call: JavaClientExample] INFO  com.example.mqtt.InfluxDBService - Extracted tagkey -> location: storage, kind: 입구, data: temperature
Value into InfluxDB: -0.1
2025-04-21 09:13:47 [MQTT Call: JavaClientExample] INFO  com.example.mqtt.MessageData - Data sent to InfluxDBService: data/s/nhnacademy/b/gyeongnam_campus/p/storage/d/24e124136d151547/n/입구/e/temperature -> -0.1
2025-04-21 09:13:47 [MQTT Call: JavaClientExample] INFO  com.example.mqtt.MessageData - Topic: data/s/nhnacademy/b/gyeongnam_campus/p/storage/d/24e124136d151547/n/입구/e/battery
Message Data:
time: 1745194426573
value: 1

2025-04-21 09:13:47 [MQTT Call: JavaClientExample] INFO  com.example.mqtt.InfluxDBService - Extracted tagkey -> location: storage, kind: 입구, data: battery
Value into InfluxDB: 1.0
2025-04-21 09:13:47 [MQTT Call: JavaClientExample] INFO  com.example.mqtt.MessageData - Data sent to InfluxDBService: data/s/nhnacademy/b/gyeongnam_campus/p/storage/d/24e124136d151547/n/입구/e/battery -> 1.0
2025-04-21 09:13:47 [MQTT Call: JavaClientExample] INFO  com.example.mqtt.MessageData - Topic: data/s/nhnacademy/b/gyeongnam_campus/p/storage/d/24e124136d151547/n/입구/g/24e124fffef79304/e/lora
Message Data:
time: 1745194426573
value: 

2025-04-21 09:13:47 [MQTT Call: JavaClientExample] INFO  com.example.mqtt.InfluxDBService - Extracted tagkey -> location: storage, kind: 입구, data: lora
Value into InfluxDB: 0.0
2025-04-21 09:13:47 [MQTT Call: JavaClientExample] INFO  com.example.mqtt.MessageData - Data sent to InfluxDBService: data/s/nhnacademy/b/gyeongnam_campus/p/storage/d/24e124136d151547/n/입구/g/24e124fffef79304/e/lora -> 0.0
2025-04-21 09:13:47 [MQTT Call: JavaClientExample] INFO  com.example.mqtt.MessageData - Topic: data/s/nhnacademy/b/gyeongnam_campus/p/storage/d/24e124136d151547/n/입구/g/24e124fffef5dccc/e/lora
Message Data:
time: 1745194426573
value: 

2025-04-21 09:13:47 [MQTT Call: JavaClientExample] INFO  com.example.mqtt.InfluxDBService - Extracted tagkey -> location: storage, kind: 입구, data: lora
Value into InfluxDB: 0.0
2025-04-21 09:13:47 [MQTT Call: JavaClientExample] INFO  com.example.mqtt.MessageData - Data sent to InfluxDBService: data/s/nhnacademy/b/gyeongnam_campus/p/storage/d/24e124136d151547/n/입구/g/24e124fffef5dccc/e/lora -> 0.0
2025-04-21 09:13:47 [MQTT Call: JavaClientExample] INFO  com.example.mqtt.MessageData - Topic: data/s/nhnacademy/b/gyeongnam_campus/p/campus/d/gem3500_1/n/전등1/e/power_meter
Message Data:
time: 1745194426955
type: 3
leakageCurrent: 0
current: 699
activePower: 1309
reactivePower: -338
tapparentPower: 1530
powerFactor: 85.55
currentUnbalance: 0
lines: 

2025-04-21 09:13:47 [MQTT Call: JavaClientExample] WARN  com.example.mqtt.MessageData - No 'value' field found in message, skipping InfluxDB write.
2025-04-21 09:13:47 [MQTT Call: JavaClientExample] INFO  com.example.mqtt.MessageData - Topic: data/s/nhnacademy/b/gyeongnam_campus/p/campus/d/gem3500_1/n/전등2/e/power_meter
Message Data:
time: 1745194427057
type: 1
leakageCurrent: 0
current: 571
activePower: 1138
reactivePower: -288
tapparentPower: 1253
powerFactor: 90.8
currentUnbalance: 0
lines: 

2025-04-21 09:13:47 [MQTT Call: JavaClientExample] WARN  com.example.mqtt.MessageData - No 'value' field found in message, skipping InfluxDB write.
2025-04-21 09:13:47 [MQTT Call: JavaClientExample] INFO  com.example.mqtt.MessageData - Topic: data/s/nhnacademy/b/gyeongnam_campus/p/campus/d/gem3500_1/n/전등3/e/power_meter
Message Data:
time: 1745194427157
type: 2
leakageCurrent: 0
current: 0
activePower: 0
reactivePower: 0
tapparentPower: 0
powerFactor: 0
currentUnbalance: 0
lines: 

2025-04-21 09:13:47 [MQTT Call: JavaClientExample] WARN  com.example.mqtt.MessageData - No 'value' field found in message, skipping InfluxDB write.
2025-04-21 09:13:47 [MQTT Call: JavaClientExample] INFO  com.example.mqtt.MessageData - Topic: data/s/nhnacademy/b/gyeongnam_campus/p/campus/d/gem3500_1/n/강의실b_바닥/e/power_meter
Message Data:
time: 1745194427260
type: 3
leakageCurrent: 0
current: 184
activePower: 309
reactivePower: -221
tapparentPower: 430
powerFactor: 72.06
currentUnbalance: 0
lines: 

2025-04-21 09:13:47 [MQTT Call: JavaClientExample] WARN  com.example.mqtt.MessageData - No 'value' field found in message, skipping InfluxDB write.
2025-04-21 09:13:47 [MQTT Call: JavaClientExample] INFO  com.example.mqtt.MessageData - Topic: data/s/nhnacademy/b/gyeongnam_campus/p/campus/d/gem3500_1/n/강의실a_바닥1/e/power_meter
Message Data:
time: 1745194427361
type: 1
leakageCurrent: 0
current: 250
activePower: 432
reactivePower: -302
tapparentPower: 559
powerFactor: 77.25
currentUnbalance: 0
lines: 

2025-04-21 09:13:47 [MQTT Call: JavaClientExample] WARN  com.example.mqtt.MessageData - No 'value' field found in message, skipping InfluxDB write.
2025-04-21 09:13:47 [MQTT Call: JavaClientExample] INFO  com.example.mqtt.MessageData - Topic: data/s/nhnacademy/b/gyeongnam_campus/p/campus/d/gem3500_1/n/강의실a_바닥2/e/power_meter
Message Data:
time: 1745194427461
type: 2
leakageCurrent: 0
current: 124
activePower: 199
reactivePower: -141
tapparentPower: 271
powerFactor: 73.45
currentUnbalance: 0
lines: 

2025-04-21 09:13:47 [MQTT Call: JavaClientExample] WARN  com.example.mqtt.MessageData - No 'value' field found in message, skipping InfluxDB write.
2025-04-21 09:13:47 [MQTT Call: JavaClientExample] INFO  com.example.mqtt.MessageData - Topic: data/s/nhnacademy/b/gyeongnam_campus/p/campus/d/gem3500_1/n/프로젝터1/e/power_meter
Message Data:
time: 1745194427565
type: 3
leakageCurrent: 0
current: 95
activePower: 122
reactivePower: -146
tapparentPower: 211
powerFactor: 57.95
currentUnbalance: 0
lines: 

2025-04-21 09:13:47 [MQTT Call: JavaClientExample] WARN  com.example.mqtt.MessageData - No 'value' field found in message, skipping InfluxDB write.
2025-04-21 09:13:47 [MQTT Call: JavaClientExample] INFO  com.example.mqtt.MessageData - Topic: data/s/nhnacademy/b/gyeongnam_campus/p/campus/d/gem3500_1/n/프로젝터2/e/power_meter
Message Data:
time: 1745194427664
type: 1
leakageCurrent: 0
current: 53
activePower: 84
reactivePower: -74
tapparentPower: 120
powerFactor: 70
currentUnbalance: 0
lines: 

2025-04-21 09:13:47 [MQTT Call: JavaClientExample] WARN  com.example.mqtt.MessageData - No 'value' field found in message, skipping InfluxDB write.
2025-04-21 09:13:47 [MQTT Call: JavaClientExample] INFO  com.example.mqtt.MessageData - Topic: data/s/nhnacademy/b/gyeongnam_campus/p/campus/d/gem3500_1/n/회의실/e/power_meter
Message Data:
time: 1745194427765
type: 2
leakageCurrent: 0
current: 14
activePower: 4
reactivePower: -28
tapparentPower: 31
powerFactor: 15.38
currentUnbalance: 0
lines: 

2025-04-21 09:13:47 [MQTT Call: JavaClientExample] WARN  com.example.mqtt.MessageData - No 'value' field found in message, skipping InfluxDB write.
2025-04-21 09:13:47 [MQTT Call: JavaClientExample] INFO  com.example.mqtt.MessageData - Topic: data/s/nhnacademy/b/gyeongnam_campus/p/campus/d/gem3500_1/n/서버실/e/power_meter
Message Data:
time: 1745194427865
type: 3
leakageCurrent: 0
current: 198
activePower: 389
reactivePower: -115
tapparentPower: 437
powerFactor: 89.01
currentUnbalance: 0
lines: 

2025-04-21 09:13:47 [MQTT Call: JavaClientExample] WARN  com.example.mqtt.MessageData - No 'value' field found in message, skipping InfluxDB write.
2025-04-21 09:13:47 [MQTT Call: JavaClientExample] INFO  com.example.mqtt.MessageData - Topic: data/s/nhnacademy/b/gyeongnam_campus/p/campus/d/gem3500_1/n/간판/e/power_meter
Message Data:
time: 1745194427969
type: 1
leakageCurrent: 0
current: 0
activePower: 0
reactivePower: 0
tapparentPower: 0
powerFactor: 0
currentUnbalance: 0
lines: 

2025-04-21 09:13:47 [MQTT Call: JavaClientExample] WARN  com.example.mqtt.MessageData - No 'value' field found in message, skipping InfluxDB write.
2025-04-21 09:13:48 [MQTT Call: JavaClientExample] INFO  com.example.mqtt.MessageData - Topic: data/s/nhnacademy/b/gyeongnam_campus/p/campus/d/gem3500_1/n/페어룸/e/power_meter
Message Data:
time: 1745194428070
type: 2
leakageCurrent: 0
current: 0
activePower: 0
reactivePower: 0
tapparentPower: 0
powerFactor: 0
currentUnbalance: 0
lines: 

2025-04-21 09:13:48 [MQTT Call: JavaClientExample] WARN  com.example.mqtt.MessageData - No 'value' field found in message, skipping InfluxDB write.
2025-04-21 09:13:48 [MQTT Call: JavaClientExample] INFO  com.example.mqtt.MessageData - Topic: data/s/nhnacademy/b/gyeongnam_campus/p/campus/d/gem3500_1/n/사무실_전열1/e/power_meter
Message Data:
time: 1745194428171
type: 3
leakageCurrent: 0
current: 84
activePower: 103
reactivePower: -57
tapparentPower: 182
powerFactor: 56.57
currentUnbalance: 0
lines: 

2025-04-21 09:13:48 [MQTT Call: JavaClientExample] WARN  com.example.mqtt.MessageData - No 'value' field found in message, skipping InfluxDB write.
2025-04-21 09:13:48 [MQTT Call: JavaClientExample] INFO  com.example.mqtt.MessageData - Topic: data/s/nhnacademy/b/gyeongnam_campus/p/campus/d/gem3500_1/n/사무실_전열2/e/power_meter
Message Data:
time: 1745194428273
type: 3
leakageCurrent: 0
current: 26
activePower: 9
reactivePower: -52
tapparentPower: 57
powerFactor: 16.66
currentUnbalance: 0
lines: 

2025-04-21 09:13:48 [MQTT Call: JavaClientExample] WARN  com.example.mqtt.MessageData - No 'value' field found in message, skipping InfluxDB write.
2025-04-21 09:13:48 [MQTT Call: JavaClientExample] INFO  com.example.mqtt.MessageData - Topic: data/s/nhnacademy/b/gyeongnam_campus/p/campus/d/gem3500_1/n/사무실_복사기/e/power_meter
Message Data:
time: 1745194428372
type: 1
leakageCurrent: 0
current: 7
activePower: 7
reactivePower: 0
tapparentPower: 14
powerFactor: 50
currentUnbalance: 0
lines: 

2025-04-21 09:13:48 [MQTT Call: JavaClientExample] WARN  com.example.mqtt.MessageData - No 'value' field found in message, skipping InfluxDB write.
2025-04-21 09:13:48 [MQTT Call: JavaClientExample] INFO  com.example.mqtt.MessageData - Topic: data/s/nhnacademy/b/gyeongnam_campus/p/campus/d/gem3500_1/n/빌트인_전열/e/power_meter
Message Data:
time: 1745194428475
type: 2
leakageCurrent: 0
current: 5
activePower: 4
reactivePower: -7
tapparentPower: 12
powerFactor: 40
currentUnbalance: 0
lines: 

2025-04-21 09:13:48 [MQTT Call: JavaClientExample] WARN  com.example.mqtt.MessageData - No 'value' field found in message, skipping InfluxDB write.
2025-04-21 09:13:48 [MQTT Call: JavaClientExample] INFO  com.example.mqtt.MessageData - Topic: data/s/nhnacademy/b/gyeongnam_campus/p/campus/d/gem3500_1/n/사무실_전열3/e/power_meter
Message Data:
time: 1745194428575
type: 3
leakageCurrent: 0
current: 0
activePower: 0
reactivePower: 0
tapparentPower: 0
powerFactor: 0
currentUnbalance: 0
lines: 

2025-04-21 09:13:48 [MQTT Call: JavaClientExample] WARN  com.example.mqtt.MessageData - No 'value' field found in message, skipping InfluxDB write.
2025-04-21 09:13:49 [MQTT Call: JavaClientExample] INFO  com.example.mqtt.MessageData - Topic: data/s/nhnacademy/b/gyeongnam_campus/p/campus/d/gem3500_1/n/정수기/e/power_meter
Message Data:
time: 1745194428679
type: 1
leakageCurrent: 0
current: 269
activePower: 581
reactivePower: 117
tapparentPower: 595
powerFactor: 97.58
currentUnbalance: 0
lines: 

2025-04-21 09:13:49 [MQTT Call: JavaClientExample] WARN  com.example.mqtt.MessageData - No 'value' field found in message, skipping InfluxDB write.
2025-04-21 09:13:49 [MQTT Call: JavaClientExample] INFO  com.example.mqtt.MessageData - Topic: data/s/nhnacademy/b/gyeongnam_campus/p/campus/d/gem3500_1/n/하이브_전열/e/power_meter
Message Data:
time: 1745194428778
type: 2
leakageCurrent: 0
current: 66
activePower: 124
reactivePower: -45
tapparentPower: 146
powerFactor: 85.24
currentUnbalance: 0
lines: 

2025-04-21 09:13:49 [MQTT Call: JavaClientExample] WARN  com.example.mqtt.MessageData - No 'value' field found in message, skipping InfluxDB write.
2025-04-21 09:13:49 [MQTT Call: JavaClientExample] INFO  com.example.mqtt.MessageData - Topic: data/s/nhnacademy/b/gyeongnam_campus/p/campus/d/gem3500_1/n/바텐_전열/e/power_meter
Message Data:
time: 1745194428880
type: 3
leakageCurrent: 0
current: 0
activePower: 0
reactivePower: 0
tapparentPower: 0
powerFactor: 0
currentUnbalance: 0
lines: 

2025-04-21 09:13:49 [MQTT Call: JavaClientExample] WARN  com.example.mqtt.MessageData - No 'value' field found in message, skipping InfluxDB write.
2025-04-21 09:13:49 [MQTT Call: JavaClientExample] INFO  com.example.mqtt.MessageData - Topic: data/s/nhnacademy/b/gyeongnam_campus/p/campus/d/gem3500_1/n/S_P/e/power_meter
Message Data:
time: 1745194428979
type: 1
leakageCurrent: 0
current: 0
activePower: 0
reactivePower: 0
tapparentPower: 0
powerFactor: 0
currentUnbalance: 0
lines: 

2025-04-21 09:13:49 [MQTT Call: JavaClientExample] WARN  com.example.mqtt.MessageData - No 'value' field found in message, skipping InfluxDB write.
2025-04-21 09:13:49 [MQTT Call: JavaClientExample] INFO  com.example.mqtt.MessageData - Topic: data/s/nhnacademy/b/gyeongnam_campus/p/campus/d/gem3500_1/n/공조기/e/power_meter
Message Data:
time: 1745194429081
type: 2
leakageCurrent: 0
current: 16
activePower: 2
reactivePower: -33
tapparentPower: 36
powerFactor: 6.66
currentUnbalance: 0
lines: 

2025-04-21 09:13:49 [MQTT Call: JavaClientExample] WARN  com.example.mqtt.MessageData - No 'value' field found in message, skipping InfluxDB write.
2025-04-21 09:13:49 [MQTT Call: JavaClientExample] INFO  com.example.mqtt.MessageData - Topic: data/s/nhnacademy/b/gyeongnam_campus/p/campus/d/gem3500_1/n/AC/e/power_meter
Message Data:
time: 1745194429181
type: 3
leakageCurrent: 0
current: 117
activePower: 160
reactivePower: 12
tapparentPower: 254
powerFactor: 63.2
currentUnbalance: 0
lines: 

2025-04-21 09:13:49 [MQTT Call: JavaClientExample] WARN  com.example.mqtt.MessageData - No 'value' field found in message, skipping InfluxDB write.
2025-04-21 09:13:52 [Thread-5] INFO  com.example.Main - Exiting and disconnecting...
